-- MySQL dump 10.13  Distrib 5.7.35, for Linux (x86_64)
--
-- Host: localhost    Database: artisan
-- ------------------------------------------------------
-- Server version	5.7.35

/*!40101 SET @OLD_CHARACTER_SET_CLIENT=@@CHARACTER_SET_CLIENT */;
/*!40101 SET @OLD_CHARACTER_SET_RESULTS=@@CHARACTER_SET_RESULTS */;
/*!40101 SET @OLD_COLLATION_CONNECTION=@@COLLATION_CONNECTION */;
/*!40101 SET NAMES utf8 */;
/*!40103 SET @OLD_TIME_ZONE=@@TIME_ZONE */;
/*!40103 SET TIME_ZONE='+00:00' */;
/*!40014 SET @OLD_UNIQUE_CHECKS=@@UNIQUE_CHECKS, UNIQUE_CHECKS=0 */;
/*!40014 SET @OLD_FOREIGN_KEY_CHECKS=@@FOREIGN_KEY_CHECKS, FOREIGN_KEY_CHECKS=0 */;
/*!40101 SET @OLD_SQL_MODE=@@SQL_MODE, SQL_MODE='NO_AUTO_VALUE_ON_ZERO' */;
/*!40111 SET @OLD_SQL_NOTES=@@SQL_NOTES, SQL_NOTES=0 */;

--
-- Table structure for table `auth_group`
--

DROP TABLE IF EXISTS `auth_group`;
/*!40101 SET @saved_cs_client     = @@character_set_client */;
/*!40101 SET character_set_client = utf8 */;
CREATE TABLE `auth_group` (
  `id` int(11) NOT NULL AUTO_INCREMENT,
  `name` varchar(150) NOT NULL,
  PRIMARY KEY (`id`),
  UNIQUE KEY `name` (`name`)
) ENGINE=InnoDB AUTO_INCREMENT=6 DEFAULT CHARSET=latin1;
/*!40101 SET character_set_client = @saved_cs_client */;

--
-- Dumping data for table `auth_group`
--

LOCK TABLES `auth_group` WRITE;
/*!40000 ALTER TABLE `auth_group` DISABLE KEYS */;
INSERT INTO `auth_group` VALUES (4,'Registro limpieza'),(3,'Supervisor'),(5,'Transportista');
/*!40000 ALTER TABLE `auth_group` ENABLE KEYS */;
UNLOCK TABLES;

--
-- Table structure for table `auth_group_permissions`
--

DROP TABLE IF EXISTS `auth_group_permissions`;
/*!40101 SET @saved_cs_client     = @@character_set_client */;
/*!40101 SET character_set_client = utf8 */;
CREATE TABLE `auth_group_permissions` (
  `id` bigint(20) NOT NULL AUTO_INCREMENT,
  `group_id` int(11) NOT NULL,
  `permission_id` int(11) NOT NULL,
  PRIMARY KEY (`id`),
  UNIQUE KEY `auth_group_permissions_group_id_permission_id_0cd325b0_uniq` (`group_id`,`permission_id`),
  KEY `auth_group_permissio_permission_id_84c5c92e_fk_auth_perm` (`permission_id`),
  CONSTRAINT `auth_group_permissio_permission_id_84c5c92e_fk_auth_perm` FOREIGN KEY (`permission_id`) REFERENCES `auth_permission` (`id`),
  CONSTRAINT `auth_group_permissions_group_id_b120cbf9_fk_auth_group_id` FOREIGN KEY (`group_id`) REFERENCES `auth_group` (`id`)
) ENGINE=InnoDB AUTO_INCREMENT=63 DEFAULT CHARSET=latin1;
/*!40101 SET character_set_client = @saved_cs_client */;

--
-- Dumping data for table `auth_group_permissions`
--

LOCK TABLES `auth_group_permissions` WRITE;
/*!40000 ALTER TABLE `auth_group_permissions` DISABLE KEYS */;
INSERT INTO `auth_group_permissions` VALUES (38,3,417),(39,3,418),(40,3,419),(41,3,420),(42,3,443),(43,3,445),(44,3,446),(45,3,447),(46,3,448),(47,3,449),(48,3,450),(49,3,451),(50,3,452),(51,3,453),(52,3,454),(53,3,455),(54,3,456),(55,3,457),(56,3,458),(60,3,459),(57,4,450),(58,4,452),(59,4,454),(62,5,502),(61,5,509);
/*!40000 ALTER TABLE `auth_group_permissions` ENABLE KEYS */;
UNLOCK TABLES;

--
-- Table structure for table `auth_permission`
--

DROP TABLE IF EXISTS `auth_permission`;
/*!40101 SET @saved_cs_client     = @@character_set_client */;
/*!40101 SET character_set_client = utf8 */;
CREATE TABLE `auth_permission` (
  `id` int(11) NOT NULL AUTO_INCREMENT,
  `name` varchar(255) NOT NULL,
  `content_type_id` int(11) NOT NULL,
  `codename` varchar(100) NOT NULL,
  PRIMARY KEY (`id`),
  UNIQUE KEY `auth_permission_content_type_id_codename_01ab375a_uniq` (`content_type_id`,`codename`),
  CONSTRAINT `auth_permission_content_type_id_2f476e4b_fk_django_co` FOREIGN KEY (`content_type_id`) REFERENCES `django_content_type` (`id`)
) ENGINE=InnoDB AUTO_INCREMENT=569 DEFAULT CHARSET=latin1;
/*!40101 SET character_set_client = @saved_cs_client */;

--
-- Dumping data for table `auth_permission`
--

LOCK TABLES `auth_permission` WRITE;
/*!40000 ALTER TABLE `auth_permission` DISABLE KEYS */;
INSERT INTO `auth_permission` VALUES (296,'Can add log entry',1,'add_logentry'),(297,'Can change log entry',1,'change_logentry'),(298,'Can delete log entry',1,'delete_logentry'),(299,'Can view log entry',1,'view_logentry'),(300,'Can add permission',2,'add_permission'),(301,'Can change permission',2,'change_permission'),(302,'Can delete permission',2,'delete_permission'),(303,'Can view permission',2,'view_permission'),(304,'Can add group',3,'add_group'),(305,'Can change group',3,'change_group'),(306,'Can delete group',3,'delete_group'),(307,'Can view group',3,'view_group'),(308,'Can add user',4,'add_user'),(309,'Can change user',4,'change_user'),(310,'Can delete user',4,'delete_user'),(311,'Can view user',4,'view_user'),(312,'Can add content type',5,'add_contenttype'),(313,'Can change content type',5,'change_contenttype'),(314,'Can delete content type',5,'delete_contenttype'),(315,'Can view content type',5,'view_contenttype'),(316,'Can add session',6,'add_session'),(317,'Can change session',6,'change_session'),(318,'Can delete session',6,'delete_session'),(319,'Can view session',6,'view_session'),(320,'Puede ver los insumos',7,'insumo_listar'),(321,'Puede crear un insumo',7,'insumo_crear'),(322,'Puede eliminar un insumo',7,'insumo_eliminar'),(323,'Puede actualizar un insumo',7,'insumo_actualizar'),(324,'Puede ver el listado de las bodegas',11,'bodega.listar'),(325,'Puede crear una bodega',11,'bodega.crear'),(326,'Permite eliminar una bodega',11,'bodega.eliminar'),(327,'Permite actualizar una bodega',11,'bodega.actualizar'),(328,'Puede ver el listado de los productos',12,'inventariop.listar'),(329,'Permite actualizar un producto',12,'inventariop.actualizar'),(330,'Puede ver el listado de los insumos',13,'inventarioi.listar'),(331,'Permite actualizar un insumo',13,'inventarioi.actualizar'),(332,'Puede ver el listado de los proveedores',14,'listar'),(333,'Puede crear un proveedor',14,'crear'),(334,'Permite eliminar un proveedor',14,'eliminar'),(335,'Permite actualizar un proveedor',14,'actualizar'),(336,'Permite ver el detalle de un proveedor',14,'detalle'),(337,'Puede ver el listado de los clientes',16,'cliente.listar'),(338,'Puede crear un cliente',16,'cliente.crear'),(339,'Permite eliminar una cliente',16,'cliente.eliminar'),(340,'Permite actualizar un cliente',16,'cliente.actualizar'),(341,'Permite ver el detalle de un cliente',16,'cliente.detalle'),(342,'Puede ver el listado de los locales',18,'local.listar'),(343,'Puede crear un local',18,'local.crear'),(344,'Permite eliminar un local',18,'local.eliminar'),(345,'Permite actualizar un local',18,'local.actualizar'),(346,'Permite ver el detalle de un local',18,'local.detalle'),(347,'Puede ver las ordenes de compra',19,'listar'),(348,'Puede crear una orden de compra',19,'crear'),(349,'Permite generar el pdf de una orden de compra',19,'pdf'),(350,'Permite recepcionar una orden de compra',19,'recepcionar'),(351,'Permite rechazar una orden de compra',19,'rechazar'),(352,'Permite validar una orden de compra',19,'validar'),(353,'Permite eliminar una orden de compra',19,'eliminar'),(354,'Permite pagar una orden',19,'pagar'),(355,'Permite eliminar archivos asociados a las ordenes de compra',19,'eliminararchivo'),(356,'Permite ver los archivos adjuntos',19,'verarchivo'),(357,'Can add historical orden de compra insumo',35,'add_historicalordendecomprainsumo'),(358,'Can change historical orden de compra insumo',35,'change_historicalordendecomprainsumo'),(359,'Can delete historical orden de compra insumo',35,'delete_historicalordendecomprainsumo'),(360,'Can view historical orden de compra insumo',35,'view_historicalordendecomprainsumo'),(361,'Can add historical Orden de compra',36,'add_historicalordendecompra'),(362,'Can change historical Orden de compra',36,'change_historicalordendecompra'),(363,'Can delete historical Orden de compra',36,'delete_historicalordendecompra'),(364,'Can view historical Orden de compra',36,'view_historicalordendecompra'),(365,'Permite listar los parámetros',23,'columna.listar'),(366,'Permite crear un parámetro',23,'columna.crear'),(367,'Permite eliminar un parámetro',23,'columna.eliminar'),(368,'Permite actualizar un parámetro',23,'columna.actualizar'),(369,'Permite listar las pautas de elaboración',27,'listar'),(370,'Permite crear una pauta de elaboración',27,'crear'),(371,'Permite eliminar una pauta de elaboración',27,'eliminar'),(372,'Permite actualizar una pauta de elaboración',27,'actualizar'),(373,'Permite ver el detalle de una pauta',27,'detalle'),(374,'Can add historical Pauta de elaboración',30,'add_historicalpauta'),(375,'Can change historical Pauta de elaboración',30,'change_historicalpauta'),(376,'Can delete historical Pauta de elaboración',30,'delete_historicalpauta'),(377,'Can view historical Pauta de elaboración',30,'view_historicalpauta'),(378,'Can add historical Parámetro',31,'add_historicalcolumna'),(379,'Can change historical Parámetro',31,'change_historicalcolumna'),(380,'Can delete historical Parámetro',31,'delete_historicalcolumna'),(381,'Can view historical Parámetro',31,'view_historicalcolumna'),(382,'Can add historical Instrucción',32,'add_historicalinstruccion'),(383,'Can change historical Instrucción',32,'change_historicalinstruccion'),(384,'Can delete historical Instrucción',32,'delete_historicalinstruccion'),(385,'Can view historical Instrucción',32,'view_historicalinstruccion'),(386,'Can add historical Ingrediente',33,'add_historicalingrediente'),(387,'Can change historical Ingrediente',33,'change_historicalingrediente'),(388,'Can delete historical Ingrediente',33,'delete_historicalingrediente'),(389,'Can view historical Ingrediente',33,'view_historicalingrediente'),(390,'Can add historical Etapa',34,'add_historicaletapa'),(391,'Can change historical Etapa',34,'change_historicaletapa'),(392,'Can delete historical Etapa',34,'delete_historicaletapa'),(393,'Can view historical Etapa',34,'view_historicaletapa'),(394,'Inventario Insumos - San Felipe',11,'inventarioi_san-felipe'),(395,'Inventario Productos - San Felipe',11,'inventariop_san-felipe'),(396,'Puede ver los insumos',7,'insumo.listar'),(397,'Puede crear un insumo',7,'insumo.crear'),(398,'Puede eliminar un insumo',7,'insumo.eliminar'),(399,'Puede actualizar un insumo',7,'insumo.actualizar'),(400,'Puede ver las áreas de negocio',9,'rama.listar'),(401,'Puede crear una área de negocio',9,'rama.crear'),(402,'Puede eliminar un área de negocio',9,'rama.eliminar'),(403,'Puede actualizar un área de negocio',9,'rama.actualizar'),(404,'Puede ver los productos',10,'producto.listar'),(405,'Puede crear un producto',10,'producto.crear'),(406,'Puede eliminar un producto',10,'producto.eliminar'),(407,'Puede actualizar un producto',10,'producto.actualizar'),(408,'test',11,'test'),(409,'Puede ver el listado de las asociaciones',15,'insumo.listar'),(410,'Puede crear una asociación',15,'insumo.crear'),(411,'Puede actualizar una asociación',15,'insumo.actualizar'),(412,'Puede eliminar una asociación',15,'insumo.eliminar'),(413,'Puede ver las máquinas',37,'listar'),(414,'Puede añadir una máquina',37,'crear'),(415,'Puede eliminar una máquina',37,'eliminar'),(416,'Puede actualizar una máquina',37,'actualizar'),(417,'Puede ver los equipos',38,'listar'),(418,'Puede añadir un equipo',38,'crear'),(419,'Puede eliminar un equipo',38,'eliminar'),(420,'Puede actualizar un equipo',38,'actualizar'),(441,'Inventario Insumos - Santiago',11,'inventarioi_santiago'),(442,'Inventario Productos - Santiago',11,'inventariop_santiago'),(443,'Permite generar el qr de limpieza',38,'qrlimpieza'),(445,'Puede ver los utensilios',39,'utensiliolimpieza.listar'),(446,'Puede añadir un utensilio',39,'utensiliolimpieza.crear'),(447,'Puede eliminar un utensilio',39,'utensiliolimpieza.eliminar'),(448,'Puede actualizar un utensilio',39,'utensiliolimpieza.actualizar'),(449,'Puede asociar un equipo al utensilio',39,'utensiliolimpieza.asociar'),(450,'Puede ver los registros',41,'registrolimpiezaequipo.listar'),(451,'Puede ver todos los registros',41,'registrolimpiezaequipo.administrador'),(452,'Puede añadir un registro',41,'registrolimpiezaequipo.crear'),(453,'Puede eliminar un registro',41,'registrolimpiezaequipo.eliminar'),(454,'Puede actualizar un registro',41,'registrolimpiezaequipo.actualizar'),(455,'Puede ver las areas',43,'area.listar'),(456,'Puede añadir un area',43,'area.crear'),(457,'Puede eliminar una area',43,'area.eliminar'),(458,'Puede actualizar un area',43,'area.actualizar'),(459,'Puede generar un excel',41,'registrolimpiezaequipo.excel'),(460,'Inventario Insumos - Valdivia',11,'inventarioi_valdivia'),(461,'Inventario Productos - Valdivia',11,'inventariop_valdivia'),(462,'Permite Crear Usuarios',44,'permiso.crear.usuario'),(463,'Permite Actualizar Usuarios',44,'permiso.actualizar.usuario'),(464,'Permite Eliminar Usuarios',44,'permiso.eliminar.usuario'),(465,'Permite Listar Usuarios',44,'permiso.listar.usuario'),(466,'Permite valorizar la bodega',11,'bodega.valorizar'),(467,'Permite el listado de los productos globales',12,'inventariop.global'),(468,'Puede ver el listado de los insumos globales',13,'inventarioi.global'),(469,'Permite listar las pautas de producción',47,'pauta.listar'),(470,'Permite crear una pauta de producción',47,'pauta.crear'),(471,'Permite eliminar una pauta de producción',47,'pauta.eliminar'),(472,'Permite actualizar una pauta de producción',47,'pauta.actualizar'),(473,'Permite eliminar un estado de lote',51,'elote.eliminar'),(474,'Permite actualizar un estado de lote',51,'elote.actualizar'),(475,'Can add historical Pauta Producción',53,'add_historicalpautaproduccion'),(476,'Can change historical Pauta Producción',53,'change_historicalpautaproduccion'),(477,'Can delete historical Pauta Producción',53,'delete_historicalpautaproduccion'),(478,'Can view historical Pauta Producción',53,'view_historicalpautaproduccion'),(479,'Puede ver los envios',55,'envio.listar'),(480,'Puede ver los detalles del envio',55,'envio.detalle'),(481,'Puede crear un envio',55,'envio.crear'),(482,'Puede eliminar una envio',55,'envio.eliminar'),(483,'Puede actualizar un envio',55,'envio.actualizar'),(484,'Puede ver los pallets',56,'pallet.listar'),(485,'Puede ver el codigo de barra del pallet',56,'pallet.detalle'),(486,'Puede agregar un pallet',56,'pallet.crear'),(487,'Puede eliminar un pallet',56,'pallet.eliminar'),(488,'Puede actualizar un pallet',56,'pallet.actualizar'),(489,'Puede ver las rutas',59,'rutas.listar'),(490,'Puede ver el detalle de la ruta',59,'rutas.detalle'),(491,'Puede crear una ruta',59,'rutas.crear'),(492,'Puede eliminar una ruta',59,'rutas.eliminar'),(493,'Puede actualizar una ruta',59,'rutas.actualizar'),(494,'Puede ver el listado de los locales',61,'listap.listar'),(495,'Puede crear un local',61,'listap.crear'),(496,'Permite eliminar un local',61,'listap.eliminar'),(497,'Permite actualizar un local',61,'listap.actualizar'),(498,'Permite ver el detalle de un local',61,'listap.detalle'),(499,'Puede ver el listado de las ordenes de venta',63,'orden.listar'),(500,'Permite realizar el pickeo de la orden',63,'orden.pickear'),(501,'Puede crear una orden de venta',63,'orden.crear'),(502,'Puede entregar una orden de venta',63,'orden.entregar'),(503,'Permite eliminar una orden de venta',63,'orden.eliminar'),(504,'Permite actualizar una orden de venta',63,'orden.actualizar'),(505,'Permite ver el detalle de una orden de venta',63,'orden.detalle'),(506,'Puede ver archivos adjuntos ov',65,'archivo.listar'),(507,'Puede agregar un archivo a ov',65,'archivo.crear'),(508,'Permite eliminar un archivo adjunto ov',65,'archivo.eliminar'),(509,'Puede ver las rutas asignadas',59,'rutas.misrutas'),(510,'Can add insumo bulto',67,'add_insumobulto'),(511,'Can change insumo bulto',67,'change_insumobulto'),(512,'Can delete insumo bulto',67,'delete_insumobulto'),(513,'Can view insumo bulto',67,'view_insumobulto'),(514,'Puede listar los grupos',70,'grupos.listar'),(515,'Puede crear un grupo',70,'grupos.crear'),(516,'Puede eliminar un grupo',70,'grupos.eliminar'),(517,'Puede actualizar un utensilio',70,'grupos.actualizar'),(518,'Puede asociar un equipo al utensilio',70,'grupos.asociar'),(519,'Puede cerrar una ruta',59,'rutas.cerrar'),(520,'Puede abrir cajas',63,'orden.abrir'),(521,'Puede retroceder la orden',63,'orden.retroceder'),(522,'Puede exportar las ov en formato excel',63,'orden.excel'),(523,'Can add crontab',73,'add_crontabschedule'),(524,'Can change crontab',73,'change_crontabschedule'),(525,'Can delete crontab',73,'delete_crontabschedule'),(526,'Can view crontab',73,'view_crontabschedule'),(527,'Can add interval',74,'add_intervalschedule'),(528,'Can change interval',74,'change_intervalschedule'),(529,'Can delete interval',74,'delete_intervalschedule'),(530,'Can view interval',74,'view_intervalschedule'),(531,'Can add periodic task',75,'add_periodictask'),(532,'Can change periodic task',75,'change_periodictask'),(533,'Can delete periodic task',75,'delete_periodictask'),(534,'Can view periodic task',75,'view_periodictask'),(535,'Can add periodic tasks',76,'add_periodictasks'),(536,'Can change periodic tasks',76,'change_periodictasks'),(537,'Can delete periodic tasks',76,'delete_periodictasks'),(538,'Can view periodic tasks',76,'view_periodictasks'),(539,'Can add solar event',77,'add_solarschedule'),(540,'Can change solar event',77,'change_solarschedule'),(541,'Can delete solar event',77,'delete_solarschedule'),(542,'Can view solar event',77,'view_solarschedule'),(543,'Can add clocked',78,'add_clockedschedule'),(544,'Can change clocked',78,'change_clockedschedule'),(545,'Can delete clocked',78,'delete_clockedschedule'),(546,'Can view clocked',78,'view_clockedschedule'),(547,'Puede ver el listado de los historiales de bodega',81,'historial.listar'),(548,'Puede crear un historial de bodega',81,'historial.crear'),(549,'Puede ver los conjuntos',89,'conjuto.listar'),(550,'Puede ver los detalles del conjunto',89,'conjuto.detalle'),(551,'Puede crear un conjunto',89,'conjuto.crear'),(552,'Puede eliminar un conjunto',89,'conjuto.eliminar'),(553,'Puede actualizar un conjunto',89,'conjuto.actualizar'),(554,'Permite eliminar un estado de lote',96,'elote.eliminar'),(555,'Permite actualizar un estado de lote',96,'elote.actualizar'),(556,'Permite listar los costeos',98,'listar'),(557,'Permite ver el detalle de una pauta de producción',47,'pauta.detalle'),(558,'Permite dividir un bulto de insumos',19,'dividir'),(559,'Puede listar las solicitudes',105,'listar'),(560,'Puede crear una solicitud',105,'crear'),(561,'Permite eliminar una solicitud',105,'eliminar'),(562,'Permite actualizar una solicitud',105,'actualizar'),(563,'Permite ver el detalle de la solicitud',105,'detalle'),(564,'Puede ver las lineas de negocio',108,'linea.listar'),(565,'Puede crear una linea de negocio',108,'linea.crear'),(566,'Puede eliminar un linea de negocio',108,'linea.eliminar'),(567,'Puede actualizar una linea de negocio',108,'linea.actualizar'),(568,'Puede ver las etiquetas del envio',55,'envio.etiquetas');
/*!40000 ALTER TABLE `auth_permission` ENABLE KEYS */;
UNLOCK TABLES;

--
-- Table structure for table `auth_user`
--

DROP TABLE IF EXISTS `auth_user`;
/*!40101 SET @saved_cs_client     = @@character_set_client */;
/*!40101 SET character_set_client = utf8 */;
CREATE TABLE `auth_user` (
  `id` int(11) NOT NULL AUTO_INCREMENT,
  `password` varchar(128) NOT NULL,
  `last_login` datetime(6) DEFAULT NULL,
  `is_superuser` tinyint(1) NOT NULL,
  `username` varchar(150) NOT NULL,
  `first_name` varchar(150) NOT NULL,
  `last_name` varchar(150) NOT NULL,
  `email` varchar(254) NOT NULL,
  `is_staff` tinyint(1) NOT NULL,
  `is_active` tinyint(1) NOT NULL,
  `date_joined` datetime(6) NOT NULL,
  PRIMARY KEY (`id`),
  UNIQUE KEY `username` (`username`)
) ENGINE=InnoDB AUTO_INCREMENT=56 DEFAULT CHARSET=latin1;
/*!40101 SET character_set_client = @saved_cs_client */;

--
-- Dumping data for table `auth_user`
--

LOCK TABLES `auth_user` WRITE;
/*!40000 ALTER TABLE `auth_user` DISABLE KEYS */;
INSERT INTO `auth_user` VALUES (1,'pbkdf2_sha256$260000$A1K66OU4E6sXwN9MWSdL4f$QIeQ7EZwXCeAbAdd1kxB1F+VX6/qWxfHLeGXnrTV3CA=','2022-01-17 16:55:19.640003',1,'seba','Sebastián','Valenzuela','seba.valengo@gmail.com',1,1,'2021-08-30 18:29:02.000000'),(11,'pbkdf2_sha256$260000$oRxAeLIpIENOmqozp0npDc$v7CNGqPhoG29bmRcN2O26sEPg28YEhSkHnP7USMo4QY=','2021-10-13 08:58:40.535695',0,'adriana','Adriana','Artunduaga Rojas','',0,1,'2021-09-03 17:35:59.000000'),(33,'pbkdf2_sha256$260000$SI7yDgKYORWRpgqqC9XtAl$NU1mgDkhmb7Mef+8I24ckq8HFr1FAsYKsvnQuikanv4=','2021-12-22 11:49:23.795740',0,'jose','Jose','Fuenmayor','jos.fuenmayor94@gmail.com',0,1,'2021-09-27 10:47:54.044100'),(34,'pbkdf2_sha256$260000$Zwo6aYCPM8GCfTSic9q9HX$kOZhFdrLcOvnDogpbzrZ/AdGKN9//vuzq3BxmoP7/vA=','2021-11-23 11:26:33.272510',0,'bastian','Bastian','Oliva','bastianignaciooliva2018@gmail.com',0,1,'2021-10-15 09:42:48.971875'),(36,'pbkdf2_sha256$260000$bXeZaXlrcrAl10OhcUdwOX$QAYHMvCkccWm/jvG0EmEYxwS8pq2VDS9O10RjNSucMc=',NULL,0,'pan@pan.cl','','','',0,1,'2021-10-20 17:05:43.184587'),(37,'pbkdf2_sha256$260000$E05yd6sxHn7ijlelyLKxg6$lxO6AI5AS5PctT0A75pDbAoZxFA4ZXJbkh25f+i6SQc=','2022-01-20 09:26:28.152401',1,'calidad@quesosartisan.cl','Adriana','Artunduaga','calidad@quesosartisan.cl',0,1,'2021-10-20 17:06:00.000000'),(38,'pbkdf2_sha256$260000$PNzZkhWGbgZPId4phXTWTO$NzPXWqCmJjylixJIxZPX3T8+Ha0a2wx3ASUDpFmTJfE=','2021-12-22 09:10:08.091370',1,'produccion@quesosartisan.cl','Camila','Gatica','produccion@quesosartisan.cl',0,1,'2021-10-20 17:06:46.000000'),(39,'pbkdf2_sha256$260000$yBeDzZfSaL7kfxDqOK43oh$X/gUWzDApjdKhvwEHLSNJAVuayUovAeNijLrT2bnF4k=','2022-01-20 15:10:15.842623',1,'logistica@quesosartisan.cl','Deyanira','Poblete','Logistica@quesosartisan.cl',0,1,'2021-10-20 17:07:09.000000'),(40,'pbkdf2_sha256$260000$V0W3aj5RxeN6AXhjQkHIxh$6Gomchd9aEl8cPKG8JruEGiWjktihyC2faRtGdo/ECE=','2021-12-26 19:54:45.620153',1,'admvaldivia@quesosartisan.cl','Francisco','Mesa','admvaldivia@quesosartisan.cl',0,1,'2021-10-20 17:07:28.000000'),(41,'pbkdf2_sha256$260000$tagj6QXynBAuoNcIBXMYGC$T4M7RcC8DueZy8Q7QYqmhGHATcCXj2CDJgrmdgzAm1A=','2022-01-17 12:25:28.708991',1,'administracion@quesosartisan.cl','Santiago','Donoso','administracion@quesosartisan.cl',1,1,'2021-10-20 17:07:45.000000'),(42,'pbkdf2_sha256$260000$D4Ggg0HgxYeqHVUC0p9iMd$vQC2z5N7FvMv4CbVImYMqsLE1tz9GrHu3pRS11Hr/hk=','2022-01-18 21:13:06.147181',1,'hvigil@quesosartisan.cl','Hernan','Vigil','hvigil@quesosartisan.cl',1,1,'2021-10-20 17:08:06.000000'),(43,'pbkdf2_sha256$260000$FY9orplgpViYhrkVsPEENT$f65LpKiQxWELa2vTwK8hOEyGiXoEaKcOPbvj1/s463o=','2021-11-10 11:10:23.083635',0,'pruebat','Pruebat','t','seba.valengo@gmail.com',0,1,'2021-11-10 11:09:39.694891'),(45,'pbkdf2_sha256$260000$9TdABdV3RE0tp1sJXXW5Ks$Z+eDGMsyFvfkxCbNFeOTDTp6UCfZIBKXDJYnwLScEE4=','2022-01-20 09:18:53.837439',1,'Logistica','Alexis','Maldonado','Logistica@quesosartisan.cl',0,1,'2021-11-24 13:15:19.000000'),(46,'pbkdf2_sha256$260000$FAyZpgCtZVRKRql5uPZKtZ$Zg45525hZV2I5kA/r2W1WkT3ZcUiN2bs7Mb39Kk6fu8=','2022-01-11 10:22:03.475756',0,'ignacio','IGNACIO','ENRIQUE IGNACIO','enrique.ignacio11@hotmail.com',0,1,'2021-12-01 08:42:41.550413'),(47,'pbkdf2_sha256$260000$7k7l5PxDlbpd0T8dvyhcJr$3Vh8q6OGKLJJfyis347B1YxKO+eJjtZAvAp71q8ObZI=','2022-01-17 13:30:08.471214',1,'Paola','Paola','Basualto','admsanfelipe@quesosartisan.cl',0,1,'2021-12-17 14:11:21.000000'),(48,'pbkdf2_sha256$260000$aUkgXMGPzXDwuPgvn5xrF9$S5K7WRTsUHVmZPGEIL02hYvpiRlJjt0WeKDBDfYu5HY=','2022-01-20 15:00:33.496580',1,'Carlos','Carlos','Garcia','proyectos@quesosartisan.cl',0,1,'2021-12-21 08:59:41.000000'),(50,'pbkdf2_sha256$260000$xajQoMItGvYBQJ3bh1H35L$lnBmahEKCaQ71KgJqgsjgA2KGtkwlnZQuFYKa5UYmEc=','2022-01-17 17:02:36.035956',1,'Nicole','Nicole','Yusari','ventasartisan@quesosartisan.cl',0,1,'2022-01-03 16:36:13.000000'),(51,'pbkdf2_sha256$260000$rS8YSM2q8fC122Jt6Mesg8$RvpAGDIW2Rm2+zEhqTF9A0ILRxyR8ViNcVhUa2hfp3c=','2022-01-10 10:49:51.000000',1,'Alejandra','Alejandra','Herrera','priscilaherrera349@gmail.com',0,1,'2022-01-10 10:48:58.000000'),(52,'pbkdf2_sha256$260000$z3zvaMi29SaqlGVSzOcXQo$9ZcDtdoZbKTI3zgPF6fYGiGQGrb3Q0nQrDeFAqMDrqI=','2022-01-12 10:02:14.000000',0,'felipea','Felipe','Alvarez','felipealvp@hotmail.com',0,1,'2022-01-12 09:58:26.000000'),(53,'pbkdf2_sha256$260000$DZvXOHK7Wu7NS9AfDLOXzg$8soHrvS0xS3/jRm6Y2BGefCYf5BfGXVkeJPL5kc96mk=',NULL,0,'yusett','Yusett','Lara','yusettlara@gmail.com',0,1,'2022-01-19 10:09:15.347230'),(54,'pbkdf2_sha256$260000$1lKZNYh8Ypfa2MMouhgtuh$EQTwII0pmhoqjVCy9CdTQE1PbxxC24RBlSfDO491AB8=','2022-01-19 17:23:00.000000',0,'Nibaldo','Nibaldo','Ramirez','nibaldoramirez2@gmail.com',0,1,'2022-01-19 10:17:16.000000'),(55,'pbkdf2_sha256$260000$honNnoMiXYiZwL4VJSSq6V$wAp6WiSV+PWggj1lYijiOkwh91FL/po3FbXz0DFu7xw=',NULL,0,'angelica','Angelica','Angelica','angelicamm13@gmail.com',0,1,'2022-01-19 10:24:38.070018');
/*!40000 ALTER TABLE `auth_user` ENABLE KEYS */;
UNLOCK TABLES;

--
-- Table structure for table `auth_user_groups`
--

DROP TABLE IF EXISTS `auth_user_groups`;
/*!40101 SET @saved_cs_client     = @@character_set_client */;
/*!40101 SET character_set_client = utf8 */;
CREATE TABLE `auth_user_groups` (
  `id` bigint(20) NOT NULL AUTO_INCREMENT,
  `user_id` int(11) NOT NULL,
  `group_id` int(11) NOT NULL,
  PRIMARY KEY (`id`),
  UNIQUE KEY `auth_user_groups_user_id_group_id_94350c0c_uniq` (`user_id`,`group_id`),
  KEY `auth_user_groups_group_id_97559544_fk_auth_group_id` (`group_id`),
  CONSTRAINT `auth_user_groups_group_id_97559544_fk_auth_group_id` FOREIGN KEY (`group_id`) REFERENCES `auth_group` (`id`),
  CONSTRAINT `auth_user_groups_user_id_6a12ed8b_fk_auth_user_id` FOREIGN KEY (`user_id`) REFERENCES `auth_user` (`id`)
) ENGINE=InnoDB AUTO_INCREMENT=25 DEFAULT CHARSET=latin1;
/*!40101 SET character_set_client = @saved_cs_client */;

--
-- Dumping data for table `auth_user_groups`
--

LOCK TABLES `auth_user_groups` WRITE;
/*!40000 ALTER TABLE `auth_user_groups` DISABLE KEYS */;
INSERT INTO `auth_user_groups` VALUES (2,11,3),(14,33,4),(15,34,4),(18,37,3),(19,43,5),(21,45,5),(22,46,4),(23,52,4),(24,54,4);
/*!40000 ALTER TABLE `auth_user_groups` ENABLE KEYS */;
UNLOCK TABLES;

--
-- Table structure for table `auth_user_user_permissions`
--

DROP TABLE IF EXISTS `auth_user_user_permissions`;
/*!40101 SET @saved_cs_client     = @@character_set_client */;
/*!40101 SET character_set_client = utf8 */;
CREATE TABLE `auth_user_user_permissions` (
  `id` bigint(20) NOT NULL AUTO_INCREMENT,
  `user_id` int(11) NOT NULL,
  `permission_id` int(11) NOT NULL,
  PRIMARY KEY (`id`),
  UNIQUE KEY `auth_user_user_permissions_user_id_permission_id_14a6b632_uniq` (`user_id`,`permission_id`),
  KEY `auth_user_user_permi_permission_id_1fbb5f2c_fk_auth_perm` (`permission_id`),
  CONSTRAINT `auth_user_user_permi_permission_id_1fbb5f2c_fk_auth_perm` FOREIGN KEY (`permission_id`) REFERENCES `auth_permission` (`id`),
  CONSTRAINT `auth_user_user_permissions_user_id_a95ead1b_fk_auth_user_id` FOREIGN KEY (`user_id`) REFERENCES `auth_user` (`id`)
) ENGINE=InnoDB AUTO_INCREMENT=168 DEFAULT CHARSET=latin1;
/*!40101 SET character_set_client = @saved_cs_client */;

--
-- Dumping data for table `auth_user_user_permissions`
--

LOCK TABLES `auth_user_user_permissions` WRITE;
/*!40000 ALTER TABLE `auth_user_user_permissions` DISABLE KEYS */;
INSERT INTO `auth_user_user_permissions` VALUES (165,11,462),(166,11,463),(167,11,465);
/*!40000 ALTER TABLE `auth_user_user_permissions` ENABLE KEYS */;
UNLOCK TABLES;

--
-- Table structure for table `calidad_equipoutensiliolimpieza`
--

DROP TABLE IF EXISTS `calidad_equipoutensiliolimpieza`;
/*!40101 SET @saved_cs_client     = @@character_set_client */;
/*!40101 SET character_set_client = utf8 */;
CREATE TABLE `calidad_equipoutensiliolimpieza` (
  `id` bigint(20) NOT NULL AUTO_INCREMENT,
  `created` datetime(6) NOT NULL,
  `updated` datetime(6) NOT NULL,
  `equipo_id` bigint(20) NOT NULL,
  `utensilio_id` bigint(20) NOT NULL,
  PRIMARY KEY (`id`),
  UNIQUE KEY `calidad_equipoutensiliol_equipo_id_utensilio_id_c197f7df_uniq` (`equipo_id`,`utensilio_id`),
  KEY `calidad_equipoutensi_utensilio_id_b540df24_fk_calidad_u` (`utensilio_id`),
  CONSTRAINT `calidad_equipoutensi_equipo_id_7de311ae_fk_equipo_eq` FOREIGN KEY (`equipo_id`) REFERENCES `equipo_equipo` (`id`),
  CONSTRAINT `calidad_equipoutensi_utensilio_id_b540df24_fk_calidad_u` FOREIGN KEY (`utensilio_id`) REFERENCES `calidad_utensiliolimpieza` (`id`)
) ENGINE=InnoDB AUTO_INCREMENT=21 DEFAULT CHARSET=latin1;
/*!40101 SET character_set_client = @saved_cs_client */;

--
-- Dumping data for table `calidad_equipoutensiliolimpieza`
--

LOCK TABLES `calidad_equipoutensiliolimpieza` WRITE;
/*!40000 ALTER TABLE `calidad_equipoutensiliolimpieza` DISABLE KEYS */;
INSERT INTO `calidad_equipoutensiliolimpieza` VALUES (6,'2021-09-27 08:58:02.224593','2021-09-27 08:58:02.224623',4,5),(7,'2021-09-27 08:58:27.843289','2021-09-27 08:58:27.843311',4,6),(9,'2021-09-27 09:00:47.198528','2021-09-27 09:00:47.198553',4,7),(10,'2021-09-27 09:01:38.459556','2021-09-27 09:01:38.459581',4,8),(11,'2021-11-23 11:40:05.340492','2021-11-23 11:40:05.340542',5,8),(12,'2021-11-23 11:41:43.652953','2021-11-23 11:41:43.652977',5,9),(13,'2021-11-23 11:41:52.186710','2021-11-23 11:41:52.186734',5,5),(14,'2021-11-23 11:43:30.204808','2021-11-23 11:43:30.204834',6,5),(15,'2021-11-23 11:43:39.952516','2021-11-23 11:43:39.952543',6,8),(16,'2021-11-23 12:43:06.837017','2021-11-23 12:43:06.837042',7,10),(17,'2021-12-22 08:17:50.688536','2021-12-22 08:17:50.688562',6,11),(18,'2021-12-22 08:20:14.921544','2021-12-22 08:20:14.921571',7,5),(19,'2021-12-22 08:40:34.401467','2021-12-22 08:40:34.401500',7,12),(20,'2021-12-22 08:41:54.960913','2021-12-22 08:41:54.960944',8,13);
/*!40000 ALTER TABLE `calidad_equipoutensiliolimpieza` ENABLE KEYS */;
UNLOCK TABLES;

--
-- Table structure for table `calidad_grupoequipo`
--

DROP TABLE IF EXISTS `calidad_grupoequipo`;
/*!40101 SET @saved_cs_client     = @@character_set_client */;
/*!40101 SET character_set_client = utf8 */;
CREATE TABLE `calidad_grupoequipo` (
  `id` bigint(20) NOT NULL AUTO_INCREMENT,
  `equipo_id` bigint(20) NOT NULL,
  `grupo_id` bigint(20) NOT NULL,
  PRIMARY KEY (`id`),
  KEY `calidad_grupoequipo_equipo_id_5a1f7da1_fk_equipo_equipo_id` (`equipo_id`),
  KEY `calidad_grupoequipo_grupo_id_4936dbdd_fk_calidad_grupoequipos_id` (`grupo_id`),
  CONSTRAINT `calidad_grupoequipo_equipo_id_5a1f7da1_fk_equipo_equipo_id` FOREIGN KEY (`equipo_id`) REFERENCES `equipo_equipo` (`id`),
  CONSTRAINT `calidad_grupoequipo_grupo_id_4936dbdd_fk_calidad_grupoequipos_id` FOREIGN KEY (`grupo_id`) REFERENCES `calidad_grupoequipos` (`id`)
) ENGINE=InnoDB DEFAULT CHARSET=utf8;
/*!40101 SET character_set_client = @saved_cs_client */;

--
-- Dumping data for table `calidad_grupoequipo`
--

LOCK TABLES `calidad_grupoequipo` WRITE;
/*!40000 ALTER TABLE `calidad_grupoequipo` DISABLE KEYS */;
/*!40000 ALTER TABLE `calidad_grupoequipo` ENABLE KEYS */;
UNLOCK TABLES;

--
-- Table structure for table `calidad_grupoequipos`
--

DROP TABLE IF EXISTS `calidad_grupoequipos`;
/*!40101 SET @saved_cs_client     = @@character_set_client */;
/*!40101 SET character_set_client = utf8 */;
CREATE TABLE `calidad_grupoequipos` (
  `id` bigint(20) NOT NULL AUTO_INCREMENT,
  `nombre` varchar(255) NOT NULL,
  `created` datetime(6) NOT NULL,
  `updated` datetime(6) NOT NULL,
  PRIMARY KEY (`id`),
  UNIQUE KEY `calidad_grupoequipos_nombre_0a85ec39_uniq` (`nombre`)
) ENGINE=InnoDB DEFAULT CHARSET=utf8;
/*!40101 SET character_set_client = @saved_cs_client */;

--
-- Dumping data for table `calidad_grupoequipos`
--

LOCK TABLES `calidad_grupoequipos` WRITE;
/*!40000 ALTER TABLE `calidad_grupoequipos` DISABLE KEYS */;
/*!40000 ALTER TABLE `calidad_grupoequipos` ENABLE KEYS */;
UNLOCK TABLES;

--
-- Table structure for table `calidad_grupoutensilio`
--

DROP TABLE IF EXISTS `calidad_grupoutensilio`;
/*!40101 SET @saved_cs_client     = @@character_set_client */;
/*!40101 SET character_set_client = utf8 */;
CREATE TABLE `calidad_grupoutensilio` (
  `id` bigint(20) NOT NULL AUTO_INCREMENT,
  `grupo_id` bigint(20) NOT NULL,
  `utensilio_id` bigint(20) NOT NULL,
  PRIMARY KEY (`id`),
  KEY `calidad_grupoutensil_grupo_id_c29e0634_fk_calidad_g` (`grupo_id`),
  KEY `calidad_grupoutensil_utensilio_id_b4b9fcbd_fk_calidad_u` (`utensilio_id`),
  CONSTRAINT `calidad_grupoutensil_grupo_id_c29e0634_fk_calidad_g` FOREIGN KEY (`grupo_id`) REFERENCES `calidad_grupoequipos` (`id`),
  CONSTRAINT `calidad_grupoutensil_utensilio_id_b4b9fcbd_fk_calidad_u` FOREIGN KEY (`utensilio_id`) REFERENCES `calidad_utensiliolimpieza` (`id`)
) ENGINE=InnoDB DEFAULT CHARSET=utf8;
/*!40101 SET character_set_client = @saved_cs_client */;

--
-- Dumping data for table `calidad_grupoutensilio`
--

LOCK TABLES `calidad_grupoutensilio` WRITE;
/*!40000 ALTER TABLE `calidad_grupoutensilio` DISABLE KEYS */;
/*!40000 ALTER TABLE `calidad_grupoutensilio` ENABLE KEYS */;
UNLOCK TABLES;

--
-- Table structure for table `calidad_registrolimpiezaequipo`
--

DROP TABLE IF EXISTS `calidad_registrolimpiezaequipo`;
/*!40101 SET @saved_cs_client     = @@character_set_client */;
/*!40101 SET character_set_client = utf8 */;
CREATE TABLE `calidad_registrolimpiezaequipo` (
  `id` bigint(20) NOT NULL AUTO_INCREMENT,
  `observacion` longtext,
  `estado` longtext NOT NULL,
  `observacion_correctiva` longtext,
  `created` datetime(6) NOT NULL,
  `updated` datetime(6) NOT NULL,
  `equipo_id` bigint(20) NOT NULL,
  `encargado_id` int(11) DEFAULT NULL,
  `revisado_id` int(11) DEFAULT NULL,
  PRIMARY KEY (`id`),
  KEY `calidad_registrolimp_equipo_id_c251a62b_fk_equipo_eq` (`equipo_id`),
  KEY `calidad_registrolimp_encargado_id_7bd6e355_fk_auth_user` (`encargado_id`),
  KEY `calidad_registrolimp_revisado_id_73096a14_fk_auth_user` (`revisado_id`),
  CONSTRAINT `calidad_registrolimp_encargado_id_7bd6e355_fk_auth_user` FOREIGN KEY (`encargado_id`) REFERENCES `auth_user` (`id`),
  CONSTRAINT `calidad_registrolimp_equipo_id_c251a62b_fk_equipo_eq` FOREIGN KEY (`equipo_id`) REFERENCES `equipo_equipo` (`id`),
  CONSTRAINT `calidad_registrolimp_revisado_id_73096a14_fk_auth_user` FOREIGN KEY (`revisado_id`) REFERENCES `auth_user` (`id`)
) ENGINE=InnoDB AUTO_INCREMENT=56 DEFAULT CHARSET=latin1;
/*!40101 SET character_set_client = @saved_cs_client */;

--
-- Dumping data for table `calidad_registrolimpiezaequipo`
--

LOCK TABLES `calidad_registrolimpiezaequipo` WRITE;
/*!40000 ALTER TABLE `calidad_registrolimpiezaequipo` DISABLE KEYS */;
INSERT INTO `calidad_registrolimpiezaequipo` VALUES (15,'','Aprobado','','2021-09-30 12:19:34.641580','2021-10-01 10:40:51.331665',4,33,11),(16,'','Aprobado','','2021-10-01 08:55:30.784104','2021-10-01 10:41:00.196958',4,33,11),(17,'','Aprobado','ok','2021-10-02 14:22:27.460734','2021-10-04 11:48:28.983163',4,33,11),(18,'','Aprobado','','2021-10-05 09:00:12.413806','2021-10-08 11:44:04.621261',4,33,11),(19,'','Aprobado','Se cambia el termómetro y se hace limpieza de accesorios (válvula mariposa)','2021-10-08 09:33:07.598817','2021-10-08 11:46:40.520801',4,33,11),(20,'','Aprobado','','2021-10-12 10:06:50.807541','2021-10-13 08:59:18.110894',4,33,11),(21,'Lavado por fuera , lavado en llave de paso.','Aprobado','','2021-10-15 11:44:36.585847','2021-10-15 12:37:18.890942',4,34,11),(22,'','Aprobado','','2021-10-20 08:22:38.490363','2021-10-22 08:27:48.678259',4,33,11),(23,'','Aprobado','','2021-10-23 10:22:41.579328','2021-10-26 08:19:02.445160',4,33,37),(24,'','Aprobado','','2021-10-27 10:11:26.712269','2021-10-28 11:52:07.054279',4,33,37),(25,'','Aprobado','Lavado de llave y termómetro','2021-10-28 11:04:25.279466','2021-10-28 11:52:35.601798',4,33,37),(26,'','Aprobado','','2021-11-09 13:05:32.170232','2021-11-16 12:19:17.895943',4,33,37),(27,'','Aprobado','','2021-11-16 09:56:19.936941','2021-11-16 12:19:38.777729',4,33,37),(28,'Ninguna','Aprobado','','2021-11-23 11:27:08.743434','2021-12-01 08:36:51.330537',4,34,37),(29,'','Aprobado','','2021-12-01 09:32:50.324087','2021-12-02 12:02:11.274843',4,33,37),(30,'','Aprobado','','2021-12-02 12:17:58.154404','2021-12-07 11:57:29.112481',4,33,37),(31,'','Aprobado','','2021-12-04 11:13:10.838087','2021-12-07 11:57:48.684864',4,33,37),(32,'','Aprobado','','2021-12-07 12:11:45.942540','2021-12-15 11:20:35.580681',4,46,37),(33,'','Aprobado','','2021-12-07 12:11:46.518815','2021-12-15 11:20:49.487951',4,46,37),(34,'','Aprobado','','2021-12-14 10:37:34.816107','2021-12-15 11:21:05.470671',4,33,37),(35,'','Aprobado','','2021-12-18 10:43:57.632720','2021-12-22 08:13:55.932218',4,46,37),(36,'','Aprobado','','2021-12-21 09:37:00.083912','2021-12-22 08:14:06.265343',4,46,37),(37,'','Aprobado','','2021-12-22 11:49:28.367025','2021-12-22 11:59:29.286351',4,33,37),(38,'','Aprobado','','2021-12-23 08:44:29.973367','2021-12-23 10:44:24.152277',4,46,37),(39,'','Aprobado','','2021-12-24 10:54:06.841278','2021-12-27 12:45:48.478859',4,33,37),(40,'','Aprobado','','2021-12-28 10:26:31.930478','2021-12-28 12:26:01.602605',4,46,37),(41,'','Aprobado','','2021-12-29 09:33:29.761115','2021-12-29 11:02:34.761860',4,46,37),(42,'','Aprobado','','2021-12-29 09:33:30.449196','2021-12-29 11:02:48.726922',4,46,37),(43,'','Aprobado','','2021-12-30 10:25:57.486966','2022-01-04 08:28:21.015895',4,46,37),(44,'Con felipe limpiamos','Aprobado','','2021-12-30 17:22:39.107280','2022-01-04 08:29:45.602938',5,46,37),(45,'N48','Aprobado','Manguera de proceso sufre daños por temperatura','2021-12-31 13:03:31.708737','2022-01-04 08:29:09.728664',4,46,37),(46,'','Aprobado','','2022-01-04 10:28:56.806187','2022-01-04 12:36:32.656114',4,46,37),(47,'','Aprobado','','2022-01-11 10:22:12.171678','2022-01-12 10:21:22.898169',4,46,37),(48,'','Aprobado','','2022-01-12 13:11:12.402883','2022-01-13 09:13:46.490778',4,52,37),(49,'','Aprobado','','2022-01-13 08:11:26.589516','2022-01-13 09:17:48.348355',5,52,37),(50,'','Aprobado','','2022-01-15 09:56:42.025014','2022-01-18 11:57:27.739075',4,46,37),(51,'','Aprobado','','2022-01-18 09:48:39.178504','2022-01-18 11:57:39.466765',4,46,37),(52,'','Aprobado','','2022-01-18 16:11:50.603953','2022-01-19 09:50:52.275119',5,52,37),(53,'','Aprobado','','2022-01-19 10:18:41.934527','2022-01-19 10:25:46.998287',4,46,37),(54,'','Aprobado','','2022-01-19 17:34:06.086591','2022-01-20 09:27:13.688614',5,46,37),(55,'Limpiamos aparte la llave','Ejecutado',NULL,'2022-01-20 10:50:30.049110','2022-01-20 10:50:30.057977',4,46,NULL);
/*!40000 ALTER TABLE `calidad_registrolimpiezaequipo` ENABLE KEYS */;
UNLOCK TABLES;

--
-- Table structure for table `calidad_registrolimpiezaequipo_utensilios`
--

DROP TABLE IF EXISTS `calidad_registrolimpiezaequipo_utensilios`;
/*!40101 SET @saved_cs_client     = @@character_set_client */;
/*!40101 SET character_set_client = utf8 */;
CREATE TABLE `calidad_registrolimpiezaequipo_utensilios` (
  `id` bigint(20) NOT NULL AUTO_INCREMENT,
  `registrolimpiezaequipo_id` bigint(20) NOT NULL,
  `utensiliolimpieza_id` bigint(20) NOT NULL,
  PRIMARY KEY (`id`),
  UNIQUE KEY `calidad_registrolimpieza_registrolimpiezaequipo_i_27ba4a90_uniq` (`registrolimpiezaequipo_id`,`utensiliolimpieza_id`),
  KEY `calidad_registrolimp_utensiliolimpieza_id_76046cb6_fk_calidad_u` (`utensiliolimpieza_id`),
  CONSTRAINT `calidad_registrolimp_registrolimpiezaequi_6c2d033e_fk_calidad_r` FOREIGN KEY (`registrolimpiezaequipo_id`) REFERENCES `calidad_registrolimpiezaequipo` (`id`),
  CONSTRAINT `calidad_registrolimp_utensiliolimpieza_id_76046cb6_fk_calidad_u` FOREIGN KEY (`utensiliolimpieza_id`) REFERENCES `calidad_utensiliolimpieza` (`id`)
) ENGINE=InnoDB AUTO_INCREMENT=89 DEFAULT CHARSET=latin1;
/*!40101 SET character_set_client = @saved_cs_client */;

--
-- Dumping data for table `calidad_registrolimpiezaequipo_utensilios`
--

LOCK TABLES `calidad_registrolimpiezaequipo_utensilios` WRITE;
/*!40000 ALTER TABLE `calidad_registrolimpiezaequipo_utensilios` DISABLE KEYS */;
INSERT INTO `calidad_registrolimpiezaequipo_utensilios` VALUES (16,15,5),(17,15,7),(18,16,5),(19,16,7),(20,17,5),(21,17,7),(22,18,5),(23,18,7),(24,19,5),(25,20,5),(26,21,5),(27,21,7),(28,22,5),(29,23,5),(30,24,5),(31,25,5),(32,26,5),(33,27,5),(34,28,5),(35,28,7),(36,29,5),(37,29,7),(38,30,5),(39,30,7),(40,31,5),(41,31,7),(42,32,5),(43,32,7),(44,33,5),(45,33,7),(46,34,5),(47,34,6),(48,34,7),(49,35,5),(50,35,7),(51,36,5),(52,36,7),(53,37,5),(54,37,7),(55,38,5),(56,38,7),(57,39,5),(58,39,7),(59,40,5),(60,40,7),(61,41,5),(62,41,7),(63,42,5),(64,42,7),(65,43,5),(66,43,7),(67,44,5),(68,45,5),(69,45,7),(70,46,5),(71,46,7),(72,47,5),(73,47,7),(74,48,5),(75,48,7),(77,49,5),(76,49,9),(78,50,5),(79,50,7),(80,51,5),(81,51,7),(83,52,5),(82,52,9),(84,53,5),(85,53,7),(86,54,5),(87,55,5),(88,55,7);
/*!40000 ALTER TABLE `calidad_registrolimpiezaequipo_utensilios` ENABLE KEYS */;
UNLOCK TABLES;

--
-- Table structure for table `calidad_registrolimpiezaequipohistorial`
--

DROP TABLE IF EXISTS `calidad_registrolimpiezaequipohistorial`;
/*!40101 SET @saved_cs_client     = @@character_set_client */;
/*!40101 SET character_set_client = utf8 */;
CREATE TABLE `calidad_registrolimpiezaequipohistorial` (
  `id` bigint(20) NOT NULL AUTO_INCREMENT,
  `observacion` longtext,
  `estado` longtext NOT NULL,
  `observacion_correctiva` longtext,
  `registrolimpiezequipo_id` bigint(20) NOT NULL,
  `created` datetime(6) NOT NULL,
  PRIMARY KEY (`id`),
  KEY `calidad_registrolimp_registrolimpiezequip_fe52f4ee_fk_calidad_r` (`registrolimpiezequipo_id`),
  CONSTRAINT `calidad_registrolimp_registrolimpiezequip_fe52f4ee_fk_calidad_r` FOREIGN KEY (`registrolimpiezequipo_id`) REFERENCES `calidad_registrolimpiezaequipo` (`id`)
) ENGINE=InnoDB AUTO_INCREMENT=104 DEFAULT CHARSET=latin1;
/*!40101 SET character_set_client = @saved_cs_client */;

--
-- Dumping data for table `calidad_registrolimpiezaequipohistorial`
--

LOCK TABLES `calidad_registrolimpiezaequipohistorial` WRITE;
/*!40000 ALTER TABLE `calidad_registrolimpiezaequipohistorial` DISABLE KEYS */;
INSERT INTO `calidad_registrolimpiezaequipohistorial` VALUES (16,'','Ejecutado',NULL,15,'2021-09-30 12:19:34.688028'),(17,'','Ejecutado',NULL,16,'2021-10-01 08:55:30.823484'),(18,'','Aprobado','',15,'2021-10-01 10:40:51.327938'),(19,'','Aprobado','',16,'2021-10-01 10:41:00.193694'),(20,'','Ejecutado',NULL,17,'2021-10-02 14:22:27.503352'),(21,'','Aprobado','ok',17,'2021-10-04 11:48:28.973506'),(22,'','Ejecutado',NULL,18,'2021-10-05 09:00:12.447007'),(23,'','Ejecutado',NULL,19,'2021-10-08 09:33:07.632231'),(24,'','Aprobado','',18,'2021-10-08 11:44:04.616949'),(25,'','Ejecutado','Se cambia el termómetro y se hace limpieza de accesorios (válvula mariposa)',19,'2021-10-08 11:46:25.725176'),(26,'','Aprobado','Se cambia el termómetro y se hace limpieza de accesorios (válvula mariposa)',19,'2021-10-08 11:46:40.517396'),(27,'','Ejecutado',NULL,20,'2021-10-12 10:06:50.850763'),(28,'','Aprobado','',20,'2021-10-13 08:59:18.106111'),(29,'Lavado por fuera , lavado en llave de paso.','Ejecutado',NULL,21,'2021-10-15 11:44:36.610977'),(30,'Lavado por fuera , lavado en llave de paso.','Aprobado','',21,'2021-10-15 12:37:18.887482'),(31,'','Ejecutado',NULL,22,'2021-10-20 08:22:38.501928'),(32,'','Aprobado','',22,'2021-10-22 08:27:48.676589'),(33,'','Ejecutado',NULL,23,'2021-10-23 10:22:41.586405'),(34,'','Ejecutado','',23,'2021-10-26 08:18:47.344106'),(35,'','Aprobado','',23,'2021-10-26 08:19:02.443678'),(36,'','Ejecutado',NULL,24,'2021-10-27 10:11:26.720506'),(37,'','Ejecutado',NULL,25,'2021-10-28 11:04:25.287393'),(38,'','Aprobado','',24,'2021-10-28 11:52:07.052469'),(39,'','Aprobado','Lavado de llave y termómetro',25,'2021-10-28 11:52:35.600294'),(40,'','Ejecutado',NULL,26,'2021-11-09 13:05:32.178013'),(41,'','Ejecutado',NULL,27,'2021-11-16 09:56:19.946175'),(42,'','Aprobado','',26,'2021-11-16 12:19:17.894811'),(43,'','Aprobado','',27,'2021-11-16 12:19:38.776409'),(44,'Ninguna','Ejecutado',NULL,28,'2021-11-23 11:27:08.748747'),(45,'Ninguna','Aprobado','',28,'2021-12-01 08:36:32.749047'),(46,'Ninguna','Aprobado','',28,'2021-12-01 08:36:37.971114'),(47,'Ninguna','Aprobado','',28,'2021-12-01 08:36:51.329612'),(48,'','Ejecutado',NULL,29,'2021-12-01 09:32:50.328986'),(49,'','Aprobado','',29,'2021-12-02 12:02:11.273781'),(50,'','Ejecutado',NULL,30,'2021-12-02 12:17:58.161153'),(51,'','Ejecutado',NULL,31,'2021-12-04 11:13:10.853267'),(52,'','Aprobado','',30,'2021-12-07 11:57:29.111420'),(53,'','Ejecutado','',31,'2021-12-07 11:57:37.132235'),(54,'','Aprobado','',31,'2021-12-07 11:57:48.683642'),(55,'','Ejecutado',NULL,32,'2021-12-07 12:11:45.948137'),(56,'','Ejecutado',NULL,33,'2021-12-07 12:11:46.522652'),(57,'','Ejecutado',NULL,34,'2021-12-14 10:37:34.828203'),(58,'','Aprobado','',32,'2021-12-15 11:20:23.866286'),(59,'','Aprobado','',32,'2021-12-15 11:20:29.536177'),(60,'','Aprobado','',32,'2021-12-15 11:20:35.579610'),(61,'','Aprobado','',33,'2021-12-15 11:20:49.481944'),(62,'','Aprobado','',34,'2021-12-15 11:21:05.469931'),(63,'','Ejecutado',NULL,35,'2021-12-18 10:43:57.649024'),(64,'','Ejecutado',NULL,36,'2021-12-21 09:37:00.088804'),(65,'','Aprobado','',35,'2021-12-22 08:13:55.930838'),(66,'','Aprobado','',36,'2021-12-22 08:14:06.264052'),(67,'','Ejecutado',NULL,37,'2021-12-22 11:49:28.371961'),(68,'','Aprobado','',37,'2021-12-22 11:59:29.285102'),(69,'','Ejecutado',NULL,38,'2021-12-23 08:44:29.982891'),(70,'','Aprobado','',38,'2021-12-23 10:44:24.151039'),(71,'','Ejecutado',NULL,39,'2021-12-24 10:54:06.852632'),(72,'','Aprobado','',39,'2021-12-27 12:45:48.477347'),(73,'','Ejecutado',NULL,40,'2021-12-28 10:26:31.937431'),(74,'','Aprobado','',40,'2021-12-28 12:26:01.601091'),(75,'','Ejecutado',NULL,41,'2021-12-29 09:33:29.767239'),(76,'','Ejecutado',NULL,42,'2021-12-29 09:33:30.457129'),(77,'','Aprobado','',41,'2021-12-29 11:02:34.756091'),(78,'','Aprobado','',42,'2021-12-29 11:02:48.725331'),(79,'','Ejecutado',NULL,43,'2021-12-30 10:25:57.492172'),(80,'Con felipe limpiamos','Ejecutado',NULL,44,'2021-12-30 17:22:39.113292'),(81,'N48','Ejecutado',NULL,45,'2021-12-31 13:03:31.714595'),(82,'','Aprobado','',43,'2022-01-04 08:28:21.014603'),(83,'N48','Aprobado','Manguera de proceso sufre daños por temperatura',45,'2022-01-04 08:29:09.727283'),(84,'Con felipe limpiamos','Aprobado','',44,'2022-01-04 08:29:45.602161'),(85,'','Ejecutado',NULL,46,'2022-01-04 10:28:56.810978'),(86,'','Aprobado','',46,'2022-01-04 12:36:32.655359'),(87,'','Ejecutado',NULL,47,'2022-01-11 10:22:12.178709'),(88,'','Aprobado','',47,'2022-01-12 10:21:22.897077'),(89,'','Ejecutado',NULL,48,'2022-01-12 13:11:12.409987'),(90,'','Ejecutado',NULL,49,'2022-01-13 08:11:26.601656'),(91,'','Aprobado','',48,'2022-01-13 09:13:46.489682'),(92,'','Aprobado','',49,'2022-01-13 09:17:48.345847'),(93,'','Ejecutado',NULL,50,'2022-01-15 09:56:42.035822'),(94,'','Ejecutado',NULL,51,'2022-01-18 09:48:39.186248'),(95,'','Aprobado','',50,'2022-01-18 11:57:27.738314'),(96,'','Aprobado','',51,'2022-01-18 11:57:39.465618'),(97,'','Ejecutado',NULL,52,'2022-01-18 16:11:50.607700'),(98,'','Aprobado','',52,'2022-01-19 09:50:52.273975'),(99,'','Ejecutado',NULL,53,'2022-01-19 10:18:41.946410'),(100,'','Aprobado','',53,'2022-01-19 10:25:46.997000'),(101,'','Ejecutado',NULL,54,'2022-01-19 17:34:06.095543'),(102,'','Aprobado','',54,'2022-01-20 09:27:13.686293'),(103,'Limpiamos aparte la llave','Ejecutado',NULL,55,'2022-01-20 10:50:30.056958');
/*!40000 ALTER TABLE `calidad_registrolimpiezaequipohistorial` ENABLE KEYS */;
UNLOCK TABLES;

--
-- Table structure for table `calidad_utensiliolimpieza`
--

DROP TABLE IF EXISTS `calidad_utensiliolimpieza`;
/*!40101 SET @saved_cs_client     = @@character_set_client */;
/*!40101 SET character_set_client = utf8 */;
CREATE TABLE `calidad_utensiliolimpieza` (
  `id` bigint(20) NOT NULL AUTO_INCREMENT,
  `nombre` varchar(255) NOT NULL,
  `categoria` varchar(255) NOT NULL,
  `created` datetime(6) NOT NULL,
  `updated` datetime(6) NOT NULL,
  PRIMARY KEY (`id`)
) ENGINE=InnoDB AUTO_INCREMENT=14 DEFAULT CHARSET=latin1;
/*!40101 SET character_set_client = @saved_cs_client */;

--
-- Dumping data for table `calidad_utensiliolimpieza`
--

LOCK TABLES `calidad_utensiliolimpieza` WRITE;
/*!40000 ALTER TABLE `calidad_utensiliolimpieza` DISABLE KEYS */;
INSERT INTO `calidad_utensiliolimpieza` VALUES (5,'Spumax diluido 3%','detergente','2021-09-13 10:16:59.576403','2021-11-23 11:28:19.099631'),(6,'cepillo azul','utensilio de limpieza','2021-09-22 12:36:07.442187','2021-09-22 12:36:07.442208'),(7,'Hidrolavadora','utensilio de limpieza','2021-09-27 08:59:05.975481','2021-09-27 08:59:05.975501'),(8,'Acid cip','detergente','2021-09-27 09:01:27.719611','2021-09-27 09:01:27.719631'),(9,'Esponja mutiuso','utensilio de limpieza','2021-11-23 11:27:51.113242','2021-11-23 11:39:25.456471'),(10,'Esponja abrasiva (verde)','utensilio de limpieza','2021-11-23 11:39:46.214989','2021-11-23 11:39:46.215008'),(11,'n48','detergente','2021-12-22 08:17:43.070585','2021-12-22 08:17:43.070612'),(12,'Cloro-cloruro de calcio','detergente','2021-12-22 08:39:51.485398','2021-12-22 08:39:51.485421'),(13,'dioxspray','detergente','2021-12-22 08:40:10.320808','2021-12-22 08:40:10.320832');
/*!40000 ALTER TABLE `calidad_utensiliolimpieza` ENABLE KEYS */;
UNLOCK TABLES;

--
-- Table structure for table `clientes_acuerdocomercial`
--

DROP TABLE IF EXISTS `clientes_acuerdocomercial`;
/*!40101 SET @saved_cs_client     = @@character_set_client */;
/*!40101 SET character_set_client = utf8 */;
CREATE TABLE `clientes_acuerdocomercial` (
  `id` bigint(20) NOT NULL AUTO_INCREMENT,
  `porcentaje` double NOT NULL,
  `created` datetime(6) NOT NULL,
  `updated` datetime(6) NOT NULL,
  `cliente_id` bigint(20) NOT NULL,
  `rama_id` bigint(20) NOT NULL,
  PRIMARY KEY (`id`),
  UNIQUE KEY `clientes_acuerdocomercial_cliente_id_rama_id_c3c4c17f_uniq` (`cliente_id`,`rama_id`),
  KEY `clientes_acuerdocomercial_rama_id_369d62fb_fk_nucleo_rama_id` (`rama_id`),
  CONSTRAINT `clientes_acuerdocome_cliente_id_99ad28d5_fk_clientes_` FOREIGN KEY (`cliente_id`) REFERENCES `clientes_cliente` (`id`),
  CONSTRAINT `clientes_acuerdocomercial_rama_id_369d62fb_fk_nucleo_rama_id` FOREIGN KEY (`rama_id`) REFERENCES `nucleo_rama` (`id`)
) ENGINE=InnoDB DEFAULT CHARSET=utf8;
/*!40101 SET character_set_client = @saved_cs_client */;

--
-- Dumping data for table `clientes_acuerdocomercial`
--

LOCK TABLES `clientes_acuerdocomercial` WRITE;
/*!40000 ALTER TABLE `clientes_acuerdocomercial` DISABLE KEYS */;
/*!40000 ALTER TABLE `clientes_acuerdocomercial` ENABLE KEYS */;
UNLOCK TABLES;

--
-- Table structure for table `clientes_cliente`
--

DROP TABLE IF EXISTS `clientes_cliente`;
/*!40101 SET @saved_cs_client     = @@character_set_client */;
/*!40101 SET character_set_client = utf8 */;
CREATE TABLE `clientes_cliente` (
  `id` bigint(20) NOT NULL AUTO_INCREMENT,
  `tipo` varchar(255) NOT NULL,
  `nombre` varchar(255) NOT NULL,
  `razon_social` varchar(255) DEFAULT NULL,
  `rut` varchar(50) DEFAULT NULL,
  `giro` varchar(100) DEFAULT NULL,
  `telefono` varchar(255) DEFAULT NULL,
  `region` varchar(255) DEFAULT NULL,
  `comuna` varchar(255) DEFAULT NULL,
  `direccion` varchar(255) NOT NULL,
  `contacto` varchar(255) DEFAULT NULL,
  `email` varchar(255) DEFAULT NULL,
  `celular` varchar(255) DEFAULT NULL,
  `created` datetime(6) NOT NULL,
  `updated` datetime(6) NOT NULL,
  `listap_id` bigint(20) DEFAULT NULL,
  `pago` varchar(255) DEFAULT NULL,
  PRIMARY KEY (`id`),
  KEY `clientes_cliente_listap_id_3cb75405_fk_ventas_listaprecio_id` (`listap_id`),
  CONSTRAINT `clientes_cliente_listap_id_3cb75405_fk_ventas_listaprecio_id` FOREIGN KEY (`listap_id`) REFERENCES `ventas_listaprecio` (`id`)
) ENGINE=InnoDB AUTO_INCREMENT=265 DEFAULT CHARSET=latin1;
/*!40101 SET character_set_client = @saved_cs_client */;

--
-- Dumping data for table `clientes_cliente`
--

LOCK TABLES `clientes_cliente` WRITE;
/*!40000 ALTER TABLE `clientes_cliente` DISABLE KEYS */;
INSERT INTO `clientes_cliente` VALUES (1,'HORECA','Universidad Adolfo Ibañez','UAI','3122k','Manicure','+5623155224','Metropolitana','Las Condes','Frederick 312','Mrs Andrews','andrews@uai.cl','3155224','2021-09-02 16:00:44.989900','2021-09-07 10:11:24.495117',NULL,NULL),(2,'HORECA','A Granel','Comercial a Granel Ltda','76808958-2','','','Valparaiso','Los Andes','La Chaparrina 362','Sin Contacto','','','2021-10-26 12:44:45.980639','2021-11-24 14:23:22.518857',60,'Contado'),(3,'Retail','Agrochez','Agrochez','76678606-5','','',NULL,'','Condell 117','Sin Contacto','','','2021-10-26 12:44:46.101649','2021-11-24 14:23:22.523471',28,'Contado'),(4,'HORECA','Albba Spa','Espacio casa albba spa','77107753-6','Elaboraciob de productos de panaderia','','Metropolitana','Buin','Villaseca 458','Sin Contacto','casa.albba@gmail.com','','2021-10-26 12:44:46.104648','2021-11-24 14:23:22.526808',82,'Credito 30 dias'),(5,'HORECA','Aldea Nativa','Aldea Nativa','76934065-3','Venta al por menor de alimentos','','Metropolitana','Providencia','Tobalaba 1799','Sin Contacto','manquehue@aldeanativa.cl','','2021-10-26 12:44:46.107648','2021-11-24 14:23:22.530444',55,'Contado'),(6,'HORECA','Alejandro Elutti','Alejandro Elutti','','','',NULL,'','nan','Sin Contacto','allecaso@hotmail.com','','2021-10-26 12:44:46.110647','2021-11-24 14:23:22.533472',28,'Contado'),(7,'HORECA','Almacen Fibra','Almacen Fibra','76784744-0','Almacen','+56975704958','Metropolitana','Ñuñoa','pucara 4311','Sin Contacto','Juanpablo@almacenfibra.cl','+56975704958','2021-10-26 12:44:46.113648','2021-11-24 14:23:22.536828',28,'Contado'),(8,'HORECA','Almacruz','Almacruz','96956110-7','Hoteleria','+224707400','Metropolitana','Santiago','san antonio 65','Sin Contacto','rtorrejon@almacruz.cl','+224707400','2021-10-26 12:44:46.116648','2021-11-24 14:23:22.540225',44,'Credito 30 dias'),(9,'Persona Natural','Claudio Malgue','Claudio Esteban Malgue Muñoz','Bolet-a','','+56957050391','Valparaiso','San Antonio','nan','Sin Contacto','caroenos.enos@gmail.com','+56957050391','2021-10-26 12:44:46.119648','2021-11-24 14:23:22.543183',82,'Contado'),(10,'HORECA','Casa Colchagua','Inversiones gastronomicas vpv ltda','76336316-3','Restaurante','+56961705013','OHiggins','Santa Cruz','nan','Sin Contacto','ccolchagua@gmail.com','+56961705013','2021-10-26 12:44:46.122648','2021-11-24 14:23:22.551004',82,'Contado'),(11,'HORECA','Marcela Garrido','Marcela Garrido','9617942-1','Giro venta y compra de frutos secos confiteria ','+56941987564','Metropolitana','Ñuñoa','Av. Irarrazaval 1376, Ñuñoa','Sin Contacto','kongarrido.m@gmail.com','+56941987564','2021-10-26 12:44:46.125647','2021-11-24 14:23:22.555114',82,'Contado'),(12,'HORECA','Claudia Valdevenito','Comercializadora Regalos y Otros SPA','76729294-5','Venta de regalos','+56982395605','Metropolitana','Providencia','Tomás Guevara 2954, OF. 506, Providencia','Sin Contacto','cvaldevenito@regalosymas.cl','+56982395605','2021-10-26 12:44:46.128648','2021-11-24 14:23:22.559492',82,'Contado'),(13,'HORECA','JCB Marketing','JCB Marketing y Cia. SpA','76539210-1','Dist. y Com. de Insumos Médicos, Alimentos, Licores y Marketing','+56991017899','Metropolitana','Colina','nan','Sin Contacto','preguntame@jcbmarketing.cl','+56991017899','2021-10-26 12:44:46.131648','2021-11-24 14:23:22.562552',82,'Contado'),(14,'HORECA','Magnolio Eventos','Magnolio Producciones spa','76948505-8','Producción de eventos','+56968783454','Metropolitana','Ñuñoa','Hernan Cortez 2953, Ñuñoa.','Sin Contacto','valentinafuenzalidaawad@gmail.com','+56968783454','2021-10-26 12:44:46.134648','2021-11-24 14:23:22.565681',82,'Contado'),(15,'HORECA','Simón Cardenas','Servicios gastronomicos Kume Felen spa','77218826-9','','+56988095761','Metropolitana','Providencia','Gral. Ludwig 4700-A, depto. 706 , Las Condes','Sin Contacto','simon.cardenas93@gmail.com','+56988095761','2021-10-26 12:44:46.137648','2021-11-24 14:23:22.568777',82,'Contado'),(16,'HORECA','Viña Casa Marín','Viña Casa Marin Limitada','77651250-8','Cultivo de uva de mesa, exportadores de vinos','+56987776786','Metropolitana','Las Condes','Kennedy Lateral 6575, depto 188 Las Condes.','Sin Contacto','hospitality@casamarin.cl','+56987776786','2021-10-26 12:44:46.140647','2021-11-24 14:23:22.571917',82,'Contado'),(17,'HORECA','Amoree de Gourmet','CARLOS ANTONIO OROZCO CORTES','10768495-6','Delivery','+56941874624','Metropolitana','Quilicura','CALLE LA SIEMBRA 3481 CASA 291 – LAS TRANQUERAS DE CHICAUMA – LAMPA - SANTIAGO','Sin Contacto','c.orozco@amoreedegourmet.cl','+56941874624','2021-10-26 12:44:46.143648','2021-11-24 14:23:22.574890',82,'Contado'),(18,'HORECA','Emporio Tres Almas','Emporio Tres Almas ltda.','76948331-4','Almacen','+56988557823','Metropolitana','Providencia','Pedro de Valdivia 2437, Providencia','Sin Contacto','camilolobosp@gmail.com','+56988557823','2021-10-26 12:44:46.146648','2021-11-24 14:23:22.577626',82,'Contado'),(19,'HORECA','Las Tórtolas','Comercial Las Tórtolas SpA','77368357-3','Compra y ventas Alimentos Envasados','+56991334388','Metropolitana','Puente Alto','nan','Sin Contacto','contacto@tortolitas.cl','+56991334388','2021-10-26 12:44:46.149648','2021-11-24 14:23:22.580856',82,'Contado'),(20,'HORECA','Isidora Montecino','HAY PRODUCTO SPA','77239111-0','VENTA DE ALIMENTOS AL POR MENOR','+56958416548','Metropolitana','Providencia','Av. Manuel Montt 1041, LOCAL 6, PROVIDENCIA','Sin Contacto','contacto@hayproducto.cl','+56958416548','2021-10-26 12:44:46.152649','2021-11-24 14:23:22.584156',82,'Contado'),(21,'Persona Natural','Juan Carlos Flores','','','','+56949807021',NULL,'Atacama','Cerro El Cóndor 112, Local E Segundo Piso, Quilicura','Sin Contacto','juanalexander.flores@gmail.com','+56949807021','2021-10-26 12:44:46.155648','2021-11-24 14:23:22.586951',82,'Contado'),(22,'HORECA','Toldo Verde','Toldo Verde Spa','77284511-1','','+56978981871','Metropolitana','Vitacura','Vitacura 5360, Vitacura','Sin Contacto','contacto@toldoverde.cl','+56978981871','2021-10-26 12:44:46.158648','2021-11-24 14:23:22.589365',82,'Contado'),(23,'HORECA','BeNat','Benat Alimentos spa','77203096-7','','+56982308764','Metropolitana','Providencia','Tobalaba 1445, Providencia','Sin Contacto','benatchile@gmail.com','+56982308764','2021-10-26 12:44:46.161649','2021-11-24 14:23:22.591919',82,'Contado'),(24,'Persona Natural','Javiera Santa María','Javiera Santa María Menanteau','15313179-1','','+56964967625','Metropolitana','Vitacura','Corte de apelaciones 1071 depto 1203, Vitacura','Sin Contacto','jsantamaria@bancoedwards.cl','+56964967625','2021-10-26 12:44:46.164648','2021-11-24 14:23:22.595140',82,'Contado'),(25,'HORECA','Alquimiabrands','Importadora Pascuzar Spa','77337691-3','Comercializadora de alimentos','+56956476973','Metropolitana','Las Condes','Cardenal Newman 1510, Las Condes','Sin Contacto','contacto@alquimiabrands.cl','+56956476973','2021-10-26 12:44:46.167648','2021-11-24 14:23:22.598539',82,'Contado'),(26,'HORECA','Makarena Guerrero','Comercializadora María Edith Barraza Miranda EIRL','77390213-5','Almacen','+56997026167','Metropolitana','Colina','nan','Sin Contacto','emporio.veintiocho@gmail.com','+56997026167','2021-10-26 12:44:46.170648','2021-11-24 14:23:22.601808',82,'Contado'),(27,'HORECA','Alquimiabrands Encomenderos','Alquimiabrands Spa','77337691-3','Comercializadora de alimentos','+56956476973','Metropolitana','Las Condes','Encomenderos 161, Las Condes','Sin Contacto','contacto@alquimiabrands.cl','+56956476973','2021-10-26 12:44:46.174648','2021-11-24 14:23:22.605188',82,'Contado'),(28,'HORECA','Vique Quesos','Vique Spa','77041472-5','','+56974983177','Metropolitana','Vitacura','Av Vitacura 2902 dpto 201, las condes','Sin Contacto','salud@vique.cl','+56974983177','2021-10-26 12:44:46.177647','2021-11-24 14:23:22.607884',82,'Contado'),(29,'HORECA','Javiera Rivas','Inversiones jprr spa.','77314372-2','','+56997139684','Metropolitana','Las Condes','Avenida Apoquindo 7188, Las Condes','Sin Contacto','jengibremercado@gmail.com','+56997139684','2021-10-26 12:44:46.180263','2021-11-24 14:23:22.610643',82,'Contado'),(30,'HORECA','Andrea Burgos','Victor Hernández EIRL','77329401-1','','+56934501714','Metropolitana','Puente Alto','Juan de Dios Malebran 3744 casa 45 Puente Alto','Sin Contacto','andrea.burgosg@hotmail.com','+56934501714','2021-10-26 12:44:46.183263','2021-11-24 14:23:22.613356',82,'Contado'),(31,'HORECA','Patricia Ibarbe','Mercado Urbano spa','76853331-8','','','Coquimbo','La Serena','Claudio Arrau 7000 Pudahuel ','Sin Contacto','patriciaibarbe6@gmail.com','','2021-10-26 12:44:46.187265','2021-11-24 14:23:22.615794',82,'Contado'),(32,'HORECA','Da Trento','DA TRENTO GASTRONOMIA LIMITADA','77328546-2','VENTA AL POR MENOR DE ALIMENTOS EN COMERCIOS ESPECIALIZADOS','+56991282966','Metropolitana','Vitacura','Vitacura 7138 LC 5, Vitacura','Sin Contacto','datrento21@gmail.com','+56991282966','2021-10-26 12:44:46.190263','2021-11-24 14:23:22.618028',82,'Contado'),(33,'Persona Natural','','','','','',NULL,'','','Sin Contacto','','','2021-10-26 12:44:46.193263','2021-10-26 12:44:46.193263',NULL,''),(34,'HORECA','Comercializadora FJY','Comercializadora FJY spa','77326572-0','','+56938918213','Metropolitana','Santiago','nan','Sin Contacto','','+56938918213','2021-10-26 12:44:46.197264','2021-11-24 14:23:22.624655',82,'Contado'),(35,'HORECA','Trinidad Sotomayor','Trinidad Sotomayor','16018439-6','Ventas al por menor por correo, internet','+56990742793','Los Lagos','Puerto Varas','Starken','Sin Contacto','love.inbox.pedidos@gmail.com','+56990742793','2021-10-26 12:44:46.200262','2021-11-24 14:23:22.628408',82,'Contado'),(36,'HORECA','Rodolfo Perez','IMPORTADORA Y COMERCIALIZADORA PROWESS SPA','77033781-K','','+56953956608',NULL,'','Av. Zañartu 2203, dpto903, Ñuñoa. ','Sin Contacto','rodolfo@prowess.cl','+56953956608','2021-10-26 12:44:46.203263','2021-11-24 14:23:22.630703',82,'Contado'),(37,'HORECA','Finomarket','Finomarket limitada','77162022-1','Venta al por menor y mayor alimentos almacenes y minimarket ','+56940975584','Metropolitana','La Reina','Monseñor Edwards 1182, local B La Reina. ','Sin Contacto','Finomarket26@gmail.com','+56940975584','2021-10-26 12:44:46.206264','2021-11-24 14:23:22.633045',82,'Contado'),(38,'HORECA','Emporio Valdiviano','Emporio Valdiviano SPA','76941166-6','Ventas al por menos por correo, internet','+56971727579','Metropolitana','Conchalí','San Fernando 1477 depto 55 Torres 5, Conchalí','Sin Contacto','contacto@elempororiovaldiviano.cl','+56971727579','2021-10-26 12:44:46.210262','2021-11-24 14:23:22.635235',82,'Contado'),(39,'HORECA','Vélo Panes','Velo panes y pasteles spa ','76752524-9','Panadería pastelería ','+56966550160','Metropolitana','Ñuñoa','General José Artigas 3001 Local 4, Ñuñoa','Sin Contacto','velo.panesypasteles@gmail.com','+56966550160','2021-10-26 12:44:46.213262','2021-11-24 14:23:22.637474',82,'Contado'),(40,'HORECA','Valtrade','Valtrade Retail SpA ','76899884-1','','+56979053335','Metropolitana','Santiago','Salvador Sanfuentes 2494, Santiago','Sin Contacto','lourival.vieira@valtrade.cl','+56979053335','2021-10-26 12:44:46.216264','2021-11-24 14:23:22.639445',82,'Contado'),(41,'HORECA','Antología del Sur','Antología del Sur SpA','77263378-5','VENTA AL POR MENOR POR CORREO, POR INTERNET Y VIA TELEFONICA','+56981576412','Los Lagos','Puerto Montt','Starken','Sin Contacto','sandra@antologiadelsur.cl','+56981576412','2021-10-26 12:44:46.220263','2021-11-24 14:23:22.641649',82,'Contado'),(42,'HORECA','Natalia Rosales','Sociedad de Inversiones Bimar Spa','77086135-7','Minimarket','+56954171764','Metropolitana','Huechuraba','Av. Pedro Fontova 6277 local 9, Huechuraba','Sin Contacto','sociedadbimar@gmail.com','+56954171764','2021-10-26 12:44:46.223263','2021-11-24 14:23:22.643738',82,'Contado'),(43,'HORECA','Cukap','CUKAP SPA','77290531-9','SUMINISTRO INDUSTRIAL DE COMIDAS POR ENCARGO, CONCESION DE SERVICIOS DE ALIMENTACION.','+56998188081','Metropolitana','Providencia','José maría Escrivá de Balaguer 12351, Lo Barnechea,','Sin Contacto','domi@cukap.cl','+56998188081','2021-10-26 12:44:46.226264','2021-11-24 14:23:22.646045',82,'Contado'),(44,'HORECA','Santa Margarita','INVERSIONES SANTA MARGARITA SPA','77106637-2','','+56940271217','Metropolitana','Huechuraba','Pedro Fontova 7280, local 135, Huechuraba','Sin Contacto','tiendahuechuraba@santamargaritaspa.cl','+56940271217','2021-10-26 12:44:46.230263','2021-11-24 14:23:22.652635',82,'Contado'),(45,'HORECA','La Bodega','Importadora ZGourmet Spa','77214042-8','Comercializadora de Alimentos','+56985956010','Metropolitana','Vitacura','Luis Pasteur 6340, local 4 Vitacura','Sin Contacto','anita@labodegadelivery.cl','+56985956010','2021-10-26 12:44:46.233263','2021-11-24 14:23:22.657241',82,'Contado'),(46,'HORECA','Salamanca','Salamanca','17620356-0','','+56993460321',NULL,'','retira','Sin Contacto','luisfigueroa.f@icloud.com','+56993460321','2021-10-26 12:44:46.236263','2021-11-24 14:23:22.661060',82,'Contado'),(47,'HORECA','Cynthya Gatica','Distribuidora Osos SPA','77326638-7','Distribuidora','+56933268091','Metropolitana','El Bosque','Ochagavia #10024 - 654, El Bosque ','Sin Contacto','','+56933268091','2021-10-26 12:44:46.239263','2021-11-24 14:23:22.667674',82,'Contado'),(48,'HORECA','Alto Patagonia','Alto Patagonia Spa','77284444-1','Venta al por menor de alimentos en comercios especializados ','+56973823354','Metropolitana','Providencia','Pucará 3667, Providencia','Sin Contacto','kmartinez@altopatagonia.cl','+56973823354','2021-10-26 12:44:46.243262','2021-11-24 14:23:22.670276',82,'Contado'),(49,'HORECA','Jaime Sagredo','Alimentos sandra del carmen toro villegas EIRL','76343833-3','Pasteleria','+56997780083','Metropolitana','Pudahuel','Avenida del canal 20124, Pudahuel','Sin Contacto','jaimoto2002@gmail.com','+56997780083','2021-10-26 12:44:46.246262','2021-11-24 14:23:22.677326',82,'Contado'),(50,'HORECA','Matías Cortez','Espacio Gastronómico Spa','76087430-2','Eventos','+56954071907','Metropolitana','Renca','Anibal Zañartu 2634, Renca.','Sin Contacto','mcortez@espaciogastronomico.cl','+56954071907','2021-10-26 12:44:46.249264','2021-11-24 14:23:22.680018',82,'Contado'),(51,'HORECA','Carnes Oteiza','Comercial Nuestros Hijos SpA','77147982-0','Venta de carne y productos congelados','+56991951499','Metropolitana','Puente Alto','Juan Planas 5745 San Joaquín','Sin Contacto','carnesoteiza@gmail.com','+56991951499','2021-10-26 12:44:46.252263','2021-11-24 14:23:22.689261',82,'Contado'),(52,'HORECA','Batard','Gattas y asociados Ltda','76451659-1','Panadería','+56976488244',NULL,'Nuñoa','Av. Ossa 1682','Sin Contacto','matias@batard.cl','+56976488244','2021-10-26 12:44:46.256262','2021-11-24 14:23:22.691794',82,'Credito 15 dias'),(53,'HORECA','Elizabeth Mockridge','Inversiones Petrarque SA','76787552-5','','+56976205976','Valparaiso','San Felipe','Av. Yungay 232','Sin Contacto','mockridgew@gmail.com','+56976205976','2021-10-26 12:44:46.259263','2021-11-24 14:23:22.694152',82,'Contado'),(54,'HORECA','Rafael Lara','Distribuidora y Comercializadora de Alimentos y Licores Club Gourmet SpA','77186946-7','Venta al por menor de Alimentos en Comercios Especializados','+56997792270','Metropolitana','Vitacura','Las Hualtatas 8842, Vitacura','Sin Contacto','rafael@clubgourmet.cl','+56997792270','2021-10-26 12:44:46.262262','2021-11-24 14:23:22.701424',82,'Contado'),(55,'HORECA','Jad Alarja','Elaboradora de Alimentos Jad Alarja Alarja EIRL','77185749-3','','+56998727780','Metropolitana','Lo Barnechea','Paseo de Alcalá 11631','Sin Contacto','Jad.Alarja@gmail.com','+56998727780','2021-10-26 12:44:46.265262','2021-11-24 14:23:22.704045',82,'Contado'),(56,'HORECA','Mister Ham','Mister Ham','76906133-9','','',NULL,'Nuñoa','Av Irarrazaval 4971 Local 5A, Nuñoa','Sin Contacto','misterham.cl@gmail.com','','2021-10-26 12:44:46.267264','2021-11-24 14:23:22.713517',82,'Contado'),(57,'HORECA','Camila Lazzaro','Ecco Asesoría Marketing y Comunicaciones Spa','77956110-0','','+56976698443','Metropolitana','Providencia','Vasco de Gama 4774, Depto. 41, Las Condes','Sin Contacto','calazzaro@eccochile.cl','+56976698443','2021-10-26 12:44:46.270262','2021-11-24 14:23:22.716391',82,'Contado'),(58,'HORECA','Emporio Macarena','Bonuss SPA','77157677-K','venta al por menor de alimentos','+56956283817','Metropolitana','Lo Barnechea','Camino Los Trapenses 2997, local 6 Lo Barnechea','Sin Contacto','ventas@emporiomacarena.cl','+56956283817','2021-10-26 12:44:46.273263','2021-11-24 14:23:22.725709',82,'Contado'),(59,'HORECA','Viejo Olivo','Sociedad Comercial Viejo Olivo Ltda','76856238-5','','+56984576253','Metropolitana','Pudahuel','Pasaje Alaska 916, Pudahuel','Sin Contacto','publikdo.chile@gmail.com','+56984576253','2021-10-26 12:44:46.276262','2021-11-24 14:23:22.736094',82,'Contado'),(60,'HORECA','Marcelo Mena','Comercializadora Marcelo Andres Mena Valdebenito EIRL','77176319-7','','+56974382770',NULL,'Nuñoa','Simón Bolívar 2641 dpto 003, edificio Delma. Ñuñoa. ','Sin Contacto','menamarcelo@live.com','+56974382770','2021-10-26 12:44:46.279263','2021-11-24 14:23:22.739082',82,'Contado'),(61,'HORECA','Vegans','COMERCIALIZADORA VICTOR PIZAARO FUENTES E.I.R.L','76786031-5','Venta de productos Naturales ','+56978834898','Coquimbo','Ovalle','Porto Seguro 4395, bodega 4, Quinta Normal.','Sin Contacto','','+56978834898','2021-10-26 12:44:46.282263','2021-11-24 14:23:22.745456',82,'Contado'),(62,'HORECA','Sebastián Olea','Del Tambo Gourmet Sebastian Andres Olea Aravena E.I.R.L','77299773-6','venta online de productos Gourmet ','+56991290049','Metropolitana','Lo Barnechea','Los Cactus 6828. Dpto 305, lo Barnechea ','Sin Contacto','sebastian@deltambo.cl','+56991290049','2021-10-26 12:44:46.286263','2021-11-24 14:23:22.748184',82,'Contado'),(63,'HORECA','Katherine Silva','Comercial e inversiones VS','77255542-3','comercializadora','+56961555458','Valparaiso','Casablanca','Matucana 309','Sin Contacto','katherinesilvae@gmail.com','+56961555458','2021-10-26 12:44:46.289263','2021-11-24 14:23:22.757538',82,'Contado'),(64,'HORECA','Andrea Carmona','VINOTECA ITALIA SPA','77109995-5','','+56968997197','Metropolitana','Ñuñoa','AV. CONDELL 1575, LOCAL 1, ÑUÑOA','Sin Contacto','contacto@vinotecaitalia.cl','+56968997197','2021-10-26 12:44:46.292262','2021-11-24 14:23:22.760458',82,'Contado'),(65,'HORECA','Ita Queques','AMAVI CONSULTORES SPA','76096359-3','elaboración pasteleria','+56982392202','Metropolitana','Vitacura','San jose maria escriva de Balaguer 9411 D Vitacura','Sin Contacto','Cr.amavi@gmail.com','+56982392202','2021-10-26 12:44:46.295262','2021-11-24 14:23:22.767969',82,'Contado'),(66,'HORECA','Mi Rustica','Mi rustica spa','76986062-2','Panaderia cafereteria','+56999941264','Coquimbo','Los Vilos','Av. Manuel Montt 111 dpto 1104 Providencia','Sin Contacto','mirustica@gmail.com','+56999941264','2021-10-26 12:44:46.298262','2021-11-24 14:23:22.770444',82,'Contado'),(67,'HORECA','Martin Aguayo','Distribuidora y Comercializadora de Alimentos Hualle Meat SpA','77166682-5','Distribución y Comercialización de Productos Cárnicos y Subproductos','+56982805658','OHiggins','Requínoa','Av. Comercio 199','Sin Contacto','maguayo@huallemeat.cl','+56982805658','2021-10-26 12:44:46.301263','2021-11-24 14:23:22.777428',82,'Contado'),(68,'HORECA','María Muñoz','Gastronomica sushi fu spa','76339185-K','Restaurante','+56998845302','Metropolitana','Las Condes','Apoquindo 4445 LOCAL 1, Las Condes','Sin Contacto','maria.munso@gmail.com','+56998845302','2021-10-26 12:44:46.304262','2021-11-24 14:23:22.779910',82,'Credito 30 dias'),(69,'HORECA','Los Torreones','Sociedad Comercial Los Torreones de Valdivia SpA','77191195-1','VENTA AL POR MENOR EN COMERCIOS DE ALIMENTOS, BEBIDAS O TABACO','+56930764401','Metropolitana','Buin','Balmaceda 293','Sin Contacto','mauriciobringas@gmail.com','+56930764401','2021-10-26 12:44:46.307264','2021-11-24 14:23:22.789648',82,'Contado'),(70,'HORECA','Eduardo Olivos','Vegan and Natural Products Chile Spa','77143934-9','','+56920304452','Metropolitana','Ñuñoa','Avda Lyon 2856, Ñuñoa, Santiago.','Sin Contacto','Ventas@meatorfish.cl','+56920304452','2021-10-26 12:44:46.310263','2021-11-24 14:23:22.792082',82,'Contado'),(71,'HORECA','Magnolia Emporio','René Pizarro Bruzzone','9940042-0','','',NULL,'Nuñoa','Los Magnolios 6945 - Peñalolén','Sin Contacto','contacto@magnoliaemporiogourmet.cl','','2021-10-26 12:44:46.313263','2021-11-24 14:23:22.801514',82,'Contado'),(72,'HORECA','Joaquín Poch','Joaquin Poch Weisser','76591838-3','VENTAS AL POR MENOR DE OTROS PRODUCTOS EN ALMACENES ESPECIALIZADOS N.C (523999)','+56991390903','Biobío','Concepción','Av. Ventisquero 1260, Renca. MegaFrio anden 09 al 11. ','Sin Contacto','joaquinpoch@iceclub.cl','+56991390903','2021-10-26 12:44:46.316262','2021-11-24 14:23:22.804384',82,'Contado'),(73,'HORECA','Emporio El Oasis','Jaime Soto Cavieres','9563037-5','Almacén y Minimarket','+56994952592','Metropolitana','El Bosque','Padre Hurtado 9849, El Bosque','Sin Contacto','emporioeloasis@gmail.com','+56994952592','2021-10-26 12:44:46.319262','2021-11-24 14:23:22.813784',82,'Contado'),(74,'HORECA','Pablo Villalobos','Sociedad Comercializadora Distribuidora y Transportes VYN','76164347-9','venta al por menor','+56999127869','Metropolitana','Providencia','Santa Isabel 0125. Providencia','Sin Contacto','paanvina@gmail.com','+56999127869','2021-10-26 12:44:46.322262','2021-11-24 14:23:22.817027',82,'Contado'),(75,'HORECA','Casa Bagual','Casa Bagual Spa','76449502-0','Restaurant','+56976692355',NULL,'Puerto Williams','Sepúlveda leyton 3128, Santiago Centro','Sin Contacto','franciscalbornozn@gmail.com','+56976692355','2021-10-26 12:44:46.325262','2021-11-24 14:23:22.822575',82,'Contado'),(76,'HORECA','Alfa Mercato','Fish Market Rene Pavez EIRL','77123701-0','Platos preparados que requieren cocción','+56996134113',NULL,'Concon ','Av. Vergara 141','Sin Contacto','ventas@alfamercato.cl','+56996134113','2021-10-26 12:44:46.328260','2021-11-24 14:23:22.829231',82,'Contado'),(77,'HORECA','Aymara Alvea','Dauvin lapislazuli Shop Ltda','76752834-5','VENTA AL POR MENOR DE ALIMENTOS EN COMERCIOS ESPECIALIZADOS','','Metropolitana','Providencia','Llewellyn Jones 1140, Providencia, Santiago','Sin Contacto','pedidos@granjapatagonia.cl','','2021-10-26 12:44:46.331262','2021-11-24 14:23:22.836178',82,'Contado'),(78,'HORECA','Maritsa Lagos','La Merendera','10388028-9','Comercio al por menor','+56996459621','Metropolitana','Providencia','Pocuro 2624 depto 503 ','Sin Contacto','Contacto.lamerendera@gmail.cl','+56996459621','2021-10-26 12:44:46.334262','2021-11-24 14:23:22.839618',82,'Contado'),(79,'HORECA','Tavelli','Tavelli','','','',NULL,'','Av. Las Condes 7089','Sin Contacto','jselman@tavelli.cl','','2021-10-26 12:44:46.337262','2021-11-24 14:23:22.845467',82,'Contado'),(80,'HORECA','Magenta Estudio','Magenta estudio publicidad Ltda','76956095-5','Diseño gráfico, marketing, publicidad y servicios conexos','+56232507761','Metropolitana','San Miguel','Gabriela Mistral 5196, San Miguel','Sin Contacto','contacto@magentaestudio.cl','+56232507761','2021-10-26 12:44:46.340262','2021-11-24 14:23:22.848543',82,'Contado'),(81,'HORECA','Beatriz Gomez','Beatriz Gomez','17425898-8','','+56930224100','Metropolitana','Estación Central','Conferencia 1552 Estación Central','Sin Contacto','beiscrisma@gmail.com','+56930224100','2021-10-26 12:44:46.343262','2021-11-24 14:23:22.857650',82,'Contado'),(82,'HORECA','Green Conexion','G Conexion SpA','77118395-6','','+56936339475',NULL,'Nuñoa','Av. Irarrazaval 3761 Local 3 esquina Los Talaveras.','Sin Contacto','flavio@greenconexion.cl','+56936339475','2021-10-26 12:44:46.346263','2021-11-24 14:23:22.860667',82,'Credito 30 dias'),(83,'HORECA','Maxidespensa','Distribuidora La Despensa LTDA.','76984834-7','','',NULL,'','Por confirmar direccion entrega','Sin Contacto','pedido.maxidespensa@gmail.com','','2021-10-26 12:44:46.349262','2021-11-24 14:23:22.868212',82,'Contado'),(84,'HORECA','Almazan','Almazan','76497391-7','Empresa de servicios de alimentacion limitada','','Metropolitana','Providencia','Jose manuel cousiño 1835','Sin Contacto','almazan.gourmet@gmail.com','','2021-10-26 12:44:46.353262','2021-11-24 14:23:22.871454',69,'Contado'),(85,'HORECA','Grin Catering','Servicios Isidora Henriquez Gana Spa','76889438-8','Suministro de alimentos por encargo','+56988891269','Metropolitana','Vitacura','Espoz 5899, Vitacura','Sin Contacto','Hola@grincatering.cl','+56988891269','2021-10-26 12:44:46.356261','2021-11-24 14:23:22.877435',82,'Contado'),(86,'HORECA','Benjamin Toro','Comercial B&T Limitada','76771863-2','Distribuidora','+56994351295','Metropolitana','Las Condes','Renato Sanchez 3779, Las Condes','Sin Contacto','btdecaso@gmail.com','+56994351295','2021-10-26 12:44:46.359262','2021-11-24 14:23:22.880227',82,'Contado'),(87,'Persona Natural','Cayetana Reyes','','15790712-3','','',NULL,'','Los pensamientos 1480 Villa El fuerzo, Isla de Maipo','Sin Contacto','milyreyes_28@hotmail.es','','2021-10-26 12:44:46.362262','2021-11-24 14:23:22.889639',82,'Contado'),(88,'HORECA','Chucaos SpA','Chucaos SpA','77170422-0','','+56992255867','Metropolitana','Providencia','Alejandro Valdés 2517 depto 26, PROVIDENCIA','Sin Contacto','daniela@chucaochile.cl','+56992255867','2021-10-26 12:44:46.365262','2021-11-24 14:23:22.892484',82,'Contado'),(89,'HORECA','Andres Gallardo','Andres Gallardo','77020715-0','comercializadora de articulos y productos gourmet ','',NULL,'','retira','Sin Contacto','','','2021-10-26 12:44:46.368261','2021-11-24 14:23:22.896038',28,'Contado'),(90,'HORECA','Angeles Alamos','Angeles Alamos','76978931-6','servicios y banqueteria','+56981585564','Metropolitana','Lo Barnechea','av jose alcalde delano 10682, local 22','Sin Contacto','alamosbernardita@gmail.com','+56981585564','2021-10-26 12:44:46.370790','2021-11-24 14:23:22.900792',28,'Contado'),(91,'HORECA','Victor Dueñas','Sweet Breakfast Spa','77183077-3','','+56965902617',NULL,'Peñalolen','Alvaro Casanova 355- casa 28A','Contado','sweetbreakfastcl@gmail.com','+56965902617','2021-10-26 12:44:46.373790','2021-11-24 14:23:22.908293',82,'Contado'),(92,'HORECA','Diper','Diper','76633699-k','','+56982282214','Metropolitana','Conchalí','BIDASOA 1331 ','Sin Contacto','jorgepolanco@diper.cl','+56982282214','2021-10-26 12:44:46.376791','2021-11-24 14:23:22.911568',44,'Contado'),(93,'HORECA','Angie Villegas','Angie Villegas','24353176-4','','+56982922576','Metropolitana','Ñuñoa','Maximo Jeria 455, dpto 403','Sin Contacto','villegasdiaz.a@gmail.com','+56982922576','2021-10-26 12:44:46.379790','2021-11-24 14:23:22.919927',44,'Contado'),(94,'HORECA','Arbea','Arbea','77018736-2','','','OHiggins','San Fernando','Valdivia 528','Sin Contacto','darbeac@hotmail.com','','2021-10-26 12:44:46.382790','2021-11-24 14:23:22.923771',27,'Contado'),(95,'HORECA','Harina Pan','Harina Pan Artesanal SpA','77039094-K','Elaboración y Venta de Panes Artesanales y Productos Relacionado','+56946383325','Metropolitana','Vitacura','Manquehue Norte 1788,Vitacura','Bruna Kshesek','contacto@harinapanartesanal.cl','+56946383325','2021-10-26 12:44:46.385790','2021-11-24 14:23:22.930121',82,'Credito 15 dias'),(96,'HORECA','AzoteaM','AzoteaM','76319059-5','','','Metropolitana','Providencia','nan','Contado','bodega@azoteamatilde.cl','','2021-10-26 12:44:46.388791','2021-11-24 14:23:22.949348',15,'Contado'),(97,'HORECA','AzoteaM','AzoteaM','','','',NULL,'','nan','Sin Contacto','','','2021-10-26 12:44:46.391790','2021-11-24 14:23:22.944439',15,'Contado'),(98,'HORECA','Begonia','Begonia organicos y sustentables spa','76992843-K','Venta de productos organicos, sustentables y otros','','Metropolitana','La Cisterna','Capricornio 8916','Sin Contacto','begonia.saludable@gmail.com','','2021-10-26 12:44:46.394791','2021-11-24 14:23:22.956341',50,'Contado'),(99,'HORECA','Bema','Matias','','','',NULL,'','nan','Sin Contacto','bema.emporio@gmail.com','','2021-10-26 12:44:46.397790','2021-11-24 14:23:22.959196',28,'Contado'),(100,'HORECA','Maximiliano Jarpa','Maximiliano Jarpa Díaz Alimentos E.I.R.L','77228726-7','Venta de alimentos','+56992516484','Metropolitana','Vitacura','Lo Arcaya 1845,Vitacura','Sin Contacto','max.jarpad@gmail.com','+56992516484','2021-10-26 12:44:46.400790','2021-11-24 14:23:22.965542',82,'Contado'),(101,'HORECA','Bernardita','Bernardita','11624915-4','','','Metropolitana','Buin','nan','Sin Contacto','','','2021-10-26 12:44:46.403791','2021-11-24 14:23:22.968724',28,'Contado'),(102,'HORECA','Better Food','Better Food','76307414-5','','','Metropolitana','Quilicura','Americo Vespucio 1710','Sin Contacto','compras@betterfood.cl','','2021-10-26 12:44:46.406789','2021-11-24 14:23:22.972073',32,'Contado'),(103,'HORECA','Beatriz Castro','ARTICULOS PUBLICITARIOS LW LIMITADA','77415130-3','','+56978278177','Metropolitana','Colina','nan','Sin Contacto','innovacion@administracionpublicitarios.cl','+56978278177','2021-10-26 12:44:46.409790','2021-11-24 14:23:22.979349',NULL,'Contado'),(104,'HORECA','Boris','Boris','','','',NULL,'','nan','Sin Contacto','','','2021-10-26 12:44:46.412790','2021-11-24 14:23:22.985630',45,'Contado'),(105,'HORECA','Buen Tiempo','Buen Tiempo','77164868-1','','','Los Lagos','Castro','esmeralda 247','Sin Contacto','jaimelanderer@gmail.com','','2021-10-26 12:44:46.415791','2021-11-24 14:23:22.989877',44,'Contado'),(106,'HORECA','Buba Gourmet','Buba Gourmet','76404785-0','comercializadora javier buzeta bianco','+56986697815','Metropolitana','Providencia','FLANDES 1806','contacto@buda.cl','contacto@buba.cl','+56986697815','2021-10-26 12:44:46.418791','2021-11-24 14:23:22.993019',79,'Contado'),(107,'HORECA','Cac Asociados/kiwichile','Cac Asociados','77125691-0','Distribucion y elaboracion de productos alimenticios','+providencia',NULL,'','Crisantemos 1010, Ofic 52','Sin Contacto','','+providencia','2021-10-26 12:44:46.421791','2021-11-24 14:23:22.995796',50,'Contado'),(108,'HORECA','LOM Balmoral','LOM SpA','77191039-4','Venta al por menor de alimentos en comercios especializados','+56990890970','Metropolitana','Las Condes','Balmoral 309, Local 217, Las Condes, Santiago.','Sin Contacto','hector.hernandez1409@gmail.com','+56990890970','2021-10-26 12:44:46.424791','2021-11-24 14:23:22.998641',82,'Credito 15 dias'),(109,'HORECA','LOM Mackenna','LOM SpA','77191039-4','Venta al por menor de alimentos en comercios especializados','+56990890970','Metropolitana','Las Condes','Vicuña Mackenna Poniente 6690 Local 30, La Florida\n','Sin Contacto','hector.hernandez1409@gmail.com','+56990890970','2021-10-26 12:44:46.427792','2021-11-24 14:23:23.003066',82,'Credito 15 dias'),(110,'HORECA','LOM Irarrázaval','LOM SpA','77191039-4','Venta al por menor de alimentos en comercios especializados','+56990890970','Metropolitana','Las Condes','Irarrázaval 200, local 107. Ñuñoa','Sin Contacto','hector.hernandez1409@gmail.com','+56990890970','2021-10-26 12:44:46.430790','2021-11-24 14:23:23.005800',82,'Credito 15 dias'),(111,'HORECA','Cafe Las Lilas','','76994217-3','','','Metropolitana','Providencia','carlos silva vildosola 1310','Sin Contacto','administracion@cafelaslilas.cl','','2021-10-26 12:44:46.433850','2021-11-24 14:23:23.009413',81,'Contado'),(112,'HORECA','Cafe San Juan','Cafe San Juan','76545555-3','','',NULL,'','francisco bilbao 769','Sin Contacto','mjofre@cafesanjuansantiago.cl','','2021-10-26 12:44:46.436851','2021-11-24 14:23:23.011892',28,'Contado'),(113,'HORECA','Caleuche','Comercial Caleuche SPA','76874652-4','Santiago','+56981573876','Metropolitana','Ñuñoa','Amapolas 5369, ñuñoa, Santiago','Sin Contacto','caleuche2018@gmail.com','+56981573876','2021-10-26 12:44:46.439851','2021-11-24 14:23:23.014714',44,'Contado'),(114,'HORECA','Carlos Arestizabal','Carlos Areztizabal','15028335-3','Otras actividades de servicios personales','','Metropolitana','Vitacura','Fernando de Arguello 8707 306','Sin Contacto','','','2021-10-26 12:44:46.442850','2021-11-24 14:23:23.017709',70,'Contado'),(115,'HORECA','Cavas Pasteur','Cavas Pasteur','76452499-3','','','Metropolitana','Vitacura','Luis Pasteur 6587. local 7','Sin Contacto','comprascavaycia@gmail.com','','2021-10-26 12:44:46.445851','2021-11-24 14:23:23.021349',39,'Credito 30 dias'),(116,'HORECA','Centro de Convenciones Santiago S.A','Centro de Convenciones Santiago S.A','96946650-3','Centro de Convenciones Santiago S.A','','Metropolitana','Huechuraba','Av. El Salto 5000','Sin Contacto','','','2021-10-26 12:44:46.448851','2021-11-24 14:23:23.024696',NULL,'Contado'),(117,'HORECA','Claudia Ruiz','Emporio Julieta SPA','77210655-6','','+56998271635',NULL,'Peñalolen','Álvaro Casanova 355 casa 7b, Peñalolen','Sin Contacto','emporiojulieta0@gmail.com','+56998271635','2021-10-26 12:44:46.451851','2021-11-24 14:23:23.027584',82,'Contado'),(118,'HORECA','Clementina/KRAMER','Clementina/Kramer y asociados','76871700-1','76871700-1','','Metropolitana','Vitacura','Hernan Cortes 2233, Ñuñoa','Sin Contacto','allison@laclementina.cl','','2021-10-26 12:44:46.454851','2021-11-24 14:23:23.031428',19,'Contado'),(119,'HORECA','Club Entremes','Kapital Required Ill Krill Inn Spa','76514948-7','Suministro de comidas por encargo','','Metropolitana','Las Condes','Luz 2989','Sin Contacto','contacto@clubentremes.com','','2021-10-26 12:44:46.457851','2021-11-24 14:23:23.034907',28,'Contado'),(120,'HORECA','Contuti','Contuti','77166698-1','Contuti Spa','','Metropolitana','Las Condes','Los militares 6704','Sin Contacto','tomas@contutichile.cl','','2021-10-26 12:44:46.460851','2021-11-24 14:23:23.038515',NULL,'Contado'),(121,'HORECA','La Martina','Gastronomica La Martina ltda.','76315197-2','Prod de eventos y publicidad.','+56956478230','Metropolitana','Ñuñoa','Marchant Pereira 3030, Ñuñoa','Sin Contacto','natalia@javiermartinez.cl','+56956478230','2021-10-26 12:44:46.464851','2021-11-24 14:23:23.041894',82,'Contado'),(122,'HORECA','Emporio Sureño','Emporio Sureño','77177488-1','Comercializadora','+56953868576','Metropolitana','Santiago','Av. Chicureo 3100 Local 5A, Colina','Jaqueline Sazo','mjsazo@hotmail.com','+56953868576','2021-10-26 12:44:46.467851','2021-11-24 14:23:23.049820',82,'Contado'),(123,'HORECA','Tomas Rajcevich Amapolas','Comercial puelo libre ltda','76763847-7','Minimarket','+56991284311','Metropolitana','Las Condes','Amapolas 1282, providencia','Sin Contacto','tomas@gangas.cl','+56991284311','2021-10-26 12:44:46.470850','2021-11-24 14:23:23.053359',82,'Credito 15 dias'),(124,'HORECA','Tomas Rajcevich Napoleon','Comercial puelo libre ltda','76763847-7','Minimarket','+56991284311','Metropolitana','Las Condes','Napoleón 3140, las condes','Sin Contacto','tomas@gangas.cl','+56991284311','2021-10-26 12:44:46.473851','2021-11-24 14:23:23.056799',82,'Credito 15 dias'),(125,'HORECA','Corteza','Corteza','12958005-4','','',NULL,'','nan','Sin Contacto','cortezapanaderiachiloe@gmail.com','','2021-10-26 12:44:46.476851','2021-11-24 14:23:23.060217',44,'Contado'),(126,'HORECA','Cuatro Uvas Spa','Cuatro Uvas Spa','77188778-3','importacion y exportacion de vino y alimentos gourmet','','Metropolitana','Las Condes','santa rita 683','Sin Contacto','mssgillespie@yahoo.com','','2021-10-26 12:44:46.479851','2021-11-24 14:23:23.063874',44,'Contado'),(127,'HORECA','Coquinaria','Coquinaria','76009466-8','','','Metropolitana','Vitacura','Alonso de cordova 2437','Sin Contacto','gsilva@coquinaria.cl','','2021-10-26 12:44:46.482851','2021-11-24 14:23:23.067426',28,'Contado'),(128,'HORECA','Daniela Acuña','Daniella Paz Acuña Lang','14282630-5','','','Los Ríos','Futrono','Balmaceda 600','Sin Contacto','','','2021-10-26 12:44:46.485850','2021-11-24 14:23:23.070983',58,'Contado'),(129,'HORECA','Donata','Donata','76660100-6','','',NULL,'Recolte','Santa Filomens 139-141','Sin Contacto','gelatilmaestrale@gmail.com','','2021-10-26 12:44:46.488852','2021-11-24 14:23:23.074476',10,'Contado'),(130,'HORECA','Doris/Carlos','Doris Graciela Hernandez','12405916-k','','','Valparaiso','Cabildo','san jose 113','Sin Contacto','','','2021-10-26 12:44:46.491852','2021-11-24 14:23:23.077734',57,'Contado'),(131,'HORECA','Edward Rosiel','Edward Rosiel','17297210-1','','','Los Ríos','Valdivia','Republica 486','Sin Contacto','','','2021-10-26 12:44:46.494851','2021-11-24 14:23:23.081346',41,'Contado'),(132,'HORECA','EL Growler Spa','EL Growler Spa','76369311-2','','','Los Ríos','Valdivia','Saelzer 41 Isla Teja','Sin Contacto','','','2021-10-26 12:44:46.497852','2021-11-24 14:23:23.085179',NULL,'Contado'),(133,'HORECA','El Palton','Comercial Matias araos ','','','',NULL,'','nan','Sin Contacto','','','2021-10-26 12:44:46.499851','2021-11-24 14:23:23.088628',36,'Contado'),(134,'HORECA','El palton vald','Comercial Matias araos ','77058835-9','venta al por mayor de frutas y verduras','','Los Ríos','Valdivia','Carlos anwandter 866','Sin Contacto','matiasaraos.o@gmail.com','','2021-10-26 12:44:46.502851','2021-11-24 14:23:23.095802',77,'Contado'),(135,'HORECA','Emporio Valdivia','Emporio Valdiviano','76941166-6','ventas al por menor por correo, internet y vía telefónica','+71727579','Metropolitana','Conchalí','San Fernando #1477 T5 depto 55, Conchalí','Sin Contacto','contacto@elemporiovaldiviano.cl','+71727579','2021-10-26 12:44:46.505851','2021-11-24 14:23:23.099577',28,'Contado'),(136,'HORECA','Emporio el Huevo','Emporio el Huevo','77322909-0','Comercializadora','+56966842184','Metropolitana','Pirque','Vicuña Mackenna Poniente 6100, dpto 1302','Carlos Lobos','c.loboscaro@gmail.com','+56966842184','2021-10-26 12:44:46.508851','2021-11-24 14:23:23.102911',28,'Contado'),(137,'HORECA','Esmax ','Esmax Red Limitada','79706120-4','venta al pormenor de combustible para automores','','Metropolitana','Las Condes','nan','Sofia Daly','sofia.daly@esmax.cl','','2021-10-26 12:44:46.511851','2021-11-24 14:23:23.106288',28,'Credito 30 dias'),(138,'HORECA','Explora','Explora','96566100-K','Explotación de Centros de Recreación y Turismo','+3952000','Metropolitana','Las Condes','Américo Vespucio Sur 80. piso 5','Rodrigo Gallardo 3952524/ Claudia Gazon 7743034 Laurent Pascualeto','rgallardo@explora.com','+3952000','2021-10-26 12:44:46.514851','2021-11-24 14:23:23.109427',2,'Credito 30 dias'),(139,'HORECA','Fabal Frio','Fabal Frio','96831150-6','','','Metropolitana','Independencia','Capitan Bynon 1159','Felipe Gonzalez','fgonzalez@fruzco.cl','','2021-10-26 12:44:46.517852','2021-11-24 14:23:23.113159',44,'Contado'),(140,'HORECA','Fischcarraldo Spa','EMPRESA COMERCIAL, GASTRONOMICA Y DE TURISMO\nFISHCARRALDO SPA\n','76801823-5','','',NULL,'','camino valvidivia a niebla km8','Sin Contacto','','','2021-10-26 12:44:46.520851','2021-11-24 14:23:23.116792',62,'Contado'),(141,'HORECA','Fogonazo Gourmet','Fogonazo SPA','77026443-k','distribucion y comercializacion de productos naturales, alimentos y carbon','+56961206003','Metropolitana','Lo Barnechea','Av. Valle del Monasterio 2588 depto 302-A','Maria Jose Guerrero','mariajose.guerrero1@gmial.com','+56961206003','2021-10-26 12:44:46.523851','2021-11-24 14:23:23.122913',50,'Credito 30 dias'),(142,'HORECA','Fran Albornoz','Fran Albornoz','77081399-9','productora gastronomica & food stylist','+56973996508','Metropolitana','Providencia','triana 861','Sin Contacto','cocinemos@franalbornoz.cl','+56973996508','2021-10-26 12:44:46.526850','2021-11-24 14:23:23.128286',28,'Contado'),(143,'HORECA','Fresh and co','Fresh Spa','77075081-4','Compray venta ña `pr menor','','Metropolitana','Santiago','Alianza 1721, Vitacura','Sin Contacto','luuk@enviu.org','','2021-10-26 12:44:46.529851','2021-11-24 14:23:23.131496',44,'Contado'),(144,'HORECA','Gracia y Tapa','Gracia y Tapa','76549992-5','','','Metropolitana','Providencia','Isidora Goyenechea 3000 LS106 A','Sin Contacto','bodega@graciatapasybar.cl','','2021-10-26 12:44:46.532851','2021-11-24 14:23:23.135994',22,'Contado'),(145,'Persona Natural','Groupon','','','','',NULL,'','nan','Sin Contacto','','','2021-10-26 12:44:46.535851','2021-11-24 14:23:23.138624',9,'Contado'),(146,'HORECA','Hotel Marriott','Hotel Marriott','96843030-0','','+224262000','Metropolitana','Vitacura','Av Presidente Kennedy 5741','Sin Contacto','rosana.moya@marriotthotels.com','+224262000','2021-10-26 12:44:46.538851','2021-11-24 14:23:23.141717',54,'Contado'),(147,'HORECA','Esmax Bilbao 1482','Esmax Red Limitada','79706120-4','venta al pormenor de combustible para automores','','Metropolitana','Providencia','Av. Francisco Bilbao 1482','Sofia Daly','sofia.daly@esmax.cl','','2021-10-26 12:44:46.541851','2021-11-24 14:23:23.145079',28,'Credito 30 dias'),(148,'HORECA','Esmax Cantagallo','Esmax Red Limitada','79706120-4','','','Metropolitana','Las Condes','Av. Las Condes 12373','Sin Contacto','','','2021-10-26 12:44:46.545850','2021-11-24 14:23:23.148568',28,'Credito 30 dias'),(149,'HORECA','Esmax  La Dehesa 1445','Esmax Red Limitada','79706120-4','venta al pormenor de combustible para automores','','Metropolitana','Lo Barnechea','Av. La Dehesa 1445','Sofia Daly','sofia.daly@esmax.cl','','2021-10-26 12:44:46.547851','2021-11-24 14:23:23.151918',28,'Credito 30 dias'),(150,'HORECA','Esmax  Huechuraba','Esmax Red Limitada','79706120-4','venta al pormenor de combustible para automores','','Metropolitana','Huechuraba','Pedro Fontova 7523','Sofia Daly','sofia.daly@esmax.cl','','2021-10-26 12:44:46.551851','2021-11-24 14:23:23.158917',28,'Credito 30 dias'),(151,'HORECA','Esmax Pajaritos','Esmax Red Limitada','79706120-4','','','Metropolitana','Estación Central','Av. Gladys Marín 6475','Sofia Daly','sofia.daly@esmax.cl','','2021-10-26 12:44:46.553852','2021-11-24 14:23:23.162682',28,'Credito 30 dias'),(152,'HORECA','Esmax Los Presidentes','Esmax Red Limitada','79706120-4','venta al pormenor de combustible para automores','',NULL,'Peñalolen','Tobalaba 12150','Sofia Daly','sofia.daly@esmax.cl','','2021-10-26 12:44:46.556851','2021-11-24 14:23:23.165682',28,'Credito 30 dias'),(153,'HORECA','Esmax La Reina','Esmax Red Limitada','79706120-4','','','Metropolitana','La Reina','Principe de gales 9200','Sin Contacto','','','2021-10-26 12:44:46.559851','2021-11-24 14:23:23.169725',28,'Credito 30 dias'),(154,'HORECA','Esmax Av. Matta','Esmax Red Limitada','79706120-4','venta al pormenor de combustible para automores','','Metropolitana','Las Condes','Av. Vicuña Mackenna 1131','Sofia Daly','sofia.daly@esmax.cl','','2021-10-26 12:44:46.562851','2021-11-24 14:23:23.173911',28,'Credito 30 dias'),(155,'HORECA','Esmax Macul','Esmax Red Limitada','79706120-4','venta al pormenor de combustible para automores','','Metropolitana','Macul','José Pedro Alessandri 475','Sofia Daly','sofia.daly@esmax.cl','','2021-10-26 12:44:46.565851','2021-11-24 14:23:23.177302',28,'Credito 30 dias'),(156,'HORECA','Esmax Eliodoro Yanez','Esmax Red Limitada','79706120-4','venta al pormenor de combustible para automores','','Metropolitana','Providencia','Av. Eliodoro Yáñez 921','Sofia Daly','sofia.daly@esmax.cl','','2021-10-26 12:44:46.568851','2021-11-24 14:23:23.180271',28,'Credito 30 dias'),(157,'HORECA','Esmax Vitacura con Padre hurtado','Esmax Red Limitada','79706120-4','venta al pormenor de combustible para automores','','Metropolitana','Vitacura','Av. Vitacura 8841','Sofia Daly','sofia.daly@esmax.cl','','2021-10-26 12:44:46.571851','2021-11-24 14:23:23.183103',28,'Credito 30 dias'),(158,'HORECA','Esmax  Castillo Velasco','Esmax Red Limitada','79706120-4','venta al pormenor de combustible para automores','','Metropolitana','La Reina','Av. A. Vespucio 1001 Sur','Sofia Daly','sofia.daly@esmax.cl','','2021-10-26 12:44:46.574851','2021-11-24 14:23:23.187497',28,'Credito 30 dias'),(159,'HORECA','Esmax  Vitacura Vespucio','Esmax Red Limitada','79706120-4','venta al pormenor de combustible para automores','','Metropolitana','Las Condes','Av. Américo Vespucio 1665','Sofia Daly','sofia.daly@esmax.cl','','2021-10-26 12:44:46.577851','2021-11-24 14:23:23.190549',28,'Credito 30 dias'),(160,'HORECA','Esmax  Luis Pasteur','Esmax Red Limitada','79706120-4','venta al pormenor de combustible para automores','','Metropolitana','Vitacura','Luís Pasteur 6725','Sofia Daly','sofia.daly@esmax.cl','','2021-10-26 12:44:46.580851','2021-11-24 14:23:23.193245',28,'Credito 30 dias'),(161,'HORECA','Esmax  Los Trapenses','Esmax Red Limitada','79706120-4','venta al pormenor de combustible para automores','','Metropolitana','Lo Barnechea','Los Trapenses 3515','Sofia Daly','sofia.daly@esmax.cl','','2021-10-26 12:44:46.583853','2021-11-24 14:23:23.196135',28,'Credito 30 dias'),(162,'HORECA','Hotel Santa Cruz','Hotel Santa Cruz','96956110-7','Hoteleria','','Metropolitana','Santiago','San Antonio 065, stgo centro','Sin Contacto','rtorrejon@almacruz.cl','','2021-10-26 12:44:46.586851','2021-11-24 14:23:23.199141',44,'Credito 30 dias'),(163,'HORECA','ItaloBelga','ItaloBelga','76611681-7','','','Metropolitana','Vitacura','Montana 7387','Sin Contacto','','','2021-10-26 12:44:46.589852','2021-11-24 14:23:23.201929',24,'Credito 30 dias'),(164,'HORECA','Japy Chef','Japy Chef','76964206-4','elaboracion de platos preparados','+56994337846','Metropolitana','Ñuñoa','pedro torres 1227','Sin Contacto','constanza@japychef.cl','+56994337846','2021-10-26 12:44:46.592851','2021-11-24 14:23:23.204557',82,'Contado'),(165,'HORECA','Jarpa/Concepcion','Jarpa Garcia Vinuesa y cia ltda','76224588-9','','','Biobío','Concepción','pedro de valdivia 521','Sin Contacto','','','2021-10-26 12:44:46.595851','2021-11-24 14:23:23.207663',59,'Contado'),(166,'HORECA','Jenifer Altamirano','Jenifer Altamirano','77089862-5','','+56987691034','Los Ríos','Valdivia','av italia 1721','Sin Contacto','','+56987691034','2021-10-26 12:44:46.598852','2021-11-24 14:23:23.210450',44,'Contado'),(167,'Retail','Unimarc','SMU','81537600-5','','',NULL,'','CD UNIMARC','Sin Contacto','','','2021-10-26 12:44:46.601852','2021-11-24 14:23:23.213053',65,'Credito 30 dias'),(168,'Retail','Jumbo','Cencosud Retail S.A.','81201000-k','','','Metropolitana','Las Condes','CD refrigerados San Pablo','Sin Contacto','','','2021-10-26 12:44:46.604851','2021-11-24 14:23:23.216059',7,'Credito 30 dias'),(169,'Retail','WalMart','Walmart','76042014-k',NULL,NULL,NULL,'Selecciona una región','CD Walmart','Sin Contacto',NULL,NULL,'2021-10-26 12:44:46.607851','2021-11-25 16:41:37.738338',67,NULL),(170,'Venta Web','Jumpseller','','','','',NULL,'','nan','Sin Contacto','','','2021-10-26 12:44:46.610851','2021-11-24 14:23:23.221797',9,'Contado'),(171,'HORECA','Kaffia Spa','Kaffia Spa','76327656-2','Servicio de banqueteria y otros','','Metropolitana','Vitacura','av kennedy lateral 9754','Sin Contacto','contacto@kaffia.cl','','2021-10-26 12:44:46.613851','2021-11-24 14:23:23.225817',44,'Contado'),(172,'HORECA','Karim Jacob','Karim Jacob','76324797-k','','','Metropolitana','Huechuraba','Guanaco Norte 6464 bodega j1 transportes Mardan','Sin Contacto','karimjacob@gmail.com','','2021-10-26 12:44:46.616851','2021-11-24 14:23:23.228371',44,'Contado'),(173,'HORECA','Katari','Katari','76063825-0','Actividades de Hoteles','','Metropolitana','Las Condes','Renato Sanchez 4270','Sin Contacto','','','2021-10-26 12:44:46.619852','2021-11-24 14:23:23.231021',33,'Contado'),(174,'HORECA','Vitamarket','MEDERIAGA ASOCIADOS SpA','77394665-5','','+56950188703','Metropolitana','Vitacura','Vitacura 5405 Local 04, Vitacura','Sin Contacto','contacto.vitamarket@gmail.com','+56950188703','2021-10-26 12:44:46.622852','2021-11-24 14:23:23.234116',82,'Contado'),(175,'HORECA','La Bruncheria','Almacenes y Emporios','77153229-2','comercializacion de productos para el hogar online','','Metropolitana','Vitacura','Av. Vitacura 7162, Local 29, Centro Comercial Campanario, Vitacura','Sin Contacto','jesu@labruncheria.cl','','2021-10-26 12:44:46.625851','2021-11-24 14:23:23.236754',28,'Contado'),(176,'HORECA','La despensa','La despensa Spa','77059241-0','Actividades de resturantes','+56931459919','Metropolitana','Providencia','Tobalaba 4073 102','Maria Jose Berton','mariajose.berton@gmail.com','+56931459919','2021-10-26 12:44:46.628851','2021-11-24 14:23:23.239899',44,'Contado'),(177,'HORECA','La Marmite','La Marmite','85628800-5','Servicio de Comidas Preparadas','+8103840/41','Metropolitana','Pudahuel','Av. General Bonilla 9469','Paola Seguel (8103840)','pseguel@gategourmet.com','+8103840/41','2021-10-26 12:44:46.631852','2021-11-24 14:23:23.242601',3,'Credito 60 dias'),(178,'HORECA','Alejandra Steinmeyer Eliodoro','La Vega Delivery Ltda','76508219-6','','+56982492451','Metropolitana','Providencia','Eliodoro Yañez 2648 local 108 Providencia.','Sin Contacto','alejandra@lavegadelivery.cl','+56982492451','2021-10-26 12:44:46.634851','2021-11-24 14:23:23.245198',82,'Contado'),(179,'HORECA','Alejandra Steinmeyer Napoleon','La Vega Delivery Ltda','76508219-6','','+56982492451','Metropolitana','Las Condes','Napoleon 3144, Las Condes','Sin Contacto','alejandra@lavegadelivery.cl','+56982492451','2021-10-26 12:44:46.637851','2021-11-24 14:23:23.248411',82,'Contado'),(180,'HORECA','Alejandra Steinmeyer Herrera','La Vega Delivery Ltda','76508219-6','','+56982492451','Metropolitana','Santiago','Herrera 1218 Santiago Centro','Sin Contacto','alejandra@lavegadelivery.cl','+56982492451','2021-10-26 12:44:46.640851','2021-11-24 14:23:23.252029',82,'Contado'),(181,'HORECA','La regata','La regata','76916521-5','','','Metropolitana','Santiago','San Isidro 471, local 7','Sin Contacto','numancia@aulevain.cl','','2021-10-26 12:44:46.643853','2021-11-24 14:23:23.256246',23,'Credito 30 dias'),(182,'HORECA','La Resistencia','La resistencia','77162929-6','la resistencia, emporio y cafe spa','','Los Ríos','Valdivia','Yungay 646','Sin Contacto','','','2021-10-26 12:44:46.646852','2021-11-24 14:23:23.260214',44,'Contado'),(183,'HORECA','La Rubia de los Quesos','La Rubia SPA','77190313-4','','','Metropolitana','Vitacura','Las Nieves 3550 depto 104','Sin Contacto','larubiadelosquesos@gmail.com','','2021-10-26 12:44:46.649850','2021-11-24 14:23:23.262688',44,'Contado'),(184,'HORECA','Macro','Macro','77139645­-3','Venta al por menor en comercios de alimentos, bebidas o tabaco (supermercados e hipermercados)','','Metropolitana','Macul','Los Espinos n° 2760 Macul','Sin Contacto','waghorn@supermercadomacro.cl','','2021-10-26 12:44:46.652851','2021-11-24 14:23:23.265156',44,'Contado'),(185,'Venta Web','Mercadito Nacional','Mercadito Nacional SpA','77184238-0','','',NULL,'','retira','Sin Contacto','matias@elmercaditonacional.cl','','2021-10-26 12:44:46.655851','2021-11-24 14:23:23.268116',NULL,'Contado'),(186,'HORECA','Magenta','Magenta estudio publicidad limitada','76956095-5','diseño gráfico, marketing, publicidad y servicios conexos','+56934223778','Metropolitana','San Miguel','Manquelpi 7141, La Florida.','Marcela Mora','contacto@magentaestudio.cl','+56934223778','2021-10-26 12:44:46.658851','2021-11-24 14:23:23.270885',28,'Contado'),(187,'HORECA','Magnolia','Magnolia','76194366-9','','',NULL,'','Huerfanos 539','Sin Contacto','compras@hotelmagnolia.cl','','2021-10-26 12:44:46.661851','2021-11-24 14:23:23.273487',16,'Contado'),(188,'HORECA','Maillard','Maillard','76756769-3','','','Metropolitana','Vitacura','Alonso de Cordova 4308 B','Sin Contacto','dianagalicia5@gmail.com','','2021-10-26 12:44:46.664850','2021-11-24 14:23:23.276186',17,'Contado'),(189,'HORECA','Maison','Maison','76493238-2','','',NULL,'','Av. Italia 1029 Providencia','Sin Contacto','contacto@maison-italia.com','','2021-10-26 12:44:46.667852','2021-11-24 14:23:23.279056',21,'Contado'),(190,'HORECA','Maria Aramburu','Servicios Corporativos Grupo O´higgins Spa','96795480-2','','+56930738627','OHiggins','Las Cabras','Teatinos 220 piso 9','Maria Aramburu','marita26@gmail.com','+56930738627','2021-10-26 12:44:46.671852','2021-11-24 14:23:23.281788',50,'Contado'),(191,'HORECA','Mat','Grupo Tregualemu Spa','76338999-5','Grupo Tregualemu Spa','',NULL,'','Nueva Costanera 3900 local 148','Sin Contacto','diego@matonthego.cl','','2021-10-26 12:44:46.674851','2021-11-24 14:23:23.284479',63,'Contado'),(192,'HORECA','Matias','','17272121-4','','',NULL,'','nan','Sin Contacto','','','2021-10-26 12:44:46.677851','2021-11-24 14:23:23.287291',72,'Contado'),(193,'HORECA','Mermoz','RYG SPA','76415049-k','','',NULL,'','Suc1: Apoquindo 4821 local 105. Suc 2: Av. Providencia 2368','Sin Contacto','rosariovivanco@mermoz.cl','','2021-10-26 12:44:46.680852','2021-11-24 14:23:23.290316',61,'Contado'),(194,'HORECA','Mestiere','comercial safqa spa','76566859-k','','','Metropolitana','Vitacura','Vitacura 9013','Sin Contacto','fdagach@miuandes.cl','','2021-10-26 12:44:46.683851','2021-11-24 14:23:23.292972',11,'Contado'),(195,'HORECA','Mestizo','Mestizo','96911160-8','','','Metropolitana','Vitacura','Bicentenario 4050 Vitacura','Sin Contacto','gsanchez@mestizorestaurant.cl','','2021-10-26 12:44:46.687406','2021-11-24 14:23:23.296056',51,'Contado'),(196,'HORECA','Metissage','Metissage','76263145-8','','','Metropolitana','Vitacura','Av. Vitacura 3187','Sin Contacto','cafeteria@metissage.cl','','2021-10-26 12:44:46.690407','2021-11-24 14:23:23.299066',1,'Contado'),(197,'HORECA','El Mercadito Concón','Sociedad Comercial El Mercadito Limitada','76560942-9','Minimarket','','Valparaiso','Concón','Av. Blanca Estela 1927, local 7, concon','Hermana Santiago','elmercaditoconcon@gmail.com','','2021-10-26 12:44:46.693406','2021-11-24 14:23:23.301708',28,'Contado'),(198,'HORECA','Moritz Spa','Moritz Spa','76361191-4','Elaboracion de Productos Lacteos','','Metropolitana','La Reina','Los Ebanistas 8611','Sin Contacto','waleska@moritzeis.com','','2021-10-26 12:44:46.696406','2021-11-24 14:23:23.304053',40,'Contado'),(199,'HORECA','Mpasteur','Mpasteur','76412133-3','Venta alimentos envasados','','Metropolitana','Vitacura','Luis Pasteur 6583. local 5','Sin Contacto','administracion@mercadopasteur.cl','','2021-10-26 12:44:46.699405','2021-11-24 14:23:23.306561',8,'Contado'),(200,'HORECA','Mundo','Mundo','76772181-1','','','Biobío','Hualpén','Dresden 4105','Sin Contacto','','','2021-10-26 12:44:46.702405','2021-11-24 14:23:23.309054',NULL,'Contado'),(201,'HORECA','No frecuente','No frecuente','','','',NULL,'','nan','Sin Contacto','','','2021-10-26 12:44:46.705406','2021-11-24 14:23:23.311488',NULL,'Contado'),(202,'HORECA','Oggi','Oggi','76866067-0','','','Metropolitana','Providencia','Holanda 310 - 101','Sin Contacto','gimmillaro74@gmail.com','','2021-10-26 12:44:46.708406','2021-11-24 14:23:23.313953',20,'Contado'),(203,'HORECA','Ox','Ox','76494010-5','Restaurant','','Metropolitana','Vitacura','Av. Nueva Costanera 3960','Sin Contacto','vespinoza@oxrestaurant.cl','','2021-10-26 12:44:46.711406','2021-11-24 14:23:23.316148',NULL,'Contado'),(204,'HORECA','Paladar Gourme','Hermef Spa','76552103-3','','',NULL,'Colina ','Santa Filomena PC27 lt 3 a4 4 cond las pircas','Hernan Eyzaguirre','hernan@paladargurme.cl','','2021-10-26 12:44:46.714406','2021-11-24 14:23:23.318620',56,'Contado'),(205,'HORECA','Paraiso/Carlos','comercializadora y distribuidora Paraiso Spa','76684157-0','','','Valparaiso','Papudo','fernandez concha 271','Sin Contacto','','','2021-10-26 12:44:46.717405','2021-11-24 14:23:23.321107',57,'Contado'),(206,'HORECA','Patio Patagonia','Patio Patagonia','76775173-7','diseño, produccion y comercializadora ossa spa','+56995389177',NULL,'puerto natales','santiago bueras 611','Sin Contacto','patiopatagonia@gmail.com','+56995389177','2021-10-26 12:44:46.720405','2021-11-24 14:23:23.323662',78,'Contado'),(207,'HORECA','Pez Fresco Spa','Distribuidora Pez Fresco Spa','76567068-3','','','Metropolitana','Independencia','isidoro errazuriz 2185','Sin Contacto','ptgarciauc@gmail.com','','2021-10-26 12:44:46.723406','2021-11-24 14:23:23.327942',44,'Contado'),(208,'HORECA','Pick a Deli','Pick a Deli','76361507-3','','','Metropolitana','Las Condes','Badajoz 22','Sin Contacto','contacto@pickadeli.cl','','2021-10-26 12:44:46.726406','2021-11-24 14:23:23.330721',14,'Contado'),(209,'HORECA','Hotel W','Sociedad Administradora General S.A. y Cía. en C.P.A.','76467620-3','','','Metropolitana','Las Condes','AUGUSTO LEGUÍA NORTE 180, LAS CONDES.','Sin Contacto','Juliana.Marteau@whotels.com','','2021-10-26 12:44:46.729407','2021-11-24 14:23:23.333726',6,'Contado'),(210,'HORECA','Pick Market','Pick Market','76546921-k','','','Metropolitana','Vitacura','Francisco de Aguirre 3570','Sin Contacto','javiera@themarketchile.cl','','2021-10-26 12:44:46.732406','2021-11-24 14:23:23.337038',13,'Contado'),(211,'HORECA','Piegari','Piegari','77005182-7','','','Metropolitana','Vitacura','Alonso de cordova 4048','Sin Contacto','compras@deliboo.cl','','2021-10-26 12:44:46.735406','2021-11-24 14:23:23.339769',26,'Contado'),(212,'HORECA','Polvo','Polvo','76727462-9','','','Metropolitana','Providencia','Constitucion 187','Sin Contacto','carlos@polvobardevinos.cl','','2021-10-26 12:44:46.737406','2021-11-24 14:23:23.342477',18,'Contado'),(213,'HORECA','Procarne','Procarne','76130385-6','','','Metropolitana','Vitacura','Luis Pasteur 6458','Sin Contacto','marjorie.fuentes@procarne.cl','','2021-10-26 12:44:46.740404','2021-11-24 14:23:23.345015',44,'Contado'),(214,'HORECA','Puelo','Puelo','77005446-k','','','Metropolitana','Vitacura','Avda las catalpas 1522','Sin Contacto','benjabravo@gmail.com','','2021-10-26 12:44:46.743406','2021-11-24 14:23:23.352585',53,'Contado'),(215,'HORECA','Camila Roth','Camila Katherine Roth Chaparro','18310223-0','Comercializadora y dist. alimentos, frutas, verduras, congelados','+56942779869','Metropolitana','Curacaví','Camino de las rapaces parcela 28','Sin Contacto','contacto@farmersdelivery.cl','+56942779869','2021-10-26 12:44:46.746406','2021-11-24 14:23:23.355664',82,'Contado'),(216,'HORECA','PuntoGourmet','Elisa Ester Prat Araneda','5719503-7','Almacen','+56956615789','Metropolitana','Pudahuel','Av. Las Flores 1346, local 1, Ciudad de los valles','Sin Contacto','puntogourmet10@gmail.com','+56956615789','2021-10-26 12:44:46.749407','2021-11-24 14:23:23.358330',NULL,'Contado'),(217,'HORECA','Pura Madre','Pura Madre','76936583-4',NULL,NULL,'Metropolitana','Vitacura','Vitacura 5342','Sin Contacto','camakoll@hotmail.com',NULL,'2021-10-26 12:44:46.751406','2022-01-10 16:49:49.439399',71,'Contado'),(218,'HORECA','QuesosdeChile','QuesosdeChile','76563504-7','','','Metropolitana','Vitacura','Av. Vitacura 3355','Sin Contacto','contacto@losquesosdechile.cl','','2021-10-26 12:44:46.754406','2021-11-24 14:23:23.363365',47,'Contado'),(219,'HORECA','R Steward','R Steward','77536860-8','','','Valparaiso','Valparaíso','Blanco 1623 504','Sin Contacto','aperalta@rstewart.tie.cl','','2021-10-26 12:44:46.757405','2021-11-24 14:23:23.366071',35,'Contado'),(220,'HORECA','Raimundo VIllarino','Raimundo Vullarino','10692402-3','','','Metropolitana','Vitacura','Los abetos sur 1117','Sin Contacto','rvillarino@gmail.com','','2021-10-26 12:44:46.759406','2021-11-24 14:23:23.368798',44,'Contado'),(221,'HORECA','Constanza Soto','Constanza Soto','18629974-4','','','Metropolitana','Quilicura','Pasaje Santa Raquel 248','Sin Contacto','tablas.mediterraneas@gmail.com','','2021-10-26 12:44:46.762406','2021-11-24 14:23:23.371442',82,'Contado'),(222,'HORECA','Renaissance','Renaissance','76187799-2','','','Metropolitana','Vitacura','Presidente Kennedy 4700','Sin Contacto','compras@renaissancehotels.cl','','2021-10-26 12:44:46.765406','2021-11-24 14:23:23.374187',52,'Contado'),(223,'HORECA','Getsapack','Raimundo Diez','76181207-6','Comercialización de productos cárnicos','','Metropolitana','Quilicura','Caupolican 9450 bodega 65, Quilicura','Sin Contacto','','','2021-10-26 12:44:46.768406','2021-11-24 14:23:23.376662',82,'Contado'),(224,'HORECA','Ritz','Ritz','76360669-4','Hoteleria','','Metropolitana','Las Condes','REYES LA VALLE 3373 LAS CONDES','Sin Contacto','dario.olivares@ritzcarlton.com;carolina.perlaza@ritzcarlton.com','','2021-10-26 12:44:46.771406','2021-11-24 14:23:23.379391',4,'Contado'),(225,'HORECA','Romagna Spa','Comercial Emilia Romagna Spa','77009333-3','Compra y venta de alimentos','','Metropolitana','Las Condes','Coronel pereira 62, ofic 902','Sin Contacto','ventas@emiliaromagna.cl','','2021-10-26 12:44:46.774405','2021-11-24 14:23:23.382305',66,'Contado'),(226,'HORECA','Rosa','Rosa','','','',NULL,'','nan','Sin Contacto','','','2021-10-26 12:44:46.776406','2021-11-24 14:23:23.384946',43,'Contado'),(227,'HORECA','Rupestre','Cridem SPA','76238605-4','Elaboracion, compra y venta de articulos artesanales','+56977432982',NULL,'','Cerro el Cepo 12398','Sin Contacto','ventas@rupestre.cl','+56977432982','2021-10-26 12:44:46.779405','2021-11-24 14:23:23.387645',73,'Contado'),(228,'HORECA','SibaritaGourmet','Com. de Articulos y productos gourmet','77020715-0','','+56990199638','Metropolitana','Isla de Maipo','Acevedo 220','Sin Contacto','andres@sibaritaygourmet.cl','+56990199638','2021-10-26 12:44:46.782405','2021-11-24 14:23:23.390485',28,'Contado'),(229,'Persona Natural','SII','SII','','','',NULL,'','nan','Sin Contacto','','','2021-10-26 12:44:46.785406','2021-11-24 14:23:23.392912',42,'Contado'),(230,'HORECA','Simplysweet','Simplysweet','76920996-4','','','Metropolitana','Lo Barnechea','Simplysweet la pasteleria spa','Sin Contacto','simplysweet.lapasteleria@gmail.com','','2021-10-26 12:44:46.787406','2021-11-24 14:23:23.395754',80,'Contado'),(231,'HORECA','Singular','Singular','76746250-6','Inversiones','','Metropolitana','Santiago','Merced 294, Santiago','Sin Contacto','pnavarro@thesingular.com','','2021-10-26 12:44:46.790406','2021-11-24 14:23:23.398440',5,'Contado'),(232,'HORECA','Camila Gonzalez','wellnes laboral','76617909-6','','+56968426805','Metropolitana','Providencia','Los estanques 2054 dpto 23','Cgonzalez@wellnesslaboral.cl','Cgonzalez@wellnesslaboral.cl','+56968426805','2021-10-26 12:44:46.793405','2021-11-24 14:23:23.400899',82,'Contado'),(233,'HORECA','Reina de las Masas','Elizabeth','','','','Metropolitana','Quilicura','nan','Sin Contacto','lasreinasdelasmasas@gmail.com','','2021-10-26 12:44:46.796405','2021-11-24 14:23:23.404805',82,'Contado'),(234,'HORECA','Tablas Newen','Tablas Newen','76891644-6','Produccion de Eventos','','Metropolitana','Macul','Calle Olmos 3223, dpto 22C','Sin Contacto','Tablasnewen@gmail.com','','2021-10-26 12:44:46.798406','2021-11-24 14:23:23.408149',28,'Contado'),(235,'HORECA','Tejamarket','Tejamarket','76616222-3','','','Los Ríos','Valdivia','Rene Schneider 4500','Sin Contacto','comprastejamarket@tejamarket.cl','','2021-10-26 12:44:46.801405','2021-11-24 14:23:23.410798',12,'Contado'),(236,'HORECA','The Singular Patagonia','The Singular Patagonia','76048598-5','','','Metropolitana','Santiago','Av. Americo Vespucio 1151','Sin Contacto','carismendi@thesingular.com','','2021-10-26 12:44:46.804406','2021-11-24 14:23:23.413223',48,'Contado'),(237,'Persona Natural','Tienda','Tienda','','','',NULL,'','nan','Sin Contacto','','','2021-10-26 12:44:46.807406','2021-11-24 14:23:23.415773',30,'Contado'),(238,'HORECA','Torino','Torino','76940493-7','','','Araucanía','Temuco','Hochstetter 370','Sin Contacto','torinochiletco@gmail.com','','2021-10-26 12:44:46.809406','2021-11-24 14:23:23.418027',37,'Contado'),(239,'Retail','Tottus','Tottus','78627210-6','','',NULL,'','Nataniel 620','Sin Contacto','','','2021-10-26 12:44:46.812406','2021-11-24 14:23:23.420220',84,'Contado'),(240,'HORECA','Tremus Spa','Tremus Spa','76851659-6','alimentacion','','Metropolitana','Chicureo','chicureo 1920, local 1,2,3 colina','562229423226','nutricion@tremus.cl','','2021-10-26 12:44:46.815406','2021-11-24 14:23:23.422387',44,'Contado'),(241,'HORECA','Valentina Klein','Valentina Klein','76505664-0','','','Metropolitana','La Reina','Principe de gales 6803','Sin Contacto','valentina@eneldo.cl','','2021-10-26 12:44:46.818406','2021-11-24 14:23:23.425321',28,'Contado'),(242,'Venta Web','Venta web','Venta Web ','','','',NULL,'','nan','Sin Contacto','','','2021-10-26 12:44:46.820406','2021-11-24 14:23:23.427299',75,'Contado'),(243,'HORECA','Verde Vegano','Comercializadora verdevegano spa','77030725-2','','','Metropolitana','Vitacura','Geronimo de Alderete 1070, local 3','contacto@verdevegano.cl, victor.vargas@verdevegano.cl','contacto@verdevegano.cl','','2021-10-26 12:44:46.823405','2021-11-24 14:23:23.430455',64,'Contado'),(244,'HORECA','Verydeli','Verydeli','99520220-4','','','Metropolitana','Santiago','av beaucheff 1204','Sin Contacto','jalsina@belivegroup.cl','','2021-10-26 12:44:46.826406','2021-11-24 14:23:23.432390',46,'Contado'),(245,'HORECA','wellnes laboral','wellnes laboral','76617909-6','','+56968426805','Metropolitana','Providencia','Los estanques 2054 dpto 23','Cgonzalez@wellnesslaboral.cl','Cgonzalez@wellnesslaboral.cl','+56968426805','2021-10-26 12:44:46.829406','2021-11-24 14:23:23.434537',28,'Contado'),(246,'HORECA','Ximena Hidalgo','Ximena Hidalgo Viña','10675100-5','','+56956285679','Valparaiso','Viña del Mar','LOS TRIGALES CASA 6 SAN BERNARDO','Roberto Hidalgo / FERNANDO HIDALGO','robertohidalgos@gmail.com','+56956285679','2021-10-26 12:44:46.832406','2021-11-24 14:23:23.436751',85,'Contado'),(247,'HORECA','Zuany','Zuany','8.805.475-K','Proveedor de naves',NULL,'Valparaiso','Selecciona una región','Esperidion Vera 1522','Sin Contacto','zuanygroup@zuanygroup.cl',NULL,'2021-10-26 12:44:46.834406','2021-11-24 14:23:23.438985',88,'Contado'),(248,'HORECA','Dulceria AM spa','Elaboración de productos de panadería y pastelería','76.449.299-4',NULL,NULL,'Metropolitana','La Reina','agua clara 1700, local 1',NULL,NULL,NULL,'2021-11-24 16:51:50.643010','2021-11-24 16:51:50.647882',82,'Contado'),(249,'HORECA','Blanca Moreira','Rosman Spa','77.454.625-1','Suministro de comidas por encargo',NULL,'Metropolitana','Providencia','Diagonal Oriente 1310, cocina 3',NULL,NULL,NULL,'2021-11-24 16:55:20.368505','2021-11-25 11:19:49.464143',90,'Contado'),(250,'HORECA','Gustavo Natero','Comercializadora de alimentos Gustavo Natero Carrillos E.I.R.L','76.073.909-K','Comercializadora de alimentos Gustavo Natero Carrillos E.I.R.L',NULL,'Metropolitana','Las Condes','Apoquindo 7078, Las Condes',NULL,NULL,NULL,'2021-11-25 11:09:35.513689','2021-11-25 11:14:25.835359',89,'Contado'),(251,'HORECA','Ricardo Spaggiari','Pasteleria Wenger Haus','77.690.590-9','Pasteleria Wenger Haus',NULL,'Metropolitana','Las Condes','Tomas Moro 1749, Las Condes',NULL,NULL,NULL,'2021-12-01 16:43:40.067030','2021-12-01 16:43:40.071899',91,'Contado'),(252,'HORECA','Claudia Giaverini','Giaverini & Nakamura Shop  Spa','77.374.878-0','venta al por menor de alimentos en comer',NULL,'Metropolitana','Las Condes','Polonia 284, Las Condes',NULL,NULL,NULL,'2021-12-01 16:46:46.484754','2021-12-01 16:46:46.489242',82,'Contado'),(253,'HORECA','Maria Muñoz','Gastronomia sushi fu SPA','76.339.185-K','VENTA AL POR MENOR DE ALIMENTOS EN COMER',NULL,'Metropolitana','Las Condes','Apoquindo 4445 local 1, las condes',NULL,NULL,NULL,'2022-01-03 15:06:16.415796','2022-01-03 15:06:16.425522',82,'Credito 30 días'),(254,'HORECA','Mi Market Pedro de Valdivia','MU Mercadito Urbano Spa','76.587.878-0','Supermercado y minimarket','2322474421','Metropolitana','Providencia','Av. Pedro de Valdivia 887','Valentina del Sante','valentinadelsante@mi-market.cl','56978777577','2022-01-04 14:19:13.546371','2022-01-04 14:25:50.125191',82,'Contado'),(255,'HORECA','Mi Market Hernando de Aguirre','MU Mercadito Urbano Spa','76.587.878-0','Supermercado y minimarket','2322474421','Metropolitana','Providencia','Av. Hernando de Aguirre 136','Valentina del Sante','valentinadelsante@mi-market.cl','56978777577','2022-01-04 14:24:21.298297','2022-01-04 14:24:21.302292',82,'Contado'),(256,'HORECA','La Popular','La Popular Pizza y Pan SPA','76.659.122-1','Panaderia, restaurant','56973229438','Metropolitana','Providencia','Avenida Francisco Bilbao 2765','Yohana Arellano','controllapopular@gmail.com','56973229438','2022-01-05 12:20:52.128734','2022-01-05 12:20:52.132814',82,'Contado'),(257,'HORECA','Jokr Roger de la Flor','JOKR CHILE SPA','77.419.352-9','Venta al por menor en comercios de alimentos, bebidas o tabaco (Supermercados e hipermercados)','56991383380','Metropolitana','Las Condes','Roger de Flor 2950','Matías Pereira','matias.pereira@jokr.it','56991383380','2022-01-06 08:11:02.788157','2022-01-06 08:11:02.796038',82,'Contado'),(258,'HORECA','Jokr Tomás Moro','JOKR CHILE SPA','77.419.352-9','Venta al por menor en comercios de alimentos, bebidas o tabaco (Supermercados e hipermercados)','56991383380','Metropolitana','Las Condes','Tomas Moro 494','Matías Pereira','matias.pereira@jokr.it','56991383380','2022-01-06 08:12:37.411557','2022-01-06 08:12:37.420374',82,'Contado'),(259,'HORECA','Jokr Holanda','JOKR CHILE SPA','77.419.352-9','Venta al por menor en comercios de alimentos, bebidas o tabaco (Supermercados e hipermercados)','56991383380','Metropolitana','Ñuñoa','Holanda 2900','Matías Pereira','matias.pereira@jokr.it','56991383380','2022-01-06 08:14:07.774913','2022-01-06 08:14:07.778609',82,'Contado'),(260,'HORECA','Mercado Patache','Emporio El Rodeo Ltda','76.392.291-K','Comercializadora','222162417','Metropolitana','Lo Barnechea','Av, El Rodeo 13.350 Local 4','Gonzalo Risso','gonzalo@mercadopatache.cl','56998793487','2022-01-10 14:15:03.147708','2022-01-10 14:21:31.994602',92,'Credito 30 días'),(261,'Persona Natural','Marcos Calfucura','Marcos Gabriel Calfucura Coñoman','19.802.236-5','Venta de Productos congelados','56987124347','Metropolitana','Pudahuel','Avenida del canal 19811 local 9','Marcos  Calfucura','mcalfucura98@gmail.com','56987124347','2022-01-10 17:25:58.246961','2022-01-10 18:35:07.184043',82,'Contado'),(262,'HORECA','Esmax rotonda atenas','Esmax Red Limitada','79.706.120-4','VENTA AL POR MENOR DE ALIMENTOS EN COMER','+56984399446','Metropolitana','Las Condes','Colon 7550, las condes','Laura Fierro','laura.fierro@esmax.cl','+56984399446','2022-01-12 12:08:38.716834','2022-01-12 12:08:38.720029',28,'Credito 30 días'),(263,'HORECA','Jokr Las Cabañas','JOKR CHILE SPA','77.419.352-9','Venta al por menor en comercios de alimentos, bebidas o tabaco (Supermercados e hipermercados)','56991383380','Metropolitana','Las Condes','Av. Las Condes 12803','Matías Pereira','matias.pereira@jokr.it','56991383380','2022-01-19 10:28:54.344828','2022-01-19 10:28:54.351594',82,'Contado'),(264,'Persona Natural','Paz Dejeas',NULL,NULL,NULL,NULL,'Metropolitana','Quilicura','Pdte Eduardo Frei Montalva 9950',NULL,NULL,NULL,'2022-01-20 09:25:59.203593','2022-01-20 09:25:59.207835',9,'Contado');
/*!40000 ALTER TABLE `clientes_cliente` ENABLE KEYS */;
UNLOCK TABLES;

--
-- Table structure for table `clientes_clientelocal`
--

DROP TABLE IF EXISTS `clientes_clientelocal`;
/*!40101 SET @saved_cs_client     = @@character_set_client */;
/*!40101 SET character_set_client = utf8 */;
CREATE TABLE `clientes_clientelocal` (
  `id` bigint(20) NOT NULL AUTO_INCREMENT,
  `local` varchar(255) NOT NULL,
  `telefono` varchar(255) DEFAULT NULL,
  `region` varchar(255) DEFAULT NULL,
  `comuna` varchar(255) DEFAULT NULL,
  `direccion` varchar(255) NOT NULL,
  `contacto` varchar(255) DEFAULT NULL,
  `email` varchar(255) DEFAULT NULL,
  `celular` varchar(255) DEFAULT NULL,
  `id_comercio_electronico` varchar(255) DEFAULT NULL,
  `created` datetime(6) NOT NULL,
  `updated` datetime(6) NOT NULL,
  `cliente_id` bigint(20) NOT NULL,
  PRIMARY KEY (`id`),
  KEY `clientes_clientelocal_cliente_id_54e0f87b_fk_clientes_cliente_id` (`cliente_id`),
  CONSTRAINT `clientes_clientelocal_cliente_id_54e0f87b_fk_clientes_cliente_id` FOREIGN KEY (`cliente_id`) REFERENCES `clientes_cliente` (`id`)
) ENGINE=InnoDB AUTO_INCREMENT=115 DEFAULT CHARSET=latin1;
/*!40101 SET character_set_client = @saved_cs_client */;

--
-- Dumping data for table `clientes_clientelocal`
--

LOCK TABLES `clientes_clientelocal` WRITE;
/*!40000 ALTER TABLE `clientes_clientelocal` DISABLE KEYS */;
INSERT INTO `clientes_clientelocal` VALUES (1,'Hotel Trivago Las Condes','3952000','Tarapacá','Camiña','Manquehue sur 1380','Rodrigo Gallardox','seba.valengo@gmail.com','+56223952524',NULL,'2021-09-02 16:11:48.670172','2021-09-07 10:18:36.493981',1),(2,'Barrio Bellavista','3155224','Tarapacá','Huara','3155224','hedro',NULL,NULL,NULL,'2021-09-07 10:14:45.406994','2021-09-07 10:14:45.461689',1),(3,'Central','+56984902256','Tarapacá','Camiña','Manquehue sur 1380','Rodrigo Gallardo',NULL,NULL,NULL,'2021-09-07 10:17:23.310496','2021-09-07 10:17:23.460302',1),(4,'Casa Matriz','',NULL,'','nan','Sin Contacto',NULL,NULL,NULL,'2021-11-10 09:17:49.581914','2021-11-24 14:23:23.224428',170),(5,'Ximena  Jofre 6217370','56998700557','Metropolitana','La Reina','Alvaro casanova 0518 casa B','Ximena  Jofre','ximena.jofre@tcs.com',NULL,NULL,'2021-11-10 10:36:10.243354','2021-11-10 10:36:10.243378',170),(6,'cd congelados santiago',NULL,NULL,'','Avda el venstiquero 1260',NULL,NULL,NULL,NULL,'2021-11-10 11:46:38.260558','2021-11-10 11:46:38.260623',167),(7,'Ingrid Green 2985898','995412049','Metropolitana','Vitacura','Calle Via Aurora Interior 9587, Casa 7, Vitacura','Ingrid Green','igreen@manquehue.net',NULL,NULL,'2021-11-10 13:33:22.985542','2021-11-10 13:33:22.985583',170),(8,'Casa Matriz','','Metropolitana','Chicureo','chicureo 1920, local 1,2,3 colina','562229423226',NULL,NULL,NULL,'2021-11-10 13:38:05.886941','2021-11-24 14:23:23.424299',240),(9,'Casa Matriz','','Metropolitana','Quilicura','nan','Sin Contacto',NULL,NULL,NULL,'2021-11-10 13:47:02.819570','2021-11-24 14:23:23.406964',233),(10,'Jorge Pena 1797959','945243077','Metropolitana','Providencia','Llewellyn Jones 1080, Depto 604.','Jorge Pena','jxpena@gmail.com',NULL,NULL,'2021-11-10 13:49:00.831042','2021-11-10 13:49:00.831068',170),(11,'Casa Matriz','+56946383325','Metropolitana','Vitacura','Manquehue Norte 1788,Vitacura','Bruna Kshesek',NULL,NULL,NULL,'2021-11-10 13:49:22.426451','2021-11-24 14:23:22.933467',95),(12,'Casa Matriz','+56968426805','Metropolitana','Providencia','Los estanques 2054 dpto 23','Cgonzalez@wellnesslaboral.cl',NULL,NULL,NULL,'2021-11-10 13:49:46.085464','2021-11-24 14:23:23.403451',232),(13,'Marianela Morchio 6035533','995391966','Metropolitana','Las Condes','Avenida Las Condes 9660','Marianela Morchio','marianelamorchio@gmail.com',NULL,NULL,'2021-11-11 14:36:10.264774','2021-11-11 14:36:10.264795',170),(14,'Paula Farias 6229088','998799198','Metropolitana','Las Condes','Napoleon 3484, 102','Paula Farias','pfarias@gmail.com',NULL,NULL,'2021-11-12 15:59:02.245296','2021-11-12 15:59:02.245317',170),(15,'Casa Matriz','',NULL,'','nan','Sin Contacto',NULL,NULL,NULL,'2021-11-12 17:41:14.628675','2021-11-24 14:23:23.429368',242),(16,'Casa Matriz','','Metropolitana','Quilicura','Americo Vespucio 1710','Sin Contacto',NULL,NULL,NULL,'2021-11-17 18:30:25.636927','2021-11-24 14:23:22.977375',102),(17,'Carolina Zenteno 1763464','988379800','Metropolitana','Vitacura','Escriva de Balaguer 9155 dp coigue 61','Carolina Zenteno','carolazenteno@gmail.com',NULL,NULL,'2021-11-17 18:35:08.206651','2021-11-17 18:35:08.206682',170),(18,'Rossana Negrete 4403783','56961932357','Metropolitana','Ñuñoa','Manuel de Salas 147 Depto 902','Rossana Negrete','rochynegrete@gmail.com',NULL,NULL,'2021-11-17 18:37:15.529822','2021-11-17 18:37:15.529850',170),(19,'Casa Matriz','+56961206003','Metropolitana','Lo Barnechea','Av. Valle del Monasterio 2588 depto 302-A','Maria Jose Guerrero',NULL,NULL,NULL,'2021-11-17 18:38:14.691730','2021-11-24 14:23:23.126725',141),(20,'Casa Matriz','+56990890970','Metropolitana','Las Condes','Balmoral 309, Local 217, Las Condes, Santiago.','Sin Contacto',NULL,NULL,NULL,'2021-11-17 18:40:37.731149','2021-11-24 14:23:23.001307',108),(21,'Casa Matriz','+56990890970','Metropolitana','Las Condes','Irarrázaval 200, local 107. Ñuñoa','Sin Contacto',NULL,NULL,NULL,'2021-11-17 18:42:28.222004','2021-11-24 14:23:23.008109',110),(22,'Casa Matriz','+56982492451','Metropolitana','Santiago','Herrera 1218 Santiago Centro','Sin Contacto',NULL,NULL,NULL,'2021-11-17 18:43:28.676144','2021-11-24 14:23:23.254935',180),(23,'Casa Matriz','','Metropolitana','Santiago','San Isidro 471, local 7','Sin Contacto',NULL,NULL,NULL,'2021-11-17 18:45:18.147586','2021-11-24 14:23:23.258920',181),(24,'Casa Matriz','','Metropolitana','Lo Barnechea','Av. La Dehesa 1445','Sofia Daly',NULL,NULL,NULL,'2021-11-24 13:22:10.271147','2021-11-24 14:23:23.156230',149),(25,'cristian rivas 6154761','0989227274','Metropolitana','Lo Barnechea','camino las hualtatas 5001 casa 118, lo barnechea, lo barnechea, lo barnechea','cristian rivas','crivas@sigga.cl',NULL,NULL,'2021-11-24 13:24:47.985157','2021-11-24 13:24:47.985183',170),(26,'Cecilia Plottier 5856359','967654431','Metropolitana','Vitacura','Bicentenario 4035 Dpto. C112','Cecilia Plottier','cplottier@gmail.com',NULL,NULL,'2021-11-24 13:25:50.966779','2021-11-24 13:25:50.966812',170),(27,'Carlos Arestizábal 1723573','933895843','Metropolitana','Vitacura','Fernando de Arguello 8707, 306','Carlos Arestizábal','carestiz@gmail.com',NULL,NULL,'2021-11-24 13:26:38.203583','2021-11-24 13:26:38.203642',170),(28,'Casa Matriz','','Metropolitana','Vitacura','Av. Vitacura 8841','Sofia Daly',NULL,NULL,NULL,'2021-11-24 13:28:29.305599','2021-11-24 14:23:23.186042',157),(29,'Casa Matriz','+56956283817','Metropolitana','Lo Barnechea','Camino Los Trapenses 2997, local 6 Lo Barnechea','Sin Contacto',NULL,NULL,NULL,'2021-11-24 13:29:26.738699','2021-11-24 14:23:22.728549',58),(30,'Casa Matriz','','Metropolitana','Santiago','Alianza 1721, Vitacura','Sin Contacto',NULL,NULL,NULL,'2021-11-24 13:30:31.974012','2021-11-24 14:23:23.134740',143),(31,'Patricio Abarca 6298828','961108515','Metropolitana','Santiago Centro','Carmen 602, Depto. 1708','Patricio Abarca','paabarca@uc.cl',NULL,NULL,'2021-11-24 16:23:41.615291','2021-11-24 16:23:41.615406',170),(32,'Casa Matriz','+56991284311','Metropolitana','Las Condes','Napoleón 3140, las condes','Sin Contacto',NULL,NULL,NULL,'2021-11-24 16:25:38.661248','2021-11-24 16:25:38.661277',124),(33,'Casa Matriz','+56991284311','Metropolitana','Las Condes','Amapolas 1282, providencia','Sin Contacto',NULL,NULL,NULL,'2021-11-24 16:27:04.666529','2021-11-24 16:27:04.666552',123),(34,'Felipe A. Vasquez F. 1690551','965869778','Metropolitana','Providencia','Terranova 295','Felipe A. Vasquez F.','fvasquezf@gmail.com',NULL,NULL,'2021-11-24 16:28:00.222329','2021-11-24 16:28:00.222354',170),(35,'Casa Matriz','','Metropolitana','Macul','Calle Olmos 3223, dpto 22C','Sin Contacto',NULL,NULL,NULL,'2021-11-24 16:28:52.265198','2021-11-24 16:28:52.265229',234),(36,'Casa Matriz','+56994337846','Metropolitana','Ñuñoa','pedro torres 1227','Sin Contacto',NULL,NULL,NULL,'2021-11-24 16:30:20.327899','2021-11-24 16:30:20.327920',164),(37,'Casa Matriz','','Metropolitana','Vitacura','Hernan Cortes 2233, Ñuñoa','Sin Contacto',NULL,NULL,NULL,'2021-11-24 16:31:06.199803','2021-11-24 16:31:06.199829',118),(38,'Casa Matriz','+56976488244',NULL,'Nuñoa','Av. Ossa 1682','Sin Contacto',NULL,NULL,NULL,'2021-11-24 16:32:15.732336','2021-11-24 16:32:15.732362',52),(39,'Paula  Banchero 6261397','+56942523330','Metropolitana','Ñuñoa','Fidias 929 block 55 dp 204','Paula  Banchero','paulabfn@gmail.com',NULL,NULL,'2021-11-24 16:33:10.458772','2021-11-24 16:33:10.458808',170),(40,'Barbara Jarschel 6307054','971488665','Metropolitana','Ñuñoa','San Eugenio 1209, Torre B, Depto 2204','Barbara Jarschel','barbara.jarschel@gmail.com',NULL,NULL,'2021-11-24 16:33:48.026357','2021-11-24 16:33:48.026384',170),(41,'Casa Matriz',NULL,NULL,NULL,'agua clara 1700, local 1',NULL,NULL,NULL,NULL,'2021-11-24 16:51:50.644786','2021-11-24 16:51:50.644807',248),(42,'Casa Matriz',NULL,NULL,NULL,'Diagonal Oriente 1310, cocina 3',NULL,NULL,NULL,NULL,'2021-11-24 16:55:20.370010','2021-11-24 16:55:20.370027',249),(43,'Casa Matriz','+56956285679','Valparaiso','Viña del Mar','LOS TRIGALES CASA 6 SAN BERNARDO','Roberto Hidalgo / FERNANDO HIDALGO',NULL,NULL,NULL,'2021-11-24 17:07:43.921092','2021-11-24 17:07:43.921118',246),(44,'Casa Matriz','+3952000','Metropolitana','Las Condes','Américo Vespucio Sur 80. piso 5','Rodrigo Gallardo 3952524/ Claudia Gazon 7743034 Laurent Pascualeto',NULL,NULL,NULL,'2021-11-24 17:11:00.627690','2021-11-24 17:11:00.627729',138),(45,'Casa Matriz','','Metropolitana','Santiago','Merced 294, Santiago','Sin Contacto',NULL,NULL,NULL,'2021-11-25 09:13:38.077933','2021-11-25 09:13:38.077960',231),(46,'Casa Matriz','',NULL,'','Huerfanos 539','Sin Contacto',NULL,NULL,NULL,'2021-11-25 10:33:02.876517','2021-11-25 10:33:02.876544',187),(47,'Casa Matriz','','Metropolitana','Providencia','Holanda 310 - 101','Sin Contacto',NULL,NULL,NULL,'2021-11-25 11:05:23.719533','2021-11-25 11:05:23.719563',202),(48,'Casa Matriz',NULL,NULL,NULL,'Apoquindo 7078, Las Condes',NULL,NULL,NULL,NULL,'2021-11-25 11:09:35.515352','2021-11-25 11:09:35.515369',250),(49,'cd refrigerados santiago',NULL,NULL,'','Camino lo aguirre sur 537',NULL,NULL,NULL,NULL,'2021-11-25 11:29:07.179938','2021-11-25 11:29:07.179971',167),(50,'cd coquimbo refrigerados y carnes',NULL,NULL,'','Parcela 109a sector pan de azucar',NULL,NULL,NULL,NULL,'2021-11-25 11:31:52.962861','2021-11-25 11:31:52.962888',167),(51,'jumbo kennedy',NULL,'Metropolitana','Las Condes','Av. pdte. kennedy 9001',NULL,NULL,NULL,NULL,'2021-11-25 11:34:03.040555','2021-11-25 11:34:03.040593',168),(52,'Casa Matriz','','Valparaiso','Valparaíso','Blanco 1623 504','Sin Contacto',NULL,NULL,NULL,'2021-11-25 15:10:43.177644','2021-11-25 15:10:43.177673',219),(53,'6011 central distribution',NULL,NULL,'','AV. Americo Vespucio 2300',NULL,NULL,NULL,NULL,'2021-11-25 16:35:45.734214','2021-11-25 16:35:45.734239',169),(54,'Danae Arámburo 2338609','0940380008','Metropolitana','Providencia','Los Capitanes 1355, depto 503','Danae Arámburo','danae_va@hotmail.com',NULL,NULL,'2021-11-25 17:37:33.354318','2021-11-25 17:37:33.354343',170),(55,'Casa Matriz','','Metropolitana','Providencia','Av. Francisco Bilbao 1482','Sofia Daly',NULL,NULL,NULL,'2021-11-25 17:38:25.552697','2021-11-25 17:38:25.552719',147),(56,'cd vespucio',NULL,'Metropolitana','Las Condes','San pablo 11011',NULL,NULL,NULL,NULL,'2021-11-29 16:26:26.848114','2021-11-29 16:26:26.848142',168),(57,'Casa Matriz','+56985956010','Metropolitana','Vitacura','Luis Pasteur 6340, local 4 Vitacura','Sin Contacto',NULL,NULL,NULL,'2021-12-01 13:17:37.288375','2021-12-01 13:17:37.288402',45),(58,'Casa Matriz','','Metropolitana','Vitacura','Luis Pasteur 6587. local 7','Sin Contacto',NULL,NULL,NULL,'2021-12-01 13:19:29.696433','2021-12-01 13:19:29.696456',115),(59,'Casa Matriz','','Metropolitana','Vitacura','Vitacura 9013','Sin Contacto',NULL,NULL,NULL,'2021-12-01 13:21:36.712732','2021-12-01 13:21:36.712756',194),(60,'Beatriz Benapres 5701140','994557853','Metropolitana','Vitacura','Fernando de Arguello 7505, depto 205','Beatriz Benapres','bbenaprescv@gmail.com',NULL,NULL,'2021-12-01 13:46:33.546347','2021-12-01 13:46:33.546372',170),(61,'Florentina  Browne Ciampi 6361648','982342356','Metropolitana','Ñuñoa','Ortuzar 299, depto 213','Florentina  Browne Ciampi','athe.browne@gmail.com',NULL,NULL,'2021-12-01 16:35:59.559326','2021-12-01 16:35:59.559360',170),(62,'Isidora Gallo 6382130','993174413','Metropolitana','Las Condes','Mar del Sur 1050, dpto 1304','Isidora Gallo','isidora.gallo@gmail.com',NULL,NULL,'2021-12-01 16:36:30.863914','2021-12-01 16:36:30.863945',170),(63,'Kerly Gonzalez  6382769','+56985826617 ','Metropolitana','Santiago Centro','Eleuterio ramirez 1070 dpto 1911 ','Kerly Gonzalez ','consultorkpgm@gmail.com',NULL,NULL,'2021-12-01 16:37:01.483863','2021-12-01 16:37:01.483897',170),(64,'Casa Matriz',NULL,NULL,NULL,'Tomas Moro 1749, Las Condes',NULL,NULL,NULL,NULL,'2021-12-01 16:43:40.068476','2021-12-01 16:43:40.068498',251),(65,'Casa Matriz',NULL,NULL,NULL,'Polonia 284, Las Condes',NULL,NULL,NULL,NULL,'2021-12-01 16:46:46.486966','2021-12-01 16:46:46.486995',252),(66,'Casa Matriz','',NULL,'Nuñoa','Av Irarrazaval 4971 Local 5A, Nuñoa','Sin Contacto',NULL,NULL,NULL,'2021-12-09 11:32:19.344718','2021-12-09 11:32:19.344744',56),(67,'Monica Kim 6452406','984563809','Metropolitana','Las Condes','Cerro tronador 860 depto 64','Monica Kim','monicayesul@gmail.com',NULL,NULL,'2021-12-09 11:33:16.138030','2021-12-09 11:33:16.138055',170),(68,'Guillermo Christiansen 5342988','998200447','Metropolitana','Lo Barnechea','El Tordillo 10674','Guillermo Christiansen','guillermo@christiansen.cl',NULL,NULL,'2021-12-09 11:34:35.128780','2021-12-09 11:34:35.128810',170),(69,'Casa Matriz','','Metropolitana','Macul','José Pedro Alessandri 475','Sofia Daly',NULL,NULL,NULL,'2021-12-09 11:35:58.693578','2021-12-09 11:35:58.693611',155),(70,'Casa Matriz','+56232507761','Metropolitana','San Miguel','Gabriela Mistral 5196, San Miguel','Sin Contacto',NULL,NULL,NULL,'2021-12-09 11:36:45.835327','2021-12-09 11:36:45.835350',80),(71,'Casa Matriz','','Metropolitana','Las Condes','REYES LA VALLE 3373 LAS CONDES','Sin Contacto',NULL,NULL,NULL,'2021-12-10 11:56:48.545087','2021-12-10 11:56:48.545110',224),(72,'Casa Matriz','','Metropolitana','Vitacura','Francisco de Aguirre 3570','Sin Contacto',NULL,NULL,NULL,'2021-12-10 12:01:12.557835','2021-12-10 12:01:12.557873',210),(73,'Casa Matriz','','Metropolitana','Vitacura','Los abetos sur 1117','Sin Contacto',NULL,NULL,NULL,'2021-12-10 12:05:17.771004','2021-12-10 12:05:17.771030',220),(74,'Casa Matriz','','Metropolitana','Vitacura','Avda las catalpas 1522','Sin Contacto',NULL,NULL,NULL,'2021-12-10 12:06:54.240832','2021-12-10 12:06:54.240857',214),(75,'Casa Matriz','+56982308764','Metropolitana','Providencia','Tobalaba 1445, Providencia','Sin Contacto',NULL,NULL,NULL,'2021-12-13 10:12:42.561007','2021-12-13 10:12:42.561038',23),(76,'Daniela Santelices Ahues 4329387','56968719290','Metropolitana','Las Condes','Vasco de Gama 4702, Dpto. 64, Las Condes','Daniela Santelices Ahues','danysantel@gmail.com',NULL,NULL,'2021-12-27 17:16:50.657789','2021-12-27 17:16:50.657821',170),(77,'María Quinteros 6193749','971625091','Metropolitana','Recoleta','San Cristóbal 471, depto 105','María Quinteros','mluisaq1@yahoo.es',NULL,NULL,'2022-01-03 09:27:13.603896','2022-01-03 09:27:13.603920',170),(78,'Alexandra Reyes B. 6717023','977930962','Metropolitana','Pudahuel','Los Pidenes 506','Alexandra Reyes B.','alexandra.reyes.b@gmail.com',NULL,NULL,'2022-01-03 09:27:30.173443','2022-01-03 09:27:30.173498',170),(79,'Maria jose Vasquez oyarzun 5790724','985968476','Metropolitana','Providencia','Luis videla herrera 2330,  Dpto 404','Maria jose Vasquez oyarzun','mjose.vasquez.oyarzun@gmail.com',NULL,NULL,'2022-01-03 09:27:46.639592','2022-01-03 09:27:46.639618',170),(80,'Rebeca Poleo 2062088','976354133','Metropolitana','Las Condes','fontana rosa 6640 depto 1102','Rebeca Poleo','rebecapoleo@gmail.com',NULL,NULL,'2022-01-03 12:04:58.324324','2022-01-03 12:04:58.324349',170),(81,'Casa Matriz','','Valparaiso','Los Andes','La Chaparrina 362','Sin Contacto',NULL,NULL,NULL,'2022-01-03 12:12:46.256007','2022-01-03 12:12:46.256030',2),(82,'Casa Matriz','+56940975584','Metropolitana','La Reina','Monseñor Edwards 1182, local B La Reina. ','Sin Contacto',NULL,NULL,NULL,'2022-01-03 15:03:02.634208','2022-01-03 15:03:02.634233',37),(83,'Casa Matriz',NULL,NULL,NULL,'Apoquindo 4445 local 1, las condes',NULL,NULL,NULL,NULL,'2022-01-03 15:06:16.417838','2022-01-03 15:06:16.417868',253),(84,'Casa Matriz','+56990890970','Metropolitana','Las Condes','Vicuña Mackenna Poniente 6690 Local 30, La Florida\n','Sin Contacto',NULL,NULL,NULL,'2022-01-04 09:03:46.899791','2022-01-04 09:03:46.899825',109),(85,'Casa Matriz','2322474421',NULL,NULL,'Av. Pedro de Valdivia 887','Valentina del Sante',NULL,NULL,NULL,'2022-01-04 14:19:13.548250','2022-01-04 14:19:13.548275',254),(86,'Casa Matriz','2322474421',NULL,NULL,'Av. Hernando de Aguirre 136','Valentina del Sante',NULL,NULL,NULL,'2022-01-04 14:24:21.299900','2022-01-04 14:24:21.299919',255),(87,'Casa Matriz','+8103840/41','Metropolitana','Pudahuel','Av. General Bonilla 9469','Paola Seguel (8103840)',NULL,NULL,NULL,'2022-01-04 15:24:48.061633','2022-01-04 15:24:48.061669',177),(88,'Casa Matriz','','Metropolitana','Santiago','Av. Americo Vespucio 1151','Sin Contacto',NULL,NULL,NULL,'2022-01-04 16:17:32.049978','2022-01-04 16:17:32.050003',236),(89,'Simoné Malacchini 3145535','995183137','Metropolitana','Santiago Centro','Rosal 374, depto 37','Simoné Malacchini','sudamericanas@gmail.com',NULL,NULL,'2022-01-04 16:37:59.538892','2022-01-04 16:37:59.538922',170),(90,'Daniela Salazar Salazar 2083771','950931220','Metropolitana','La Cisterna','Avenida Ossa 082 casa H','Daniela Salazar Salazar','daniela.salazar.salazar@gmail.com',NULL,NULL,'2022-01-04 16:38:33.373285','2022-01-04 16:38:33.373311',170),(91,'Casa Matriz','56973229438',NULL,NULL,'Avenida Francisco Bilbao 2765','Yohana Arellano',NULL,NULL,NULL,'2022-01-05 12:20:52.130078','2022-01-05 12:20:52.130094',256),(92,'Casa Matriz','56991383380',NULL,NULL,'Roger de Flor 2950','Matías Pereira',NULL,NULL,NULL,'2022-01-06 08:11:02.793652','2022-01-06 08:11:02.793688',257),(93,'Casa Matriz','56991383380',NULL,NULL,'Tomas Moro 494','Matías Pereira',NULL,NULL,NULL,'2022-01-06 08:12:37.413182','2022-01-06 08:12:37.413211',258),(94,'Casa Matriz','56991383380',NULL,NULL,'Holanda 2900','Matías Pereira',NULL,NULL,NULL,'2022-01-06 08:14:07.776550','2022-01-06 08:14:07.776576',259),(95,'Casa Matriz','+56953868576','Metropolitana','Santiago','Av. Chicureo 3100 Local 5A, Colina','Jaqueline Sazo',NULL,NULL,NULL,'2022-01-06 09:35:52.977004','2022-01-06 09:35:52.977027',122),(96,'SOLEDAD GALLEGO JIMÉNEZ 6750790','988997356','Metropolitana','Las Condes','MANQUEHUE SUR N°1650, DPTO. 15','SOLEDAD GALLEGO JIMÉNEZ','soledadgj@hotmail.com',NULL,NULL,'2022-01-07 14:23:48.105028','2022-01-07 14:23:48.105053',170),(97,'Casa Matriz','222162417',NULL,NULL,'Av, El Rodeo 13.350 Local 4','Gonzalo Risso',NULL,NULL,NULL,'2022-01-10 14:15:03.149945','2022-01-10 14:15:03.149974',260),(98,'Bodega en Quilicura','+56998793487','Metropolitana','Quilicura','Av. San Martin 8000 Bodega 12A','Gonzalo Risso','gonzalo@mercadopatache.cl','+56998793487',NULL,'2022-01-10 14:24:28.487898','2022-01-10 14:24:28.491203',260),(99,'Casa Matriz',NULL,'Metropolitana','Vitacura','Vitacura 5342','Sin Contacto',NULL,NULL,NULL,'2022-01-10 16:50:48.970486','2022-01-10 16:50:48.970508',217),(100,'Victoria Ávalos Borax 6779666','+56984161902','Metropolitana','Ñuñoa','Mujica 55, depto 801','Victoria Ávalos Borax','vicks.avalos@gmail.com',NULL,NULL,'2022-01-10 17:04:33.519998','2022-01-10 17:04:33.520024',170),(101,'Casa Matriz','56987124347',NULL,NULL,'Avenida del canal 19811 local 9','Marcos  Calfucura',NULL,NULL,NULL,'2022-01-10 17:25:58.248925','2022-01-10 17:25:58.248953',261),(102,'Andrés Vlastelica 3394393','971086104','Metropolitana','Las Condes','Francisco Cook 752, Dpto 54','Andrés Vlastelica','andresvlaste@gmail.com',NULL,NULL,'2022-01-11 14:23:40.100224','2022-01-11 14:23:40.100259',170),(103,'Casa Matriz','+56984399446',NULL,NULL,'Colon 7550, las condes','Laura Fierro',NULL,NULL,NULL,'2022-01-12 12:08:38.718471','2022-01-12 12:08:38.718486',262),(104,'Donata  Bergmann 6800505','991388940','Metropolitana','Recoleta','santa filomena 139','Donata  Bergmann','gelatilmaestrale@gmail.com',NULL,NULL,'2022-01-12 17:05:34.734916','2022-01-12 17:05:34.734945',170),(105,'Casa Matriz','','Metropolitana','Huechuraba','Pedro Fontova 7523','Sofia Daly',NULL,NULL,NULL,'2022-01-14 10:14:47.436066','2022-01-14 10:14:47.436100',150),(106,'Casa Matriz','','Metropolitana','Lo Barnechea','Simplysweet la pasteleria spa','Sin Contacto',NULL,NULL,NULL,'2022-01-17 15:08:02.426085','2022-01-17 15:08:02.426111',230),(107,'Daniela Muñoz 2228576','957807301','Metropolitana','Providencia','Luis Amundsen 2170, depto. 301','Daniela Muñoz','dani.munozp@gmail.com',NULL,NULL,'2022-01-17 15:12:39.352992','2022-01-17 15:12:39.353023',170),(108,'Constanza Reyes 6674559','994459329','Metropolitana','Pedro Aguirre Cerda','Pintor el greco 5027','Constanza Reyes','reyesconstanza285@gmail.com',NULL,NULL,'2022-01-17 15:12:55.565646','2022-01-17 15:12:55.565671',170),(109,'Casa Matriz','+56966550160','Metropolitana','Ñuñoa','General José Artigas 3001 Local 4, Ñuñoa','Sin Contacto',NULL,NULL,NULL,'2022-01-17 17:08:14.921796','2022-01-17 17:08:14.921819',39),(110,'Casa Matriz','+56936339475',NULL,'Nuñoa','Av. Irarrazaval 3761 Local 3 esquina Los Talaveras.','Sin Contacto',NULL,NULL,NULL,'2022-01-18 10:00:34.840275','2022-01-18 10:00:34.840307',82),(111,'Casa Matriz','56991383380',NULL,NULL,'Av. Las Condes 12803','Matías Pereira',NULL,NULL,NULL,'2022-01-19 10:28:54.347197','2022-01-19 10:28:54.347227',263),(112,'Casa Matriz','+56988557823','Metropolitana','Providencia','Pedro de Valdivia 2437, Providencia','Sin Contacto',NULL,NULL,NULL,'2022-01-19 18:33:18.144114','2022-01-19 18:33:18.144140',18),(113,'Casa Matriz','','Metropolitana','Providencia','Av. Eliodoro Yáñez 921','Sofia Daly',NULL,NULL,NULL,'2022-01-20 08:51:39.494286','2022-01-20 08:51:39.494312',156),(114,'Casa Matriz',NULL,NULL,NULL,'Pdte Eduardo Frei Montalva 9950',NULL,NULL,NULL,NULL,'2022-01-20 09:25:59.204899','2022-01-20 09:25:59.204915',264);
/*!40000 ALTER TABLE `clientes_clientelocal` ENABLE KEYS */;
UNLOCK TABLES;

--
-- Table structure for table `django_admin_log`
--

DROP TABLE IF EXISTS `django_admin_log`;
/*!40101 SET @saved_cs_client     = @@character_set_client */;
/*!40101 SET character_set_client = utf8 */;
CREATE TABLE `django_admin_log` (
  `id` int(11) NOT NULL AUTO_INCREMENT,
  `action_time` datetime(6) NOT NULL,
  `object_id` longtext,
  `object_repr` varchar(200) NOT NULL,
  `action_flag` smallint(5) unsigned NOT NULL,
  `change_message` longtext NOT NULL,
  `content_type_id` int(11) DEFAULT NULL,
  `user_id` int(11) NOT NULL,
  PRIMARY KEY (`id`),
  KEY `django_admin_log_content_type_id_c4bce8eb_fk_django_co` (`content_type_id`),
  KEY `django_admin_log_user_id_c564eba6_fk_auth_user_id` (`user_id`),
  CONSTRAINT `django_admin_log_content_type_id_c4bce8eb_fk_django_co` FOREIGN KEY (`content_type_id`) REFERENCES `django_content_type` (`id`),
  CONSTRAINT `django_admin_log_user_id_c564eba6_fk_auth_user_id` FOREIGN KEY (`user_id`) REFERENCES `auth_user` (`id`)
) ENGINE=InnoDB AUTO_INCREMENT=1456 DEFAULT CHARSET=latin1;
/*!40101 SET character_set_client = @saved_cs_client */;

--
-- Dumping data for table `django_admin_log`
--

LOCK TABLES `django_admin_log` WRITE;
/*!40000 ALTER TABLE `django_admin_log` DISABLE KEYS */;
INSERT INTO `django_admin_log` VALUES (1,'2021-08-31 09:05:21.312469','1','PH',1,'[{\"added\": {}}]',23,1),(2,'2021-08-31 09:05:25.456726','2','T°',1,'[{\"added\": {}}]',23,1),(3,'2021-08-31 09:05:35.995789','1','Área de negocio: Queso CamBri',1,'El empleado seba ha agregado el área de negocio: Queso CamBri',9,1),(4,'2021-08-31 09:06:10.122149','1','Insumo Leche',1,'El empleado seba ha agregado el insumo Leche',7,1),(5,'2021-08-31 09:06:22.495165','2','Insumo Azucar',1,'El empleado seba ha agregado el insumo Azucar',7,1),(6,'2021-08-31 10:01:07.830503','1','Bodega Santiago',1,'El usuario seba ha creado la bodega Santiago',11,1),(7,'2021-08-31 10:01:26.736266','1','Proveedor Ingredion Chile S.A.',1,'El proveedor Ingredion Chile S.A. ha sido creado por el usuario  ',14,1),(8,'2021-08-31 10:02:08.149646','1','Orden de compra 0',1,'La orden de compra 0 ha sido solicitada el usuario  ',19,1),(9,'2021-08-31 15:32:13.984151','4','Pauta de elaboración Queso Campo',1,'La pauta de elaboración Queso Campo ha sido añadida por el usuario seba',27,1),(10,'2021-08-31 15:32:43.478561','1','Sebastián Valenzuela',2,'[{\"changed\": {\"fields\": [\"First name\", \"Last name\"]}}]',4,1),(11,'2021-08-31 15:39:42.242615','6','Pauta de elaboración Santiago',1,'La pauta de elaboración Santiago ha sido añadida por el usuario Sebastián Valenzuela',27,1),(12,'2021-08-31 15:44:58.579513','6','Yogurt Clasico',2,'[{\"changed\": {\"fields\": [\"Columnas\"]}}]',27,1),(13,'2021-08-31 16:09:10.931877','1','Orden de compra 0',2,'La orden de compra 0 ha sido Validada por el usuario Sebastián Valenzuela',19,1),(14,'2021-08-31 16:09:48.916331','1','Orden de compra 0',2,'La orden de compra 0 ha sido Inicial por el usuario Sebastián Valenzuela',19,1),(15,'2021-08-31 16:09:55.887900','1','Orden de compra 0',2,'La orden de compra 0 ha sido Validada por el usuario Sebastián Valenzuela',19,1),(16,'2021-08-31 16:12:47.937452','6','Pauta de elaboración Yogurt Clasico',3,'La pauta de elaboración Yogurt Clasico ha sido eliminada por el usuario Sebastián Valenzuela',27,1),(17,'2021-08-31 17:12:41.378873','3','Parámetro Fecha',3,'El parámetro Fecha ha sido eliminado por el usuario Sebastián Valenzuela',23,1),(18,'2021-08-31 18:05:45.352363','2',' ',1,'[{\"added\": {}}]',4,1),(19,'2021-08-31 18:05:55.781703','2','Hernan Vigil',2,'[{\"changed\": {\"fields\": [\"First name\", \"Last name\", \"Email address\", \"Staff status\", \"Superuser status\"]}}]',4,1),(20,'2021-08-31 18:06:02.602064','3',' ',1,'[{\"added\": {}}]',4,1),(21,'2021-08-31 18:06:15.080428','3','Santiago Donoso',2,'[{\"changed\": {\"fields\": [\"First name\", \"Last name\", \"Superuser status\"]}}]',4,1),(22,'2021-08-31 18:06:23.091326','4',' ',1,'[{\"added\": {}}]',4,1),(23,'2021-08-31 18:06:30.447282','4','Camila ',2,'[{\"changed\": {\"fields\": [\"First name\", \"Superuser status\"]}}]',4,1),(24,'2021-09-01 15:16:59.626503','2','Bodega San Felipe',1,'El usuario Sebastián Valenzuela ha creado la bodega San Felipe',11,1),(25,'2021-09-01 16:50:20.375869','1','Clientes',1,'[{\"added\": {}}]',3,1),(41,'2021-09-02 10:51:02.943611','1','Área de negocio: Queso CamBri',3,'El empleado Sebastián Valenzuela ha eliminado el área de negocio: Queso CamBri',9,1),(42,'2021-09-02 10:51:08.835704','2','Área de negocio: Queso CamBri',1,'El empleado Sebastián Valenzuela ha agregado el área de negocio: Queso CamBri',9,1),(43,'2021-09-02 10:52:12.366502','5','Producto: Santiago',1,'El empleado Sebastián Valenzuela ha agregado el producto: Santiago',10,1),(44,'2021-09-02 11:03:46.772682','5','Producto: Santiago',2,'El empleado Sebastián Valenzuela ha modificado el producto: Santiago',10,1),(45,'2021-09-02 15:46:00.208798','10','Prueba Permisos',2,'[{\"changed\": {\"fields\": [\"password\"]}}]',4,1),(46,'2021-09-02 15:48:24.352856','10','Prueba Permisos',2,'[{\"changed\": {\"fields\": [\"User permissions\", \"Last login\"]}}]',4,1),(50,'2021-09-02 15:59:20.575893','10','Prueba Permisos',2,'[{\"changed\": {\"fields\": [\"User permissions\"]}}]',4,1),(51,'2021-09-02 15:59:46.363530','10','Prueba Permisos',2,'[{\"changed\": {\"fields\": [\"User permissions\"]}}]',4,1),(53,'2021-09-02 16:02:51.013312','10','Prueba Permisos',2,'[{\"changed\": {\"fields\": [\"User permissions\"]}}]',4,1),(56,'2021-09-02 16:04:37.174579','10','Prueba Permisos',2,'[{\"changed\": {\"fields\": [\"User permissions\"]}}]',4,1),(57,'2021-09-02 16:11:22.420258','10','Prueba Permisos',2,'[{\"changed\": {\"fields\": [\"User permissions\"]}}]',4,1),(59,'2021-09-02 16:12:02.583675','10','Prueba Permisos',2,'[{\"changed\": {\"fields\": [\"User permissions\"]}}]',4,1),(60,'2021-09-02 16:14:32.618016','10','Prueba Permisos',2,'[{\"changed\": {\"fields\": [\"User permissions\"]}}]',4,1),(62,'2021-09-02 16:15:25.848791','10','Prueba Permisos',2,'[{\"changed\": {\"fields\": [\"User permissions\"]}}]',4,1),(63,'2021-09-03 15:21:36.041460','6','Pauta de elaboración Asd',1,'La pauta de elaboración Asd ha sido añadida por el usuario Sebastián Valenzuela',27,1),(64,'2021-09-03 17:35:59.304035','11',' ',1,'[{\"added\": {}}]',4,1),(65,'2021-09-03 17:36:07.581018','11',' ',2,'[{\"changed\": {\"fields\": [\"User permissions\"]}}]',4,1),(66,'2021-09-03 18:01:33.427099','11',' ',2,'[{\"changed\": {\"fields\": [\"User permissions\"]}}]',4,1),(89,'2021-09-07 10:56:04.274773','3','Equipo Prueba',1,'Se ha creado el equipo Prueba en Santiago por el usuario Sebastián Valenzuela',38,1),(90,'2021-09-07 10:56:07.943902','3','Equipo Pruebad',2,'Se ha actualizado el equipo Pruebad en Santiago por el usuario Sebastián Valenzuela',38,1),(91,'2021-09-07 10:56:10.017182','3','Equipo Pruebad',3,'Se ha eliminado el equipo Pruebad en Santiago por el usuario Sebastián Valenzuela',38,1),(96,'2021-09-07 11:12:13.788469','10','Prueba Permisos',2,'[{\"changed\": {\"fields\": [\"User permissions\"]}}]',4,1),(99,'2021-09-07 11:13:15.042265','10','Prueba Permisos',2,'[{\"changed\": {\"fields\": [\"User permissions\"]}}]',4,1),(101,'2021-09-07 11:35:17.940868','2','Equipo Maquina de Quesos',1,'Se ha creado el equipo Maquina de Quesos en Santiago por el usuario Sebastián Valenzuela',38,1),(102,'2021-09-07 11:53:22.106233','2','Orden de compra 1',1,'La orden de compra 1 ha sido solicitada el usuario Sebastián Valenzuela',19,1),(103,'2021-09-07 11:53:26.587969','2','Orden de compra 1',2,'La orden de compra 1 ha sido Validada por el usuario Sebastián Valenzuela',19,1),(104,'2021-09-07 11:53:44.738402','2','Orden de compra 1',2,'La orden de compra 1 ha sido Recepcionada por el usuario Sebastián Valenzuela',19,1),(107,'2021-09-07 15:29:44.721458','6','Pauta de elaboración Asdd',2,'La pauta de elaboración Asdd ha sido actualizada por el usuario Sebastián Valenzuela',27,1),(112,'2021-09-08 15:45:37.220302','429','calidad | Registro Limpieza Equipo | Puede actualizar un registro',3,'',2,1),(113,'2021-09-08 15:45:37.275352','427','calidad | Registro Limpieza Equipo | Puede añadir un registro',3,'',2,1),(114,'2021-09-08 15:45:37.292332','428','calidad | Registro Limpieza Equipo | Puede eliminar un registro',3,'',2,1),(115,'2021-09-08 15:45:37.309175','426','calidad | Registro Limpieza Equipo | Puede ver los registros',3,'',2,1),(116,'2021-09-08 15:45:37.344026','438','calidad | Registro Limpieza Equipo | Puede actualizar un registro',3,'',2,1),(117,'2021-09-08 15:45:37.434003','444','calidad | Registro Limpieza Equipo | Puede ver todos los registros',3,'',2,1),(118,'2021-09-08 15:45:37.484477','436','calidad | Registro Limpieza Equipo | Puede añadir un registro',3,'',2,1),(119,'2021-09-08 15:45:37.500814','437','calidad | Registro Limpieza Equipo | Puede eliminar un registro',3,'',2,1),(120,'2021-09-08 15:45:37.517951','435','calidad | Registro Limpieza Equipo | Puede ver los registros',3,'',2,1),(121,'2021-09-08 15:45:37.534391','424','calidad | utensilio | Puede actualizar un utensilio',3,'',2,1),(122,'2021-09-08 15:45:37.551308','425','calidad | utensilio | Puede asociar un equipo al utensilio',3,'',2,1),(123,'2021-09-08 15:45:37.567720','422','calidad | utensilio | Puede añadir un utensilio',3,'',2,1),(124,'2021-09-08 15:45:37.585152','423','calidad | utensilio | Puede eliminar un utensilio',3,'',2,1),(125,'2021-09-08 15:45:37.601045','421','calidad | utensilio | Puede ver los utensilios',3,'',2,1),(126,'2021-09-08 15:45:37.618168','433','calidad | utensilio | Puede actualizar un utensilio',3,'',2,1),(127,'2021-09-08 15:45:37.634580','434','calidad | utensilio | Puede asociar un equipo al utensilio',3,'',2,1),(128,'2021-09-08 15:45:37.703360','431','calidad | utensilio | Puede añadir un utensilio',3,'',2,1),(129,'2021-09-08 15:45:37.779909','432','calidad | utensilio | Puede eliminar un utensilio',3,'',2,1),(130,'2021-09-08 15:45:37.835123','430','calidad | utensilio | Puede ver los utensilios',3,'',2,1),(131,'2021-09-08 16:38:36.645317','2','Equipo Maquina de Quesos',2,'Se ha actualizado el equipo Maquina de Quesos en Sala de Queso por el usuario Sebastián Valenzuela',38,1),(132,'2021-09-08 16:39:06.046722','1','Equipo Maquina de Queso',2,'Se ha actualizado el equipo Maquina de Queso en Sala De Jamon por el usuario Sebastián Valenzuela',38,1),(133,'2021-09-08 16:40:51.594671','2','Equipo Maquina de Quesos',2,'Se ha actualizado el equipo Maquina de Quesos en Sala de Queso por el usuario Sebastián Valenzuela',38,1),(134,'2021-09-08 16:41:00.252042','3','Equipo San Felipe',1,'Se ha creado el equipo San Felipe en Sala de Basura por el usuario Sebastián Valenzuela',38,1),(135,'2021-09-09 15:44:21.880026','4','Bodega Valdivia',1,'El usuario Sebastián Valenzuela ha creado la bodega Valdivia',11,1),(136,'2021-09-09 15:58:38.316986','3','Equipo Impresora',2,'Se ha actualizado el equipo Impresora en Santiago por el usuario Sebastián Valenzuela',38,1),(137,'2021-09-09 16:34:38.750809','4','Equipo Impresora v2',1,'Se ha creado el equipo Impresora v2 en Sala De Jamon por el usuario Adriana ',38,11),(138,'2021-09-09 16:34:47.861539','4','Equipo Impresora v2',3,'Se ha eliminado el equipo Impresora v2 en Sala De Jamon por el usuario Adriana ',38,11),(139,'2021-09-09 16:37:44.054078','3','Equipo Impresora',3,'Se ha eliminado el equipo Impresora en Santiago por el usuario Adriana ',38,11),(140,'2021-09-09 16:47:28.975243','5','Área Permiso',1,'Se ha creado el área Permiso en VALDIVIA por el usuario Sebastián Valenzuela',43,1),(141,'2021-09-09 16:47:31.862402','5','Área Permisod',2,'Se ha actualizado el área Permisod en VALDIVIA por el usuario Sebastián Valenzuela',43,1),(142,'2021-09-09 16:47:34.748317','5','Área Permisod',3,'Se ha eliminado el área Permisod en VALDIVIA por el usuario Sebastián Valenzuela',43,1),(143,'2021-09-09 18:02:39.004569','11','Adriana ',2,'[{\"changed\": {\"fields\": [\"User permissions\"]}}]',4,1),(144,'2021-09-09 18:03:14.118174','11','Adriana ',2,'[{\"changed\": {\"fields\": [\"User permissions\"]}}]',4,1),(145,'2021-09-13 10:13:32.206810','5','Área Envasado de yogurt',1,'Se ha creado el área Envasado de yogurt en VALDIVIA por el usuario Adriana ',43,11),(146,'2021-09-13 10:13:58.398896','3','Equipo Envasadora de yogurt',1,'Se ha creado el equipo Envasadora de yogurt en Envasado de yogurt por el usuario Adriana ',38,11),(147,'2021-09-15 10:12:40.898385','30','Jorge Prueba',2,'[{\"changed\": {\"fields\": [\"Superuser status\"]}}]',4,1),(148,'2021-09-15 10:14:04.412778','30','Jorge Prueba',2,'[{\"changed\": {\"fields\": [\"Superuser status\", \"Groups\"]}}]',4,1),(149,'2021-09-21 19:11:59.417072','1','Inventario Insumo Azucar - Santiago',2,'Se ha actualizado el inventario de Azucar en Santiago de manera MANUAL por el usuario Sebastián Valenzuela',13,1),(150,'2021-09-21 19:12:31.472469','3','Orden de compra 2',1,'La orden de compra 2 ha sido solicitada el usuario Sebastián Valenzuela',19,1),(151,'2021-09-21 19:12:42.488512','3','Orden de compra 2',2,'La orden de compra 2 ha sido Validada por el usuario Sebastián Valenzuela',19,1),(152,'2021-09-21 19:13:03.921168','3','Orden de compra 2',2,'La orden de compra 2 ha sido Recepcionada por el usuario Sebastián Valenzuela',19,1),(153,'2021-09-22 12:19:22.723585','3','Equipo Envasadora de yogurt',3,'Se ha eliminado el equipo Envasadora de yogurt en Envasado de yogurt por el usuario Adriana ',38,11),(154,'2021-09-22 12:28:41.478691','5','Área Envasado de yogurt',3,'Se ha eliminado el área Envasado de yogurt en VALDIVIA por el usuario Adriana ',43,11),(155,'2021-09-22 12:28:58.403386','6','Área Sala de yogurt',1,'Se ha creado el área Sala de yogurt en VALDIVIA por el usuario Adriana ',43,11),(156,'2021-09-22 12:29:26.572828','6','Área Sala de yogurt',2,'Se ha actualizado el área Sala de yogurt en VALDIVIA por el usuario Adriana ',43,11),(157,'2021-09-22 12:29:52.834284','4','Equipo Tanque de yogurt',1,'Se ha creado el equipo Tanque de yogurt en Sala de yogurt por el usuario Adriana ',38,11),(158,'2021-10-20 12:32:29.851624','35','Sebastián Valenzuela',2,'[{\"changed\": {\"fields\": [\"Username\", \"Groups\"]}}]',4,1),(159,'2021-10-20 17:05:43.282996','36','pan@pan.cl',1,'[{\"added\": {}}]',4,1),(160,'2021-10-20 17:08:22.126836','41','Santiago Donoso',2,'[{\"changed\": {\"fields\": [\"Staff status\"]}}]',4,1),(161,'2021-10-20 17:08:31.477489','41','Santiago Donoso',2,'[{\"changed\": {\"fields\": [\"Staff status\", \"Superuser status\"]}}]',4,1),(162,'2021-10-20 17:08:37.208964','40','Francisco Mesa',2,'[{\"changed\": {\"fields\": [\"Superuser status\"]}}]',4,1),(163,'2021-10-20 17:08:47.661375','37','Adriana Artunduaga',2,'[{\"changed\": {\"fields\": [\"Superuser status\"]}}]',4,1),(164,'2021-10-20 17:08:54.500767','42','Hernan Vigil',2,'[{\"changed\": {\"fields\": [\"Staff status\", \"Superuser status\"]}}]',4,1),(165,'2021-10-20 17:09:00.973102','39','Deyanira Poblete',2,'[{\"changed\": {\"fields\": [\"Superuser status\"]}}]',4,1),(166,'2021-10-20 17:09:17.381595','38','Camila Gatica',2,'[{\"changed\": {\"fields\": [\"Superuser status\"]}}]',4,1),(167,'2021-10-22 09:14:08.697709','3','Insumo Almidon Snowflakes',1,'El empleado Santiago Donoso ha agregado el insumo Almidon Snowflakes',7,41),(168,'2021-10-22 10:12:56.580553','4','Orden de compra 3',1,'La orden de compra 3 ha sido solicitada el usuario Santiago Donoso',19,41),(169,'2021-10-22 10:16:09.687358','41','Santiago Donoso',2,'[{\"changed\": {\"fields\": [\"Staff status\"]}}]',4,1),(170,'2021-10-22 10:19:44.568716','4','Orden de compra 3',2,'La orden de compra 3 ha sido Validada por el usuario Santiago Donoso',19,41),(171,'2021-10-22 10:20:18.465600','4','Orden de compra 3',3,'La orden de compra 3 ha sido rechazada por el usuario Santiago Donoso',19,41),(172,'2021-10-22 10:20:35.229957','4','Orden de compra 3',2,'La orden de compra 3 ha sido Validada por el usuario Santiago Donoso',19,41),(173,'2021-10-22 10:25:40.400920','2','Insumo Azucar',2,'El empleado Santiago Donoso ha modificado el insumo Azucar',7,41),(174,'2021-10-22 10:26:28.873351','1','Insumo Leche',2,'El empleado Santiago Donoso ha modificado el insumo Leche',7,41),(175,'2021-10-22 10:26:42.706722','1','Insumo Leche en polvo descremada',2,'El empleado Santiago Donoso ha modificado el insumo Leche en polvo descremada',7,41),(176,'2021-10-22 10:26:51.439129','2','Insumo Azucar',2,'El empleado Santiago Donoso ha modificado el insumo Azucar',7,41),(177,'2021-10-22 10:27:17.600502','4','Insumo Proteina de Haba',1,'El empleado Santiago Donoso ha agregado el insumo Proteina de Haba',7,41),(178,'2021-10-22 10:27:38.389720','5','Insumo N-Dulge',1,'El empleado Santiago Donoso ha agregado el insumo N-Dulge',7,41),(179,'2021-10-25 17:21:48.732383','6','Insumo Bolsa Vacio 160x200x80 micras',1,'El empleado Santiago Donoso ha agregado el insumo Bolsa Vacio 160x200x80 micras',7,41),(180,'2021-10-25 17:23:42.058066','2','Proveedor FIBRO CHILE',1,'El proveedor FIBRO CHILE ha sido creado por el usuario Santiago Donoso',14,41),(181,'2021-10-25 17:25:02.713534','5','Orden de compra 4',1,'La orden de compra 4 ha sido solicitada el usuario Santiago Donoso',19,41),(182,'2021-10-25 17:38:11.410247','7','Insumo LACTOSA',1,'El empleado Santiago Donoso ha agregado el insumo LACTOSA',7,41),(183,'2021-10-25 17:38:31.380199','8','Insumo SAL FUNDENTE ST-115',1,'El empleado Santiago Donoso ha agregado el insumo SAL FUNDENTE ST-115',7,41),(184,'2021-10-25 17:41:10.229081','3','Proveedor PRINAL LTDA',1,'El proveedor PRINAL LTDA ha sido creado por el usuario Santiago Donoso',14,41),(185,'2021-10-25 17:43:42.797373','6','Orden de compra 5',1,'La orden de compra 5 ha sido solicitada el usuario Santiago Donoso',19,41),(186,'2021-10-25 17:44:07.615751','8','Insumo SAL FUNDENTE ST-115',2,'El empleado Santiago Donoso ha modificado el insumo SAL FUNDENTE ST-115',7,41),(187,'2021-10-25 17:44:26.706670','6','Orden de compra 5',2,'La orden de compra 5 ha sido Inicial por el usuario Santiago Donoso',19,41),(188,'2021-10-25 17:45:25.883174','6','Orden de compra 5',2,'La orden de compra 5 ha sido Validada por el usuario Santiago Donoso',19,41),(189,'2021-10-26 13:57:32.127353','4','Proveedor DILACO',1,'El proveedor DILACO ha sido creado por el usuario Santiago Donoso',14,41),(190,'2021-10-26 13:59:06.286432','9','Insumo CULTIVO DVS-50 R-708',1,'El empleado Santiago Donoso ha agregado el insumo CULTIVO DVS-50 R-708',7,41),(191,'2021-10-26 14:00:00.090186','10','Insumo PC SAM3 LYO10',1,'El empleado Santiago Donoso ha agregado el insumo PC SAM3 LYO10',7,41),(192,'2021-10-26 14:00:45.205782','11','Insumo R-704',1,'El empleado Santiago Donoso ha agregado el insumo R-704',7,41),(193,'2021-10-26 14:06:08.129098','12','Insumo SAL FUNDENTE 1054',1,'El empleado Santiago Donoso ha agregado el insumo SAL FUNDENTE 1054',7,41),(194,'2021-10-26 16:18:10.423668','7','Orden de compra 6',1,'La orden de compra 6 ha sido solicitada el usuario Santiago Donoso',19,41),(195,'2021-10-27 10:13:49.687830','5','Proveedor MARPLE',1,'El proveedor MARPLE ha sido creado por el usuario Santiago Donoso',14,41),(196,'2021-10-27 10:14:52.889280','13','Insumo POTE 200/95 C/TAPA',1,'El empleado Santiago Donoso ha agregado el insumo POTE 200/95 C/TAPA',7,41),(197,'2021-10-27 10:16:07.553498','8','Orden de compra 7',1,'La orden de compra 7 ha sido solicitada el usuario Santiago Donoso',19,41),(198,'2021-10-28 12:21:49.884249','14','Insumo ACIDO CITRICO',1,'El empleado Santiago Donoso ha agregado el insumo ACIDO CITRICO',7,41),(199,'2021-10-28 12:22:46.254336','9','Orden de compra 8',1,'La orden de compra 8 ha sido solicitada el usuario Santiago Donoso',19,41),(200,'2021-10-28 12:27:14.761915','4','Orden de compra 3',2,'La orden de compra 3 ha sido Recepcionada por el usuario Santiago Donoso',19,41),(201,'2021-10-28 12:28:07.490507','4','Orden de compra 3',2,'La orden de compra 3 ha sido Pagada por el usuario Santiago Donoso',19,41),(202,'2021-10-29 08:33:43.002037','9','Orden de compra 8',2,'La orden de compra 8 ha sido Validada por el usuario Santiago Donoso',19,41),(203,'2021-11-02 15:09:29.509956','7','Orden de compra 6',2,'La orden de compra 6 ha sido Validada por el usuario Deyanira Poblete',19,39),(204,'2021-11-02 15:11:03.825542','7','Orden de compra 6',2,'La orden de compra 6 ha sido Semi-Recepcionada por el usuario Deyanira Poblete',19,39),(205,'2021-11-02 15:21:53.626381','7','Orden de compra 6',2,'La orden de compra 6 ha sido Recepcionada por el usuario Deyanira Poblete',19,39),(206,'2021-11-02 15:29:04.834202','3','Orden de compra 2',3,'La orden de compra 2 ha sido rechazada por el usuario Santiago Donoso',19,41),(207,'2021-11-02 15:29:22.305172','2','Orden de compra 1',2,'La orden de compra 1 ha sido Validada por el usuario Santiago Donoso',19,41),(208,'2021-11-02 15:29:29.643853','2','Orden de compra 1',2,'La orden de compra 1 ha sido Inicial por el usuario Santiago Donoso',19,41),(209,'2021-11-02 15:29:33.980389','2','Orden de compra 1',2,'La orden de compra 1 ha sido Inicial por el usuario Santiago Donoso',19,41),(210,'2021-11-02 15:29:40.986789','3','Orden de compra 2',2,'La orden de compra 2 ha sido Recepcionada por el usuario Santiago Donoso',19,41),(211,'2021-11-02 15:29:52.118376','3','Orden de compra 2',3,'La orden de compra 2 ha sido rechazada por el usuario Santiago Donoso',19,41),(212,'2021-11-02 15:30:01.022754','2','Orden de compra 1',3,'La orden de compra 1 ha sido rechazada por el usuario Santiago Donoso',19,41),(213,'2021-11-02 15:30:15.633832','1','Orden de compra 0',3,'La orden de compra 0 ha sido rechazada por el usuario Santiago Donoso',19,41),(214,'2021-11-02 15:31:07.575302','1','Inventario Insumo Azucar - Santiago',2,'Se ha actualizado el inventario de Azucar en Santiago de manera MANUAL por el usuario Santiago Donoso',13,41),(215,'2021-11-02 15:31:34.522572','2','Inventario Insumo Almidon Snowflakes - Santiago',2,'Se ha actualizado el inventario de Almidon Snowflakes en Santiago de manera MANUAL por el usuario Santiago Donoso',13,41),(216,'2021-11-02 15:35:03.286514','8','Orden de compra 7',2,'La orden de compra 7 ha sido Validada por el usuario Santiago Donoso',19,41),(217,'2021-11-02 15:35:55.747876','6','Orden de compra 5',2,'La orden de compra 5 ha sido Recepcionada por el usuario Santiago Donoso',19,41),(218,'2021-11-02 16:21:43.213331','15','Insumo Pote 200',1,'El empleado Santiago Donoso ha agregado el insumo Pote 200',7,41),(219,'2021-11-02 16:22:14.403870','16','Insumo POTE 400',1,'El empleado Santiago Donoso ha agregado el insumo POTE 400',7,41),(220,'2021-11-02 16:22:33.915864','17','Insumo TAPA CORONA',1,'El empleado Santiago Donoso ha agregado el insumo TAPA CORONA',7,41),(221,'2021-11-02 16:28:24.168901','6','Proveedor COEXPAN',1,'El proveedor COEXPAN ha sido creado por el usuario Santiago Donoso',14,41),(222,'2021-11-02 16:48:06.487566','12','Orden de compra 11',1,'La orden de compra 11 ha sido solicitada el usuario Sebastián Valenzuela',19,1),(223,'2021-11-02 16:54:03.889391','12','Orden de compra 11',2,'La orden de compra 11 ha sido Validada por el usuario Sebastián Valenzuela',19,1),(224,'2021-11-02 16:54:28.318793','9','Orden de compra 8',3,'La orden de compra 8 ha sido eliminada por el usuario Sebastián Valenzuela',19,1),(225,'2021-11-02 16:58:13.837600','10','Orden de compra 9',3,'La orden de compra 9 ha sido eliminada por el usuario Sebastián Valenzuela',19,1),(226,'2021-11-02 16:58:18.310772','11','Orden de compra 10',3,'La orden de compra 10 ha sido eliminada por el usuario Sebastián Valenzuela',19,1),(227,'2021-11-02 16:58:22.547527','12','Orden de compra 11',3,'La orden de compra 11 ha sido eliminada por el usuario Sebastián Valenzuela',19,1),(228,'2021-11-02 16:58:35.538339','13','Orden de compra 8',1,'La orden de compra 8 ha sido solicitada el usuario Sebastián Valenzuela',19,1),(229,'2021-11-02 16:58:42.321355','13','Orden de compra 8',3,'La orden de compra 8 ha sido eliminada por el usuario Sebastián Valenzuela',19,1),(230,'2021-11-02 17:00:45.558673','14','Orden de compra 8',1,'La orden de compra 8 ha sido solicitada el usuario Santiago Donoso',19,41),(231,'2021-11-04 10:15:13.127945','18','Insumo BOTELLA + TAPA TRANSPARENTE',1,'El empleado Santiago Donoso ha agregado el insumo BOTELLA + TAPA TRANSPARENTE',7,41),(232,'2021-11-04 10:15:34.056781','19','Insumo BOTELLA + TAPA BLANCA',1,'El empleado Santiago Donoso ha agregado el insumo BOTELLA + TAPA BLANCA',7,41),(233,'2021-11-04 10:21:26.336139','7','Proveedor ABASTOPLAST',1,'El proveedor ABASTOPLAST ha sido creado por el usuario Santiago Donoso',14,41),(234,'2021-11-08 10:55:13.257366','8','Proveedor INTEGRITY',1,'El proveedor INTEGRITY ha sido creado por el usuario Santiago Donoso',14,41),(235,'2021-11-08 10:56:01.854807','20','Insumo POTE 40-12 FL * 540 UN',1,'El empleado Santiago Donoso ha agregado el insumo POTE 40-12 FL * 540 UN',7,41),(236,'2021-11-08 10:58:40.199391','15','Orden de compra 9',1,'La orden de compra 9 ha sido solicitada el usuario Santiago Donoso',19,41),(237,'2021-11-08 11:36:56.204739','9','Proveedor PRIMEC',1,'El proveedor PRIMEC ha sido creado por el usuario Santiago Donoso',14,41),(238,'2021-11-08 11:38:39.055547','21','Insumo LECHE EN POLVO',1,'El empleado Santiago Donoso ha agregado el insumo LECHE EN POLVO',7,41),(239,'2021-11-08 11:38:52.418979','22','Insumo AZUCAR',1,'El empleado Santiago Donoso ha agregado el insumo AZUCAR',7,41),(240,'2021-11-08 11:39:57.161381','21','Insumo LECHE EN POLVO DESCREMADA',2,'El empleado Santiago Donoso ha modificado el insumo LECHE EN POLVO DESCREMADA',7,41),(241,'2021-11-08 11:47:32.671649','16','Orden de compra 10',1,'La orden de compra 10 ha sido solicitada el usuario Santiago Donoso',19,41),(242,'2021-11-08 12:12:20.195827','16','Orden de compra 10',2,'La orden de compra 10 ha sido Validada por el usuario Santiago Donoso',19,41),(243,'2021-11-08 12:19:11.412053','2','Insumo Azucar',3,'El empleado Santiago Donoso ha eliminado el insumo Azucar',7,41),(244,'2021-11-08 12:19:26.748953','1','Insumo Leche en polvo descremada',3,'El empleado Santiago Donoso ha eliminado el insumo Leche en polvo descremada',7,41),(245,'2021-11-08 12:53:03.527472','23','Insumo Asusar',1,'El empleado Sebastián Valenzuela ha agregado el insumo Asusar',7,1),(246,'2021-11-08 12:53:11.751393','23','Insumo Asusar',3,'El empleado Sebastián Valenzuela ha eliminado el insumo Asusar',7,1),(247,'2021-11-09 09:23:41.454454','10','Proveedor FLORAMATIC',1,'El proveedor FLORAMATIC ha sido creado por el usuario Santiago Donoso',14,41),(248,'2021-11-09 09:27:19.633517','24','Insumo GELATINA 220-BLOOM',1,'El empleado Santiago Donoso ha agregado el insumo GELATINA 220-BLOOM',7,41),(249,'2021-11-09 09:28:35.351445','17','Orden de compra 11',1,'La orden de compra 11 ha sido solicitada el usuario Santiago Donoso',19,41),(250,'2021-11-09 10:11:54.947796','11','Proveedor DIPISA',1,'El proveedor DIPISA ha sido creado por el usuario Santiago Donoso',14,41),(251,'2021-11-09 10:17:10.954896','25','Insumo PAPEL TOALLA INTERFOLIADA',1,'El empleado Santiago Donoso ha agregado el insumo PAPEL TOALLA INTERFOLIADA',7,41),(252,'2021-11-09 10:17:35.236873','26','Insumo PAPEL TOALLA',1,'El empleado Santiago Donoso ha agregado el insumo PAPEL TOALLA',7,41),(253,'2021-11-09 10:17:57.168721','26','Insumo PAPEL TOALLA OVELLA 2X190 HS',2,'El empleado Santiago Donoso ha modificado el insumo PAPEL TOALLA OVELLA 2X190 HS',7,41),(254,'2021-11-09 10:19:34.268587','27','Insumo RESMA PAPEL',1,'El empleado Santiago Donoso ha agregado el insumo RESMA PAPEL',7,41),(255,'2021-11-09 10:20:31.562971','3','Bodega Santiago',2,'El usuario Santiago Donoso ha modificado el nombre de la bodega Santiago a Santiago',11,41),(256,'2021-11-09 10:22:17.364351','12','Proveedor DITZLER',1,'El proveedor DITZLER ha sido creado por el usuario Santiago Donoso',14,41),(257,'2021-11-09 10:23:27.881536','28','Insumo SALSA FRUTILLA',1,'El empleado Santiago Donoso ha agregado el insumo SALSA FRUTILLA',7,41),(258,'2021-11-09 10:23:47.522357','29','Insumo SALSA DURAZNO',1,'El empleado Santiago Donoso ha agregado el insumo SALSA DURAZNO',7,41),(259,'2021-11-09 10:48:15.658202','17','Orden de compra 11',2,'La orden de compra 11 ha sido Validada por el usuario Santiago Donoso',19,41),(260,'2021-11-09 16:32:28.521414','15','Orden de compra 9',2,'La orden de compra 9 ha sido Validada por el usuario Hernan Vigil',19,42),(261,'2021-11-09 17:15:28.286589','16','Orden de compra 10',2,'La orden de compra 10 ha sido Semi-Recepcionada por el usuario Santiago Donoso',19,41),(262,'2021-11-09 17:17:31.714691','16','Orden de compra 10',2,'La orden de compra 10 ha sido Semi-Recepcionada por el usuario Santiago Donoso',19,41),(263,'2021-11-09 17:38:04.552740','30','Insumo YF-L812',1,'El empleado Santiago Donoso ha agregado el insumo YF-L812',7,41),(264,'2021-11-09 17:38:31.833314','31','Insumo YO-MIX 499 LYO 250 DCU',1,'El empleado Santiago Donoso ha agregado el insumo YO-MIX 499 LYO 250 DCU',7,41),(265,'2021-11-09 17:39:34.304600','32','Insumo CHOOZIT HELV A',1,'El empleado Santiago Donoso ha agregado el insumo CHOOZIT HELV A',7,41),(266,'2021-11-09 17:40:04.780498','33','Insumo CHOOZI RA 21 LYO 125 DCU',1,'El empleado Santiago Donoso ha agregado el insumo CHOOZI RA 21 LYO 125 DCU',7,41),(267,'2021-11-10 09:02:19.159207','6','Pauta de elaboración Asdd',3,'La pauta de elaboración Asdd ha sido eliminada por el usuario Sebastián Valenzuela',27,1),(268,'2021-11-10 09:02:21.906474','5','Pauta de elaboración Santiago',3,'La pauta de elaboración Santiago ha sido eliminada por el usuario Sebastián Valenzuela',27,1),(269,'2021-11-10 09:02:27.367497','2','Pauta de elaboración Cottage',3,'La pauta de elaboración Cottage ha sido eliminada por el usuario Sebastián Valenzuela',27,1),(270,'2021-11-10 09:02:29.780902','3','Pauta de elaboración Queso Campo',3,'La pauta de elaboración Queso Campo ha sido eliminada por el usuario Sebastián Valenzuela',27,1),(271,'2021-11-10 09:02:32.189489','4','Pauta de elaboración Queso Campo',3,'La pauta de elaboración Queso Campo ha sido eliminada por el usuario Sebastián Valenzuela',27,1),(272,'2021-11-10 09:02:45.972012','3','Área de negocio: Queso CamBri',3,'El empleado Sebastián Valenzuela ha eliminado el área de negocio: Queso CamBri',9,1),(273,'2021-11-10 09:37:24.971346','45','Producto: Helado Almendra Moka',2,'El empleado Sebastián Valenzuela ha modificado el producto: Helado Almendra Moka',10,1),(274,'2021-11-10 09:37:34.418676','44','Producto: Helado Avellana Choc',2,'El empleado Sebastián Valenzuela ha modificado el producto: Helado Avellana Choc',10,1),(275,'2021-11-10 09:39:00.810961','46','Producto: Helado Chocolate',2,'El empleado Sebastián Valenzuela ha modificado el producto: Helado Chocolate',10,1),(276,'2021-11-10 09:39:13.317981','42','Producto: Helado Cookies & Cream',2,'El empleado Sebastián Valenzuela ha modificado el producto: Helado Cookies & Cream',10,1),(277,'2021-11-10 09:39:21.349018','47','Producto: Helado Fior De Latte',2,'El empleado Sebastián Valenzuela ha modificado el producto: Helado Fior De Latte',10,1),(278,'2021-11-10 09:39:36.709636','43','Producto: Helado Frutos Rojos',2,'El empleado Sebastián Valenzuela ha modificado el producto: Helado Frutos Rojos',10,1),(279,'2021-11-10 09:42:40.330677','48','Producto: HELADO MANJAR ARTESANAL',1,'El empleado Sebastián Valenzuela ha agregado el producto: HELADO MANJAR ARTESANAL',10,1),(280,'2021-11-10 09:42:52.225740','48','Producto: Helado Manjar Artesanal',2,'El empleado Sebastián Valenzuela ha modificado el producto: Helado Manjar Artesanal',10,1),(281,'2021-11-10 09:43:24.154283','49','Producto: Helado Piña Rapa Nui',1,'El empleado Sebastián Valenzuela ha agregado el producto: Helado Piña Rapa Nui',10,1),(282,'2021-11-10 09:43:37.867078','49','Producto: Helado Piña Rapa Nui',2,'El empleado Sebastián Valenzuela ha modificado el producto: Helado Piña Rapa Nui',10,1),(283,'2021-11-10 09:43:41.347071','48','Producto: Helado Manjar Artesanal',2,'El empleado Sebastián Valenzuela ha modificado el producto: Helado Manjar Artesanal',10,1),(284,'2021-11-10 09:44:28.114990','7','Producto: Provoleta',2,'El empleado Sebastián Valenzuela ha modificado el producto: Provoleta',10,1),(285,'2021-11-10 09:44:47.259788','6','Producto: Brie',2,'El empleado Sebastián Valenzuela ha modificado el producto: Brie',10,1),(286,'2021-11-10 09:45:10.056798','31','Producto: Tradicional',2,'El empleado Sebastián Valenzuela ha modificado el producto: Tradicional',10,1),(287,'2021-11-10 09:45:29.841502','33','Producto: Tradicional Aceituna',2,'El empleado Sebastián Valenzuela ha modificado el producto: Tradicional Aceituna',10,1),(288,'2021-11-10 09:45:38.824227','32','Producto: Tradicional Albahaca',2,'El empleado Sebastián Valenzuela ha modificado el producto: Tradicional Albahaca',10,1),(289,'2021-11-10 09:45:47.309964','35','Producto: Tradicional Ciboulette',2,'El empleado Sebastián Valenzuela ha modificado el producto: Tradicional Ciboulette',10,1),(290,'2021-11-10 09:45:55.877707','34','Producto: Tradicional Oregano',2,'El empleado Sebastián Valenzuela ha modificado el producto: Tradicional Oregano',10,1),(291,'2021-11-10 09:46:25.027872','4','Producto: Camembert',2,'El empleado Sebastián Valenzuela ha modificado el producto: Camembert',10,1),(292,'2021-11-10 09:46:31.066664','5','Producto: Cam Pimienta',2,'El empleado Sebastián Valenzuela ha modificado el producto: Cam Pimienta',10,1),(293,'2021-11-10 09:46:59.693144','10','Producto: Cottage',2,'El empleado Sebastián Valenzuela ha modificado el producto: Cottage',10,1),(294,'2021-11-10 09:47:02.949339','9','Producto: Cottage Americano',2,'El empleado Sebastián Valenzuela ha modificado el producto: Cottage Americano',10,1),(295,'2021-11-10 09:47:19.014313','37','Producto: Carbra Ahumado',2,'El empleado Sebastián Valenzuela ha modificado el producto: Carbra Ahumado',10,1),(296,'2021-11-10 09:47:26.411656','36','Producto: Cabra Feta',2,'El empleado Sebastián Valenzuela ha modificado el producto: Cabra Feta',10,1),(297,'2021-11-10 09:47:44.005767','38','Producto: Fresco',2,'El empleado Sebastián Valenzuela ha modificado el producto: Fresco',10,1),(298,'2021-11-10 09:48:11.524549','27','Producto: Mantecoso',2,'El empleado Sebastián Valenzuela ha modificado el producto: Mantecoso',10,1),(299,'2021-11-10 09:48:24.172126','27','Producto: Mantecoso',2,'El empleado Sebastián Valenzuela ha modificado el producto: Mantecoso',10,1),(300,'2021-11-10 09:48:35.299591','11','Producto: Mascarpone',2,'El empleado Sebastián Valenzuela ha modificado el producto: Mascarpone',10,1),(301,'2021-11-10 09:48:49.798873','41','Producto: Vegurt Frutilla',2,'El empleado Sebastián Valenzuela ha modificado el producto: Vegurt Frutilla',10,1),(302,'2021-11-10 09:48:57.690212','39','Producto: Vegurt Sin Sabor',2,'El empleado Sebastián Valenzuela ha modificado el producto: Vegurt Sin Sabor',10,1),(303,'2021-11-10 09:49:05.371461','40','Producto: Vegurt Vainilla',2,'El empleado Sebastián Valenzuela ha modificado el producto: Vegurt Vainilla',10,1),(304,'2021-11-10 09:54:29.251060','21','Producto: Clasico Durazno',2,'El empleado Sebastián Valenzuela ha modificado el producto: Clasico Durazno',10,1),(305,'2021-11-10 09:54:36.058767','20','Producto: Clasico Frutilla',2,'El empleado Sebastián Valenzuela ha modificado el producto: Clasico Frutilla',10,1),(306,'2021-11-10 09:54:43.323026','25','Producto: Clasico',2,'El empleado Sebastián Valenzuela ha modificado el producto: Clasico',10,1),(307,'2021-11-10 09:55:02.730980','19','Producto: Griego Durazno',2,'El empleado Sebastián Valenzuela ha modificado el producto: Griego Durazno',10,1),(308,'2021-11-10 09:55:08.423975','18','Producto: Griego Frutilla',2,'El empleado Sebastián Valenzuela ha modificado el producto: Griego Frutilla',10,1),(309,'2021-11-10 09:55:17.804465','24','Producto: Griego',2,'El empleado Sebastián Valenzuela ha modificado el producto: Griego',10,1),(310,'2021-11-10 09:55:33.088118','23','Producto: Descremado Durazno',2,'El empleado Sebastián Valenzuela ha modificado el producto: Descremado Durazno',10,1),(311,'2021-11-10 09:55:38.964213','22','Producto: Descremado Frutilla',2,'El empleado Sebastián Valenzuela ha modificado el producto: Descremado Frutilla',10,1),(312,'2021-11-10 09:55:48.822807','26','Producto: Descremado',2,'El empleado Sebastián Valenzuela ha modificado el producto: Descremado',10,1),(313,'2021-11-10 11:09:23.237487','5','Transportista',1,'[{\"added\": {}}]',3,1),(314,'2021-11-10 16:23:28.974654','1','1 - Pallet 0',1,'Se ha agregado el pallet Pallet 0 en Valdivia por el usuario Sebastián Valenzuela',56,1),(315,'2021-11-10 17:47:33.359106','18','Orden de compra 12',1,'La orden de compra 12 ha sido solicitada el usuario Sebastián Valenzuela',19,1),(316,'2021-11-10 17:47:40.622748','18','Orden de compra 12',2,'La orden de compra 12 ha sido Validada por el usuario Sebastián Valenzuela',19,1),(317,'2021-11-11 09:50:50.151762','19','Orden de compra 13',1,'La orden de compra 13 ha sido solicitada el usuario Sebastián Valenzuela',19,1),(318,'2021-11-11 09:51:01.390633','20','Orden de compra 14',1,'La orden de compra 14 ha sido solicitada el usuario Sebastián Valenzuela',19,1),(319,'2021-11-11 10:01:01.404252','21','Orden de compra 15',1,'La orden de compra 15 ha sido solicitada el usuario Sebastián Valenzuela',19,1),(320,'2021-11-11 10:10:09.400366','21','Orden de compra 15',2,'La orden de compra 15 ha sido Validada por el usuario Sebastián Valenzuela',19,1),(321,'2021-11-11 10:49:39.133076','21','Orden de compra 15',2,'La orden de compra 15 ha sido Semi-Recepcionada por el usuario Sebastián Valenzuela',19,1),(322,'2021-11-11 10:50:06.643339','21','Orden de compra 15',2,'La orden de compra 15 ha sido Semi-Recepcionada por el usuario Sebastián Valenzuela',19,1),(323,'2021-11-11 10:54:35.385898','21','Orden de compra 15',2,'La orden de compra 15 ha sido Recepcionada por el usuario Sebastián Valenzuela',19,1),(324,'2021-11-11 15:08:24.931731','21','Orden de compra 15',2,'La orden de compra 15 ha sido Recepcionada por el usuario Sebastián Valenzuela',19,1),(325,'2021-11-11 15:09:10.602567','21','Orden de compra 15',2,'La orden de compra 15 ha sido Validada por el usuario Sebastián Valenzuela',19,1),(326,'2021-11-11 15:12:07.992418','21','Orden de compra 15',2,'La orden de compra 15 ha sido Semi-Recepcionada por el usuario Sebastián Valenzuela',19,1),(327,'2021-11-11 15:12:23.017882','21','Orden de compra 15',2,'La orden de compra 15 ha sido Validada por el usuario Sebastián Valenzuela',19,1),(328,'2021-11-11 15:17:27.032917','21','Orden de compra 15',2,'La orden de compra 15 ha sido Semi-Recepcionada por el usuario Sebastián Valenzuela',19,1),(329,'2021-11-11 15:18:25.904427','21','Orden de compra 15',2,'La orden de compra 15 ha sido Validada por el usuario Sebastián Valenzuela',19,1),(330,'2021-11-11 15:18:37.157753','21','Orden de compra 15',2,'La orden de compra 15 ha sido Semi-Recepcionada por el usuario Sebastián Valenzuela',19,1),(331,'2021-11-11 15:18:47.611964','21','Orden de compra 15',2,'La orden de compra 15 ha sido Validada por el usuario Sebastián Valenzuela',19,1),(332,'2021-11-11 15:18:51.876036','21','Orden de compra 15',2,'La orden de compra 15 ha sido Semi-Recepcionada por el usuario Sebastián Valenzuela',19,1),(333,'2021-11-11 15:43:13.672889','21','Orden de compra 15',2,'La orden de compra 15 ha sido Semi-Recepcionada por el usuario Sebastián Valenzuela',19,1),(334,'2021-11-11 15:53:11.791024','21','Orden de compra 15',2,'La orden de compra 15 ha sido Semi-Recepcionada por el usuario Sebastián Valenzuela',19,1),(335,'2021-11-11 15:53:15.808708','21','Orden de compra 15',2,'La orden de compra 15 ha sido Semi-Recepcionada por el usuario Sebastián Valenzuela',19,1),(336,'2021-11-11 15:53:19.694381','21','Orden de compra 15',2,'La orden de compra 15 ha sido Validada por el usuario Sebastián Valenzuela',19,1),(337,'2021-11-11 15:53:24.926898','21','Orden de compra 15',2,'La orden de compra 15 ha sido Semi-Recepcionada por el usuario Sebastián Valenzuela',19,1),(338,'2021-11-11 15:54:03.544051','21','Orden de compra 15',2,'La orden de compra 15 ha sido Semi-Recepcionada por el usuario Sebastián Valenzuela',19,1),(339,'2021-11-11 15:54:15.143296','21','Orden de compra 15',2,'La orden de compra 15 ha sido Semi-Recepcionada por el usuario Sebastián Valenzuela',19,1),(340,'2021-11-11 15:55:15.430535','21','Orden de compra 15',2,'La orden de compra 15 ha sido Semi-Recepcionada por el usuario Sebastián Valenzuela',19,1),(341,'2021-11-11 16:01:18.231116','21','Orden de compra 15',2,'La orden de compra 15 ha sido Semi-Recepcionada por el usuario Sebastián Valenzuela',19,1),(342,'2021-11-11 16:01:46.051421','21','Orden de compra 15',2,'La orden de compra 15 ha sido Semi-Recepcionada por el usuario Sebastián Valenzuela',19,1),(343,'2021-11-11 16:07:11.462188','21','Orden de compra 15',2,'La orden de compra 15 ha sido Semi-Recepcionada por el usuario Sebastián Valenzuela',19,1),(344,'2021-11-11 16:08:48.656513','21','Orden de compra 15',2,'La orden de compra 15 ha sido Semi-Recepcionada por el usuario Sebastián Valenzuela',19,1),(345,'2021-11-11 16:23:27.619618','21','Orden de compra 15',2,'La orden de compra 15 ha sido Semi-Recepcionada por el usuario Sebastián Valenzuela',19,1),(346,'2021-11-11 16:34:37.775310','21','Orden de compra 15',2,'La orden de compra 15 ha sido Semi-Recepcionada por el usuario Sebastián Valenzuela',19,1),(347,'2021-11-11 16:35:02.146494','21','Orden de compra 15',2,'La orden de compra 15 ha sido Semi-Recepcionada por el usuario Sebastián Valenzuela',19,1),(348,'2021-11-11 16:46:59.460499','21','Orden de compra 15',2,'La orden de compra 15 ha sido Semi-Recepcionada por el usuario Sebastián Valenzuela',19,1),(349,'2021-11-11 17:00:26.702982','21','Orden de compra 15',2,'La orden de compra 15 ha sido Semi-Recepcionada por el usuario Sebastián Valenzuela',19,1),(350,'2021-11-11 17:18:47.398864','1','Pauta de elaboración Azucar',1,'La pauta de elaboración Azucar ha sido añadida por el usuario Sebastián Valenzuela',27,1),(351,'2021-11-11 17:27:47.956755','9','Inventario Insumo BOTELLA + TAPA BLANCA - Valdivia',2,'Se ha actualizado el inventario de BOTELLA + TAPA BLANCA en Valdivia de manera MANUAL por el usuario Sebastián Valenzuela',13,1),(352,'2021-11-11 17:28:40.027335','1','Lote 211111-QUBR01-01',1,'El lote 211111-QUBR01-01 ha sido creado por el usuario Sebastián Valenzuela',50,1),(353,'2021-11-11 17:28:40.033290','2','Lote 211111-QUBR02-01',1,'El lote 211111-QUBR02-01 ha sido creado por el usuario Sebastián Valenzuela',50,1),(354,'2021-11-11 17:28:40.041435','2','Elaboración 2',1,'La elaboración 2 ha sido iniciada por el usuario Sebastián Valenzuela',47,1),(355,'2021-11-12 08:57:21.843553','6','6 - Valdivia',1,'Se ha generado el envio #6 con origen Valdivia y destino Santiago por el usuario Sebastián Valenzuela',55,1),(356,'2021-11-12 09:35:06.829716','6','6 - Valdivia',3,'Se ha eliminado el envio #6 con origen Valdivia y destino Santiago por el usuario Sebastián Valenzuela',55,1),(357,'2021-11-12 09:35:11.677058','6','6 - Valdivia',3,'Se ha eliminado el envio #6 con origen Valdivia y destino Santiago por el usuario Sebastián Valenzuela',55,1),(358,'2021-11-12 09:35:39.580148','6','6 - Valdivia',3,'Se ha eliminado el envio #6 con origen Valdivia y destino Santiago por el usuario Sebastián Valenzuela',55,1),(359,'2021-11-12 09:37:09.645901','7','7 - Valdivia',1,'Se ha generado el envio #7 con origen Valdivia y destino Santiago por el usuario Sebastián Valenzuela',55,1),(360,'2021-11-12 09:37:14.451958','7','7 - Valdivia',3,'Se ha eliminado el envio #7 con origen Valdivia y destino Santiago por el usuario Sebastián Valenzuela',55,1),(361,'2021-11-12 09:38:36.533296','8','8 - Valdivia',1,'Se ha generado el envio #8 con origen Valdivia y destino Santiago por el usuario Sebastián Valenzuela',55,1),(362,'2021-11-12 09:38:39.993431','8','8 - Valdivia',3,'Se ha eliminado el envio #8 con origen Valdivia y destino Santiago por el usuario Sebastián Valenzuela',55,1),(363,'2021-11-12 09:59:33.483647','16','16 - Valdivia',1,'Se ha generado el envio #16 con origen Valdivia y destino Santiago por el usuario Sebastián Valenzuela',55,1),(364,'2021-11-12 10:00:45.020822','16','16 - Valdivia',3,'Se ha eliminado el envio #16 con origen Valdivia y destino Santiago por el usuario Sebastián Valenzuela',55,1),(365,'2021-11-12 10:06:55.431437','21','21 - Valdivia',1,'Se ha generado el envio #21 con origen Valdivia y destino Santiago por el usuario Sebastián Valenzuela',55,1),(366,'2021-11-12 10:07:03.374691','21','21 - Valdivia',3,'Se ha eliminado el envio #21 con origen Valdivia y destino Santiago por el usuario Sebastián Valenzuela',55,1),(367,'2021-11-12 10:07:05.315361','20','20 - Valdivia',3,'Se ha eliminado el envio #20 con origen Valdivia y destino Santiago por el usuario Sebastián Valenzuela',55,1),(368,'2021-11-12 10:07:07.144036','19','19 - Valdivia',3,'Se ha eliminado el envio #19 con origen Valdivia y destino Santiago por el usuario Sebastián Valenzuela',55,1),(369,'2021-11-12 10:07:08.771594','18','18 - Valdivia',3,'Se ha eliminado el envio #18 con origen Valdivia y destino Santiago por el usuario Sebastián Valenzuela',55,1),(370,'2021-11-12 10:07:10.415638','17','17 - Valdivia',3,'Se ha eliminado el envio #17 con origen Valdivia y destino Santiago por el usuario Sebastián Valenzuela',55,1),(371,'2021-11-12 10:07:12.247714','15','15 - Valdivia',3,'Se ha eliminado el envio #15 con origen Valdivia y destino Santiago por el usuario Sebastián Valenzuela',55,1),(372,'2021-11-12 10:07:14.153518','14','14 - Valdivia',3,'Se ha eliminado el envio #14 con origen Valdivia y destino Santiago por el usuario Sebastián Valenzuela',55,1),(373,'2021-11-12 10:07:16.294238','13','13 - Valdivia',3,'Se ha eliminado el envio #13 con origen Valdivia y destino Santiago por el usuario Sebastián Valenzuela',55,1),(374,'2021-11-12 10:07:17.889634','12','12 - Valdivia',3,'Se ha eliminado el envio #12 con origen Valdivia y destino Santiago por el usuario Sebastián Valenzuela',55,1),(375,'2021-11-12 10:07:19.404267','11','11 - Valdivia',3,'Se ha eliminado el envio #11 con origen Valdivia y destino Santiago por el usuario Sebastián Valenzuela',55,1),(376,'2021-11-12 10:07:21.896715','10','10 - Valdivia',3,'Se ha eliminado el envio #10 con origen Valdivia y destino Santiago por el usuario Sebastián Valenzuela',55,1),(377,'2021-11-12 10:07:23.725995','9','9 - Valdivia',3,'Se ha eliminado el envio #9 con origen Valdivia y destino Santiago por el usuario Sebastián Valenzuela',55,1),(378,'2021-11-12 10:07:25.228724','5','5 - Valdivia',3,'Se ha eliminado el envio #5 con origen Valdivia y destino Santiago por el usuario Sebastián Valenzuela',55,1),(379,'2021-11-12 10:07:28.127068','4','4 - Valdivia',3,'Se ha eliminado el envio #4 con origen Valdivia y destino Santiago por el usuario Sebastián Valenzuela',55,1),(380,'2021-11-12 10:07:29.689473','3','3 - Valdivia',3,'Se ha eliminado el envio #3 con origen Valdivia y destino Santiago por el usuario Sebastián Valenzuela',55,1),(381,'2021-11-12 10:07:31.828069','2','2 - Valdivia',3,'Se ha eliminado el envio #2 con origen Valdivia y destino Santiago por el usuario Sebastián Valenzuela',55,1),(382,'2021-11-12 10:07:33.372521','1','1 - Valdivia',3,'Se ha eliminado el envio #1 con origen Valdivia y destino Santiago por el usuario Sebastián Valenzuela',55,1),(383,'2021-11-12 10:07:59.957963','22','22 - Valdivia',1,'Se ha generado el envio #22 con origen Valdivia y destino Santiago por el usuario Sebastián Valenzuela',55,1),(384,'2021-11-12 11:32:31.200262','22','22 - Valdivia',2,'Se ha recepcionado el envio #22 con origen Valdivia y destino Santiago por el usuario Sebastián Valenzuela',55,1),(385,'2021-11-12 11:33:19.940343','22','Orden de compra 16',1,'La orden de compra 16 ha sido solicitada el usuario Sebastián Valenzuela',19,1),(386,'2021-11-12 11:33:24.792259','22','Orden de compra 16',2,'La orden de compra 16 ha sido Validada por el usuario Sebastián Valenzuela',19,1),(387,'2021-11-12 11:33:34.911421','22','Orden de compra 16',2,'La orden de compra 16 ha sido Recepcionada por el usuario Sebastián Valenzuela',19,1),(388,'2021-11-12 11:34:55.013817','23','23 - Valdivia',1,'Se ha generado el envio #23 con origen Valdivia y destino Santiago por el usuario Sebastián Valenzuela',55,1),(389,'2021-11-12 11:36:49.534089','23','23 - Valdivia',2,'Se ha recepcionado el envio #23 con origen Valdivia y destino Santiago por el usuario Sebastián Valenzuela',55,1),(390,'2021-11-12 11:44:50.841112','23','23 - Valdivia',2,'Se ha recepcionado el envio #23 con origen Valdivia y destino Santiago por el usuario Sebastián Valenzuela',55,1),(391,'2021-11-12 11:56:31.833129','24','24 - Santiago',1,'Se ha generado el envio #24 con origen Santiago y destino Valdivia por el usuario Sebastián Valenzuela',55,1),(392,'2021-11-12 12:05:12.799269','24','24 - Santiago',2,'Se ha recepcionado el envio #24 con origen Santiago y destino Valdivia por el usuario Sebastián Valenzuela',55,1),(393,'2021-11-12 13:12:03.889659','247','Cliente Zuany',2,'Se ha actualizado el cliente Zuany - 8.805.475-K por el usuario Sebastián Valenzuela',16,1),(394,'2021-11-12 14:38:33.756653','3','Proveedor PRINAL LTDA',2,'El proveedor PRINAL LTDA ha sido actualizado por el usuario Sebastián Valenzuela',14,1),(395,'2021-11-12 15:23:28.009241','2','Pauta de elaboración Azucar',1,'La pauta de elaboración Azucar ha sido añadida por el usuario Sebastián Valenzuela',27,1),(396,'2021-11-12 15:24:18.993870','13','Inventario Insumo SALSA DURAZNO - Valdivia',2,'Se ha actualizado el inventario de SALSA DURAZNO en Valdivia de manera MANUAL por el usuario Sebastián Valenzuela',13,1),(397,'2021-11-12 15:24:23.151305','12','Inventario Insumo YO-MIX 499 LYO 250 DCU - Valdivia',2,'Se ha actualizado el inventario de YO-MIX 499 LYO 250 DCU en Valdivia de manera MANUAL por el usuario Sebastián Valenzuela',13,1),(398,'2021-11-12 15:24:46.544537','3','Lote 211112-QUCO01-01',1,'El lote 211112-QUCO01-01 ha sido creado por el usuario Sebastián Valenzuela',50,1),(399,'2021-11-12 15:24:46.549817','4','Lote 211112-QUCO02-01',1,'El lote 211112-QUCO02-01 ha sido creado por el usuario Sebastián Valenzuela',50,1),(400,'2021-11-12 15:24:46.556369','5','Lote 211112-QUCO03-01',1,'El lote 211112-QUCO03-01 ha sido creado por el usuario Sebastián Valenzuela',50,1),(401,'2021-11-12 15:24:46.565952','3','Elaboración 3',1,'La elaboración 3 ha sido iniciada por el usuario Sebastián Valenzuela',47,1),(402,'2021-11-12 15:46:48.278259','25','25 - Valdivia',1,'Se ha generado el envio #25 con origen Valdivia y destino Santiago por el usuario Sebastián Valenzuela',55,1),(403,'2021-11-12 15:47:26.145916','25','25 - Valdivia',2,'Se ha recepcionado el envio #25 con origen Valdivia y destino Santiago por el usuario Sebastián Valenzuela',55,1),(404,'2021-11-14 10:47:20.244079','19','Orden de compra 13',3,'La orden de compra 13 ha sido eliminada por el usuario Sebastián Valenzuela',19,1),(405,'2021-11-14 10:47:25.258372','20','Orden de compra 14',3,'La orden de compra 14 ha sido eliminada por el usuario Sebastián Valenzuela',19,1),(406,'2021-11-14 10:47:33.164479','21','Orden de compra 15',3,'La orden de compra 15 ha sido eliminada por el usuario Sebastián Valenzuela',19,1),(407,'2021-11-14 10:47:41.505358','22','Orden de compra 16',3,'La orden de compra 16 ha sido eliminada por el usuario Sebastián Valenzuela',19,1),(408,'2021-11-15 12:52:06.022236','13','Proveedor COLUN',1,'El proveedor COLUN ha sido creado por el usuario Santiago Donoso',14,41),(409,'2021-11-15 12:52:35.102823','34','Insumo CREMA UHT',1,'El empleado Santiago Donoso ha agregado el insumo CREMA UHT',7,41),(410,'2021-11-15 12:54:42.900742','19','Orden de compra 13',1,'La orden de compra 13 ha sido solicitada el usuario Santiago Donoso',19,41),(411,'2021-11-15 13:46:34.696254','20','Orden de compra 14',1,'La orden de compra 14 ha sido solicitada el usuario Santiago Donoso',19,41),(412,'2021-11-16 14:01:37.048678','20','Orden de compra 14',2,'La orden de compra 14 ha sido Validada por el usuario Santiago Donoso',19,41),(413,'2021-11-16 14:03:35.464868','19','Orden de compra 13',2,'La orden de compra 13 ha sido Validada por el usuario Hernan Vigil',19,42),(414,'2021-11-16 14:39:47.495278','21','Orden de compra 15',1,'La orden de compra 15 ha sido solicitada el usuario Hernan Vigil',19,42),(415,'2021-11-16 14:39:56.799353','21','Orden de compra 15',2,'La orden de compra 15 ha sido Validada por el usuario Hernan Vigil',19,42),(416,'2021-11-16 14:40:47.255475','21','Orden de compra 15',2,'La orden de compra 15 ha sido Recepcionada por el usuario Hernan Vigil',19,42),(417,'2021-11-16 14:42:08.931255','21','Orden de compra 15',2,'La orden de compra 15 ha sido Recepcionada por el usuario Hernan Vigil',19,42),(418,'2021-11-16 14:46:49.251563','21','Orden de compra 15',2,'La orden de compra 15 ha sido Validada por el usuario Hernan Vigil',19,42),(419,'2021-11-16 14:47:17.419319','21','Orden de compra 15',2,'La orden de compra 15 ha sido Inicial por el usuario Hernan Vigil',19,42),(420,'2021-11-16 14:47:59.409569','21','Orden de compra 15',2,'La orden de compra 15 ha sido Validada por el usuario Hernan Vigil',19,42),(421,'2021-11-16 14:50:31.315647','21','Orden de compra 15',2,'La orden de compra 15 ha sido Semi-Recepcionada por el usuario Hernan Vigil',19,42),(422,'2021-11-16 14:51:01.683856','21','Orden de compra 15',2,'La orden de compra 15 ha sido Validada por el usuario Hernan Vigil',19,42),(423,'2021-11-16 14:51:31.174190','21','Orden de compra 15',2,'La orden de compra 15 ha sido Semi-Recepcionada por el usuario Hernan Vigil',19,42),(424,'2021-11-16 14:52:07.912122','21','Orden de compra 15',3,'La orden de compra 15 ha sido eliminada por el usuario Hernan Vigil',19,42),(425,'2021-11-16 14:54:18.572414','22','Orden de compra 15',1,'La orden de compra 15 ha sido solicitada el usuario Hernan Vigil',19,42),(426,'2021-11-16 14:54:33.865315','22','Orden de compra 15',2,'La orden de compra 15 ha sido Validada por el usuario Hernan Vigil',19,42),(427,'2021-11-16 14:56:29.849223','22','Orden de compra 15',2,'La orden de compra 15 ha sido Semi-Recepcionada por el usuario Hernan Vigil',19,42),(428,'2021-11-16 15:09:30.937913','22','Orden de compra 15',2,'La orden de compra 15 ha sido Semi-Recepcionada por el usuario Hernan Vigil',19,42),(429,'2021-11-16 15:32:25.873736','22','Orden de compra 15',2,'La orden de compra 15 ha sido Validada por el usuario Hernan Vigil',19,42),(430,'2021-11-16 15:32:36.443409','22','Orden de compra 15',2,'La orden de compra 15 ha sido Inicial por el usuario Hernan Vigil',19,42),(431,'2021-11-16 15:32:57.206282','22','Orden de compra 15',2,'La orden de compra 15 ha sido Validada por el usuario Hernan Vigil',19,42),(432,'2021-11-16 15:33:53.795170','22','Orden de compra 15',2,'La orden de compra 15 ha sido Semi-Recepcionada por el usuario Hernan Vigil',19,42),(433,'2021-11-16 15:38:44.563190','22','Orden de compra 15',2,'La orden de compra 15 ha sido Validada por el usuario Hernan Vigil',19,42),(434,'2021-11-16 15:54:50.883071','22','Orden de compra 15',2,'La orden de compra 15 ha sido Semi-Recepcionada por el usuario Hernan Vigil',19,42),(435,'2021-11-16 16:32:05.029044','22','Orden de compra 15',2,'La orden de compra 15 ha sido Validada por el usuario Sebastián Valenzuela',19,1),(436,'2021-11-16 16:32:18.948996','22','Orden de compra 15',2,'La orden de compra 15 ha sido Semi-Recepcionada por el usuario Sebastián Valenzuela',19,1),(437,'2021-11-16 16:32:26.716182','22','Orden de compra 15',2,'La orden de compra 15 ha sido Validada por el usuario Sebastián Valenzuela',19,1),(438,'2021-11-16 16:33:26.498934','22','Orden de compra 15',2,'La orden de compra 15 ha sido Recepcionada por el usuario Hernan Vigil',19,42),(439,'2021-11-16 17:01:39.564356','22','Orden de compra 15',2,'La orden de compra 15 ha sido Validada por el usuario Sebastián Valenzuela',19,1),(440,'2021-11-16 17:01:47.402311','22','Orden de compra 15',2,'La orden de compra 15 ha sido Recepcionada por el usuario Sebastián Valenzuela',19,1),(441,'2021-11-16 17:02:26.588984','22','Orden de compra 15',2,'La orden de compra 15 ha sido Validada por el usuario Sebastián Valenzuela',19,1),(442,'2021-11-16 17:02:35.753505','22','Orden de compra 15',2,'La orden de compra 15 ha sido Recepcionada por el usuario Sebastián Valenzuela',19,1),(443,'2021-11-16 17:05:17.105530','22','Orden de compra 15',2,'La orden de compra 15 ha sido Validada por el usuario Sebastián Valenzuela',19,1),(444,'2021-11-16 17:05:43.702124','22','Orden de compra 15',2,'La orden de compra 15 ha sido Recepcionada por el usuario Sebastián Valenzuela',19,1),(445,'2021-11-16 17:08:22.494967','22','Orden de compra 15',2,'La orden de compra 15 ha sido Recepcionada por el usuario Sebastián Valenzuela',19,1),(446,'2021-11-16 17:10:24.185777','22','Orden de compra 15',2,'La orden de compra 15 ha sido Recepcionada por el usuario Sebastián Valenzuela',19,1),(447,'2021-11-16 17:11:10.075392','22','Orden de compra 15',2,'La orden de compra 15 ha sido Recepcionada por el usuario Hernan Vigil',19,42),(448,'2021-11-16 17:11:15.202553','22','Orden de compra 15',2,'La orden de compra 15 ha sido Validada por el usuario Hernan Vigil',19,42),(449,'2021-11-16 17:11:20.545620','22','Orden de compra 15',2,'La orden de compra 15 ha sido Inicial por el usuario Hernan Vigil',19,42),(450,'2021-11-16 17:11:43.508498','22','Orden de compra 15',2,'La orden de compra 15 ha sido Validada por el usuario Hernan Vigil',19,42),(451,'2021-11-16 17:12:38.211564','22','Orden de compra 15',2,'La orden de compra 15 ha sido Recepcionada por el usuario Hernan Vigil',19,42),(452,'2021-11-17 20:37:18.370871','5','Proveedor MARPLE',2,'El proveedor MARPLE ha sido actualizado por el usuario Sebastián Valenzuela',14,1),(453,'2021-11-17 20:37:28.936494','2','Proveedor FIBRO CHILE',2,'El proveedor FIBRO CHILE ha sido actualizado por el usuario Sebastián Valenzuela',14,1),(454,'2021-11-17 20:37:39.195736','4','Proveedor DILACO',2,'El proveedor DILACO ha sido actualizado por el usuario Sebastián Valenzuela',14,1),(455,'2021-11-17 20:37:50.214243','6','Proveedor COEXPAN',2,'El proveedor COEXPAN ha sido actualizado por el usuario Sebastián Valenzuela',14,1),(456,'2021-11-17 20:40:51.032815','11','Insumo Cultivo R-704 Mesophilic',2,'El empleado Sebastián Valenzuela ha modificado el insumo Cultivo R-704 Mesophilic',7,1),(457,'2021-11-17 20:51:43.152342','4','Proveedor DILACO',2,'El proveedor DILACO ha sido actualizado por el usuario Sebastián Valenzuela',14,1),(458,'2021-11-17 21:56:49.975766','1','every 4 hours',1,'[{\"added\": {}}]',74,1),(459,'2021-11-17 21:56:55.762043','1','Precio Dolar: every 4 hours',1,'[{\"added\": {}}]',75,1),(460,'2021-11-17 21:57:11.203968','2','every 4 hours',1,'[{\"added\": {}}]',74,1),(461,'2021-11-17 21:57:23.673480','2','Obtener Dolar: every 4 hours',1,'[{\"added\": {}}]',75,1),(462,'2021-11-18 10:16:13.116006','2','Obtener Dolar: every 4 hours',2,'[{\"changed\": {\"fields\": [\"Task (registered)\", \"Task (custom)\"]}}]',75,1),(463,'2021-11-18 10:16:29.548092','1','Precio Euro: every 4 hours',2,'[{\"changed\": {\"fields\": [\"Name\", \"Task (registered)\", \"Task (custom)\"]}}]',75,1),(464,'2021-11-18 10:17:02.603695','3','every minute',1,'[{\"added\": {}}]',74,1),(465,'2021-11-18 10:17:22.085354','3','Dolar: every minute',1,'[{\"added\": {}}]',75,1),(466,'2021-11-18 10:27:59.663256','3','Euro: every minute',2,'[{\"changed\": {\"fields\": [\"Name\", \"Task (registered)\"]}}]',75,1),(467,'2021-11-18 10:29:21.635489','3','Euro: every minute',3,'',75,1),(468,'2021-11-18 10:33:34.880554','5','Obtener dolar x minuto: every minute',1,'[{\"added\": {}}]',75,1),(469,'2021-11-18 10:33:42.687919','5','Obtener dolar x minuto: every minute',2,'[{\"changed\": {\"fields\": [\"Start Datetime\"]}}]',75,1),(470,'2021-11-18 10:35:09.961063','5','Obtener dolar x minuto: every minute',3,'',75,1),(471,'2021-11-18 10:47:48.595580','3','Área Sala De Jamon',3,'Se ha eliminado el área Sala De Jamon en SAN FELIPE por el usuario Sebastián Valenzuela',43,1),(472,'2021-11-18 10:47:52.003978','4','Área Santiago',3,'Se ha eliminado el área Santiago en SANTIAGO por el usuario Sebastián Valenzuela',43,1),(473,'2021-11-18 10:51:20.158101','6','Área Cámara de Yogurt',2,'Se ha actualizado el área Cámara de Yogurt en VALDIVIA por el usuario Sebastián Valenzuela',43,1),(474,'2021-11-18 10:51:32.004939','7','Área Sala de quesos',1,'Se ha creado el área Sala de quesos en VALDIVIA por el usuario Sebastián Valenzuela',43,1),(475,'2021-11-18 10:55:42.604276','2','Equipo Maquina de Quesos',3,'Se ha eliminado el equipo Maquina de Quesos en Sin Área por el usuario Sebastián Valenzuela',38,1),(476,'2021-11-18 10:55:47.736638','1','Equipo Maquina de Queso',3,'Se ha eliminado el equipo Maquina de Queso en Sin Área por el usuario Sebastián Valenzuela',38,1),(477,'2021-11-18 10:56:04.318133','5','Equipo DOSIFICADORA DE YOGURT-SALSAS',1,'Se ha creado el equipo DOSIFICADORA DE YOGURT-SALSAS en Cámara de Yogurt por el usuario Sebastián Valenzuela',38,1),(478,'2021-11-18 10:56:26.904259','6','Equipo PASTEURIZADOR',1,'Se ha creado el equipo PASTEURIZADOR en Sala de quesos por el usuario Sebastián Valenzuela',38,1),(479,'2021-11-18 10:56:36.211368','7','Equipo TINA DE QUESO',1,'Se ha creado el equipo TINA DE QUESO en Sala de quesos por el usuario Sebastián Valenzuela',38,1),(480,'2021-11-18 10:56:51.682315','8','Equipo SELLADORA-MULTIVAC',1,'Se ha creado el equipo SELLADORA-MULTIVAC en Cámara de Yogurt por el usuario Sebastián Valenzuela',38,1),(481,'2021-11-18 11:47:06.154065','37','Producto: Cabra Ahumado',2,'El empleado Sebastián Valenzuela ha modificado el producto: Cabra Ahumado',10,1),(482,'2021-11-18 11:49:48.509917','108','Insumo Leche de Cabra',1,'El empleado Sebastián Valenzuela ha agregado el insumo Leche de Cabra',7,1),(483,'2021-11-18 12:13:24.564917','4','Parámetro Acidez',1,'El parámetro Acidez ha sido añadido por el usuario Sebastián Valenzuela',23,1),(484,'2021-11-18 12:13:58.477728','5','Parámetro Hora Termino',1,'El parámetro Hora Termino ha sido añadido por el usuario Sebastián Valenzuela',23,1),(485,'2021-11-18 12:17:04.246061','11','Insumo Cultivo R-704 Mesophilic',2,'El empleado Sebastián Valenzuela ha modificado el insumo Cultivo R-704 Mesophilic',7,1),(486,'2021-11-18 12:18:47.466034','11','Insumo Cultivo R-704 Mesophilic',2,'El empleado Sebastián Valenzuela ha modificado el insumo Cultivo R-704 Mesophilic',7,1),(487,'2021-11-18 12:22:21.748728','109','Insumo Sal gruesa',1,'El empleado Sebastián Valenzuela ha agregado el insumo Sal gruesa',7,1),(488,'2021-11-18 12:28:08.703432','3','Pauta de elaboración Tina Queso Cabra Tradicional',1,'La pauta de elaboración Tina Queso Cabra Tradicional ha sido añadida por el usuario Sebastián Valenzuela',27,1),(489,'2021-11-18 12:47:03.930785','3','Pauta de elaboración Tina Queso Cabra Tradicional',2,'La pauta de elaboración Tina Queso Cabra Tradicional ha sido actualizada por el usuario Sebastián Valenzuela',27,1),(490,'2021-11-18 15:27:07.654701','15','Insumo Pote 200',3,'El empleado Sebastián Valenzuela ha eliminado el insumo Pote 200',7,1),(491,'2021-11-18 15:27:11.952859','16','Insumo POTE 400',3,'El empleado Sebastián Valenzuela ha eliminado el insumo POTE 400',7,1),(492,'2021-11-18 15:34:59.905892','23','Orden de compra 16',1,'La orden de compra 16 ha sido solicitada el usuario Santiago Donoso',19,41),(493,'2021-11-19 13:33:13.962745','24','Orden de compra 17',1,'La orden de compra 17 ha sido solicitada el usuario Santiago Donoso',19,41),(494,'2021-11-19 17:08:23.402627','23','Proveedor Rhona S.A.',1,'El proveedor Rhona S.A. ha sido creado por el usuario Hernan Vigil',14,42),(495,'2021-11-19 17:09:35.625887','114','Insumo Interruptor De Pedal',1,'El empleado Hernan Vigil ha agregado el insumo Interruptor De Pedal',7,42),(496,'2021-11-19 17:15:27.201886','25','Orden de compra 18',1,'La orden de compra 18 ha sido solicitada el usuario Hernan Vigil',19,42),(497,'2021-11-19 17:15:49.581725','25','Orden de compra 18',2,'La orden de compra 18 ha sido Validada por el usuario Hernan Vigil',19,42),(498,'2021-11-21 21:56:35.838406','3','Pauta de elaboración Tina Queso Cabra Tradicional',2,'La pauta de elaboración Tina Queso Cabra Tradicional ha sido actualizada por el usuario Sebastián Valenzuela',27,1),(499,'2021-11-22 10:10:08.586147','26','Orden de compra 19',1,'La orden de compra 19 ha sido solicitada el usuario Santiago Donoso',19,41),(500,'2021-11-22 10:21:48.887823','27','Orden de compra 20',1,'La orden de compra 20 ha sido solicitada el usuario Santiago Donoso',19,41),(501,'2021-11-22 11:53:18.716544','28','Orden de compra 21',1,'La orden de compra 21 ha sido solicitada el usuario Santiago Donoso',19,41),(502,'2021-11-22 14:58:33.759957','18','Orden de compra 12',3,'La orden de compra 12 ha sido rechazada por el usuario Santiago Donoso',19,41),(503,'2021-11-22 14:59:07.056397','29','Orden de compra 22',1,'La orden de compra 22 ha sido solicitada el usuario Santiago Donoso',19,41),(504,'2021-11-22 16:02:18.428911','6','Lote 211122-QUTR01-01',1,'El lote 211122-QUTR01-01 ha sido creado por el usuario Sebastián Valenzuela',50,1),(505,'2021-11-22 16:02:18.436710','7','Lote 211122-QUTR04-01',1,'El lote 211122-QUTR04-01 ha sido creado por el usuario Sebastián Valenzuela',50,1),(506,'2021-11-22 16:02:18.446717','4','Elaboración 4',1,'La elaboración 4 ha sido iniciada por el usuario Sebastián Valenzuela',47,1),(507,'2021-11-22 16:05:25.289675','8','Lote 211122-QUTR01-02',1,'El lote 211122-QUTR01-02 ha sido creado por el usuario Sebastián Valenzuela',50,1),(508,'2021-11-22 16:05:25.298632','9','Lote 211122-QUTR04-02',1,'El lote 211122-QUTR04-02 ha sido creado por el usuario Sebastián Valenzuela',50,1),(509,'2021-11-22 16:05:25.312935','5','Elaboración 5',1,'La elaboración 5 ha sido iniciada por el usuario Sebastián Valenzuela',47,1),(510,'2021-11-22 16:06:46.180058','34','Producto: Tradicional Oregano',2,'El empleado Sebastián Valenzuela ha modificado el producto: Tradicional Oregano',10,1),(511,'2021-11-22 16:06:49.325384','31','Producto: Tradicional',2,'El empleado Sebastián Valenzuela ha modificado el producto: Tradicional',10,1),(512,'2021-11-22 16:26:20.990013','26','26 - San Felipe',1,'Se ha generado el envio #26 con origen San Felipe y destino Santiago por el usuario Santiago Donoso',55,41),(513,'2021-11-22 16:30:21.286538','26','26 - San Felipe',2,'Se ha recepcionado el envio #26 con origen San Felipe y destino Santiago por el usuario Santiago Donoso',55,41),(514,'2021-11-23 11:31:45.096260','6','Área Sala de proceso- Yogurt',2,'Se ha actualizado el área Sala de proceso- Yogurt en VALDIVIA por el usuario Adriana Artunduaga',43,37),(515,'2021-11-23 11:35:00.189493','8','Área Camara de Yogurt',1,'Se ha creado el área Camara de Yogurt en VALDIVIA por el usuario Sebastián Valenzuela',43,1),(516,'2021-11-23 11:35:07.262391','8','Equipo SELLADORA-MULTIVAC',2,'Se ha actualizado el equipo SELLADORA-MULTIVAC en Camara de Yogurt por el usuario Sebastián Valenzuela',38,1),(517,'2021-11-23 11:35:14.362827','5','Equipo DOSIFICADORA DE YOGURT-SALSAS',2,'Se ha actualizado el equipo DOSIFICADORA DE YOGURT-SALSAS en Camara de Yogurt por el usuario Sebastián Valenzuela',38,1),(518,'2021-11-24 10:17:20.863522','115','Insumo HIDROXIDO DE SODIO 0,1N',1,'El empleado Santiago Donoso ha agregado el insumo HIDROXIDO DE SODIO 0,1N',7,41),(519,'2021-11-24 10:29:01.718089','30','Orden de compra 23',1,'La orden de compra 23 ha sido solicitada el usuario Santiago Donoso',19,41),(520,'2021-11-24 12:07:07.832306','116','Insumo FENOFTALEINA 2%',1,'El empleado Santiago Donoso ha agregado el insumo FENOFTALEINA 2%',7,41),(521,'2021-11-24 12:14:09.733305','31','Orden de compra 24',1,'La orden de compra 24 ha sido solicitada el usuario Santiago Donoso',19,41),(522,'2021-11-24 12:22:19.169595','31','Orden de compra 24',2,'La orden de compra 24 ha sido Inicial por el usuario Santiago Donoso',19,41),(523,'2021-11-24 12:26:31.803234','32','Orden de compra 25',1,'La orden de compra 25 ha sido solicitada el usuario Santiago Donoso',19,41),(524,'2021-11-24 12:32:40.976405','33','Orden de compra 26',1,'La orden de compra 26 ha sido solicitada el usuario Santiago Donoso',19,41),(525,'2021-11-24 15:07:17.789283','34','Orden de compra 27',1,'La orden de compra 27 ha sido solicitada el usuario Santiago Donoso',19,41),(526,'2021-11-24 16:51:50.646918','248','Cliente Dulceria AM spa',1,'Se ha creado el cliente Dulceria AM spa - 76.449.299-4 por el usuario Deyanira Poblete',16,39),(527,'2021-11-24 16:55:20.370706','249','Cliente Blanca Moreira',1,'Se ha creado el cliente Blanca Moreira - 77.454.625-1 por el usuario Deyanira Poblete',16,39),(528,'2021-11-25 09:00:28.937628','29','Orden de compra 22',2,'La orden de compra 22 ha sido Validada por el usuario Santiago Donoso',19,41),(529,'2021-11-25 09:00:51.915232','30','Orden de compra 23',2,'La orden de compra 23 ha sido Validada por el usuario Santiago Donoso',19,41),(530,'2021-11-25 09:01:41.008598','32','Orden de compra 25',2,'La orden de compra 25 ha sido Validada por el usuario Santiago Donoso',19,41),(531,'2021-11-25 09:13:16.080254','26','Orden de compra 19',2,'La orden de compra 19 ha sido Validada por el usuario Santiago Donoso',19,41),(532,'2021-11-25 09:14:07.090886','26','Orden de compra 19',2,'La orden de compra 19 ha sido Recepcionada por el usuario Santiago Donoso',19,41),(533,'2021-11-25 09:25:23.140658','17','Orden de compra 11',2,'La orden de compra 11 ha sido Recepcionada por el usuario Santiago Donoso',19,41),(534,'2021-11-25 09:29:42.853868','27','27 - Santiago',1,'Se ha generado el envio #27 con origen Santiago y destino Valdivia por el usuario Santiago Donoso',55,41),(535,'2021-11-25 09:31:25.284774','27','27 - Santiago',2,'Se ha recepcionado el envio #27 con origen Santiago y destino Valdivia por el usuario Santiago Donoso',55,41),(536,'2021-11-25 11:09:35.517211','250','Cliente Gustavo Natero',1,'Se ha creado el cliente Gustavo Natero - 76.073.909-K por el usuario Deyanira Poblete',16,39),(537,'2021-11-25 11:13:46.877296','249','Cliente Blanca Moreira',2,'Se ha actualizado el cliente Blanca Moreira - 77.454.625-1 por el usuario Deyanira Poblete',16,39),(538,'2021-11-25 11:13:58.106635','249','Cliente Blanca Moreira',2,'Se ha actualizado el cliente Blanca Moreira - 77.454.625-1 por el usuario Deyanira Poblete',16,39),(539,'2021-11-25 11:14:25.834496','250','Cliente Gustavo Natero',2,'Se ha actualizado el cliente Gustavo Natero - 76.073.909-K por el usuario Deyanira Poblete',16,39),(540,'2021-11-25 11:19:49.463236','249','Cliente Blanca Moreira',2,'Se ha actualizado el cliente Blanca Moreira - 77.454.625-1 por el usuario Deyanira Poblete',16,39),(541,'2021-11-25 16:41:37.736152','169','Cliente WalMart',2,'Se ha actualizado el cliente WalMart - 76042014-k por el usuario Sebastián Valenzuela',16,1),(542,'2021-11-26 15:27:23.981883','32','Orden de compra 25',2,'La orden de compra 25 ha sido Semi-Recepcionada por el usuario Santiago Donoso',19,41),(543,'2021-11-29 10:51:16.292435','28','28 - Santiago',1,'Se ha generado el envio #28 con origen Santiago y destino San Felipe por el usuario Sebastián Valenzuela',55,1),(544,'2021-11-29 11:07:23.592281','15','Área de negocio: Lingotes',1,'El empleado Sebastián Valenzuela ha agregado el área de negocio: Lingotes',9,1),(545,'2021-11-29 11:11:13.226634','50','Producto: Lingote Cabra Tradicional Oregano',1,'El empleado Sebastián Valenzuela ha agregado el producto: Lingote Cabra Tradicional Oregano',10,1),(546,'2021-11-29 11:12:45.188895','117','Insumo Oregano',1,'El empleado Sebastián Valenzuela ha agregado el insumo Oregano',7,1),(547,'2021-11-29 11:22:15.518965','51','Producto: Lingote Cabra Tradicional Aceituna',1,'El empleado Sebastián Valenzuela ha agregado el producto: Lingote Cabra Tradicional Aceituna',10,1),(548,'2021-11-29 11:23:11.752997','118','Insumo Aceituna',1,'El empleado Sebastián Valenzuela ha agregado el insumo Aceituna',7,1),(549,'2021-11-29 11:28:03.488415','3','Pauta de elaboración Tina Queso Cabra Tradicional',2,'La pauta de elaboración Tina Queso Cabra Tradicional ha sido actualizada por el usuario Sebastián Valenzuela',27,1),(550,'2021-11-29 11:42:14.567989','3','Pauta de elaboración Tina Queso Cabra Tradicional',2,'La pauta de elaboración Tina Queso Cabra Tradicional ha sido actualizada por el usuario Sebastián Valenzuela',27,1),(551,'2021-11-29 13:11:22.852748','35','Orden de compra 28',1,'La orden de compra 28 ha sido solicitada el usuario Santiago Donoso',19,41),(552,'2021-11-30 09:40:44.530702','36','Orden de compra 29',1,'La orden de compra 29 ha sido solicitada el usuario Santiago Donoso',19,41),(553,'2021-11-30 09:40:56.036443','36','Orden de compra 29',2,'La orden de compra 29 ha sido Validada por el usuario Santiago Donoso',19,41),(554,'2021-11-30 12:30:01.491478','11','Inventario Insumo POTE 200/95 C/TAPA - Santiago',2,'Se ha actualizado el inventario de POTE 200/95 C/TAPA en Santiago de manera MANUAL por el usuario Sebastián Valenzuela',13,1),(555,'2021-11-30 12:30:33.448890','10','Inventario Insumo POTE 200/95 C/TAPA - Valdivia',2,'Se ha actualizado el inventario de POTE 200/95 C/TAPA en Valdivia de manera MANUAL por el usuario Sebastián Valenzuela',13,1),(556,'2021-11-30 20:03:22.699701','3','Elaboración 3',3,'La elaboración 3 ha sido eliminada por el usuario Sebastián Valenzuela',47,1),(557,'2021-11-30 20:03:28.847936','3','Elaboración 3',3,'La elaboración 3 ha sido eliminada por el usuario Sebastián Valenzuela',47,1),(558,'2021-11-30 20:08:49.282394','22','22 - Valdivia',3,'Se ha eliminado el envio #22 con origen Valdivia y destino Santiago por el usuario Sebastián Valenzuela',55,1),(559,'2021-11-30 20:08:51.021159','23','23 - Valdivia',3,'Se ha eliminado el envio #23 con origen Valdivia y destino Santiago por el usuario Sebastián Valenzuela',55,1),(560,'2021-11-30 20:08:52.841259','24','24 - Santiago',3,'Se ha eliminado el envio #24 con origen Santiago y destino Valdivia por el usuario Sebastián Valenzuela',55,1),(561,'2021-11-30 20:08:54.541488','25','25 - Valdivia',3,'Se ha eliminado el envio #25 con origen Valdivia y destino Santiago por el usuario Sebastián Valenzuela',55,1),(562,'2021-11-30 20:09:01.780347','26','26 - San Felipe',3,'Se ha eliminado el envio #26 con origen San Felipe y destino Santiago por el usuario Sebastián Valenzuela',55,1),(563,'2021-11-30 20:09:08.755716','1','Elaboración 1',3,'La elaboración 1 ha sido eliminada por el usuario Sebastián Valenzuela',47,1),(564,'2021-11-30 20:09:10.995687','2','Elaboración 2',3,'La elaboración 2 ha sido eliminada por el usuario Sebastián Valenzuela',47,1),(565,'2021-11-30 20:09:13.000419','3','Elaboración 3',3,'La elaboración 3 ha sido eliminada por el usuario Sebastián Valenzuela',47,1),(566,'2021-11-30 20:09:20.503820','7','Lote 211122-QUTR04-01',3,'El lote 211122-QUTR04-01 ha sido eliminado por el usuario Sebastián Valenzuela',50,1),(567,'2021-11-30 20:09:22.324649','6','Lote 211122-QUTR01-01',3,'El lote 211122-QUTR01-01 ha sido eliminado por el usuario Sebastián Valenzuela',50,1),(568,'2021-12-01 14:23:44.995910','24','Proveedor GRASBERG',1,'El proveedor GRASBERG ha sido creado por el usuario Santiago Donoso',14,41),(569,'2021-12-01 14:24:54.559341','119','Insumo Lamina plata',1,'El empleado Santiago Donoso ha agregado el insumo Lamina plata',7,41),(570,'2021-12-01 14:25:14.990515','120','Insumo Papel Antigrasa',1,'El empleado Santiago Donoso ha agregado el insumo Papel Antigrasa',7,41),(571,'2021-12-01 14:29:39.306593','37','Orden de compra 30',1,'La orden de compra 30 ha sido solicitada el usuario Santiago Donoso',19,41),(572,'2021-12-01 14:30:28.245773','37','Orden de compra 30',2,'La orden de compra 30 ha sido Inicial por el usuario Santiago Donoso',19,41),(573,'2021-12-01 14:30:43.086655','37','Orden de compra 30',2,'La orden de compra 30 ha sido Validada por el usuario Santiago Donoso',19,41),(574,'2021-12-01 14:42:38.914209','38','Orden de compra 31',1,'La orden de compra 31 ha sido solicitada el usuario Santiago Donoso',19,41),(575,'2021-12-01 14:45:09.220161','4','Insumo Proteina de Haba',3,'El empleado Santiago Donoso ha eliminado el insumo Proteina de Haba',7,41),(576,'2021-12-01 15:16:40.975756','38','Orden de compra 31',2,'La orden de compra 31 ha sido Validada por el usuario Santiago Donoso',19,41),(577,'2021-12-01 15:44:42.727840','102','Insumo Cabra Aceituna 63 mm diam',2,'El empleado Santiago Donoso ha modificado el insumo Cabra Aceituna 63 mm diam',7,41),(578,'2021-12-01 15:44:56.976673','101','Insumo Cabra Albahaca 63 mm diam',2,'El empleado Santiago Donoso ha modificado el insumo Cabra Albahaca 63 mm diam',7,41),(579,'2021-12-01 15:45:10.228249','93','Insumo Cabra Feta 63 mm diam',2,'El empleado Santiago Donoso ha modificado el insumo Cabra Feta 63 mm diam',7,41),(580,'2021-12-01 15:45:23.039236','92','Insumo Cabra Ciboulette 63 mm diam',2,'El empleado Santiago Donoso ha modificado el insumo Cabra Ciboulette 63 mm diam',7,41),(581,'2021-12-01 15:45:38.398489','91','Insumo Cabra Oregano 63 mm diam',2,'El empleado Santiago Donoso ha modificado el insumo Cabra Oregano 63 mm diam',7,41),(582,'2021-12-01 15:45:51.557771','90','Insumo Cabra Natural 63 mm diam',2,'El empleado Santiago Donoso ha modificado el insumo Cabra Natural 63 mm diam',7,41),(583,'2021-12-01 15:46:05.122062','81','Insumo Cabra Ahumado 63 mm diam',2,'El empleado Santiago Donoso ha modificado el insumo Cabra Ahumado 63 mm diam',7,41),(584,'2021-12-01 15:46:18.318541','75','Insumo Cabra Fresco 63 mm diam',2,'El empleado Santiago Donoso ha modificado el insumo Cabra Fresco 63 mm diam',7,41),(585,'2021-12-01 15:51:34.756549','39','Orden de compra 32',1,'La orden de compra 32 ha sido solicitada el usuario Santiago Donoso',19,41),(586,'2021-12-01 16:43:40.070997','251','Cliente Ricardo Spaggiari',1,'Se ha creado el cliente Ricardo Spaggiari - 77.690.590-9 por el usuario Deyanira Poblete',16,39),(587,'2021-12-01 16:46:46.487965','252','Cliente Claudia Giaverini',1,'Se ha creado el cliente Claudia Giaverini - 77.374.878-0 por el usuario Deyanira Poblete',16,39),(588,'2021-12-02 09:24:53.671088','121','Insumo Bolsa 240x480 Termo',1,'El empleado Santiago Donoso ha agregado el insumo Bolsa 240x480 Termo',7,41),(589,'2021-12-02 09:32:48.872247','25','Proveedor TECHFOODS',1,'El proveedor TECHFOODS ha sido creado por el usuario Santiago Donoso',14,41),(590,'2021-12-02 09:35:22.652029','40','Orden de compra 33',1,'La orden de compra 33 ha sido solicitada el usuario Santiago Donoso',19,41),(591,'2021-12-02 09:37:57.020615','41','Orden de compra 34',1,'La orden de compra 34 ha sido solicitada el usuario Santiago Donoso',19,41),(592,'2021-12-02 10:38:01.929854','42','Orden de compra 35',1,'La orden de compra 35 ha sido solicitada el usuario Santiago Donoso',19,41),(593,'2021-12-02 13:48:33.734287','42','Orden de compra 35',2,'La orden de compra 35 ha sido Validada por el usuario Santiago Donoso',19,41),(594,'2021-12-03 05:39:50.120024','26','Proveedor Victoria S.A',1,'El proveedor Victoria S.A ha sido creado por el usuario Hernan Vigil',14,42),(595,'2021-12-03 05:40:40.108096','122','Insumo Huellero URU4500',1,'El empleado Hernan Vigil ha agregado el insumo Huellero URU4500',7,42),(596,'2021-12-03 05:46:00.779688','43','Orden de compra 36',1,'La orden de compra 36 ha sido solicitada el usuario Hernan Vigil',19,42),(597,'2021-12-03 05:48:21.068852','43','Orden de compra 36',2,'La orden de compra 36 ha sido Validada por el usuario Hernan Vigil',19,42),(598,'2021-12-06 11:20:55.649314','44','Orden de compra 37',1,'La orden de compra 37 ha sido solicitada el usuario Santiago Donoso',19,41),(599,'2021-12-06 13:38:48.375902','52','Producto: Lingote Cabra Tradicional',1,'El empleado Sebastián Valenzuela ha agregado el producto: Lingote Cabra Tradicional',10,1),(600,'2021-12-06 13:39:14.535741','53','Producto: Lingote Cabra Tradicional Albahaca',1,'El empleado Sebastián Valenzuela ha agregado el producto: Lingote Cabra Tradicional Albahaca',10,1),(601,'2021-12-06 13:39:57.849490','54','Producto: Lingote Cabra Tradicional Ciboulette',1,'El empleado Sebastián Valenzuela ha agregado el producto: Lingote Cabra Tradicional Ciboulette',10,1),(602,'2021-12-06 13:45:47.790298','3','Pauta de elaboración Tina Queso Cabra Tradicional',2,'La pauta de elaboración Tina Queso Cabra Tradicional ha sido actualizada por el usuario Santiago Donoso',27,41),(603,'2021-12-06 13:46:45.132597','123','Insumo Suero Tina Queso Cabra Tradicional',1,'El empleado Sebastián Valenzuela ha agregado el insumo Suero Tina Queso Cabra Tradicional',7,1),(604,'2021-12-06 13:49:30.952642','3','Pauta de elaboración Tina Queso Cabra Tradicional',2,'La pauta de elaboración Tina Queso Cabra Tradicional ha sido actualizada por el usuario Santiago Donoso',27,41),(605,'2021-12-06 14:01:34.838078','10','Lote 21126-CTN01-01',1,'El lote 21126-CTN01-01 ha sido creado por el usuario Santiago Donoso',50,41),(606,'2021-12-06 14:01:34.869582','6','Elaboración 6',1,'La elaboración 6 ha sido iniciada por el usuario Santiago Donoso',47,41),(607,'2021-12-06 14:02:25.827013','6','Elaboración 6',3,'La elaboración 6 ha sido eliminada por el usuario Santiago Donoso',47,41),(608,'2021-12-06 14:04:05.074030','11','Lote 21126-CTN01-01',1,'El lote 21126-CTN01-01 ha sido creado por el usuario Santiago Donoso',50,41),(609,'2021-12-06 14:04:05.093679','7','Elaboración 7',1,'La elaboración 7 ha sido iniciada por el usuario Santiago Donoso',47,41),(610,'2021-12-06 14:09:59.738333','124','Insumo Despunte',1,'El empleado Sebastián Valenzuela ha agregado el insumo Despunte',7,1),(611,'2021-12-06 17:48:02.652597','107','Insumo Cuajo CHYMAX',2,'El empleado Sebastián Valenzuela ha modificado el insumo Cuajo CHYMAX',7,1),(612,'2021-12-06 18:28:10.683159','3','Pauta de elaboración Tina Queso Cabra Tradicional',2,'La pauta de elaboración Tina Queso Cabra Tradicional ha sido actualizada por el usuario Sebastián Valenzuela',27,1),(613,'2021-12-06 18:40:26.197868','3','Pauta de elaboración Tina Queso Cabra Tradicional',2,'La pauta de elaboración Tina Queso Cabra Tradicional ha sido actualizada por el usuario Sebastián Valenzuela',27,1),(614,'2021-12-06 18:50:10.022553','8','Elaboración 8',1,'La elaboración 8 ha sido iniciada por el usuario Sebastián Valenzuela',47,1),(615,'2021-12-06 19:03:52.615332','12','Lote 21126-LILI03-01',1,'El lote 21126-LILI03-01 ha sido creado por el usuario Sebastián Valenzuela',50,1),(616,'2021-12-06 19:03:52.632173','13','Lote 21126-QUTR01-01',1,'El lote 21126-QUTR01-01 ha sido creado por el usuario Sebastián Valenzuela',50,1),(617,'2021-12-07 09:39:43.284837','27','Proveedor MERCADOLIBRE CHILE LTDA',1,'El proveedor MERCADOLIBRE CHILE LTDA ha sido creado por el usuario Hernan Vigil',14,42),(618,'2021-12-07 09:40:25.441642','125','Insumo Pistola Lector Codigos QR',1,'El empleado Hernan Vigil ha agregado el insumo Pistola Lector Codigos QR',7,42),(619,'2021-12-07 09:43:15.693816','45','Orden de compra 38',1,'La orden de compra 38 ha sido solicitada el usuario Hernan Vigil',19,42),(620,'2021-12-07 09:49:00.921318','45','Orden de compra 38',2,'La orden de compra 38 ha sido Validada por el usuario Hernan Vigil',19,42),(621,'2021-12-07 09:50:36.641730','46','Orden de compra 39',1,'La orden de compra 39 ha sido solicitada el usuario Santiago Donoso',19,41),(622,'2021-12-07 09:56:55.089925','47','Orden de compra 40',1,'La orden de compra 40 ha sido solicitada el usuario Santiago Donoso',19,41),(623,'2021-12-07 09:57:10.676184','46','Orden de compra 39',2,'La orden de compra 39 ha sido Inicial por el usuario Santiago Donoso',19,41),(624,'2021-12-07 09:58:24.658608','47','Orden de compra 40',2,'La orden de compra 40 ha sido Validada por el usuario Santiago Donoso',19,41),(625,'2021-12-07 10:00:13.987324','126','Insumo Adaptador Celular tipo C',1,'El empleado Hernan Vigil ha agregado el insumo Adaptador Celular tipo C',7,42),(626,'2021-12-07 10:02:10.892623','127','Insumo Despacho a domicilio',1,'El empleado Hernan Vigil ha agregado el insumo Despacho a domicilio',7,42),(627,'2021-12-07 10:13:18.198858','48','Orden de compra 41',1,'La orden de compra 41 ha sido solicitada el usuario Hernan Vigil',19,42),(628,'2021-12-07 10:13:36.056547','48','Orden de compra 41',2,'La orden de compra 41 ha sido Validada por el usuario Hernan Vigil',19,42),(629,'2021-12-07 10:28:46.793000','49','Orden de compra 42',1,'La orden de compra 42 ha sido solicitada el usuario Santiago Donoso',19,41),(630,'2021-12-07 10:49:58.088720','41','Orden de compra 34',2,'La orden de compra 34 ha sido Validada por el usuario Santiago Donoso',19,41),(631,'2021-12-07 12:37:20.241073','128','Insumo Balanza 40 kilos',1,'El empleado Hernan Vigil ha agregado el insumo Balanza 40 kilos',7,42),(632,'2021-12-07 12:40:47.746741','50','Orden de compra 43',1,'La orden de compra 43 ha sido solicitada el usuario Hernan Vigil',19,42),(633,'2021-12-07 12:40:55.841763','50','Orden de compra 43',2,'La orden de compra 43 ha sido Validada por el usuario Hernan Vigil',19,42),(634,'2021-12-07 12:45:42.669928','5','Orden de compra 4',2,'La orden de compra 4 ha sido Validada por el usuario Santiago Donoso',19,41),(635,'2021-12-07 12:46:18.887004','5','Orden de compra 4',2,'La orden de compra 4 ha sido Recepcionada por el usuario Santiago Donoso',19,41),(636,'2021-12-07 14:59:31.575540','7','Elaboración 7',3,'La elaboración 7 ha sido eliminada por el usuario Santiago Donoso',47,41),(637,'2021-12-07 14:59:36.225664','5','Elaboración 5',3,'La elaboración 5 ha sido eliminada por el usuario Santiago Donoso',47,41),(638,'2021-12-07 14:59:43.646492','4','Elaboración 4',3,'La elaboración 4 ha sido eliminada por el usuario Santiago Donoso',47,41),(639,'2021-12-07 16:53:57.267913','5','Producto: Camembert Pimienta',2,'El empleado Hernan Vigil ha modificado el producto: Camembert Pimienta',10,42),(640,'2021-12-07 17:03:49.374918','28','Proveedor UNIVERSIDAD AUSTRAL DE CHILE',1,'El proveedor UNIVERSIDAD AUSTRAL DE CHILE ha sido creado por el usuario Hernan Vigil',14,42),(641,'2021-12-07 17:04:18.385508','129','Insumo Leche fresca de Vaca',1,'El empleado Hernan Vigil ha agregado el insumo Leche fresca de Vaca',7,42),(642,'2021-12-07 17:09:10.455413','130','Insumo Richard Fontanes - Traslado de Leche de vaca',1,'El empleado Hernan Vigil ha agregado el insumo Richard Fontanes - Traslado de Leche de vaca',7,42),(643,'2021-12-07 18:42:46.689148','4','Pauta de elaboración Azucar',1,'La pauta de elaboración Azucar ha sido añadida por el usuario Sebastián Valenzuela',27,1),(644,'2021-12-08 08:14:14.505878','6','Parámetro Si',1,'El parámetro Si ha sido añadido por el usuario Hernan Vigil',23,42),(645,'2021-12-08 08:14:30.835041','7','Parámetro No',1,'El parámetro No ha sido añadido por el usuario Hernan Vigil',23,42),(646,'2021-12-08 08:24:47.093796','5','Pauta de elaboración YOGUR GRIEGO PIP',1,'La pauta de elaboración YOGUR GRIEGO PIP ha sido añadida por el usuario Hernan Vigil',27,42),(647,'2021-12-08 08:50:31.123138','8','Parámetro Hora',1,'El parámetro Hora ha sido añadido por el usuario Hernan Vigil',23,42),(648,'2021-12-08 09:04:49.241659','6','Pauta de elaboración PROVOLETA PIP',1,'La pauta de elaboración PROVOLETA PIP ha sido añadida por el usuario Hernan Vigil',27,42),(649,'2021-12-08 09:27:13.319816','6','Pauta de elaboración PROVOLETA PIP',2,'La pauta de elaboración PROVOLETA PIP ha sido actualizada por el usuario Hernan Vigil',27,42),(650,'2021-12-08 09:33:14.281787','5','Pauta de elaboración YOGUR GRIEGO PIP',2,'La pauta de elaboración YOGUR GRIEGO PIP ha sido actualizada por el usuario Sebastián Valenzuela',27,1),(651,'2021-12-08 11:00:25.662271','7','Pauta de elaboración YOGUR DESCREMADO PIP',1,'La pauta de elaboración YOGUR DESCREMADO PIP ha sido añadida por el usuario Hernan Vigil',27,42),(652,'2021-12-08 11:02:31.586654','9','Parámetro Cumple',1,'El parámetro Cumple ha sido añadido por el usuario Hernan Vigil',23,42),(653,'2021-12-08 11:02:47.624219','10','Parámetro No Cumple',1,'El parámetro No Cumple ha sido añadido por el usuario Hernan Vigil',23,42),(654,'2021-12-08 11:14:37.536554','1','Lote 21128-PP01-01',1,'El lote 21128-PP01-01 ha sido creado por el usuario Sebastián Valenzuela',50,1),(655,'2021-12-08 11:14:37.574933','16','Elaboración 16',1,'La elaboración 16 ha sido iniciada por el usuario Sebastián Valenzuela',47,1),(656,'2021-12-08 11:16:06.029632','8','Pauta de elaboración YOGUR CLASICO PIP',1,'La pauta de elaboración YOGUR CLASICO PIP ha sido añadida por el usuario Hernan Vigil',27,42),(657,'2021-12-08 11:18:36.735844','2','Lote 21128-YODE04-01',1,'El lote 21128-YODE04-01 ha sido creado por el usuario Santiago Donoso',50,41),(658,'2021-12-08 11:18:36.749589','3','Lote 21128-YODE03-01',1,'El lote 21128-YODE03-01 ha sido creado por el usuario Santiago Donoso',50,41),(659,'2021-12-08 11:18:36.763950','17','Elaboración 17',1,'La elaboración 17 ha sido iniciada por el usuario Santiago Donoso',47,41),(660,'2021-12-08 11:28:13.284201','131','Insumo Crema proveniente de Descremado',1,'El empleado Hernan Vigil ha agregado el insumo Crema proveniente de Descremado',7,42),(661,'2021-12-08 11:33:43.460093','5','Pauta de elaboración YOGUR GRIEGO PIP',2,'La pauta de elaboración YOGUR GRIEGO PIP ha sido actualizada por el usuario Santiago Donoso',27,41),(662,'2021-12-08 11:34:14.209843','8','Pauta de elaboración YOGUR CLASICO PIP',2,'La pauta de elaboración YOGUR CLASICO PIP ha sido actualizada por el usuario Santiago Donoso',27,41),(663,'2021-12-08 11:34:51.030758','7','Pauta de elaboración YOGUR DESCREMADO PIP',2,'La pauta de elaboración YOGUR DESCREMADO PIP ha sido actualizada por el usuario Santiago Donoso',27,41),(664,'2021-12-08 11:35:18.121495','5','Pauta de elaboración YOGUR GRIEGO PIP',2,'La pauta de elaboración YOGUR GRIEGO PIP ha sido actualizada por el usuario Santiago Donoso',27,41),(665,'2021-12-08 11:35:27.094964','8','Pauta de elaboración YOGUR CLASICO PIP',2,'La pauta de elaboración YOGUR CLASICO PIP ha sido actualizada por el usuario Santiago Donoso',27,41),(666,'2021-12-08 11:35:39.143983','7','Pauta de elaboración YOGUR DESCREMADO PIP',2,'La pauta de elaboración YOGUR DESCREMADO PIP ha sido actualizada por el usuario Santiago Donoso',27,41),(667,'2021-12-08 11:35:54.378132','5','Pauta de elaboración YOGUR GRIEGO PIP',2,'La pauta de elaboración YOGUR GRIEGO PIP ha sido actualizada por el usuario Santiago Donoso',27,41),(668,'2021-12-08 11:36:56.833606','6','Pauta de elaboración PROVOLETA PIP',2,'La pauta de elaboración PROVOLETA PIP ha sido actualizada por el usuario Santiago Donoso',27,41),(669,'2021-12-08 11:37:52.597833','3','Pauta de elaboración Tina Queso Cabra Tradicional',2,'La pauta de elaboración Tina Queso Cabra Tradicional ha sido actualizada por el usuario Santiago Donoso',27,41),(670,'2021-12-08 11:39:28.668087','8','Pauta de elaboración YOGUR CLASICO PIP',2,'La pauta de elaboración YOGUR CLASICO PIP ha sido actualizada por el usuario Santiago Donoso',27,41),(671,'2021-12-08 11:39:56.696095','1','Pauta de elaboración Azucar',3,'La pauta de elaboración Azucar ha sido eliminada por el usuario Santiago Donoso',27,41),(672,'2021-12-08 11:40:00.677490','2','Pauta de elaboración Azucar',3,'La pauta de elaboración Azucar ha sido eliminada por el usuario Santiago Donoso',27,41),(673,'2021-12-08 11:40:04.078781','4','Pauta de elaboración Azucar',3,'La pauta de elaboración Azucar ha sido eliminada por el usuario Santiago Donoso',27,41),(674,'2021-12-08 11:51:17.010367','9','Pauta de elaboración COTTAGE PIP',1,'La pauta de elaboración COTTAGE PIP ha sido añadida por el usuario Hernan Vigil',27,42),(675,'2021-12-08 11:51:21.993074','4','Lote 21128-YOGR04-01',1,'El lote 21128-YOGR04-01 ha sido creado por el usuario Santiago Donoso',50,41),(676,'2021-12-08 11:51:22.000921','5','Lote 21128-YOGR03-01',1,'El lote 21128-YOGR03-01 ha sido creado por el usuario Santiago Donoso',50,41),(677,'2021-12-08 11:51:22.008024','6','Lote 21128-YOGR02-01',1,'El lote 21128-YOGR02-01 ha sido creado por el usuario Santiago Donoso',50,41),(678,'2021-12-08 11:51:22.014013','7','Lote 21128-YOGR01-01',1,'El lote 21128-YOGR01-01 ha sido creado por el usuario Santiago Donoso',50,41),(679,'2021-12-08 11:51:22.021132','19','Elaboración 19',1,'La elaboración 19 ha sido iniciada por el usuario Santiago Donoso',47,41),(680,'2021-12-08 11:57:06.797177','10','Pauta de elaboración SALSA COTTAGE PIP',1,'La pauta de elaboración SALSA COTTAGE PIP ha sido añadida por el usuario Hernan Vigil',27,42),(681,'2021-12-08 12:06:28.194953','11','Pauta de elaboración Cottage mas Salsa PIP',1,'La pauta de elaboración Cottage mas Salsa PIP ha sido añadida por el usuario Hernan Vigil',27,42),(682,'2021-12-08 12:07:50.782429','8','Lote 21128-QUCO03-01',1,'El lote 21128-QUCO03-01 ha sido creado por el usuario Santiago Donoso',50,41),(683,'2021-12-08 12:07:50.789539','9','Lote 21128-QUCO02-01',1,'El lote 21128-QUCO02-01 ha sido creado por el usuario Santiago Donoso',50,41),(684,'2021-12-08 12:07:50.797995','10','Lote 21128-QUCO01-01',1,'El lote 21128-QUCO01-01 ha sido creado por el usuario Santiago Donoso',50,41),(685,'2021-12-08 12:07:50.835360','20','Elaboración 20',1,'La elaboración 20 ha sido iniciada por el usuario Santiago Donoso',47,41),(686,'2021-12-08 12:09:41.142037','132','Insumo Agua',1,'El empleado Hernan Vigil ha agregado el insumo Agua',7,42),(687,'2021-12-08 12:10:11.733793','12','Pauta de elaboración MASCARPONE PIP',1,'La pauta de elaboración MASCARPONE PIP ha sido añadida por el usuario Hernan Vigil',27,42),(688,'2021-12-08 12:10:48.478107','11','Lote 21128-QUCO03-02',1,'El lote 21128-QUCO03-02 ha sido creado por el usuario Santiago Donoso',50,41),(689,'2021-12-08 12:10:48.485768','12','Lote 21128-QUCO02-02',1,'El lote 21128-QUCO02-02 ha sido creado por el usuario Santiago Donoso',50,41),(690,'2021-12-08 12:10:48.493992','21','Elaboración 21',1,'La elaboración 21 ha sido iniciada por el usuario Santiago Donoso',47,41),(691,'2021-12-08 12:20:36.829335','12','Pauta de elaboración MASCARPONE PIP',2,'La pauta de elaboración MASCARPONE PIP ha sido actualizada por el usuario Hernan Vigil',27,42),(692,'2021-12-08 12:23:17.754251','12','Pauta de elaboración MASCARPONE PIP',2,'La pauta de elaboración MASCARPONE PIP ha sido actualizada por el usuario Hernan Vigil',27,42),(693,'2021-12-08 12:30:35.713873','13','Lote 21128-QUMA02-01',1,'El lote 21128-QUMA02-01 ha sido creado por el usuario Santiago Donoso',50,41),(694,'2021-12-08 12:30:35.718964','14','Lote 21128-QUMA01-01',1,'El lote 21128-QUMA01-01 ha sido creado por el usuario Santiago Donoso',50,41),(695,'2021-12-08 12:30:35.725481','22','Elaboración 22',1,'La elaboración 22 ha sido iniciada por el usuario Santiago Donoso',47,41),(696,'2021-12-08 12:35:28.320183','13','Pauta de elaboración CAMBRIE PIP',1,'La pauta de elaboración CAMBRIE PIP ha sido añadida por el usuario Hernan Vigil',27,42),(697,'2021-12-09 16:25:27.979344','20','Orden de compra 14',2,'La orden de compra 14 ha sido Recepcionada por el usuario Deyanira Poblete',19,39),(698,'2021-12-09 16:37:27.448999','45','Orden de compra 38',2,'La orden de compra 38 ha sido Recepcionada por el usuario Deyanira Poblete',19,39),(699,'2021-12-09 16:41:31.247038','29','29 - Santiago',1,'Se ha generado el envio #29 con origen Santiago y destino Valdivia por el usuario Deyanira Poblete',55,39),(700,'2021-12-09 16:42:00.570181','30','30 - Santiago',1,'Se ha generado el envio #30 con origen Santiago y destino San Felipe por el usuario Deyanira Poblete',55,39),(701,'2021-12-09 16:43:10.942084','31','31 - Santiago',1,'Se ha generado el envio #31 con origen Santiago y destino San Felipe por el usuario Deyanira Poblete',55,39),(702,'2021-12-09 16:45:08.311126','31','31 - Santiago',2,'Se ha recepcionado el envio #31 con origen Santiago y destino San Felipe por el usuario Santiago Donoso',55,41),(703,'2021-12-09 16:50:43.824060','32','32 - San Felipe',1,'Se ha generado el envio #32 con origen San Felipe y destino Santiago por el usuario Santiago Donoso',55,41),(704,'2021-12-09 16:51:11.147921','32','32 - San Felipe',2,'Se ha recepcionado el envio #32 con origen San Felipe y destino Santiago por el usuario Deyanira Poblete',55,39),(705,'2021-12-09 17:11:19.444426','50','Orden de compra 43',2,'La orden de compra 43 ha sido Recepcionada por el usuario Deyanira Poblete',19,39),(706,'2021-12-09 17:32:13.937080','33','33 - Santiago',1,'Se ha generado el envio #33 con origen Santiago y destino San Felipe por el usuario Deyanira Poblete',55,39),(707,'2021-12-09 17:34:36.285719','33','33 - Santiago',2,'Se ha recepcionado el envio #33 con origen Santiago y destino San Felipe por el usuario Santiago Donoso',55,41),(708,'2021-12-09 18:17:06.772728','48','Orden de compra 41',2,'La orden de compra 41 ha sido Recepcionada por el usuario Deyanira Poblete',19,39),(709,'2021-12-09 18:21:57.674255','34','34 - Santiago',1,'Se ha generado el envio #34 con origen Santiago y destino Valdivia por el usuario Deyanira Poblete',55,39),(710,'2021-12-09 18:24:39.064324','34','34 - Santiago',2,'Se ha recepcionado el envio #34 con origen Santiago y destino Valdivia por el usuario Santiago Donoso',55,41),(711,'2021-12-10 10:21:34.708475','41','Orden de compra 34',2,'La orden de compra 34 ha sido Recepcionada por el usuario Deyanira Poblete',19,39),(712,'2021-12-10 11:06:19.156401','43','Orden de compra 36',2,'La orden de compra 36 ha sido Recepcionada por el usuario Deyanira Poblete',19,39),(713,'2021-12-10 11:39:10.997387','51','Orden de compra 44',1,'La orden de compra 44 ha sido solicitada el usuario Santiago Donoso',19,41),(714,'2021-12-10 11:55:00.130715','133','Insumo HUMO MP',1,'El empleado Santiago Donoso ha agregado el insumo HUMO MP',7,41),(715,'2021-12-10 11:57:11.057899','52','Orden de compra 45',1,'La orden de compra 45 ha sido solicitada el usuario Santiago Donoso',19,41),(716,'2021-12-10 11:59:47.925597','53','Orden de compra 46',1,'La orden de compra 46 ha sido solicitada el usuario Santiago Donoso',19,41),(717,'2021-12-10 12:44:40.485273','54','Orden de compra 47',1,'La orden de compra 47 ha sido solicitada el usuario Santiago Donoso',19,41),(718,'2021-12-11 05:51:47.479812','29','Proveedor Comercial INK and PAPER Ltda,',1,'El proveedor Comercial INK and PAPER Ltda, ha sido creado por el usuario Hernan Vigil',14,42),(719,'2021-12-11 05:53:08.756168','134','Insumo Strech Film en Rollo',1,'El empleado Hernan Vigil ha agregado el insumo Strech Film en Rollo',7,42),(720,'2021-12-11 05:56:15.298730','135','Insumo Cinta de Embalaje o Scotch',1,'El empleado Hernan Vigil ha agregado el insumo Cinta de Embalaje o Scotch',7,42),(721,'2021-12-11 06:01:20.895625','136','Insumo Etiqueta Termotransferencia',1,'El empleado Hernan Vigil ha agregado el insumo Etiqueta Termotransferencia',7,42),(722,'2021-12-11 06:02:04.017302','136','Insumo Etiqueta Termotransferencia 130x100 mm',2,'El empleado Hernan Vigil ha modificado el insumo Etiqueta Termotransferencia 130x100 mm',7,42),(723,'2021-12-11 06:04:09.566769','136','Insumo Etiqueta Termotransferencia 130x100 mm',2,'El empleado Hernan Vigil ha modificado el insumo Etiqueta Termotransferencia 130x100 mm',7,42),(724,'2021-12-13 10:53:47.660392','14','Orden de compra 8',2,'La orden de compra 8 ha sido Validada por el usuario Deyanira Poblete',19,39),(725,'2021-12-13 10:56:16.708152','14','Orden de compra 8',2,'La orden de compra 8 ha sido Recepcionada por el usuario Deyanira Poblete',19,39),(726,'2021-12-13 11:09:51.012431','53','Orden de compra 46',2,'La orden de compra 46 ha sido Validada por el usuario Deyanira Poblete',19,39),(727,'2021-12-13 11:10:39.665434','53','Orden de compra 46',2,'La orden de compra 46 ha sido Recepcionada por el usuario Deyanira Poblete',19,39),(728,'2021-12-13 11:11:34.382565','53','Orden de compra 46',2,'La orden de compra 46 ha sido Validada por el usuario Deyanira Poblete',19,39),(729,'2021-12-13 11:13:55.049815','53','Orden de compra 46',2,'La orden de compra 46 ha sido Recepcionada por el usuario Deyanira Poblete',19,39),(730,'2021-12-13 13:47:23.168208','30','30 - Santiago',2,'Se ha recepcionado el envio #30 con origen Santiago y destino San Felipe por el usuario Santiago Donoso',55,41),(731,'2021-12-13 14:37:57.404815','137','Insumo ETIQUETA TERMOTRANSFERENCIA 70x100 MM',1,'El empleado Deyanira Poblete ha agregado el insumo ETIQUETA TERMOTRANSFERENCIA 70x100 MM',7,39),(732,'2021-12-13 14:38:48.151116','138','Insumo ETIQUETA TERMOTRANSFERENCIA 50x50 MM',1,'El empleado Deyanira Poblete ha agregado el insumo ETIQUETA TERMOTRANSFERENCIA 50x50 MM',7,39),(733,'2021-12-13 14:49:05.325727','55','Orden de compra 48',1,'La orden de compra 48 ha sido solicitada el usuario Deyanira Poblete',19,39),(734,'2021-12-13 14:50:19.924959','55','Orden de compra 48',2,'La orden de compra 48 ha sido Inicial por el usuario Deyanira Poblete',19,39),(735,'2021-12-13 14:50:41.292084','55','Orden de compra 48',3,'La orden de compra 48 ha sido eliminada por el usuario Deyanira Poblete',19,39),(736,'2021-12-13 15:10:57.591618','56','Orden de compra 48',1,'La orden de compra 48 ha sido solicitada el usuario Deyanira Poblete',19,39),(737,'2021-12-13 15:11:35.219865','56','Orden de compra 48',2,'La orden de compra 48 ha sido Validada por el usuario Deyanira Poblete',19,39),(738,'2021-12-13 15:13:05.045628','56','Orden de compra 48',2,'La orden de compra 48 ha sido Recepcionada por el usuario Deyanira Poblete',19,39),(739,'2021-12-13 17:06:27.648043','139','Insumo Plumon permanente',1,'El empleado Deyanira Poblete ha agregado el insumo Plumon permanente',7,39),(740,'2021-12-13 17:10:20.968925','57','Orden de compra 49',1,'La orden de compra 49 ha sido solicitada el usuario Deyanira Poblete',19,39),(741,'2021-12-14 15:52:32.577164','1','Solicitud 1 - San Felipe',1,'El usuario Santiago Donoso de identificador: 41 a agregado la solicitud.',105,41),(742,'2021-12-14 15:53:04.929568','1','Solicitud 1 - San Felipe',2,'El usuario Santiago Donoso de identificador: 41 a cambiado la solicitud.',105,41),(743,'2021-12-14 16:36:37.478527','15','Lote 211214-YODE01-01',1,'El lote 211214-YODE01-01 ha sido creado por el usuario Santiago Donoso',50,41),(744,'2021-12-14 16:36:37.492446','24','Elaboración 24',1,'La elaboración 24 ha sido iniciada por el usuario Santiago Donoso',47,41),(745,'2021-12-14 16:43:07.885029','67','Insumo P. Poli Tapa 200 cc.',2,'El empleado Hernan Vigil ha modificado el insumo P. Poli Tapa 200 cc.',7,42),(746,'2021-12-14 16:45:43.373214','34','Orden de compra 27',2,'La orden de compra 27 ha sido Validada por el usuario Deyanira Poblete',19,39),(747,'2021-12-14 16:46:16.224016','34','Orden de compra 27',2,'La orden de compra 27 ha sido Inicial por el usuario Deyanira Poblete',19,39),(748,'2021-12-14 16:49:14.419618','34','Orden de compra 27',2,'La orden de compra 27 ha sido Validada por el usuario Deyanira Poblete',19,39),(749,'2021-12-14 16:56:36.825825','34','Orden de compra 27',2,'La orden de compra 27 ha sido Recepcionada por el usuario Deyanira Poblete',19,39),(750,'2021-12-14 17:07:52.291037','67','Insumo P. Poli Tapa 200 cc.',2,'El empleado Hernan Vigil ha modificado el insumo P. Poli Tapa 200 cc.',7,42),(751,'2021-12-14 20:35:01.411180','24','Producto: Griego',2,'El empleado Hernan Vigil ha modificado el producto: Griego',10,42),(752,'2021-12-14 20:35:59.761344','67','Insumo Poli Tapa 200 cc.',2,'El empleado Hernan Vigil ha modificado el insumo Poli Tapa 200 cc.',7,42),(753,'2021-12-14 20:46:43.890029','24','Producto: Griego',2,'El empleado Hernan Vigil ha modificado el producto: Griego',10,42),(754,'2021-12-14 20:52:05.732678','140','Insumo Cinta Termotransferencia (TTR)',1,'El empleado Hernan Vigil ha agregado el insumo Cinta Termotransferencia (TTR)',7,42),(755,'2021-12-15 11:54:26.514436','15','Lote 211214-YODE01-01',3,'El lote 211214-YODE01-01 ha sido eliminado por el usuario Santiago Donoso',50,41),(756,'2021-12-15 11:54:45.691797','24','Elaboración 24',3,'La elaboración 24 ha sido eliminada por el usuario Santiago Donoso',47,41),(757,'2021-12-15 11:54:52.882393','17','Elaboración 17',3,'La elaboración 17 ha sido eliminada por el usuario Santiago Donoso',47,41),(758,'2021-12-15 11:55:41.753695','7','Pauta de elaboración YOGUR DESCREMADO PIP',2,'La pauta de elaboración YOGUR DESCREMADO PIP ha sido actualizada por el usuario Santiago Donoso',27,41),(759,'2021-12-15 11:57:48.738883','141','Insumo Leche de Vaca con logistica',1,'El empleado Santiago Donoso ha agregado el insumo Leche de Vaca con logistica',7,41),(760,'2021-12-15 11:58:54.508391','142','Insumo Logistica leche de vaca',1,'El empleado Santiago Donoso ha agregado el insumo Logistica leche de vaca',7,41),(761,'2021-12-15 11:59:55.480224','30','Proveedor Logistica leche de vaca',1,'El proveedor Logistica leche de vaca ha sido creado por el usuario Santiago Donoso',14,41),(762,'2021-12-15 12:01:02.244447','58','Orden de compra 50',1,'La orden de compra 50 ha sido solicitada el usuario Santiago Donoso',19,41),(763,'2021-12-15 12:01:14.954611','58','Orden de compra 50',2,'La orden de compra 50 ha sido Validada por el usuario Santiago Donoso',19,41),(764,'2021-12-15 12:02:09.168864','58','Orden de compra 50',2,'La orden de compra 50 ha sido Recepcionada por el usuario Santiago Donoso',19,41),(765,'2021-12-15 12:03:03.089418','59','Orden de compra 51',1,'La orden de compra 51 ha sido solicitada el usuario Santiago Donoso',19,41),(766,'2021-12-15 12:03:15.319533','59','Orden de compra 51',2,'La orden de compra 51 ha sido Validada por el usuario Santiago Donoso',19,41),(767,'2021-12-15 12:03:29.638801','59','Orden de compra 51',2,'La orden de compra 51 ha sido Recepcionada por el usuario Santiago Donoso',19,41),(768,'2021-12-15 12:11:58.884275','14','Pauta de elaboración Leche de Vaca con logistica',1,'La pauta de elaboración Leche de Vaca con logistica ha sido añadida por el usuario Santiago Donoso',27,41),(769,'2021-12-15 12:19:36.132674','60','Orden de compra 52',1,'La orden de compra 52 ha sido solicitada el usuario Santiago Donoso',19,41),(770,'2021-12-15 12:19:47.354719','60','Orden de compra 52',2,'La orden de compra 52 ha sido Validada por el usuario Santiago Donoso',19,41),(771,'2021-12-15 12:20:02.642379','60','Orden de compra 52',2,'La orden de compra 52 ha sido Recepcionada por el usuario Santiago Donoso',19,41),(772,'2021-12-15 12:22:01.241341','61','Orden de compra 53',1,'La orden de compra 53 ha sido solicitada el usuario Santiago Donoso',19,41),(773,'2021-12-15 12:22:09.330652','61','Orden de compra 53',2,'La orden de compra 53 ha sido Validada por el usuario Santiago Donoso',19,41),(774,'2021-12-15 12:22:24.475352','61','Orden de compra 53',2,'La orden de compra 53 ha sido Recepcionada por el usuario Santiago Donoso',19,41),(775,'2021-12-15 12:23:38.017760','62','Orden de compra 54',1,'La orden de compra 54 ha sido solicitada el usuario Santiago Donoso',19,41),(776,'2021-12-15 12:23:45.374411','62','Orden de compra 54',2,'La orden de compra 54 ha sido Validada por el usuario Santiago Donoso',19,41),(777,'2021-12-15 12:23:59.016892','62','Orden de compra 54',2,'La orden de compra 54 ha sido Recepcionada por el usuario Santiago Donoso',19,41),(778,'2021-12-15 12:24:39.481178','63','Orden de compra 55',1,'La orden de compra 55 ha sido solicitada el usuario Santiago Donoso',19,41),(779,'2021-12-15 12:24:46.425771','63','Orden de compra 55',2,'La orden de compra 55 ha sido Validada por el usuario Santiago Donoso',19,41),(780,'2021-12-15 12:24:58.581661','63','Orden de compra 55',2,'La orden de compra 55 ha sido Recepcionada por el usuario Santiago Donoso',19,41),(781,'2021-12-15 12:28:42.294595','64','Orden de compra 56',1,'La orden de compra 56 ha sido solicitada el usuario Santiago Donoso',19,41),(782,'2021-12-15 13:09:41.744585','14','Pauta de elaboración Leche de Vaca con logistica',2,'La pauta de elaboración Leche de Vaca con logistica ha sido actualizada por el usuario Sebastián Valenzuela',27,1),(783,'2021-12-15 13:10:40.680360','14','Pauta de elaboración Leche de Vaca con logistica',2,'La pauta de elaboración Leche de Vaca con logistica ha sido actualizada por el usuario Santiago Donoso',27,41),(784,'2021-12-15 13:11:03.449124','142','Insumo Transporte leche vaca',2,'El empleado Santiago Donoso ha modificado el insumo Transporte leche vaca',7,41),(785,'2021-12-15 13:13:46.985363','130','Insumo Richard Fontanes - Traslado de Leche de vaca',3,'El empleado Santiago Donoso ha eliminado el insumo Richard Fontanes - Traslado de Leche de vaca',7,41),(786,'2021-12-15 13:14:13.590458','142','Insumo Richard - Transporte leche vaca',2,'El empleado Santiago Donoso ha modificado el insumo Richard - Transporte leche vaca',7,41),(787,'2021-12-15 13:16:59.896046','25','Elaboración 25',3,'La elaboración 25 ha sido eliminada por el usuario Sebastián Valenzuela',47,1),(788,'2021-12-15 13:18:49.311064','26','Elaboración 26',1,'La elaboración 26 ha sido iniciada por el usuario Santiago Donoso',47,41),(789,'2021-12-15 13:29:09.494452','17','Producto: Descremado Litro Botella',2,'El empleado Santiago Donoso ha modificado el producto: Descremado Litro Botella',10,41),(790,'2021-12-15 13:29:41.253643','17','Producto: Descremado Litro Botella',2,'El empleado Santiago Donoso ha modificado el producto: Descremado Litro Botella',10,41),(791,'2021-12-15 13:31:19.427208','64','Orden de compra 56',2,'La orden de compra 56 ha sido Validada por el usuario Santiago Donoso',19,41),(792,'2021-12-15 13:31:33.715855','64','Orden de compra 56',2,'La orden de compra 56 ha sido Recepcionada por el usuario Santiago Donoso',19,41),(793,'2021-12-15 13:34:52.211152','143','Insumo YOGURT DESCREMADO PIP',1,'El empleado Santiago Donoso ha agregado el insumo YOGURT DESCREMADO PIP',7,41),(794,'2021-12-15 13:36:05.152454','7','Pauta de elaboración YOGUR DESCREMADO PIP',2,'La pauta de elaboración YOGUR DESCREMADO PIP ha sido actualizada por el usuario Santiago Donoso',27,41),(795,'2021-12-15 13:37:48.419908','60','Orden de compra 52',2,'La orden de compra 52 ha sido Recepcionada por el usuario Santiago Donoso',19,41),(796,'2021-12-15 13:40:03.460508','27','Elaboración 27',1,'La elaboración 27 ha sido iniciada por el usuario Santiago Donoso',47,41),(797,'2021-12-15 13:47:08.282843','27','Elaboración 27',3,'La elaboración 27 ha sido eliminada por el usuario Sebastián Valenzuela',47,1),(798,'2021-12-15 13:47:23.271866','120','Inventario Insumo YOGURT DESCREMADO PIP - Valdivia',2,'Se ha actualizado el inventario de YOGURT DESCREMADO PIP en Valdivia de manera MANUAL por el usuario Sebastián Valenzuela',13,1),(799,'2021-12-15 14:07:20.064206','7','Pauta de elaboración YOGUR DESCREMADO PIP',2,'La pauta de elaboración YOGUR DESCREMADO PIP ha sido actualizada por el usuario Santiago Donoso',27,41),(800,'2021-12-15 14:08:00.700295','65','Orden de compra 57',1,'La orden de compra 57 ha sido solicitada el usuario Santiago Donoso',19,41),(801,'2021-12-15 14:08:26.877206','65','Orden de compra 57',2,'La orden de compra 57 ha sido Validada por el usuario Santiago Donoso',19,41),(802,'2021-12-15 14:08:39.531606','65','Orden de compra 57',2,'La orden de compra 57 ha sido Recepcionada por el usuario Santiago Donoso',19,41),(803,'2021-12-15 14:09:21.991481','65','Orden de compra 57',2,'La orden de compra 57 ha sido Semi-Recepcionada por el usuario Santiago Donoso',19,41),(804,'2021-12-15 14:09:26.432837','65','Orden de compra 57',2,'La orden de compra 57 ha sido Validada por el usuario Santiago Donoso',19,41),(805,'2021-12-15 14:10:21.078061','65','Orden de compra 57',2,'La orden de compra 57 ha sido Recepcionada por el usuario Santiago Donoso',19,41),(806,'2021-12-15 14:13:59.061001','65','Orden de compra 57',3,'La orden de compra 57 ha sido eliminada por el usuario Sebastián Valenzuela',19,1),(807,'2021-12-15 14:15:35.818637','66','Orden de compra 57',1,'La orden de compra 57 ha sido solicitada el usuario Sebastián Valenzuela',19,1),(808,'2021-12-15 14:15:41.751366','66','Orden de compra 57',2,'La orden de compra 57 ha sido Validada por el usuario Sebastián Valenzuela',19,1),(809,'2021-12-15 14:15:53.533373','66','Orden de compra 57',2,'La orden de compra 57 ha sido Recepcionada por el usuario Sebastián Valenzuela',19,1),(810,'2021-12-15 14:22:51.182822','67','Orden de compra 58',1,'La orden de compra 58 ha sido solicitada el usuario Santiago Donoso',19,41),(811,'2021-12-15 14:23:03.867518','67','Orden de compra 58',2,'La orden de compra 58 ha sido Validada por el usuario Santiago Donoso',19,41),(812,'2021-12-15 14:23:19.505541','67','Orden de compra 58',2,'La orden de compra 58 ha sido Recepcionada por el usuario Santiago Donoso',19,41),(813,'2021-12-15 14:32:06.910783','68','Orden de compra 59',1,'La orden de compra 59 ha sido solicitada el usuario Santiago Donoso',19,41),(814,'2021-12-15 14:32:13.587868','68','Orden de compra 59',2,'La orden de compra 59 ha sido Validada por el usuario Santiago Donoso',19,41),(815,'2021-12-15 14:32:26.267725','68','Orden de compra 59',2,'La orden de compra 59 ha sido Recepcionada por el usuario Santiago Donoso',19,41),(816,'2021-12-15 14:33:13.775916','69','Orden de compra 60',1,'La orden de compra 60 ha sido solicitada el usuario Santiago Donoso',19,41),(817,'2021-12-15 14:33:26.445996','69','Orden de compra 60',2,'La orden de compra 60 ha sido Validada por el usuario Santiago Donoso',19,41),(818,'2021-12-15 14:33:41.208228','69','Orden de compra 60',2,'La orden de compra 60 ha sido Recepcionada por el usuario Santiago Donoso',19,41),(819,'2021-12-15 14:40:49.265182','70','Orden de compra 61',1,'La orden de compra 61 ha sido solicitada el usuario Santiago Donoso',19,41),(820,'2021-12-15 14:41:31.017641','70','Orden de compra 61',2,'La orden de compra 61 ha sido Validada por el usuario Santiago Donoso',19,41),(821,'2021-12-15 14:41:41.623894','70','Orden de compra 61',2,'La orden de compra 61 ha sido Recepcionada por el usuario Santiago Donoso',19,41),(822,'2021-12-15 14:42:15.090189','28','Elaboración 28',1,'La elaboración 28 ha sido iniciada por el usuario Santiago Donoso',47,41),(823,'2021-12-15 14:43:16.232803','144','Insumo Etiqueta Sato Motex fecha Elab Lote',1,'El empleado Hernan Vigil ha agregado el insumo Etiqueta Sato Motex fecha Elab Lote',7,42),(824,'2021-12-15 14:47:05.962284','144','Insumo Etiqueta Sato Motex fecha Vencimiento Lote',2,'El empleado Hernan Vigil ha modificado el insumo Etiqueta Sato Motex fecha Vencimiento Lote',7,42),(825,'2021-12-15 14:48:57.557995','24','Producto: Griego',2,'El empleado Hernan Vigil ha modificado el producto: Griego',10,42),(826,'2021-12-15 14:51:38.720269','24','Producto: Griego',2,'El empleado Hernan Vigil ha modificado el producto: Griego',10,42),(827,'2021-12-15 14:52:52.934503','24','Producto: Griego',2,'El empleado Hernan Vigil ha modificado el producto: Griego',10,42),(828,'2021-12-15 14:57:41.709020','24','Producto: Griego',2,'El empleado Hernan Vigil ha modificado el producto: Griego',10,42),(829,'2021-12-15 15:01:43.566041','145','Insumo YOGUR GRIEGO PIP',1,'El empleado Hernan Vigil ha agregado el insumo YOGUR GRIEGO PIP',7,42),(830,'2021-12-15 18:55:51.990779','36','Orden de compra 29',2,'La orden de compra 29 ha sido Recepcionada por el usuario Deyanira Poblete',19,39),(831,'2021-12-16 09:07:35.055407','34','Orden de compra 27',2,'La orden de compra 27 ha sido Semi-Recepcionada por el usuario Deyanira Poblete',19,39),(832,'2021-12-16 09:33:36.901204','33','Orden de compra 26',2,'La orden de compra 26 ha sido Validada por el usuario Deyanira Poblete',19,39),(833,'2021-12-16 09:35:18.256427','33','Orden de compra 26',2,'La orden de compra 26 ha sido Recepcionada por el usuario Deyanira Poblete',19,39),(834,'2021-12-16 10:04:09.161685','34','Orden de compra 27',2,'La orden de compra 27 ha sido Semi-Recepcionada por el usuario Deyanira Poblete',19,39),(835,'2021-12-16 10:04:20.502092','34','Orden de compra 27',2,'La orden de compra 27 ha sido Validada por el usuario Deyanira Poblete',19,39),(836,'2021-12-16 10:15:51.647933','34','Orden de compra 27',2,'La orden de compra 27 ha sido Recepcionada por el usuario Deyanira Poblete',19,39),(837,'2021-12-16 10:18:37.077570','56','Orden de compra 48',2,'La orden de compra 48 ha sido Recepcionada por el usuario Deyanira Poblete',19,39),(838,'2021-12-16 10:18:51.846665','56','Orden de compra 48',2,'La orden de compra 48 ha sido Validada por el usuario Deyanira Poblete',19,39),(839,'2021-12-16 10:20:26.087639','56','Orden de compra 48',2,'La orden de compra 48 ha sido Recepcionada por el usuario Deyanira Poblete',19,39),(840,'2021-12-16 10:50:24.657533','99','Insumo Caja yogurt 400*200*125',2,'El empleado Santiago Donoso ha modificado el insumo Caja yogurt 400*200*125',7,41),(841,'2021-12-16 10:51:34.018114','71','Orden de compra 62',1,'La orden de compra 62 ha sido solicitada el usuario Santiago Donoso',19,41),(842,'2021-12-16 11:55:33.235551','35','35 - Santiago',1,'Se ha generado el envio #35 con origen Santiago y destino Valdivia por el usuario Deyanira Poblete',55,39),(843,'2021-12-16 12:11:19.422628','72','Orden de compra 63',1,'La orden de compra 63 ha sido solicitada el usuario Santiago Donoso',19,41),(844,'2021-12-17 14:11:43.944784','47','Paola Basualto',2,'[{\"changed\": {\"fields\": [\"Superuser status\"]}}]',4,1),(845,'2021-12-17 15:04:30.886878','73','Orden de compra 64',1,'La orden de compra 64 ha sido solicitada el usuario Santiago Donoso',19,41),(846,'2021-12-17 16:40:44.269450','72','Orden de compra 63',2,'La orden de compra 63 ha sido Validada por el usuario Deyanira Poblete',19,39),(847,'2021-12-17 16:42:12.476292','72','Orden de compra 63',2,'La orden de compra 63 ha sido Recepcionada por el usuario Deyanira Poblete',19,39),(848,'2021-12-17 16:50:47.532275','36','36 - Santiago',1,'Se ha generado el envio #36 con origen Santiago y destino San Felipe por el usuario Hernan Vigil',55,42),(849,'2021-12-17 17:12:32.289745','45','Alexis Maldonado',2,'[{\"changed\": {\"fields\": [\"Superuser status\"]}}]',4,1),(850,'2021-12-20 09:01:58.617940','146','Insumo PAPEL TOALLA INTERFOLIADA 16X200 - CAJA',1,'El empleado Deyanira Poblete ha agregado el insumo PAPEL TOALLA INTERFOLIADA 16X200 - CAJA',7,39),(851,'2021-12-20 09:05:16.228694','146','Insumo PAPEL TOALLA INTERFOLIADA 16X200 - CAJA',3,'El empleado Deyanira Poblete ha eliminado el insumo PAPEL TOALLA INTERFOLIADA 16X200 - CAJA',7,39),(852,'2021-12-20 09:31:00.786719','74','Orden de compra 65',1,'La orden de compra 65 ha sido solicitada el usuario Deyanira Poblete',19,39),(853,'2021-12-20 09:31:32.426993','72','Orden de compra 63',2,'La orden de compra 63 ha sido Validada por el usuario Deyanira Poblete',19,39),(854,'2021-12-20 09:31:40.150421','72','Orden de compra 63',2,'La orden de compra 63 ha sido Inicial por el usuario Deyanira Poblete',19,39),(855,'2021-12-20 09:31:47.123321','72','Orden de compra 63',2,'La orden de compra 63 ha sido Inicial por el usuario Deyanira Poblete',19,39),(856,'2021-12-20 09:32:01.573119','72','Orden de compra 63',3,'La orden de compra 63 ha sido eliminada por el usuario Deyanira Poblete',19,39),(857,'2021-12-20 09:32:31.582233','74','Orden de compra 65',2,'La orden de compra 65 ha sido Validada por el usuario Deyanira Poblete',19,39),(858,'2021-12-20 09:34:25.564988','74','Orden de compra 65',2,'La orden de compra 65 ha sido Recepcionada por el usuario Deyanira Poblete',19,39),(859,'2021-12-20 11:15:49.638782','75','Orden de compra 66',1,'La orden de compra 66 ha sido solicitada el usuario Santiago Donoso',19,41),(860,'2021-12-20 11:17:10.344960','75','Orden de compra 66',3,'La orden de compra 66 ha sido eliminada por el usuario Santiago Donoso',19,41),(861,'2021-12-20 11:18:15.821026','76','Orden de compra 66',1,'La orden de compra 66 ha sido solicitada el usuario Santiago Donoso',19,41),(862,'2021-12-20 11:19:32.547786','77','Orden de compra 67',1,'La orden de compra 67 ha sido solicitada el usuario Santiago Donoso',19,41),(863,'2021-12-20 17:48:14.383175','40','Orden de compra 33',2,'La orden de compra 33 ha sido Validada por el usuario Deyanira Poblete',19,39),(864,'2021-12-20 17:50:19.605555','40','Orden de compra 33',2,'La orden de compra 33 ha sido Recepcionada por el usuario Deyanira Poblete',19,39),(865,'2021-12-21 08:42:34.531380','35','35 - Santiago',2,'Se ha recepcionado el envio #35 con origen Santiago y destino Valdivia por el usuario Adriana Artunduaga',55,37),(866,'2021-12-21 09:12:54.864233','134','Insumo Strech Film en Rollo',3,'El empleado Santiago Donoso ha eliminado el insumo Strech Film en Rollo',7,41),(867,'2021-12-21 09:16:10.093277','147','Insumo STRETCH FILM 1,8KG TRANSPARENTE',1,'El empleado Santiago Donoso ha agregado el insumo STRETCH FILM 1,8KG TRANSPARENTE',7,41),(868,'2021-12-21 09:20:24.945432','135','Insumo Cinta de Embalaje o Scotch',3,'El empleado Santiago Donoso ha eliminado el insumo Cinta de Embalaje o Scotch',7,41),(869,'2021-12-21 09:21:50.596097','48','Carlos Garcia',2,'[{\"changed\": {\"fields\": [\"Superuser status\"]}}]',4,1),(870,'2021-12-21 09:25:40.562970','148','Insumo CINTA EMBALAJE CC',1,'El empleado Santiago Donoso ha agregado el insumo CINTA EMBALAJE CC',7,41),(871,'2021-12-21 09:30:49.142350','78','Orden de compra 68',1,'La orden de compra 68 ha sido solicitada el usuario Santiago Donoso',19,41),(872,'2021-12-21 10:08:56.344643','37','37 - Santiago',1,'Se ha generado el envio #37 con origen Santiago y destino Valdivia por el usuario Deyanira Poblete',55,39),(873,'2021-12-21 11:57:32.281459','31','Proveedor TECHNICAL BOILERS LTDA',1,'El proveedor TECHNICAL BOILERS LTDA ha sido creado por el usuario Hernan Vigil',14,42),(874,'2021-12-21 11:58:05.290894','149','Insumo Mantencion Caldera San Felipe',1,'El empleado Hernan Vigil ha agregado el insumo Mantencion Caldera San Felipe',7,42),(875,'2021-12-21 17:58:07.125021','79','Orden de compra 69',1,'La orden de compra 69 ha sido solicitada el usuario Hernan Vigil',19,42),(876,'2021-12-21 18:06:43.838189','79','Orden de compra 69',2,'La orden de compra 69 ha sido Validada por el usuario Hernan Vigil',19,42),(877,'2021-12-21 18:19:31.742195','79','Orden de compra 69',2,'La orden de compra 69 ha sido Inicial por el usuario Hernan Vigil',19,42),(878,'2021-12-21 18:20:13.063720','79','Orden de compra 69',2,'La orden de compra 69 ha sido Validada por el usuario Hernan Vigil',19,42),(879,'2021-12-21 20:34:35.912476','4','Bodega Valdivia',2,'El usuario Sebastián Valenzuela ha modificado el nombre de la bodega Valdivia a Valdivia',11,1),(880,'2021-12-21 20:34:42.315343','3','Bodega Santiago',2,'El usuario Sebastián Valenzuela ha modificado el nombre de la bodega Santiago a Santiago',11,1),(881,'2021-12-21 20:34:47.177846','2','Bodega San Felipe',2,'El usuario Sebastián Valenzuela ha modificado el nombre de la bodega San Felipe a San Felipe',11,1),(882,'2021-12-22 10:07:03.451804','77','Orden de compra 67',2,'La orden de compra 67 ha sido Validada por el usuario Deyanira Poblete',19,39),(883,'2021-12-22 10:08:27.660285','77','Orden de compra 67',2,'La orden de compra 67 ha sido Recepcionada por el usuario Deyanira Poblete',19,39),(884,'2021-12-22 10:28:48.714219','150','Insumo Acido Piedra Leche A-500',1,'El empleado Santiago Donoso ha agregado el insumo Acido Piedra Leche A-500',7,41),(885,'2021-12-22 10:30:28.435173','32','Proveedor Comercial El Establo ltda.',1,'El proveedor Comercial El Establo ltda. ha sido creado por el usuario Santiago Donoso',14,41),(886,'2021-12-22 10:32:29.668533','80','Orden de compra 70',1,'La orden de compra 70 ha sido solicitada el usuario Santiago Donoso',19,41),(887,'2021-12-22 10:32:42.672536','80','Orden de compra 70',2,'La orden de compra 70 ha sido Validada por el usuario Santiago Donoso',19,41),(888,'2021-12-22 10:33:09.752330','80','Orden de compra 70',2,'La orden de compra 70 ha sido Recepcionada por el usuario Santiago Donoso',19,41),(889,'2021-12-22 11:19:44.152780','47','Orden de compra 40',2,'La orden de compra 40 ha sido Recepcionada por el usuario Deyanira Poblete',19,39),(890,'2021-12-22 11:43:24.902822','47','Orden de compra 40',2,'La orden de compra 40 ha sido Recepcionada por el usuario Santiago Donoso',19,41),(891,'2021-12-22 11:43:33.738609','47','Orden de compra 40',2,'La orden de compra 40 ha sido Validada por el usuario Santiago Donoso',19,41),(892,'2021-12-22 11:43:47.128071','47','Orden de compra 40',2,'La orden de compra 40 ha sido Inicial por el usuario Santiago Donoso',19,41),(893,'2021-12-22 11:44:46.607377','47','Orden de compra 40',2,'La orden de compra 40 ha sido Inicial por el usuario Santiago Donoso',19,41),(894,'2021-12-22 11:47:11.983234','47','Orden de compra 40',2,'La orden de compra 40 ha sido Validada por el usuario Santiago Donoso',19,41),(895,'2021-12-22 11:47:22.596739','47','Orden de compra 40',2,'La orden de compra 40 ha sido Inicial por el usuario Santiago Donoso',19,41),(896,'2021-12-22 11:54:01.568545','81','Orden de compra 71',1,'La orden de compra 71 ha sido solicitada el usuario Santiago Donoso',19,41),(897,'2021-12-22 11:55:52.240865','81','Orden de compra 71',2,'La orden de compra 71 ha sido Validada por el usuario Sebastián Valenzuela',19,1),(898,'2021-12-22 11:55:54.057682','81','Orden de compra 71',2,'La orden de compra 71 ha sido Inicial por el usuario Sebastián Valenzuela',19,1),(899,'2021-12-22 11:57:02.366262','81','Orden de compra 71',2,'La orden de compra 71 ha sido Validada por el usuario Deyanira Poblete',19,39),(900,'2021-12-22 12:00:38.768606','81','Orden de compra 71',2,'La orden de compra 71 ha sido Inicial por el usuario Sebastián Valenzuela',19,1),(901,'2021-12-22 12:01:06.721567','81','Orden de compra 71',2,'La orden de compra 71 ha sido Validada por el usuario Sebastián Valenzuela',19,1),(902,'2021-12-22 12:02:49.394409','81','Orden de compra 71',2,'La orden de compra 71 ha sido Recepcionada por el usuario Deyanira Poblete',19,39),(903,'2021-12-22 12:07:02.709862','78','Orden de compra 68',2,'La orden de compra 68 ha sido Validada por el usuario Sebastián Valenzuela',19,1),(904,'2021-12-22 12:07:07.502300','78','Orden de compra 68',2,'La orden de compra 68 ha sido Inicial por el usuario Sebastián Valenzuela',19,1),(905,'2021-12-22 12:10:55.737399','38','38 - Santiago',1,'Se ha generado el envio #38 con origen Santiago y destino San Felipe por el usuario Deyanira Poblete',55,39),(906,'2021-12-22 12:34:10.543716','7','Pauta de elaboración YOGUR DESCREMADO PIP',2,'La pauta de elaboración YOGUR DESCREMADO PIP ha sido actualizada por el usuario Santiago Donoso',27,41),(907,'2021-12-22 12:35:38.216545','9','Parámetro Observaciones',2,'El parámetro Observaciones ha sido actualizado por el usuario Santiago Donoso',23,41),(908,'2021-12-22 12:37:16.354516','7','Pauta de elaboración YOGUR DESCREMADO PIP',2,'La pauta de elaboración YOGUR DESCREMADO PIP ha sido actualizada por el usuario Santiago Donoso',27,41),(909,'2021-12-22 12:51:24.431501','29','Elaboración 29',1,'La elaboración 29 ha sido iniciada por el usuario Santiago Donoso',47,41),(910,'2021-12-22 13:01:34.890273','78','Orden de compra 68',3,'La orden de compra 68 ha sido rechazada por el usuario Hernan Vigil',19,42),(911,'2021-12-22 13:44:49.146930','16','Área de negocio: AREA YOGUR',1,'El empleado Hernan Vigil ha agregado el área de negocio: AREA YOGUR',9,42),(912,'2021-12-22 14:08:01.791361','19','Insumo BOTELLA + TAPA BLANCA',3,'El empleado Santiago Donoso ha eliminado el insumo BOTELLA + TAPA BLANCA',7,41),(913,'2021-12-22 14:08:06.465508','18','Insumo BOTELLA + TAPA TRANSPARENTE',3,'El empleado Santiago Donoso ha eliminado el insumo BOTELLA + TAPA TRANSPARENTE',7,41),(914,'2021-12-22 14:08:34.830181','151','Insumo BOTELLA LITRO BLANCA',1,'El empleado Santiago Donoso ha agregado el insumo BOTELLA LITRO BLANCA',7,41),(915,'2021-12-22 14:08:54.723550','152','Insumo BOTELLA LITRO TRANSPARENTE',1,'El empleado Santiago Donoso ha agregado el insumo BOTELLA LITRO TRANSPARENTE',7,41),(916,'2021-12-22 14:09:21.496589','153','Insumo TAPA BOTELLA LITRO BLANCA',1,'El empleado Santiago Donoso ha agregado el insumo TAPA BOTELLA LITRO BLANCA',7,41),(917,'2021-12-22 14:30:32.167092','82','Orden de compra 72',1,'La orden de compra 72 ha sido solicitada el usuario Santiago Donoso',19,41),(918,'2021-12-22 14:30:50.551290','82','Orden de compra 72',2,'La orden de compra 72 ha sido Validada por el usuario Santiago Donoso',19,41),(919,'2021-12-22 14:31:11.364263','82','Orden de compra 72',2,'La orden de compra 72 ha sido Recepcionada por el usuario Santiago Donoso',19,41),(920,'2021-12-22 14:32:04.195683','26','Producto: Descremado 360',2,'El empleado Hernan Vigil ha modificado el producto: Descremado 360',10,42),(921,'2021-12-22 14:41:50.403026','15','Pauta de elaboración Linea Descremado',1,'La pauta de elaboración Linea Descremado ha sido añadida por el usuario Sebastián Valenzuela',27,1),(922,'2021-12-22 14:41:55.061959','15','Pauta de elaboración Linea Descremado',3,'La pauta de elaboración Linea Descremado ha sido eliminada por el usuario Sebastián Valenzuela',27,1),(923,'2021-12-22 14:43:06.264537','16','Pauta de elaboración Pauta Linea Descremado',1,'La pauta de elaboración Pauta Linea Descremado ha sido añadida por el usuario Hernan Vigil',27,42),(924,'2021-12-22 15:22:57.401061','15','Lote 211222-YODE04-01',1,'El lote 211222-YODE04-01 ha sido creado por el usuario Hernan Vigil',50,42),(925,'2021-12-22 15:22:57.409432','16','Lote 211222-YODE01-01',1,'El lote 211222-YODE01-01 ha sido creado por el usuario Hernan Vigil',50,42),(926,'2021-12-22 15:22:57.425624','30','Elaboración 30',1,'La elaboración 30 ha sido iniciada por el usuario Hernan Vigil',47,42),(927,'2021-12-22 16:05:19.463325','154','Insumo Guante Stgo',1,'El empleado Hernan Vigil ha agregado el insumo Guante Stgo',7,42),(928,'2021-12-22 16:19:11.948336','83','Orden de compra 73',1,'La orden de compra 73 ha sido solicitada el usuario Hernan Vigil',19,42),(929,'2021-12-22 16:19:20.691427','83','Orden de compra 73',2,'La orden de compra 73 ha sido Validada por el usuario Hernan Vigil',19,42),(930,'2021-12-22 17:04:29.390355','16','Pauta de elaboración Pauta Linea Descremado',2,'La pauta de elaboración Pauta Linea Descremado ha sido actualizada por el usuario Santiago Donoso',27,41),(931,'2021-12-22 17:12:36.641714','26','Producto: Descremado 360',2,'El empleado Santiago Donoso ha modificado el producto: Descremado 360',10,41),(932,'2021-12-22 17:17:07.434874','84','Orden de compra 74',1,'La orden de compra 74 ha sido solicitada el usuario Santiago Donoso',19,41),(933,'2021-12-22 17:17:25.521760','84','Orden de compra 74',2,'La orden de compra 74 ha sido Validada por el usuario Santiago Donoso',19,41),(934,'2021-12-22 17:20:13.682903','84','Orden de compra 74',2,'La orden de compra 74 ha sido Recepcionada por el usuario Santiago Donoso',19,41),(935,'2021-12-22 17:20:32.771248','85','Orden de compra 75',1,'La orden de compra 75 ha sido solicitada el usuario Carlos Garcia',19,48),(936,'2021-12-22 17:21:18.944807','84','Orden de compra 74',3,'La orden de compra 74 ha sido rechazada por el usuario Santiago Donoso',19,41),(937,'2021-12-22 17:21:32.336965','85','Orden de compra 75',2,'La orden de compra 75 ha sido Validada por el usuario Santiago Donoso',19,41),(938,'2021-12-22 17:22:01.297874','85','Orden de compra 75',3,'La orden de compra 75 ha sido rechazada por el usuario Santiago Donoso',19,41),(939,'2021-12-22 17:23:10.143808','85','Orden de compra 75',2,'La orden de compra 75 ha sido Validada por el usuario Santiago Donoso',19,41),(940,'2021-12-22 17:24:34.600883','85','Orden de compra 75',2,'La orden de compra 75 ha sido Recepcionada por el usuario Santiago Donoso',19,41),(941,'2021-12-22 17:26:21.590927','84','Orden de compra 74',2,'La orden de compra 74 ha sido Recepcionada por el usuario Santiago Donoso',19,41),(942,'2021-12-22 17:28:13.409645','86','Orden de compra 76',1,'La orden de compra 76 ha sido solicitada el usuario Carlos Garcia',19,48),(943,'2021-12-22 17:28:31.330643','86','Orden de compra 76',2,'La orden de compra 76 ha sido Validada por el usuario Carlos Garcia',19,48),(944,'2021-12-22 17:30:26.497035','86','Orden de compra 76',2,'La orden de compra 76 ha sido Recepcionada por el usuario Carlos Garcia',19,48),(945,'2021-12-22 17:35:04.566212','86','Orden de compra 76',3,'La orden de compra 76 ha sido rechazada por el usuario Carlos Garcia',19,48),(946,'2021-12-22 17:35:09.393191','86','Orden de compra 76',3,'La orden de compra 76 ha sido rechazada por el usuario Carlos Garcia',19,48),(947,'2021-12-23 09:38:16.931977','37','37 - Santiago',2,'Se ha recepcionado el envio #37 con origen Santiago y destino Valdivia por el usuario Adriana Artunduaga',55,37),(948,'2021-12-23 11:04:07.924493','78','Orden de compra 68',2,'La orden de compra 68 ha sido Inicial por el usuario Deyanira Poblete',19,39),(949,'2021-12-23 11:04:42.511663','78','Orden de compra 68',2,'La orden de compra 68 ha sido Validada por el usuario Deyanira Poblete',19,39),(950,'2021-12-23 11:05:31.332213','78','Orden de compra 68',2,'La orden de compra 68 ha sido Recepcionada por el usuario Deyanira Poblete',19,39),(951,'2021-12-23 11:15:24.053025','76','Orden de compra 66',2,'La orden de compra 66 ha sido Validada por el usuario Deyanira Poblete',19,39),(952,'2021-12-23 11:16:20.251189','76','Orden de compra 66',2,'La orden de compra 66 ha sido Recepcionada por el usuario Deyanira Poblete',19,39),(953,'2021-12-23 16:48:36.226205','86','Orden de compra 76',2,'La orden de compra 76 ha sido Recepcionada por el usuario Santiago Donoso',19,41),(954,'2021-12-23 16:59:07.803267','87','Orden de compra 77',1,'La orden de compra 77 ha sido solicitada el usuario Carlos Garcia',19,48),(955,'2021-12-23 17:00:18.115616','87','Orden de compra 77',2,'La orden de compra 77 ha sido Validada por el usuario Carlos Garcia',19,48),(956,'2021-12-23 17:18:41.891706','87','Orden de compra 77',2,'La orden de compra 77 ha sido Recepcionada por el usuario Carlos Garcia',19,48),(957,'2021-12-23 17:20:05.213771','16','Pauta de elaboración Pauta Empaque Yogur Descremado',2,'La pauta de elaboración Pauta Empaque Yogur Descremado ha sido actualizada por el usuario Hernan Vigil',27,42),(958,'2021-12-23 17:26:41.605127','18','Producto: Griego Frutilla',2,'El empleado Hernan Vigil ha modificado el producto: Griego Frutilla',10,42),(959,'2021-12-23 17:27:26.224135','26','Producto: Descremado 360',2,'El empleado Hernan Vigil ha modificado el producto: Descremado 360',10,42),(960,'2021-12-23 17:29:55.520166','23','Producto: Descremado Durazno',2,'El empleado Hernan Vigil ha modificado el producto: Descremado Durazno',10,42),(961,'2021-12-23 17:50:26.940282','22','Producto: Descremado Frutilla',2,'El empleado Hernan Vigil ha modificado el producto: Descremado Frutilla',10,42),(962,'2021-12-23 17:53:20.942338','23','Producto: Descremado Durazno',2,'El empleado Carlos Garcia ha modificado el producto: Descremado Durazno',10,48),(963,'2021-12-23 17:59:04.722591','23','Producto: Descremado Durazno',2,'El empleado Carlos Garcia ha modificado el producto: Descremado Durazno',10,48),(964,'2021-12-23 18:06:45.939931','23','Producto: Descremado Durazno',2,'El empleado Carlos Garcia ha modificado el producto: Descremado Durazno',10,48),(965,'2021-12-23 18:15:24.948996','18','Producto: Griego Frutilla',2,'El empleado Hernan Vigil ha modificado el producto: Griego Frutilla',10,42),(966,'2021-12-23 18:18:46.948306','22','Producto: Descremado Frutilla',2,'El empleado Santiago Donoso ha modificado el producto: Descremado Frutilla',10,41),(967,'2021-12-23 18:20:04.242578','21','Producto: Clasico Durazno',2,'El empleado Hernan Vigil ha modificado el producto: Clasico Durazno',10,42),(968,'2021-12-23 18:21:01.766894','19','Producto: Griego Durazno',2,'El empleado Carlos Garcia ha modificado el producto: Griego Durazno',10,48),(969,'2021-12-24 08:40:30.645942','88','Orden de compra 78',1,'La orden de compra 78 ha sido solicitada el usuario Santiago Donoso',19,41),(970,'2021-12-24 08:40:39.627341','88','Orden de compra 78',2,'La orden de compra 78 ha sido Validada por el usuario Santiago Donoso',19,41),(971,'2021-12-24 08:40:52.679518','88','Orden de compra 78',2,'La orden de compra 78 ha sido Recepcionada por el usuario Santiago Donoso',19,41),(972,'2021-12-24 08:43:05.127595','184','Inventario Insumo Etiqueta Sato Motex fecha Vencimiento Lote - Valdivia',2,'Se ha actualizado el inventario de Etiqueta Sato Motex fecha Vencimiento Lote en Valdivia de manera MANUAL por el usuario Santiago Donoso',13,41),(973,'2021-12-24 08:43:18.294139','188','Inventario Insumo Etiqueta Sato Motex fecha Vencimiento Lote - Santiago',2,'Se ha actualizado el inventario de Etiqueta Sato Motex fecha Vencimiento Lote en Santiago de manera MANUAL por el usuario Santiago Donoso',13,41),(974,'2021-12-24 08:43:38.097697','88','Orden de compra 78',2,'La orden de compra 78 ha sido Recepcionada por el usuario Santiago Donoso',19,41),(975,'2021-12-24 08:43:40.871638','88','Orden de compra 78',2,'La orden de compra 78 ha sido Validada por el usuario Santiago Donoso',19,41),(976,'2021-12-24 08:43:51.634341','88','Orden de compra 78',2,'La orden de compra 78 ha sido Recepcionada por el usuario Santiago Donoso',19,41),(977,'2021-12-24 08:44:02.539630','88','Orden de compra 78',3,'La orden de compra 78 ha sido rechazada por el usuario Santiago Donoso',19,41),(978,'2021-12-24 08:44:21.661532','89','Orden de compra 79',1,'La orden de compra 79 ha sido solicitada el usuario Santiago Donoso',19,41),(979,'2021-12-24 08:44:29.363956','89','Orden de compra 79',2,'La orden de compra 79 ha sido Validada por el usuario Santiago Donoso',19,41),(980,'2021-12-24 08:44:42.057762','89','Orden de compra 79',2,'La orden de compra 79 ha sido Recepcionada por el usuario Santiago Donoso',19,41),(981,'2021-12-24 08:51:22.200817','22','Producto: Descremado Frutilla',2,'El empleado Carlos Garcia ha modificado el producto: Descremado Frutilla',10,48),(982,'2021-12-24 08:51:47.543302','23','Producto: Descremado Durazno',2,'El empleado Santiago Donoso ha modificado el producto: Descremado Durazno',10,41),(983,'2021-12-24 08:52:10.680367','22','Producto: Descremado Frutilla',2,'El empleado Santiago Donoso ha modificado el producto: Descremado Frutilla',10,41),(984,'2021-12-24 08:52:29.525526','26','Producto: Descremado 360',2,'El empleado Santiago Donoso ha modificado el producto: Descremado 360',10,41),(985,'2021-12-24 08:54:29.873536','21','Producto: Clasico Durazno',2,'El empleado Carlos Garcia ha modificado el producto: Clasico Durazno',10,48),(986,'2021-12-24 08:55:28.965613','17','Producto: Descremado Litro Botella',2,'El empleado Santiago Donoso ha modificado el producto: Descremado Litro Botella',10,41),(987,'2021-12-24 09:00:20.116531','15','Producto: Griego Litro Botella',2,'El empleado Santiago Donoso ha modificado el producto: Griego Litro Botella',10,41),(988,'2021-12-24 09:01:12.160441','20','Producto: Clasico Frutilla',2,'El empleado Carlos Garcia ha modificado el producto: Clasico Frutilla',10,48),(989,'2021-12-24 09:01:14.043664','26','Producto: Descremado 360',2,'El empleado Santiago Donoso ha modificado el producto: Descremado 360',10,41),(990,'2021-12-24 09:01:18.524059','21','Producto: Clasico Durazno',2,'El empleado Carlos Garcia ha modificado el producto: Clasico Durazno',10,48),(991,'2021-12-24 09:02:47.475744','23','Producto: Descremado Durazno',2,'El empleado Santiago Donoso ha modificado el producto: Descremado Durazno',10,41),(992,'2021-12-24 09:04:17.867029','22','Producto: Descremado Frutilla',2,'El empleado Santiago Donoso ha modificado el producto: Descremado Frutilla',10,41),(993,'2021-12-24 09:05:29.103657','18','Producto: Griego Frutilla',2,'El empleado Carlos Garcia ha modificado el producto: Griego Frutilla',10,48),(994,'2021-12-24 09:05:32.570337','90','Orden de compra 80',1,'La orden de compra 80 ha sido solicitada el usuario Santiago Donoso',19,41),(995,'2021-12-24 09:05:41.819225','90','Orden de compra 80',2,'La orden de compra 80 ha sido Validada por el usuario Santiago Donoso',19,41),(996,'2021-12-24 09:05:58.556915','90','Orden de compra 80',2,'La orden de compra 80 ha sido Recepcionada por el usuario Santiago Donoso',19,41),(997,'2021-12-24 09:05:59.223282','19','Producto: Griego Durazno',2,'El empleado Carlos Garcia ha modificado el producto: Griego Durazno',10,48),(998,'2021-12-24 09:06:34.080978','18','Producto: Griego Frutilla',2,'El empleado Carlos Garcia ha modificado el producto: Griego Frutilla',10,48),(999,'2021-12-24 09:07:03.446735','19','Producto: Griego Durazno',2,'El empleado Carlos Garcia ha modificado el producto: Griego Durazno',10,48),(1000,'2021-12-24 09:07:23.350619','20','Producto: Clasico Frutilla',2,'El empleado Carlos Garcia ha modificado el producto: Clasico Frutilla',10,48),(1001,'2021-12-24 09:07:48.548420','21','Producto: Clasico Durazno',2,'El empleado Carlos Garcia ha modificado el producto: Clasico Durazno',10,48),(1002,'2021-12-24 09:08:06.942336','21','Producto: Clasico Durazno',2,'El empleado Carlos Garcia ha modificado el producto: Clasico Durazno',10,48),(1003,'2021-12-24 09:08:32.455891','22','Producto: Descremado Frutilla',2,'El empleado Carlos Garcia ha modificado el producto: Descremado Frutilla',10,48),(1004,'2021-12-24 09:12:26.913036','26','Producto: Descremado 360',2,'El empleado Santiago Donoso ha modificado el producto: Descremado 360',10,41),(1005,'2021-12-24 09:13:34.214353','26','Producto: Descremado 360',2,'El empleado Santiago Donoso ha modificado el producto: Descremado 360',10,41),(1006,'2021-12-24 09:14:54.324762','23','Producto: Descremado Durazno',2,'El empleado Santiago Donoso ha modificado el producto: Descremado Durazno',10,41),(1007,'2021-12-24 09:15:32.062181','22','Producto: Descremado Frutilla',2,'El empleado Santiago Donoso ha modificado el producto: Descremado Frutilla',10,41),(1008,'2021-12-24 09:16:39.900146','17','Producto: Descremado Litro Botella',2,'El empleado Santiago Donoso ha modificado el producto: Descremado Litro Botella',10,41),(1009,'2021-12-24 09:59:09.247985','3','Insumo Almidon Snowflakes',3,'El empleado Santiago Donoso ha eliminado el insumo Almidon Snowflakes',7,41),(1010,'2021-12-24 10:01:17.737388','91','Orden de compra 81',1,'La orden de compra 81 ha sido solicitada el usuario Santiago Donoso',19,41),(1011,'2021-12-24 10:01:54.713034','91','Orden de compra 81',2,'La orden de compra 81 ha sido Validada por el usuario Santiago Donoso',19,41),(1012,'2021-12-24 10:02:16.646806','91','Orden de compra 81',2,'La orden de compra 81 ha sido Recepcionada por el usuario Santiago Donoso',19,41),(1013,'2021-12-24 10:02:57.519000','13','Área de negocio: Vegurt',2,'El empleado Santiago Donoso ha modificado el área de negocio: Vegurt',9,41),(1014,'2021-12-24 10:05:38.777731','39','Producto: Vegurt Sin Sabor',2,'El empleado Carlos Garcia ha modificado el producto: Vegurt Sin Sabor',10,48),(1015,'2021-12-24 10:07:41.009228','5','Pauta de elaboración YOGUR GRIEGO PIP',2,'La pauta de elaboración YOGUR GRIEGO PIP ha sido actualizada por el usuario Santiago Donoso',27,41),(1016,'2021-12-24 10:08:12.027774','40','Producto: Vegurt Vainilla',2,'El empleado Carlos Garcia ha modificado el producto: Vegurt Vainilla',10,48),(1017,'2021-12-24 10:10:59.549951','41','Producto: Vegurt Frutilla',2,'El empleado Carlos Garcia ha modificado el producto: Vegurt Frutilla',10,48),(1018,'2021-12-24 10:18:27.643383','92','Orden de compra 82',1,'La orden de compra 82 ha sido solicitada el usuario Carlos Garcia',19,48),(1019,'2021-12-24 10:18:42.871232','92','Orden de compra 82',2,'La orden de compra 82 ha sido Validada por el usuario Carlos Garcia',19,48),(1020,'2021-12-24 10:20:03.978922','92','Orden de compra 82',2,'La orden de compra 82 ha sido Recepcionada por el usuario Carlos Garcia',19,48),(1021,'2021-12-24 10:22:20.851088','93','Orden de compra 83',1,'La orden de compra 83 ha sido solicitada el usuario Carlos Garcia',19,48),(1022,'2021-12-24 10:30:58.454995','94','Orden de compra 84',1,'La orden de compra 84 ha sido solicitada el usuario Carlos Garcia',19,48),(1023,'2021-12-24 10:31:10.076966','94','Orden de compra 84',2,'La orden de compra 84 ha sido Validada por el usuario Carlos Garcia',19,48),(1024,'2021-12-24 10:31:41.911956','94','Orden de compra 84',2,'La orden de compra 84 ha sido Recepcionada por el usuario Carlos Garcia',19,48),(1025,'2021-12-24 10:34:57.016755','93','Orden de compra 83',3,'La orden de compra 83 ha sido rechazada por el usuario Carlos Garcia',19,48),(1026,'2021-12-24 10:36:56.252627','95','Orden de compra 85',1,'La orden de compra 85 ha sido solicitada el usuario Carlos Garcia',19,48),(1027,'2021-12-24 10:37:03.844971','95','Orden de compra 85',2,'La orden de compra 85 ha sido Validada por el usuario Carlos Garcia',19,48),(1028,'2021-12-24 10:37:22.404467','95','Orden de compra 85',2,'La orden de compra 85 ha sido Recepcionada por el usuario Carlos Garcia',19,48),(1029,'2021-12-24 10:38:16.763853','96','Orden de compra 86',1,'La orden de compra 86 ha sido solicitada el usuario Carlos Garcia',19,48),(1030,'2021-12-24 10:38:28.660189','96','Orden de compra 86',2,'La orden de compra 86 ha sido Validada por el usuario Carlos Garcia',19,48),(1031,'2021-12-24 10:38:47.925014','96','Orden de compra 86',2,'La orden de compra 86 ha sido Recepcionada por el usuario Carlos Garcia',19,48),(1032,'2021-12-24 10:40:49.253608','97','Orden de compra 87',1,'La orden de compra 87 ha sido solicitada el usuario Carlos Garcia',19,48),(1033,'2021-12-24 10:41:21.635337','97','Orden de compra 87',2,'La orden de compra 87 ha sido Validada por el usuario Carlos Garcia',19,48),(1034,'2021-12-24 10:41:36.642832','97','Orden de compra 87',2,'La orden de compra 87 ha sido Recepcionada por el usuario Carlos Garcia',19,48),(1035,'2021-12-24 10:42:19.006643','94','Orden de compra 84',3,'La orden de compra 84 ha sido rechazada por el usuario Carlos Garcia',19,48),(1036,'2021-12-24 10:42:36.569961','96','Orden de compra 86',3,'La orden de compra 86 ha sido rechazada por el usuario Carlos Garcia',19,48),(1037,'2021-12-24 10:42:52.675120','98','Orden de compra 88',1,'La orden de compra 88 ha sido solicitada el usuario Carlos Garcia',19,48),(1038,'2021-12-24 10:42:59.534929','98','Orden de compra 88',2,'La orden de compra 88 ha sido Validada por el usuario Carlos Garcia',19,48),(1039,'2021-12-24 10:43:14.351408','98','Orden de compra 88',2,'La orden de compra 88 ha sido Recepcionada por el usuario Carlos Garcia',19,48),(1040,'2021-12-24 10:43:16.867040','17','Lote 211224-YOGR01-01',1,'El lote 211224-YOGR01-01 ha sido creado por el usuario Santiago Donoso',50,41),(1041,'2021-12-24 10:43:16.875796','31','Elaboración 31',1,'La elaboración 31 ha sido iniciada por el usuario Santiago Donoso',47,41),(1042,'2021-12-24 10:44:19.532974','99','Orden de compra 89',1,'La orden de compra 89 ha sido solicitada el usuario Carlos Garcia',19,48),(1043,'2021-12-24 10:44:31.346878','99','Orden de compra 89',2,'La orden de compra 89 ha sido Validada por el usuario Carlos Garcia',19,48),(1044,'2021-12-24 10:44:49.054834','99','Orden de compra 89',2,'La orden de compra 89 ha sido Recepcionada por el usuario Carlos Garcia',19,48),(1045,'2021-12-24 10:49:43.983345','5','Pauta de elaboración YOGUR GRIEGO PIP',2,'La pauta de elaboración YOGUR GRIEGO PIP ha sido actualizada por el usuario Santiago Donoso',27,41),(1046,'2021-12-24 11:47:23.254520','100','Orden de compra 90',1,'La orden de compra 90 ha sido solicitada el usuario Deyanira Poblete',19,39),(1047,'2021-12-24 11:48:18.127079','100','Orden de compra 90',2,'La orden de compra 90 ha sido Validada por el usuario Deyanira Poblete',19,39),(1048,'2021-12-24 11:54:18.380348','100','Orden de compra 90',2,'La orden de compra 90 ha sido Inicial por el usuario Deyanira Poblete',19,39),(1049,'2021-12-24 11:54:26.351971','100','Orden de compra 90',2,'La orden de compra 90 ha sido Inicial por el usuario Deyanira Poblete',19,39),(1050,'2021-12-24 11:55:04.223683','100','Orden de compra 90',2,'La orden de compra 90 ha sido Inicial por el usuario Deyanira Poblete',19,39),(1051,'2021-12-24 12:00:15.101602','100','Orden de compra 90',2,'La orden de compra 90 ha sido Inicial por el usuario Deyanira Poblete',19,39),(1052,'2021-12-24 12:00:26.709789','100','Orden de compra 90',3,'La orden de compra 90 ha sido eliminada por el usuario Deyanira Poblete',19,39),(1053,'2021-12-24 12:00:37.349791','54','Orden de compra 47',3,'La orden de compra 47 ha sido eliminada por el usuario Deyanira Poblete',19,39),(1054,'2021-12-24 12:05:15.703426','101','Orden de compra 90',1,'La orden de compra 90 ha sido solicitada el usuario Deyanira Poblete',19,39),(1055,'2021-12-24 12:05:33.230751','101','Orden de compra 90',2,'La orden de compra 90 ha sido Validada por el usuario Deyanira Poblete',19,39),(1056,'2021-12-24 12:07:07.336854','101','Orden de compra 90',2,'La orden de compra 90 ha sido Recepcionada por el usuario Deyanira Poblete',19,39),(1057,'2021-12-27 17:01:15.749637','33','Proveedor Bata Chile S.A.',1,'El proveedor Bata Chile S.A. ha sido creado por el usuario Hernan Vigil',14,42),(1058,'2021-12-27 17:02:13.032400','155','Insumo Botas de Goma',1,'El empleado Hernan Vigil ha agregado el insumo Botas de Goma',7,42),(1059,'2021-12-27 17:04:43.525081','102','Orden de compra 91',1,'La orden de compra 91 ha sido solicitada el usuario Hernan Vigil',19,42),(1060,'2021-12-27 17:05:47.937193','102','Orden de compra 91',2,'La orden de compra 91 ha sido Validada por el usuario Santiago Donoso',19,41),(1061,'2021-12-28 09:56:15.812302','39','39 - Santiago',1,'Se ha generado el envio #39 con origen Santiago y destino Valdivia por el usuario Deyanira Poblete',55,39),(1062,'2021-12-28 10:18:48.140032','103','Orden de compra 92',1,'La orden de compra 92 ha sido solicitada el usuario Hernan Vigil',19,42),(1063,'2021-12-28 10:19:09.030662','103','Orden de compra 92',2,'La orden de compra 92 ha sido Validada por el usuario Hernan Vigil',19,42),(1064,'2021-12-28 10:21:28.875170','79','Orden de compra 69',2,'La orden de compra 69 ha sido Recepcionada por el usuario Hernan Vigil',19,42),(1065,'2021-12-28 10:32:39.275031','40','40 - Santiago',1,'Se ha generado el envio #40 con origen Santiago y destino Valdivia por el usuario Deyanira Poblete',55,39),(1066,'2021-12-28 10:32:45.719987','40','40 - Santiago',3,'Se ha eliminado el envio #40 con origen Santiago y destino Valdivia por el usuario Deyanira Poblete',55,39),(1067,'2021-12-28 10:34:32.984678','41','41 - Santiago',1,'Se ha generado el envio #41 con origen Santiago y destino Valdivia por el usuario Deyanira Poblete',55,39),(1068,'2021-12-28 11:08:44.795360','104','Orden de compra 93',1,'La orden de compra 93 ha sido solicitada el usuario Santiago Donoso',19,41),(1069,'2021-12-28 11:08:53.232948','104','Orden de compra 93',2,'La orden de compra 93 ha sido Validada por el usuario Santiago Donoso',19,41),(1070,'2021-12-28 11:09:38.919582','104','Orden de compra 93',2,'La orden de compra 93 ha sido Inicial por el usuario Santiago Donoso',19,41),(1071,'2021-12-28 11:18:48.108952','105','Orden de compra 94',1,'La orden de compra 94 ha sido solicitada el usuario Santiago Donoso',19,41),(1072,'2021-12-28 11:19:09.949737','105','Orden de compra 94',2,'La orden de compra 94 ha sido Validada por el usuario Santiago Donoso',19,41),(1073,'2021-12-28 12:08:35.056216','106','Orden de compra 95',1,'La orden de compra 95 ha sido solicitada el usuario Santiago Donoso',19,41),(1074,'2021-12-28 12:08:47.344648','106','Orden de compra 95',2,'La orden de compra 95 ha sido Validada por el usuario Santiago Donoso',19,41),(1075,'2021-12-28 12:11:52.231592','156','Insumo ALMENDRAS PELADAS (W&B)',1,'El empleado Santiago Donoso ha agregado el insumo ALMENDRAS PELADAS (W&B)',7,41),(1076,'2021-12-28 12:20:08.030781','34','Proveedor PRODALMEN',1,'El proveedor PRODALMEN ha sido creado por el usuario Santiago Donoso',14,41),(1077,'2021-12-28 12:21:35.811189','107','Orden de compra 96',1,'La orden de compra 96 ha sido solicitada el usuario Santiago Donoso',19,41),(1078,'2021-12-28 12:22:39.016881','107','Orden de compra 96',2,'La orden de compra 96 ha sido Validada por el usuario Santiago Donoso',19,41),(1079,'2021-12-28 18:28:25.229624','35','Proveedor SAL CARIBE',1,'El proveedor SAL CARIBE ha sido creado por el usuario Santiago Donoso',14,41),(1080,'2021-12-28 18:28:48.605831','157','Insumo SAL LOBOS TIPO ARROZ',1,'El empleado Santiago Donoso ha agregado el insumo SAL LOBOS TIPO ARROZ',7,41),(1081,'2021-12-28 18:29:56.050977','108','Orden de compra 97',1,'La orden de compra 97 ha sido solicitada el usuario Santiago Donoso',19,41),(1082,'2021-12-28 18:30:02.794799','108','Orden de compra 97',2,'La orden de compra 97 ha sido Validada por el usuario Santiago Donoso',19,41),(1083,'2021-12-28 18:31:53.366916','108','Orden de compra 97',2,'La orden de compra 97 ha sido Recepcionada por el usuario Santiago Donoso',19,41),(1084,'2021-12-28 18:33:51.775820','109','Orden de compra 98',1,'La orden de compra 98 ha sido solicitada el usuario Santiago Donoso',19,41),(1085,'2021-12-28 18:34:04.802147','109','Orden de compra 98',2,'La orden de compra 98 ha sido Validada por el usuario Santiago Donoso',19,41),(1086,'2021-12-29 11:16:24.793788','110','Orden de compra 99',1,'La orden de compra 99 ha sido solicitada el usuario Santiago Donoso',19,41),(1087,'2021-12-29 11:18:48.813756','111','Orden de compra 100',1,'La orden de compra 100 ha sido solicitada el usuario Santiago Donoso',19,41),(1088,'2021-12-29 11:37:00.305965','41','41 - Santiago',2,'Se ha recepcionado el envio #41 con origen Santiago y destino Valdivia por el usuario Adriana Artunduaga',55,37),(1089,'2021-12-29 12:31:23.737554','39','39 - Santiago',2,'Se ha recepcionado el envio #39 con origen Santiago y destino Valdivia por el usuario Adriana Artunduaga',55,37),(1090,'2021-12-29 15:55:27.056629','112','Orden de compra 101',1,'La orden de compra 101 ha sido solicitada el usuario Deyanira Poblete',19,39),(1091,'2021-12-29 15:55:39.342773','49','Orden de compra 42',2,'La orden de compra 42 ha sido Inicial por el usuario Deyanira Poblete',19,39),(1092,'2021-12-29 15:55:51.474128','49','Orden de compra 42',3,'La orden de compra 42 ha sido eliminada por el usuario Deyanira Poblete',19,39),(1093,'2021-12-29 15:56:18.704103','112','Orden de compra 101',2,'La orden de compra 101 ha sido Validada por el usuario Deyanira Poblete',19,39),(1094,'2021-12-29 15:57:45.075145','112','Orden de compra 101',2,'La orden de compra 101 ha sido Recepcionada por el usuario Deyanira Poblete',19,39),(1095,'2021-12-29 16:04:46.448775','113','Orden de compra 102',1,'La orden de compra 102 ha sido solicitada el usuario Deyanira Poblete',19,39),(1096,'2021-12-29 16:05:23.124430','113','Orden de compra 102',2,'La orden de compra 102 ha sido Validada por el usuario Deyanira Poblete',19,39),(1097,'2021-12-29 16:05:49.031146','113','Orden de compra 102',2,'La orden de compra 102 ha sido Recepcionada por el usuario Deyanira Poblete',19,39),(1098,'2021-12-29 16:06:22.437457','113','Orden de compra 102',2,'La orden de compra 102 ha sido Recepcionada por el usuario Deyanira Poblete',19,39),(1099,'2021-12-30 09:05:14.630520','158','Insumo Etiqueta TERMOTRANSFERENCIA 70X50 B\'1',1,'El empleado Santiago Donoso ha agregado el insumo Etiqueta TERMOTRANSFERENCIA 70X50 B\'1',7,41),(1100,'2021-12-30 09:06:43.387456','114','Orden de compra 103',1,'La orden de compra 103 ha sido solicitada el usuario Santiago Donoso',19,41),(1101,'2021-12-30 09:06:54.599088','114','Orden de compra 103',2,'La orden de compra 103 ha sido Validada por el usuario Santiago Donoso',19,41),(1102,'2021-12-30 10:47:15.181869','115','Orden de compra 104',1,'La orden de compra 104 ha sido solicitada el usuario Santiago Donoso',19,41),(1103,'2021-12-30 10:49:35.689510','115','Orden de compra 104',2,'La orden de compra 104 ha sido Validada por el usuario Santiago Donoso',19,41),(1104,'2021-12-30 10:56:18.353699','159','Insumo MULTI-ALI',1,'El empleado Santiago Donoso ha agregado el insumo MULTI-ALI',7,41),(1105,'2021-12-30 10:58:07.870095','160','Insumo ALCIP',1,'El empleado Santiago Donoso ha agregado el insumo ALCIP',7,41),(1106,'2021-12-30 11:05:53.307352','36','Proveedor COMERCIAL TKM',1,'El proveedor COMERCIAL TKM ha sido creado por el usuario Santiago Donoso',14,41),(1107,'2021-12-30 11:12:30.159383','116','Orden de compra 105',1,'La orden de compra 105 ha sido solicitada el usuario Santiago Donoso',19,41),(1108,'2021-12-30 11:12:46.252769','116','Orden de compra 105',2,'La orden de compra 105 ha sido Validada por el usuario Santiago Donoso',19,41),(1109,'2021-12-30 12:34:20.827527','117','Orden de compra 106',1,'La orden de compra 106 ha sido solicitada el usuario Deyanira Poblete',19,39),(1110,'2021-12-30 12:34:44.293309','117','Orden de compra 106',2,'La orden de compra 106 ha sido Validada por el usuario Deyanira Poblete',19,39),(1111,'2021-12-30 12:35:47.700460','117','Orden de compra 106',2,'La orden de compra 106 ha sido Recepcionada por el usuario Deyanira Poblete',19,39),(1112,'2021-12-30 13:21:49.607077','109','Orden de compra 98',2,'La orden de compra 98 ha sido Recepcionada por el usuario Deyanira Poblete',19,39),(1113,'2021-12-30 14:27:16.031345','107','Orden de compra 96',2,'La orden de compra 96 ha sido Recepcionada por el usuario Deyanira Poblete',19,39),(1114,'2021-12-30 16:42:48.481042','102','Orden de compra 91',2,'La orden de compra 91 ha sido Recepcionada por el usuario Deyanira Poblete',19,39),(1115,'2021-12-30 17:24:32.937139','118','Orden de compra 107',1,'La orden de compra 107 ha sido solicitada el usuario Deyanira Poblete',19,39),(1116,'2021-12-30 17:24:47.084652','118','Orden de compra 107',2,'La orden de compra 107 ha sido Validada por el usuario Deyanira Poblete',19,39),(1117,'2021-12-30 17:25:18.200432','118','Orden de compra 107',2,'La orden de compra 107 ha sido Recepcionada por el usuario Deyanira Poblete',19,39),(1118,'2021-12-31 10:07:04.232721','119','Orden de compra 108',1,'La orden de compra 108 ha sido solicitada el usuario Santiago Donoso',19,41),(1119,'2021-12-31 10:07:11.829097','119','Orden de compra 108',2,'La orden de compra 108 ha sido Validada por el usuario Santiago Donoso',19,41),(1120,'2021-12-31 10:56:10.609232','120','Orden de compra 109',1,'La orden de compra 109 ha sido solicitada el usuario Santiago Donoso',19,41),(1121,'2021-12-31 10:56:19.083997','120','Orden de compra 109',2,'La orden de compra 109 ha sido Validada por el usuario Santiago Donoso',19,41),(1122,'2021-12-31 11:11:52.550832','121','Orden de compra 110',1,'La orden de compra 110 ha sido solicitada el usuario Santiago Donoso',19,41),(1123,'2022-01-03 08:52:20.144737','42','42 - Santiago',1,'Se ha generado el envio #42 con origen Santiago y destino San Felipe por el usuario Deyanira Poblete',55,39),(1124,'2022-01-03 11:23:06.684919','42','42 - Santiago',2,'Se ha recepcionado el envio #42 con origen Santiago y destino San Felipe por el usuario Hernan Vigil',55,42),(1125,'2022-01-03 12:20:23.826621','42','Orden de compra 35',2,'La orden de compra 35 ha sido Recepcionada por el usuario Deyanira Poblete',19,39),(1126,'2022-01-03 15:06:16.423690','253','Cliente Maria Muñoz',1,'Se ha creado el cliente Maria Muñoz - 76.339.185-K por el usuario Deyanira Poblete',16,39),(1127,'2022-01-03 15:13:39.867997','37','Proveedor LACTEOS CHICAUMA SPA',1,'El proveedor LACTEOS CHICAUMA SPA ha sido creado por el usuario Paola Basualto',14,47),(1128,'2022-01-03 15:18:36.930325','122','Orden de compra 111',1,'La orden de compra 111 ha sido solicitada el usuario Paola Basualto',19,47),(1129,'2022-01-03 15:19:44.495558','122','Orden de compra 111',2,'La orden de compra 111 ha sido Validada por el usuario Paola Basualto',19,47),(1130,'2022-01-03 15:23:39.255562','122','Orden de compra 111',2,'La orden de compra 111 ha sido Recepcionada por el usuario Paola Basualto',19,47),(1131,'2022-01-03 17:02:02.490737','123','Orden de compra 112',1,'La orden de compra 112 ha sido solicitada el usuario Deyanira Poblete',19,39),(1132,'2022-01-03 17:02:15.883552','123','Orden de compra 112',2,'La orden de compra 112 ha sido Validada por el usuario Deyanira Poblete',19,39),(1133,'2022-01-03 17:03:57.992092','123','Orden de compra 112',2,'La orden de compra 112 ha sido Recepcionada por el usuario Deyanira Poblete',19,39),(1134,'2022-01-03 17:18:55.315420','50','Nicole Yusari',2,'[{\"changed\": {\"fields\": [\"Superuser status\"]}}]',4,42),(1135,'2022-01-03 20:40:41.142051','43','43 - Santiago',1,'Se ha generado el envio #43 con origen Santiago y destino San Felipe por el usuario Deyanira Poblete',55,39),(1136,'2022-01-04 12:23:02.243327','111','Orden de compra 100',3,'La orden de compra 100 ha sido eliminada por el usuario Hernan Vigil',19,42),(1137,'2022-01-04 12:23:20.021052','110','Orden de compra 99',3,'La orden de compra 99 ha sido eliminada por el usuario Hernan Vigil',19,42),(1138,'2022-01-04 12:24:10.180408','124','Orden de compra 113',1,'La orden de compra 113 ha sido solicitada el usuario Hernan Vigil',19,42),(1139,'2022-01-04 12:24:28.200578','124','Orden de compra 113',2,'La orden de compra 113 ha sido Validada por el usuario Hernan Vigil',19,42),(1140,'2022-01-04 12:30:45.650020','125','Orden de compra 114',1,'La orden de compra 114 ha sido solicitada el usuario Hernan Vigil',19,42),(1141,'2022-01-04 13:48:02.729503','44','44 - Santiago',1,'Se ha generado el envio #44 con origen Santiago y destino Valdivia por el usuario Deyanira Poblete',55,39),(1142,'2022-01-04 14:19:13.549164','254','Cliente Mi Market Pedro de Valdivia',1,'Se ha creado el cliente Mi Market Pedro de Valdivia - 76.587.878-0 por el usuario Nicole Yusari',16,50),(1143,'2022-01-04 14:24:21.300585','255','Cliente Mi Market Hernando de Aguirre',1,'Se ha creado el cliente Mi Market Hernando de Aguirre - 76.587.878-0 por el usuario Nicole Yusari',16,50),(1144,'2022-01-04 14:25:50.124410','254','Cliente Mi Market Pedro de Valdivia',2,'Se ha actualizado el cliente Mi Market Pedro de Valdivia - 76.587.878-0 por el usuario Nicole Yusari',16,50),(1145,'2022-01-04 14:28:25.762390','116','Orden de compra 105',2,'La orden de compra 105 ha sido Recepcionada por el usuario Deyanira Poblete',19,39),(1146,'2022-01-04 14:45:08.751277','124','Orden de compra 113',2,'La orden de compra 113 ha sido Recepcionada por el usuario Deyanira Poblete',19,39),(1147,'2022-01-04 14:45:29.823414','124','Orden de compra 113',2,'La orden de compra 113 ha sido Validada por el usuario Deyanira Poblete',19,39),(1148,'2022-01-04 14:45:45.952125','124','Orden de compra 113',2,'La orden de compra 113 ha sido Recepcionada por el usuario Deyanira Poblete',19,39),(1149,'2022-01-04 14:46:05.474998','124','Orden de compra 113',2,'La orden de compra 113 ha sido Validada por el usuario Deyanira Poblete',19,39),(1150,'2022-01-04 14:46:55.211013','124','Orden de compra 113',2,'La orden de compra 113 ha sido Recepcionada por el usuario Deyanira Poblete',19,39),(1151,'2022-01-04 18:52:13.719870','45','45 - Santiago',1,'Se ha generado el envio #45 con origen Santiago y destino San Felipe por el usuario Deyanira Poblete',55,39),(1152,'2022-01-05 09:38:00.642459','161','Insumo Lampara Atrapa Mosca',1,'El empleado Hernan Vigil ha agregado el insumo Lampara Atrapa Mosca',7,42),(1153,'2022-01-05 09:40:29.540234','126','Orden de compra 115',1,'La orden de compra 115 ha sido solicitada el usuario Hernan Vigil',19,42),(1154,'2022-01-05 10:05:49.535330','162','Insumo Cargador Computador portatil',1,'El empleado Hernan Vigil ha agregado el insumo Cargador Computador portatil',7,42),(1155,'2022-01-05 10:09:11.895096','127','Orden de compra 116',1,'La orden de compra 116 ha sido solicitada el usuario Hernan Vigil',19,42),(1156,'2022-01-05 10:11:25.878990','127','Orden de compra 116',3,'La orden de compra 116 ha sido eliminada por el usuario Hernan Vigil',19,42),(1157,'2022-01-05 10:11:48.503401','128','Orden de compra 116',1,'La orden de compra 116 ha sido solicitada el usuario Hernan Vigil',19,42),(1158,'2022-01-05 11:31:02.686316','38','Proveedor Autoadhesivos PyR Ltda',1,'El proveedor Autoadhesivos PyR Ltda ha sido creado por el usuario Hernan Vigil',14,42),(1159,'2022-01-05 11:40:33.377335','163','Insumo ETIQUETA HELADOS PINA RAPA NUI 94X225',1,'El empleado Hernan Vigil ha agregado el insumo ETIQUETA HELADOS PINA RAPA NUI 94X225',7,42),(1160,'2022-01-05 11:41:09.303774','164','Insumo ETIQUETA HELADOS MANJAR ARTESANAL 94X225',1,'El empleado Hernan Vigil ha agregado el insumo ETIQUETA HELADOS MANJAR ARTESANAL 94X225',7,42),(1161,'2022-01-05 11:47:56.535542','129','Orden de compra 117',1,'La orden de compra 117 ha sido solicitada el usuario Hernan Vigil',19,42),(1162,'2022-01-05 11:52:03.425561','129','Orden de compra 117',2,'La orden de compra 117 ha sido Inicial por el usuario Hernan Vigil',19,42),(1163,'2022-01-05 11:55:49.560726','129','Orden de compra 117',2,'La orden de compra 117 ha sido Validada por el usuario Hernan Vigil',19,42),(1164,'2022-01-05 11:59:35.979326','128','Orden de compra 116',2,'La orden de compra 116 ha sido Validada por el usuario Hernan Vigil',19,42),(1165,'2022-01-05 11:59:42.298496','126','Orden de compra 115',2,'La orden de compra 115 ha sido Validada por el usuario Hernan Vigil',19,42),(1166,'2022-01-05 11:59:50.825463','125','Orden de compra 114',2,'La orden de compra 114 ha sido Validada por el usuario Hernan Vigil',19,42),(1167,'2022-01-05 12:20:52.131584','256','Cliente La Popular',1,'Se ha creado el cliente La Popular - 76.659.122-1 por el usuario Nicole Yusari',16,50),(1168,'2022-01-05 13:28:48.717768','98','Orden de compra 88',3,'La orden de compra 88 ha sido eliminada por el usuario Deyanira Poblete',19,39),(1169,'2022-01-05 13:29:19.925026','96','Orden de compra 86',3,'La orden de compra 86 ha sido eliminada por el usuario Deyanira Poblete',19,39),(1170,'2022-01-05 14:48:58.749180','92','Inventario Insumo Bolsa Vacio 160x200x80 micras - San Felipe',2,'Se ha actualizado el inventario de Bolsa Vacio 160x200x80 micras en San Felipe de manera MANUAL por el usuario Paola Basualto',13,47),(1171,'2022-01-05 14:50:02.393178','92','Inventario Insumo Bolsa Vacio 160x200x80 micras - San Felipe',2,'Se ha actualizado el inventario de Bolsa Vacio 160x200x80 micras en San Felipe de manera MANUAL por el usuario Paola Basualto',13,47),(1172,'2022-01-05 14:54:55.183677','92','Inventario Insumo Bolsa Vacio 160x200x80 micras - San Felipe',2,'Se ha actualizado el inventario de Bolsa Vacio 160x200x80 micras en San Felipe de manera MANUAL por el usuario Paola Basualto',13,47),(1173,'2022-01-05 14:58:49.344878','50','Inventario Insumo Bolsa Vacio 160x200x80 micras - Santiago',2,'Se ha actualizado el inventario de Bolsa Vacio 160x200x80 micras en Santiago de manera MANUAL por el usuario Paola Basualto',13,47),(1174,'2022-01-05 14:59:55.793970','92','Inventario Insumo Bolsa Vacio 160x200x80 micras - San Felipe',2,'Se ha actualizado el inventario de Bolsa Vacio 160x200x80 micras en San Felipe de manera MANUAL por el usuario Paola Basualto',13,47),(1175,'2022-01-05 15:00:07.738233','92','Inventario Insumo Bolsa Vacio 160x200x80 micras - San Felipe',2,'Se ha actualizado el inventario de Bolsa Vacio 160x200x80 micras en San Felipe de manera MANUAL por el usuario Paola Basualto',13,47),(1176,'2022-01-05 15:50:31.168326','43','43 - Santiago',2,'Se ha recepcionado el envio #43 con origen Santiago y destino San Felipe por el usuario Paola Basualto',55,47),(1177,'2022-01-05 16:00:12.500254','45','45 - Santiago',2,'Se ha recepcionado el envio #45 con origen Santiago y destino San Felipe por el usuario Paola Basualto',55,47),(1178,'2022-01-06 08:11:02.794631','257','Cliente Jokr Roger de la Flor',1,'Se ha creado el cliente Jokr Roger de la Flor - 77.419.352-9 por el usuario Nicole Yusari',16,50),(1179,'2022-01-06 08:12:37.414185','258','Cliente Jokr Tomás Moro',1,'Se ha creado el cliente Jokr Tomás Moro - 77.419.352-9 por el usuario Nicole Yusari',16,50),(1180,'2022-01-06 08:14:07.777286','259','Cliente Jokr Holanda',1,'Se ha creado el cliente Jokr Holanda - 77.419.352-9 por el usuario Nicole Yusari',16,50),(1181,'2022-01-06 10:44:53.916505','44','44 - Santiago',2,'Se ha recepcionado el envio #44 con origen Santiago y destino Valdivia por el usuario Adriana Artunduaga',55,37),(1182,'2022-01-07 10:28:50.636746','46','46 - Santiago',1,'Se ha generado el envio #46 con origen Santiago y destino Valdivia por el usuario Deyanira Poblete',55,39),(1183,'2022-01-07 11:18:21.445779','114','Orden de compra 103',2,'La orden de compra 103 ha sido Semi-Recepcionada por el usuario Deyanira Poblete',19,39),(1184,'2022-01-07 13:08:07.228059','2','Solicitud 2 - San Felipe',1,'El usuario Paola Basualto de identificador: 47 a agregado la solicitud.',105,47),(1185,'2022-01-07 14:10:59.640305','130','Orden de compra 118',1,'La orden de compra 118 ha sido solicitada el usuario Hernan Vigil',19,42),(1186,'2022-01-07 14:11:29.633558','130','Orden de compra 118',2,'La orden de compra 118 ha sido Validada por el usuario Hernan Vigil',19,42),(1187,'2022-01-07 14:16:29.264477','131','Orden de compra 119',1,'La orden de compra 119 ha sido solicitada el usuario Hernan Vigil',19,42),(1188,'2022-01-07 14:16:39.699804','131','Orden de compra 119',2,'La orden de compra 119 ha sido Validada por el usuario Hernan Vigil',19,42),(1189,'2022-01-07 14:21:10.677993','128','Orden de compra 116',2,'La orden de compra 116 ha sido Recepcionada por el usuario Hernan Vigil',19,42),(1190,'2022-01-07 14:31:43.332565','131','Orden de compra 119',2,'La orden de compra 119 ha sido Inicial por el usuario Hernan Vigil',19,42),(1191,'2022-01-07 14:31:55.391783','130','Orden de compra 118',2,'La orden de compra 118 ha sido Inicial por el usuario Hernan Vigil',19,42),(1192,'2022-01-07 14:32:31.131718','130','Orden de compra 118',2,'La orden de compra 118 ha sido Validada por el usuario Hernan Vigil',19,42),(1193,'2022-01-07 14:38:11.918755','132','Orden de compra 120',1,'La orden de compra 120 ha sido solicitada el usuario Hernan Vigil',19,42),(1194,'2022-01-07 14:40:02.213751','132','Orden de compra 120',2,'La orden de compra 120 ha sido Validada por el usuario Hernan Vigil',19,42),(1195,'2022-01-07 14:51:47.265326','39','Proveedor MARCOS IVAN BECERRA URZUA',1,'El proveedor MARCOS IVAN BECERRA URZUA ha sido creado por el usuario Paola Basualto',14,47),(1196,'2022-01-07 14:54:08.547314','131','Orden de compra 119',2,'La orden de compra 119 ha sido Validada por el usuario Hernan Vigil',19,42),(1197,'2022-01-07 14:54:20.049242','39','Proveedor MARCOS IVAN BECERRA URZUA',2,'El proveedor MARCOS IVAN BECERRA URZUA ha sido actualizado por el usuario Paola Basualto',14,47),(1198,'2022-01-07 14:57:57.025807','39','Proveedor MARCOS IVAN BECERRA URZUA',2,'El proveedor MARCOS IVAN BECERRA URZUA ha sido actualizado por el usuario Paola Basualto',14,47),(1199,'2022-01-07 14:59:30.570806','165','Insumo MATERIAL INOXIDABLE',1,'El empleado Paola Basualto ha agregado el insumo MATERIAL INOXIDABLE',7,47),(1200,'2022-01-07 15:07:22.924662','133','Orden de compra 121',1,'La orden de compra 121 ha sido solicitada el usuario Paola Basualto',19,47),(1201,'2022-01-07 16:19:32.832633','40','Proveedor ROBERTO URIVI GARCIA HUIDOBRO',1,'El proveedor ROBERTO URIVI GARCIA HUIDOBRO ha sido creado por el usuario Paola Basualto',14,47),(1202,'2022-01-07 16:23:22.532269','134','Orden de compra 122',1,'La orden de compra 122 ha sido solicitada el usuario Paola Basualto',19,47),(1203,'2022-01-07 16:24:12.884802','135','Orden de compra 123',1,'La orden de compra 123 ha sido solicitada el usuario Paola Basualto',19,47),(1204,'2022-01-07 16:24:26.459614','134','Orden de compra 122',2,'La orden de compra 122 ha sido Inicial por el usuario Paola Basualto',19,47),(1205,'2022-01-07 16:25:06.891418','134','Orden de compra 122',2,'La orden de compra 122 ha sido Inicial por el usuario Paola Basualto',19,47),(1206,'2022-01-07 16:34:19.615383','41','Proveedor GABRIEL DEL CARMEN BUGUEÑO ARAYA',1,'El proveedor GABRIEL DEL CARMEN BUGUEÑO ARAYA ha sido creado por el usuario Paola Basualto',14,47),(1207,'2022-01-07 17:14:29.498241','133','Orden de compra 121',2,'La orden de compra 121 ha sido Validada por el usuario Hernan Vigil',19,42),(1208,'2022-01-07 17:15:57.856071','134','Orden de compra 122',3,'La orden de compra 122 ha sido eliminada por el usuario Paola Basualto',19,47),(1209,'2022-01-07 17:16:17.103578','135','Orden de compra 123',2,'La orden de compra 123 ha sido Validada por el usuario Hernan Vigil',19,42),(1210,'2022-01-07 17:27:53.517819','32','Elaboración 32',1,'La elaboración 32 ha sido iniciada por el usuario Paola Basualto',47,47),(1211,'2022-01-07 17:36:25.761541','3','Solicitud 3 - San Felipe',1,'El usuario Hernan Vigil de identificador: 42 a agregado la solicitud.',105,42),(1212,'2022-01-07 17:39:28.820606','136','Orden de compra 124',1,'La orden de compra 124 ha sido solicitada el usuario Hernan Vigil',19,42),(1213,'2022-01-07 17:41:05.587503','137','Orden de compra 125',1,'La orden de compra 125 ha sido solicitada el usuario Hernan Vigil',19,42),(1214,'2022-01-07 17:53:29.630562','136','Orden de compra 124',2,'La orden de compra 124 ha sido Validada por el usuario Hernan Vigil',19,42),(1215,'2022-01-07 17:54:47.193710','137','Orden de compra 125',3,'La orden de compra 125 ha sido rechazada por el usuario Hernan Vigil',19,42),(1216,'2022-01-07 17:55:12.396935','111','Insumo Almidon ColFlow Waxy Snow Flakes 6420',2,'El empleado Hernan Vigil ha modificado el insumo Almidon ColFlow Waxy Snow Flakes 6420',7,42),(1217,'2022-01-07 17:58:31.463766','110','Insumo Proteina de Habas / vitessence 3602',2,'El empleado Hernan Vigil ha modificado el insumo Proteina de Habas / vitessence 3602',7,42),(1218,'2022-01-07 18:07:00.522076','1','Proveedor Ingredion Chile S.A.',3,'El proveedor Ingredion Chile S.A. ha sido eliminado por el usuario Hernan Vigil',14,42),(1219,'2022-01-07 18:09:12.944269','138','Orden de compra 126',1,'La orden de compra 126 ha sido solicitada el usuario Hernan Vigil',19,42),(1220,'2022-01-07 18:09:20.692053','138','Orden de compra 126',2,'La orden de compra 126 ha sido Validada por el usuario Hernan Vigil',19,42),(1221,'2022-01-07 18:12:45.355700','132','Orden de compra 120',2,'La orden de compra 120 ha sido Inicial por el usuario Hernan Vigil',19,42),(1222,'2022-01-07 18:13:14.649293','132','Orden de compra 120',2,'La orden de compra 120 ha sido Inicial por el usuario Hernan Vigil',19,42),(1223,'2022-01-07 18:13:39.307129','132','Orden de compra 120',3,'La orden de compra 120 ha sido rechazada por el usuario Hernan Vigil',19,42),(1224,'2022-01-07 18:18:33.805973','166','Insumo Rodillo Tinta Motex 6600',1,'El empleado Hernan Vigil ha agregado el insumo Rodillo Tinta Motex 6600',7,42),(1225,'2022-01-07 18:20:54.228931','132','Orden de compra 120',2,'La orden de compra 120 ha sido Inicial por el usuario Hernan Vigil',19,42),(1226,'2022-01-07 18:21:23.494578','132','Orden de compra 120',3,'La orden de compra 120 ha sido rechazada por el usuario Hernan Vigil',19,42),(1227,'2022-01-07 18:22:04.255338','139','Orden de compra 127',1,'La orden de compra 127 ha sido solicitada el usuario Hernan Vigil',19,42),(1228,'2022-01-07 18:22:11.727367','139','Orden de compra 127',2,'La orden de compra 127 ha sido Validada por el usuario Hernan Vigil',19,42),(1229,'2022-01-10 09:05:24.537948','47','47 - Santiago',1,'Se ha generado el envio #47 con origen Santiago y destino San Felipe por el usuario Deyanira Poblete',55,39),(1230,'2022-01-10 10:10:32.262654','48','48 - Santiago',1,'Se ha generado el envio #48 con origen Santiago y destino San Felipe por el usuario Deyanira Poblete',55,39),(1231,'2022-01-10 10:52:59.685293','51','Alejandra Herrera',2,'[{\"changed\": {\"fields\": [\"Superuser status\"]}}]',4,42),(1232,'2022-01-10 11:06:07.738982','47','47 - Santiago',2,'Se ha recepcionado el envio #47 con origen Santiago y destino San Felipe por el usuario Alejandra Herrera',55,51),(1233,'2022-01-10 11:08:37.923600','48','48 - Santiago',2,'Se ha recepcionado el envio #48 con origen Santiago y destino San Felipe por el usuario Alejandra Herrera',55,51),(1234,'2022-01-10 13:28:04.958347','140','Orden de compra 128',1,'La orden de compra 128 ha sido solicitada el usuario Hernan Vigil',19,42),(1235,'2022-01-10 13:28:15.043303','140','Orden de compra 128',2,'La orden de compra 128 ha sido Validada por el usuario Hernan Vigil',19,42),(1236,'2022-01-10 14:15:03.151545','260','Cliente Mercado Patache',1,'Se ha creado el cliente Mercado Patache - 76.392.291-K por el usuario Hernan Vigil',16,42),(1237,'2022-01-10 14:21:31.993117','260','Cliente Mercado Patache',2,'Se ha actualizado el cliente Mercado Patache - 76.392.291-K por el usuario Hernan Vigil',16,42),(1238,'2022-01-10 14:24:28.489670','98','Cliente Mercado Patache - Bodega en Quilicura',1,'Se ha creado el local Bodega en Quilicura para el cliente Mercado Patache por el usuario Hernan Vigil',18,42),(1239,'2022-01-10 15:17:53.651793','67','Insumo P. Poli Tapa Artifrut 270 mm V2.',2,'El empleado Hernan Vigil ha modificado el insumo P. Poli Tapa Artifrut 270 mm V2.',7,42),(1240,'2022-01-10 15:55:56.799121','141','Orden de compra 129',1,'La orden de compra 129 ha sido solicitada el usuario Hernan Vigil',19,42),(1241,'2022-01-10 15:56:42.015900','141','Orden de compra 129',2,'La orden de compra 129 ha sido Validada por el usuario Hernan Vigil',19,42),(1242,'2022-01-10 16:06:57.683528','23','Orden de compra 16',3,'La orden de compra 16 ha sido eliminada por el usuario Hernan Vigil',19,42),(1243,'2022-01-10 16:49:49.438364','217','Cliente Pura Madre',2,'Se ha actualizado el cliente Pura Madre - 76936583-4 por el usuario Deyanira Poblete',16,39),(1244,'2022-01-10 17:25:58.249942','261','Cliente Marcos Calfucura',1,'Se ha creado el cliente Marcos Calfucura - 19.802.236-5 por el usuario Nicole Yusari',16,50),(1245,'2022-01-10 18:35:07.183208','261','Cliente Marcos Calfucura',2,'Se ha actualizado el cliente Marcos Calfucura - 19.802.236-5 por el usuario Nicole Yusari',16,50),(1246,'2022-01-11 09:57:35.611807','121','Orden de compra 110',2,'La orden de compra 110 ha sido Validada por el usuario Hernan Vigil',19,42),(1247,'2022-01-11 10:27:04.951871','130','Orden de compra 118',2,'La orden de compra 118 ha sido Recepcionada por el usuario Deyanira Poblete',19,39),(1248,'2022-01-11 10:50:00.381190','37','Orden de compra 30',2,'La orden de compra 30 ha sido Semi-Recepcionada por el usuario Deyanira Poblete',19,39),(1249,'2022-01-11 11:27:22.378341','49','49 - Santiago',1,'Se ha generado el envio #49 con origen Santiago y destino Valdivia por el usuario Deyanira Poblete',55,39),(1250,'2022-01-11 11:28:49.060448','142','Orden de compra 130',1,'La orden de compra 130 ha sido solicitada el usuario Hernan Vigil',19,42),(1251,'2022-01-11 11:33:25.889059','142','Orden de compra 130',2,'La orden de compra 130 ha sido Validada por el usuario Hernan Vigil',19,42),(1252,'2022-01-11 11:37:37.830675','142','Orden de compra 130',2,'La orden de compra 130 ha sido Recepcionada por el usuario Hernan Vigil',19,42),(1253,'2022-01-11 11:50:19.408806','142','Orden de compra 130',3,'La orden de compra 130 ha sido eliminada por el usuario Hernan Vigil',19,42),(1254,'2022-01-11 15:17:58.362639','125','Orden de compra 114',2,'La orden de compra 114 ha sido Recepcionada por el usuario Deyanira Poblete',19,39),(1255,'2022-01-11 15:19:27.492336','125','Orden de compra 114',2,'La orden de compra 114 ha sido Validada por el usuario Deyanira Poblete',19,39),(1256,'2022-01-11 15:19:52.758929','125','Orden de compra 114',2,'La orden de compra 114 ha sido Recepcionada por el usuario Deyanira Poblete',19,39),(1257,'2022-01-11 15:20:43.497063','125','Orden de compra 114',2,'La orden de compra 114 ha sido Validada por el usuario Deyanira Poblete',19,39),(1258,'2022-01-11 15:21:19.015934','125','Orden de compra 114',2,'La orden de compra 114 ha sido Recepcionada por el usuario Deyanira Poblete',19,39),(1259,'2022-01-12 11:04:25.524978','115','Orden de compra 104',2,'La orden de compra 104 ha sido Recepcionada por el usuario Deyanira Poblete',19,39),(1260,'2022-01-12 11:08:25.554751','115','Orden de compra 104',2,'La orden de compra 104 ha sido Recepcionada por el usuario Deyanira Poblete',19,39),(1261,'2022-01-12 12:08:38.719289','262','Cliente Esmax rotonda atenas',1,'Se ha creado el cliente Esmax rotonda atenas - 79.706.120-4 por el usuario Deyanira Poblete',16,39),(1262,'2022-01-12 12:19:59.615752','52','Felipe Alvarez',2,'[{\"changed\": {\"fields\": [\"Groups\"]}}]',4,1),(1263,'2022-01-12 12:28:26.447769','140','Orden de compra 128',2,'La orden de compra 128 ha sido Recepcionada por el usuario Deyanira Poblete',19,39),(1264,'2022-01-12 14:04:31.629123','143','Orden de compra 130',1,'La orden de compra 130 ha sido solicitada el usuario Hernan Vigil',19,42),(1265,'2022-01-12 14:04:56.939166','143','Orden de compra 130',2,'La orden de compra 130 ha sido Validada por el usuario Hernan Vigil',19,42),(1266,'2022-01-12 14:17:50.288349','2','Área de negocio: Queso Brie',3,'El empleado Hernan Vigil ha eliminado el área de negocio: Queso Brie',9,42),(1267,'2022-01-12 14:18:06.274303','1','Área de negocio: Queso Camembert',3,'El empleado Hernan Vigil ha eliminado el área de negocio: Queso Camembert',9,42),(1268,'2022-01-12 14:19:18.554848','17','Área de negocio: AREA CAMBRIE',1,'El empleado Hernan Vigil ha agregado el área de negocio: AREA CAMBRIE',9,42),(1269,'2022-01-12 14:25:46.178118','24','Producto: Griego 360g',2,'El empleado Hernan Vigil ha modificado el producto: Griego 360g',10,42),(1270,'2022-01-12 14:35:54.749885','24','Producto: Griego 360g',2,'El empleado Hernan Vigil ha modificado el producto: Griego 360g',10,42),(1271,'2022-01-12 14:38:42.481786','19','Producto: Griego Durazno',2,'El empleado Hernan Vigil ha modificado el producto: Griego Durazno',10,42),(1272,'2022-01-12 14:39:56.177442','19','Producto: Griego Durazno',2,'El empleado Hernan Vigil ha modificado el producto: Griego Durazno',10,42),(1273,'2022-01-12 14:40:59.945686','19','Producto: Griego Durazno',2,'El empleado Hernan Vigil ha modificado el producto: Griego Durazno',10,42),(1274,'2022-01-12 14:42:55.722685','19','Producto: Griego Durazno',2,'El empleado Hernan Vigil ha modificado el producto: Griego Durazno',10,42),(1275,'2022-01-12 14:43:48.114928','19','Producto: Griego Durazno',2,'El empleado Hernan Vigil ha modificado el producto: Griego Durazno',10,42),(1276,'2022-01-12 14:50:38.492845','16','Pauta de elaboración Pauta Empaque Yogur Descremado',2,'La pauta de elaboración Pauta Empaque Yogur Descremado ha sido actualizada por el usuario Hernan Vigil',27,42),(1277,'2022-01-12 14:51:24.759546','16','Pauta de elaboración Pauta Empaque Yogur',2,'La pauta de elaboración Pauta Empaque Yogur ha sido actualizada por el usuario Hernan Vigil',27,42),(1278,'2022-01-13 10:21:18.880679','16','Área de negocio: YOGUR',2,'El empleado Sebastián Valenzuela ha modificado el área de negocio: YOGUR',9,1),(1279,'2022-01-13 10:21:24.974255','17','Área de negocio: CAMBRIE',2,'El empleado Sebastián Valenzuela ha modificado el área de negocio: CAMBRIE',9,1),(1280,'2022-01-13 11:01:10.055649','24','Producto: Griego 360g',2,'El empleado Hernan Vigil ha modificado el producto: Griego 360g',10,42),(1281,'2022-01-13 11:06:13.821777','17','Pauta de elaboración Pauta Linea Griego',1,'La pauta de elaboración Pauta Linea Griego ha sido añadida por el usuario Sebastián Valenzuela',27,1),(1282,'2022-01-13 11:46:07.416682','49','49 - Santiago',2,'Se ha recepcionado el envio #49 con origen Santiago y destino Valdivia por el usuario Adriana Artunduaga',55,37),(1283,'2022-01-13 14:45:10.722348','17','Pauta de elaboración Pauta Linea Griego',2,'La pauta de elaboración Pauta Linea Griego ha sido actualizada por el usuario Hernan Vigil',27,42),(1284,'2022-01-13 14:46:32.387010','24','Producto: Griego 360g',2,'El empleado Hernan Vigil ha modificado el producto: Griego 360g',10,42),(1285,'2022-01-13 14:46:55.303495','24','Producto: Griego 360g',2,'El empleado Hernan Vigil ha modificado el producto: Griego 360g',10,42),(1286,'2022-01-13 14:47:43.476299','5','Pauta de elaboración YOGUR GRIEGO PIP',2,'La pauta de elaboración YOGUR GRIEGO PIP ha sido actualizada por el usuario Hernan Vigil',27,42),(1287,'2022-01-13 14:55:16.873257','24','Producto: Griego 360g',2,'El empleado Sebastián Valenzuela ha modificado el producto: Griego 360g',10,1),(1288,'2022-01-13 15:02:27.932365','87','Orden de compra 77',3,'La orden de compra 77 ha sido eliminada por el usuario Hernan Vigil',19,42),(1289,'2022-01-13 15:02:47.984241','24','Producto: Griego 360g',2,'El empleado Sebastián Valenzuela ha modificado el producto: Griego 360g',10,1),(1290,'2022-01-13 15:03:30.968009','24','Producto: Griego 360g',2,'El empleado Hernan Vigil ha modificado el producto: Griego 360g',10,42),(1291,'2022-01-13 15:04:35.568222','19','Producto: Griego Durazno',2,'El empleado Hernan Vigil ha modificado el producto: Griego Durazno',10,42),(1292,'2022-01-13 15:06:11.857055','24','Producto: Griego 360g',2,'El empleado Hernan Vigil ha modificado el producto: Griego 360g',10,42),(1293,'2022-01-13 15:07:03.890534','19','Producto: Griego Durazno',2,'El empleado Hernan Vigil ha modificado el producto: Griego Durazno',10,42),(1294,'2022-01-13 15:13:42.328074','18','Producto: Griego Frutilla',2,'El empleado Hernan Vigil ha modificado el producto: Griego Frutilla',10,42),(1295,'2022-01-13 15:14:06.099527','24','Producto: Griego 360g',2,'El empleado Hernan Vigil ha modificado el producto: Griego 360g',10,42),(1296,'2022-01-13 15:14:22.785417','18','Producto: Griego Frutilla',2,'El empleado Hernan Vigil ha modificado el producto: Griego Frutilla',10,42),(1297,'2022-01-13 15:14:56.068571','25','Producto: Clasico',2,'El empleado Sebastián Valenzuela ha modificado el producto: Clasico',10,1),(1298,'2022-01-13 15:15:07.349119','21','Producto: Clasico Durazno',2,'El empleado Sebastián Valenzuela ha modificado el producto: Clasico Durazno',10,1),(1299,'2022-01-13 15:15:15.346075','20','Producto: Clasico Frutilla',2,'El empleado Sebastián Valenzuela ha modificado el producto: Clasico Frutilla',10,1),(1300,'2022-01-13 15:15:23.453092','16','Producto: Clasico Litro Botella',2,'El empleado Sebastián Valenzuela ha modificado el producto: Clasico Litro Botella',10,1),(1301,'2022-01-13 15:17:52.779616','167','Insumo Yogurt Clasico PIP',1,'El empleado Sebastián Valenzuela ha agregado el insumo Yogurt Clasico PIP',7,1),(1302,'2022-01-13 15:18:40.449315','8','Pauta de elaboración YOGUR CLASICO PIP',2,'La pauta de elaboración YOGUR CLASICO PIP ha sido actualizada por el usuario Sebastián Valenzuela',27,1),(1303,'2022-01-13 15:22:36.330864','25','Producto: Clásico 360 g.',2,'El empleado Hernan Vigil ha modificado el producto: Clásico 360 g.',10,42),(1304,'2022-01-13 15:23:47.760380','21','Producto: Clasico Durazno',2,'El empleado Hernan Vigil ha modificado el producto: Clasico Durazno',10,42),(1305,'2022-01-13 15:25:01.548319','20','Producto: Clasico Frutilla',2,'El empleado Hernan Vigil ha modificado el producto: Clasico Frutilla',10,42),(1306,'2022-01-13 15:26:01.384569','16','Producto: Clasico Litro Botella',2,'El empleado Hernan Vigil ha modificado el producto: Clasico Litro Botella',10,42),(1307,'2022-01-13 15:27:57.418510','16','Producto: Clasico Litro Botella',2,'El empleado Hernan Vigil ha modificado el producto: Clasico Litro Botella',10,42),(1308,'2022-01-13 15:29:01.560570','15','Producto: Griego Litro Botella',2,'El empleado Hernan Vigil ha modificado el producto: Griego Litro Botella',10,42),(1309,'2022-01-13 15:29:41.652408','17','Producto: Descremado Litro Botella',2,'El empleado Hernan Vigil ha modificado el producto: Descremado Litro Botella',10,42),(1310,'2022-01-13 15:32:11.618688','18','Producto: Griego Frutilla',2,'El empleado Sebastián Valenzuela ha modificado el producto: Griego Frutilla',10,1),(1311,'2022-01-13 15:34:13.298652','33','Elaboración 33',1,'La elaboración 33 ha sido iniciada por el usuario Hernan Vigil',47,42),(1312,'2022-01-13 15:35:10.019641','8','Pauta de elaboración YOGUR CLASICO PIP',2,'La pauta de elaboración YOGUR CLASICO PIP ha sido actualizada por el usuario Sebastián Valenzuela',27,1),(1313,'2022-01-13 15:36:13.181526','34','Elaboración 34',1,'La elaboración 34 ha sido iniciada por el usuario Hernan Vigil',47,42),(1314,'2022-01-13 15:37:44.500022','35','Elaboración 35',1,'La elaboración 35 ha sido iniciada por el usuario Hernan Vigil',47,42),(1315,'2022-01-13 16:02:50.429138','18','Lote 220113-YOGR03-01',1,'El lote 220113-YOGR03-01 ha sido creado por el usuario Hernan Vigil',50,42),(1316,'2022-01-13 16:02:50.438421','19','Lote 220113-YOGR02-01',1,'El lote 220113-YOGR02-01 ha sido creado por el usuario Hernan Vigil',50,42),(1317,'2022-01-13 16:02:50.447080','20','Lote 220113-YOCL01-01',1,'El lote 220113-YOCL01-01 ha sido creado por el usuario Hernan Vigil',50,42),(1318,'2022-01-13 16:02:50.453421','36','Elaboración 36',1,'La elaboración 36 ha sido iniciada por el usuario Hernan Vigil',47,42),(1319,'2022-01-13 16:44:38.924150','168','Insumo QUESO CABRA PIP',1,'El empleado Hernan Vigil ha agregado el insumo QUESO CABRA PIP',7,42),(1320,'2022-01-13 16:54:34.082825','3','Pauta de elaboración Queso Cabra Tradicional PIP',2,'La pauta de elaboración Queso Cabra Tradicional PIP ha sido actualizada por el usuario Hernan Vigil',27,42),(1321,'2022-01-13 16:55:54.341536','11','Área de negocio: Queso Cabra',2,'El empleado Hernan Vigil ha modificado el área de negocio: Queso Cabra',9,42),(1322,'2022-01-13 17:00:56.276295','3','Pauta de elaboración Queso Cabra Tradicional PIP',2,'La pauta de elaboración Queso Cabra Tradicional PIP ha sido actualizada por el usuario Hernan Vigil',27,42),(1323,'2022-01-13 17:10:24.104393','169','Insumo Retazo Queso Cabra Tradicional',1,'El empleado Hernan Vigil ha agregado el insumo Retazo Queso Cabra Tradicional',7,42),(1324,'2022-01-13 17:10:49.602844','170','Insumo Retazo Queso Cabra Oregano',1,'El empleado Hernan Vigil ha agregado el insumo Retazo Queso Cabra Oregano',7,42),(1325,'2022-01-13 17:11:45.890974','171','Insumo Retazo Queso Cabra Ciboulette',1,'El empleado Hernan Vigil ha agregado el insumo Retazo Queso Cabra Ciboulette',7,42),(1326,'2022-01-13 17:12:12.077404','172','Insumo Retazo Queso Cabra Albahaca',1,'El empleado Hernan Vigil ha agregado el insumo Retazo Queso Cabra Albahaca',7,42),(1327,'2022-01-13 17:12:48.534143','173','Insumo Retazo Queso Cabra Aceituna',1,'El empleado Hernan Vigil ha agregado el insumo Retazo Queso Cabra Aceituna',7,42),(1328,'2022-01-13 17:13:10.139446','169','Insumo Retazo Queso Cabra Natural',2,'El empleado Hernan Vigil ha modificado el insumo Retazo Queso Cabra Natural',7,42),(1329,'2022-01-13 17:30:45.030748','18','Pauta de elaboración Pauta Línea Queso Cabra Sabores',1,'La pauta de elaboración Pauta Línea Queso Cabra Sabores ha sido añadida por el usuario Hernan Vigil',27,42),(1330,'2022-01-13 18:00:59.656531','19','Pauta de elaboración Pauta Linea Queso Tradicional Aceituna',1,'La pauta de elaboración Pauta Linea Queso Tradicional Aceituna ha sido añadida por el usuario Sebastián Valenzuela',27,1),(1331,'2022-01-13 18:01:46.055042','20','Pauta de elaboración Pauta Linea Queso Tradicional Ciboulette',1,'La pauta de elaboración Pauta Linea Queso Tradicional Ciboulette ha sido añadida por el usuario Sebastián Valenzuela',27,1),(1332,'2022-01-13 18:02:06.481818','21','Pauta de elaboración Pauta de Linea Queso Cabra Natural',1,'La pauta de elaboración Pauta de Linea Queso Cabra Natural ha sido añadida por el usuario Hernan Vigil',27,42),(1333,'2022-01-13 18:02:13.868626','18','Pauta de elaboración Pauta Linea Queso Tradicional Oregano',2,'La pauta de elaboración Pauta Linea Queso Tradicional Oregano ha sido actualizada por el usuario Sebastián Valenzuela',27,1),(1334,'2022-01-13 18:03:47.642961','22','Pauta de elaboración Pauta Linea Queso Tradicional Albahaca',1,'La pauta de elaboración Pauta Linea Queso Tradicional Albahaca ha sido añadida por el usuario Sebastián Valenzuela',27,1),(1335,'2022-01-13 18:13:41.938317','6','Área de negocio: Yogurt Griego',3,'El empleado Hernan Vigil ha eliminado el área de negocio: Yogurt Griego',9,42),(1336,'2022-01-13 18:13:46.472813','7','Área de negocio: Yogurt Clasico',3,'El empleado Hernan Vigil ha eliminado el área de negocio: Yogurt Clasico',9,42),(1337,'2022-01-13 18:13:54.075878','8','Área de negocio: Yogurt Descremado',3,'El empleado Hernan Vigil ha eliminado el área de negocio: Yogurt Descremado',9,42),(1338,'2022-01-13 18:15:12.282192','11','Área de negocio: Queso Cabra',2,'El empleado Hernan Vigil ha modificado el área de negocio: Queso Cabra',9,42),(1339,'2022-01-13 19:52:06.886713','54','Producto: Lingote Cabra Tradicional Ciboulette',2,'El empleado Sebastián Valenzuela ha modificado el producto: Lingote Cabra Tradicional Ciboulette',10,1),(1340,'2022-01-13 19:53:09.971400','53','Producto: Lingote Cabra Tradicional Albahaca',2,'El empleado Sebastián Valenzuela ha modificado el producto: Lingote Cabra Tradicional Albahaca',10,1),(1341,'2022-01-13 19:53:36.432274','52','Producto: Lingote Cabra Tradicional',2,'El empleado Sebastián Valenzuela ha modificado el producto: Lingote Cabra Tradicional',10,1),(1342,'2022-01-13 19:53:59.440989','51','Producto: Lingote Cabra Tradicional Aceituna',2,'El empleado Sebastián Valenzuela ha modificado el producto: Lingote Cabra Tradicional Aceituna',10,1),(1343,'2022-01-13 19:54:21.358114','50','Producto: Lingote Cabra Tradicional Oregano',2,'El empleado Sebastián Valenzuela ha modificado el producto: Lingote Cabra Tradicional Oregano',10,1),(1344,'2022-01-13 19:57:25.183795','54','Producto: Lingote Cabra Tradicional Ciboulette',2,'El empleado Sebastián Valenzuela ha modificado el producto: Lingote Cabra Tradicional Ciboulette',10,1),(1345,'2022-01-13 19:57:29.129925','53','Producto: Lingote Cabra Tradicional Albahaca',2,'El empleado Sebastián Valenzuela ha modificado el producto: Lingote Cabra Tradicional Albahaca',10,1),(1346,'2022-01-13 19:57:32.431981','52','Producto: Lingote Cabra Tradicional',2,'El empleado Sebastián Valenzuela ha modificado el producto: Lingote Cabra Tradicional',10,1),(1347,'2022-01-13 19:57:36.470962','51','Producto: Lingote Cabra Tradicional Aceituna',2,'El empleado Sebastián Valenzuela ha modificado el producto: Lingote Cabra Tradicional Aceituna',10,1),(1348,'2022-01-13 19:57:42.565085','50','Producto: Lingote Cabra Tradicional Oregano',2,'El empleado Sebastián Valenzuela ha modificado el producto: Lingote Cabra Tradicional Oregano',10,1),(1349,'2022-01-13 19:59:07.860748','35','Producto: Tradicional Ciboulette',2,'El empleado Hernan Vigil ha modificado el producto: Tradicional Ciboulette',10,42),(1350,'2022-01-13 20:03:02.164450','34','Producto: Tradicional Oregano 200 g.',2,'El empleado Hernan Vigil ha modificado el producto: Tradicional Oregano 200 g.',10,42),(1351,'2022-01-13 20:05:10.485222','32','Producto: Tradicional Albahaca 200 g.',2,'El empleado Hernan Vigil ha modificado el producto: Tradicional Albahaca 200 g.',10,42),(1352,'2022-01-13 20:07:03.482009','33','Producto: Tradicional Aceituna 200 g.',2,'El empleado Hernan Vigil ha modificado el producto: Tradicional Aceituna 200 g.',10,42),(1353,'2022-01-13 20:09:55.059856','31','Producto: Tradicional Natural 200 g',2,'El empleado Hernan Vigil ha modificado el producto: Tradicional Natural 200 g',10,42),(1354,'2022-01-13 20:12:46.293836','3','Pauta de elaboración Queso Cabra Tradicional PIP',2,'La pauta de elaboración Queso Cabra Tradicional PIP ha sido actualizada por el usuario Sebastián Valenzuela',27,1),(1355,'2022-01-13 20:14:11.981392','37','Elaboración 37',1,'La elaboración 37 ha sido iniciada por el usuario Hernan Vigil',47,42),(1356,'2022-01-13 20:22:21.482837','20','Pauta de elaboración Pauta Linea Queso Tradicional Ciboulette',2,'La pauta de elaboración Pauta Linea Queso Tradicional Ciboulette ha sido actualizada por el usuario Hernan Vigil',27,42),(1357,'2022-01-13 20:22:52.893187','18','Pauta de elaboración Pauta Linea Queso Tradicional Oregano',2,'La pauta de elaboración Pauta Linea Queso Tradicional Oregano ha sido actualizada por el usuario Hernan Vigil',27,42),(1358,'2022-01-13 20:24:46.119586','34','Producto: Tradicional Oregano 200 g.',2,'El empleado Sebastián Valenzuela ha modificado el producto: Tradicional Oregano 200 g.',10,1),(1359,'2022-01-13 20:24:58.429652','50','Producto: Lingote Cabra Tradicional Oregano',2,'El empleado Sebastián Valenzuela ha modificado el producto: Lingote Cabra Tradicional Oregano',10,1),(1360,'2022-01-13 20:25:57.995629','21','Lote 220113-CTO01-01',1,'El lote 220113-CTO01-01 ha sido creado por el usuario Hernan Vigil',50,42),(1361,'2022-01-13 20:25:58.008206','38','Elaboración 38',1,'La elaboración 38 ha sido iniciada por el usuario Hernan Vigil',47,42),(1362,'2022-01-13 20:29:10.097911','22','Lote 220113-LILI01-01',1,'El lote 220113-LILI01-01 ha sido creado por el usuario Hernan Vigil',50,42),(1363,'2022-01-13 20:29:10.107743','23','Lote 220113-QUTR04-01',1,'El lote 220113-QUTR04-01 ha sido creado por el usuario Hernan Vigil',50,42),(1364,'2022-01-14 13:19:54.798114','4','Solicitud 4 - San Felipe',1,'El usuario Paola Basualto de identificador: 47 a agregado la solicitud.',105,47),(1365,'2022-01-14 14:23:23.055751','139','Orden de compra 127',2,'La orden de compra 127 ha sido Recepcionada por el usuario Deyanira Poblete',19,39),(1366,'2022-01-14 14:46:51.488190','131','Orden de compra 119',2,'La orden de compra 119 ha sido Recepcionada por el usuario Deyanira Poblete',19,39),(1367,'2022-01-14 20:49:30.766171','84','Orden de compra 74',3,'La orden de compra 74 ha sido eliminada por el usuario Sebastián Valenzuela',19,1),(1368,'2022-01-14 20:52:41.872685','18','Pauta de elaboración Pauta Linea Queso Tradicional Oregano',2,'La pauta de elaboración Pauta Linea Queso Tradicional Oregano ha sido actualizada por el usuario Sebastián Valenzuela',27,1),(1369,'2022-01-14 20:54:41.510876','18','Pauta de elaboración Pauta Linea Queso Tradicional Oregano',2,'La pauta de elaboración Pauta Linea Queso Tradicional Oregano ha sido actualizada por el usuario Sebastián Valenzuela',27,1),(1370,'2022-01-14 20:55:13.041840','34','Producto: Tradicional Oregano 200 g.',2,'El empleado Sebastián Valenzuela ha modificado el producto: Tradicional Oregano 200 g.',10,1),(1371,'2022-01-14 20:55:17.608401','50','Producto: Lingote Cabra Tradicional Oregano',2,'El empleado Sebastián Valenzuela ha modificado el producto: Lingote Cabra Tradicional Oregano',10,1),(1372,'2022-01-17 08:25:08.894439','144','Orden de compra 131',1,'La orden de compra 131 ha sido solicitada el usuario Deyanira Poblete',19,39),(1373,'2022-01-17 08:25:26.732634','144','Orden de compra 131',2,'La orden de compra 131 ha sido Validada por el usuario Deyanira Poblete',19,39),(1374,'2022-01-17 08:26:29.860830','144','Orden de compra 131',2,'La orden de compra 131 ha sido Recepcionada por el usuario Deyanira Poblete',19,39),(1375,'2022-01-17 08:30:40.041422','105','Orden de compra 94',2,'La orden de compra 94 ha sido Recepcionada por el usuario Deyanira Poblete',19,39),(1376,'2022-01-17 08:46:01.920844','136','Orden de compra 124',2,'La orden de compra 124 ha sido Semi-Recepcionada por el usuario Deyanira Poblete',19,39),(1377,'2022-01-17 09:08:16.334495','50','50 - Santiago',1,'Se ha generado el envio #50 con origen Santiago y destino San Felipe por el usuario Deyanira Poblete',55,39),(1378,'2022-01-17 12:48:13.801468','145','Orden de compra 132',1,'La orden de compra 132 ha sido solicitada el usuario Santiago Donoso',19,41),(1379,'2022-01-17 12:48:26.273777','145','Orden de compra 132',2,'La orden de compra 132 ha sido Validada por el usuario Santiago Donoso',19,41),(1380,'2022-01-17 13:27:22.109283','146','Orden de compra 133',1,'La orden de compra 133 ha sido solicitada el usuario Santiago Donoso',19,41),(1381,'2022-01-17 13:29:06.208693','146','Orden de compra 133',2,'La orden de compra 133 ha sido Validada por el usuario Santiago Donoso',19,41),(1382,'2022-01-17 13:37:39.371489','50','50 - Santiago',2,'Se ha recepcionado el envio #50 con origen Santiago y destino San Felipe por el usuario Paola Basualto',55,47),(1383,'2022-01-17 14:33:54.541857','147','Orden de compra 134',1,'La orden de compra 134 ha sido solicitada el usuario Santiago Donoso',19,41),(1384,'2022-01-17 14:34:39.557185','147','Orden de compra 134',2,'La orden de compra 134 ha sido Validada por el usuario Santiago Donoso',19,41),(1385,'2022-01-17 14:38:03.960329','148','Orden de compra 135',1,'La orden de compra 135 ha sido solicitada el usuario Santiago Donoso',19,41),(1386,'2022-01-17 14:38:12.744469','148','Orden de compra 135',2,'La orden de compra 135 ha sido Validada por el usuario Santiago Donoso',19,41),(1387,'2022-01-17 15:11:27.496152','174','Insumo CINTA TTR 110x360',1,'El empleado Santiago Donoso ha agregado el insumo CINTA TTR 110x360',7,41),(1388,'2022-01-17 16:06:31.497333','149','Orden de compra 136',1,'La orden de compra 136 ha sido solicitada el usuario Santiago Donoso',19,41),(1389,'2022-01-17 16:06:38.985910','149','Orden de compra 136',2,'La orden de compra 136 ha sido Validada por el usuario Santiago Donoso',19,41),(1390,'2022-01-17 16:11:06.371082','146','Orden de compra 133',2,'La orden de compra 133 ha sido Inicial por el usuario Santiago Donoso',19,41),(1391,'2022-01-17 16:11:18.323222','146','Orden de compra 133',2,'La orden de compra 133 ha sido Validada por el usuario Santiago Donoso',19,41),(1392,'2022-01-17 18:09:51.057857','50','50 - Santiago',2,'Se ha recepcionado el envio #50 con origen Santiago y destino San Felipe por el usuario Paola Basualto',55,47),(1393,'2022-01-18 09:12:38.303107','51','51 - Santiago',1,'Se ha generado el envio #51 con origen Santiago y destino Valdivia por el usuario Deyanira Poblete',55,39),(1394,'2022-01-18 09:35:44.449968','150','Orden de compra 137',1,'La orden de compra 137 ha sido solicitada el usuario Santiago Donoso',19,41),(1395,'2022-01-18 09:36:03.042868','150','Orden de compra 137',2,'La orden de compra 137 ha sido Validada por el usuario Santiago Donoso',19,41),(1396,'2022-01-18 10:01:52.344072','175','Insumo Antena exterior interior 4g Conector Sma Router modem',1,'El empleado Carlos Garcia ha agregado el insumo Antena exterior interior 4g Conector Sma Router modem',7,48),(1397,'2022-01-18 10:03:34.990081','176','Insumo Cable Extensor Pigtail Sma Rg174 Coaxial 10 metros.',1,'El empleado Carlos Garcia ha agregado el insumo Cable Extensor Pigtail Sma Rg174 Coaxial 10 metros.',7,48),(1398,'2022-01-18 10:10:12.782461','151','Orden de compra 138',1,'La orden de compra 138 ha sido solicitada el usuario Carlos Garcia',19,48),(1399,'2022-01-18 10:10:58.926266','151','Orden de compra 138',2,'La orden de compra 138 ha sido Validada por el usuario Carlos Garcia',19,48),(1400,'2022-01-18 10:17:54.457886','42','Proveedor ABASTIBLE',1,'El proveedor ABASTIBLE ha sido creado por el usuario Santiago Donoso',14,41),(1401,'2022-01-18 10:18:40.247961','177','Insumo GAS GRANEL',1,'El empleado Santiago Donoso ha agregado el insumo GAS GRANEL',7,41),(1402,'2022-01-18 10:23:29.228718','152','Orden de compra 139',1,'La orden de compra 139 ha sido solicitada el usuario Santiago Donoso',19,41),(1403,'2022-01-18 10:23:33.969175','152','Orden de compra 139',2,'La orden de compra 139 ha sido Validada por el usuario Santiago Donoso',19,41),(1404,'2022-01-18 12:48:38.056820','43','Proveedor HELA SPICE LATAM',1,'El proveedor HELA SPICE LATAM ha sido creado por el usuario Santiago Donoso',14,41),(1405,'2022-01-18 12:49:06.438593','178','Insumo ALBAHACA DESHIDRATADA PICADA',1,'El empleado Santiago Donoso ha agregado el insumo ALBAHACA DESHIDRATADA PICADA',7,41),(1406,'2022-01-18 12:50:14.312139','153','Orden de compra 140',1,'La orden de compra 140 ha sido solicitada el usuario Santiago Donoso',19,41),(1407,'2022-01-18 12:50:20.130061','153','Orden de compra 140',2,'La orden de compra 140 ha sido Validada por el usuario Santiago Donoso',19,41),(1408,'2022-01-19 10:28:54.349568','263','Cliente Jokr Las Cabañas',1,'Se ha creado el cliente Jokr Las Cabañas - 77.419.352-9 por el usuario Nicole Yusari',16,50),(1409,'2022-01-19 10:56:49.850919','179','Insumo GUANTE QUIRUJICO TALLA M',1,'El empleado Santiago Donoso ha agregado el insumo GUANTE QUIRUJICO TALLA M',7,41),(1410,'2022-01-19 10:57:15.634020','180','Insumo GUANTE QUIRURGICO TALLA L',1,'El empleado Santiago Donoso ha agregado el insumo GUANTE QUIRURGICO TALLA L',7,41),(1411,'2022-01-19 10:57:29.722835','179','Insumo GUANTE QUIRUGICO TALLA M',2,'El empleado Santiago Donoso ha modificado el insumo GUANTE QUIRUGICO TALLA M',7,41),(1412,'2022-01-19 10:58:08.675109','181','Insumo PECHERA PVC',1,'El empleado Santiago Donoso ha agregado el insumo PECHERA PVC',7,41),(1413,'2022-01-19 10:58:27.498560','182','Insumo COFIAS',1,'El empleado Santiago Donoso ha agregado el insumo COFIAS',7,41),(1414,'2022-01-19 10:58:49.565070','183','Insumo GUANTES LAVADO',1,'El empleado Santiago Donoso ha agregado el insumo GUANTES LAVADO',7,41),(1415,'2022-01-19 11:03:26.671801','44','Proveedor INVERSIONES INAVE',1,'El proveedor INVERSIONES INAVE ha sido creado por el usuario Santiago Donoso',14,41),(1416,'2022-01-19 11:07:52.608025','154','Orden de compra 141',1,'La orden de compra 141 ha sido solicitada el usuario Santiago Donoso',19,41),(1417,'2022-01-19 11:08:01.475775','154','Orden de compra 141',2,'La orden de compra 141 ha sido Validada por el usuario Santiago Donoso',19,41),(1418,'2022-01-19 11:21:02.863670','5','Solicitud 5 - San Felipe',1,'El usuario Paola Basualto de identificador: 47 a agregado la solicitud.',105,47),(1419,'2022-01-19 11:54:14.323522','155','Orden de compra 142',1,'La orden de compra 142 ha sido solicitada el usuario Santiago Donoso',19,41),(1420,'2022-01-19 11:54:25.793256','155','Orden de compra 142',2,'La orden de compra 142 ha sido Validada por el usuario Santiago Donoso',19,41),(1421,'2022-01-19 12:28:09.119605','156','Orden de compra 143',1,'La orden de compra 143 ha sido solicitada el usuario Santiago Donoso',19,41),(1422,'2022-01-19 12:28:21.191561','156','Orden de compra 143',2,'La orden de compra 143 ha sido Validada por el usuario Santiago Donoso',19,41),(1423,'2022-01-19 12:41:00.130525','184','Insumo PIMIENTA NEGRA MOLIDA',1,'El empleado Santiago Donoso ha agregado el insumo PIMIENTA NEGRA MOLIDA',7,41),(1424,'2022-01-19 12:41:06.066112','184','Insumo PIMIENTA NEGRA MOLIDA',2,'El empleado Santiago Donoso ha modificado el insumo PIMIENTA NEGRA MOLIDA',7,41),(1425,'2022-01-19 12:42:50.075768','157','Orden de compra 144',1,'La orden de compra 144 ha sido solicitada el usuario Santiago Donoso',19,41),(1426,'2022-01-19 12:42:56.517505','157','Orden de compra 144',2,'La orden de compra 144 ha sido Validada por el usuario Santiago Donoso',19,41),(1427,'2022-01-19 12:55:23.506050','45','Proveedor BIOCHECK',1,'El proveedor BIOCHECK ha sido creado por el usuario Santiago Donoso',14,41),(1428,'2022-01-19 12:56:37.939942','185','Insumo Petrifilm recuento de E.Coli',1,'El empleado Santiago Donoso ha agregado el insumo Petrifilm recuento de E.Coli',7,41),(1429,'2022-01-19 12:58:18.894943','186','Insumo Petrifilm recuento de Enterobacterias',1,'El empleado Santiago Donoso ha agregado el insumo Petrifilm recuento de Enterobacterias',7,41),(1430,'2022-01-19 13:05:34.599371','187','Insumo Petrifilm STX',1,'El empleado Santiago Donoso ha agregado el insumo Petrifilm STX',7,41),(1431,'2022-01-19 13:23:35.802886','158','Orden de compra 145',1,'La orden de compra 145 ha sido solicitada el usuario Santiago Donoso',19,41),(1432,'2022-01-19 13:23:47.430525','158','Orden de compra 145',2,'La orden de compra 145 ha sido Validada por el usuario Santiago Donoso',19,41),(1433,'2022-01-19 14:09:24.386276','188','Insumo CULTIVO DVS-50 FERMENTO LACTICO CO-03',1,'El empleado Santiago Donoso ha agregado el insumo CULTIVO DVS-50 FERMENTO LACTICO CO-03',7,41),(1434,'2022-01-19 14:09:51.312177','189','Insumo CULTIVO DVS-50 FERMENTO LACTICO LD CH-N-19',1,'El empleado Santiago Donoso ha agregado el insumo CULTIVO DVS-50 FERMENTO LACTICO LD CH-N-19',7,41),(1435,'2022-01-19 14:17:14.887927','159','Orden de compra 146',1,'La orden de compra 146 ha sido solicitada el usuario Santiago Donoso',19,41),(1436,'2022-01-19 14:17:26.701573','159','Orden de compra 146',2,'La orden de compra 146 ha sido Validada por el usuario Santiago Donoso',19,41),(1437,'2022-01-19 14:24:48.050597','190','Insumo Choozit BT 01 LYO 50 DCU',1,'El empleado Santiago Donoso ha agregado el insumo Choozit BT 01 LYO 50 DCU',7,41),(1438,'2022-01-19 14:28:42.778218','160','Orden de compra 147',1,'La orden de compra 147 ha sido solicitada el usuario Santiago Donoso',19,41),(1439,'2022-01-19 14:28:52.655223','160','Orden de compra 147',2,'La orden de compra 147 ha sido Validada por el usuario Santiago Donoso',19,41),(1440,'2022-01-19 15:27:36.829707','149','Orden de compra 136',2,'La orden de compra 136 ha sido Semi-Recepcionada por el usuario Deyanira Poblete',19,39),(1441,'2022-01-19 16:32:01.134798','19','Proveedor Sabores y Fragancias Comercial Ltda',2,'El proveedor Sabores y Fragancias Comercial Ltda ha sido actualizado por el usuario Santiago Donoso',14,41),(1442,'2022-01-19 16:46:32.409636','46','Proveedor LIPIGAS',1,'El proveedor LIPIGAS ha sido creado por el usuario Santiago Donoso',14,41),(1443,'2022-01-19 16:46:58.194786','191','Insumo GAS CILINDRO 45KG',1,'El empleado Santiago Donoso ha agregado el insumo GAS CILINDRO 45KG',7,41),(1444,'2022-01-19 16:48:14.089770','191','Insumo GAS CILINDRO',2,'El empleado Santiago Donoso ha modificado el insumo GAS CILINDRO',7,41),(1445,'2022-01-20 09:25:59.206113','264','Cliente Paz Dejeas',1,'Se ha creado el cliente Paz Dejeas - None por el usuario Nicole Yusari',16,50),(1446,'2022-01-20 10:28:59.140006','150','Orden de compra 137',2,'La orden de compra 137 ha sido Recepcionada por el usuario Alexis Maldonado',19,45),(1447,'2022-01-20 10:38:35.207474','54','Nibaldo Ramirez',2,'[{\"changed\": {\"fields\": [\"Groups\"]}}]',4,1),(1448,'2022-01-20 12:22:36.059671','155','Orden de compra 142',2,'La orden de compra 142 ha sido Recepcionada por el usuario Alexis Maldonado',19,45),(1449,'2022-01-20 12:32:07.820514','147','Orden de compra 134',2,'La orden de compra 134 ha sido Recepcionada por el usuario Alexis Maldonado',19,45),(1450,'2022-01-20 14:40:55.459167','160','Orden de compra 147',2,'La orden de compra 147 ha sido Recepcionada por el usuario Alexis Maldonado',19,45),(1451,'2022-01-20 14:41:20.773149','160','Orden de compra 147',2,'La orden de compra 147 ha sido Recepcionada por el usuario Alexis Maldonado',19,45),(1452,'2022-01-20 14:42:04.053666','160','Orden de compra 147',2,'La orden de compra 147 ha sido Recepcionada por el usuario Alexis Maldonado',19,45),(1453,'2022-01-20 14:45:49.172597','148','Orden de compra 135',2,'La orden de compra 135 ha sido Recepcionada por el usuario Alexis Maldonado',19,45),(1454,'2022-01-20 14:46:09.603906','148','Orden de compra 135',2,'La orden de compra 135 ha sido Validada por el usuario Alexis Maldonado',19,45),(1455,'2022-01-20 14:47:06.737864','148','Orden de compra 135',2,'La orden de compra 135 ha sido Recepcionada por el usuario Alexis Maldonado',19,45);
/*!40000 ALTER TABLE `django_admin_log` ENABLE KEYS */;
UNLOCK TABLES;

--
-- Table structure for table `django_celery_beat_clockedschedule`
--

DROP TABLE IF EXISTS `django_celery_beat_clockedschedule`;
/*!40101 SET @saved_cs_client     = @@character_set_client */;
/*!40101 SET character_set_client = utf8 */;
CREATE TABLE `django_celery_beat_clockedschedule` (
  `id` int(11) NOT NULL AUTO_INCREMENT,
  `clocked_time` datetime(6) NOT NULL,
  PRIMARY KEY (`id`)
) ENGINE=InnoDB DEFAULT CHARSET=utf8;
/*!40101 SET character_set_client = @saved_cs_client */;

--
-- Dumping data for table `django_celery_beat_clockedschedule`
--

LOCK TABLES `django_celery_beat_clockedschedule` WRITE;
/*!40000 ALTER TABLE `django_celery_beat_clockedschedule` DISABLE KEYS */;
/*!40000 ALTER TABLE `django_celery_beat_clockedschedule` ENABLE KEYS */;
UNLOCK TABLES;

--
-- Table structure for table `django_celery_beat_crontabschedule`
--

DROP TABLE IF EXISTS `django_celery_beat_crontabschedule`;
/*!40101 SET @saved_cs_client     = @@character_set_client */;
/*!40101 SET character_set_client = utf8 */;
CREATE TABLE `django_celery_beat_crontabschedule` (
  `id` int(11) NOT NULL AUTO_INCREMENT,
  `minute` varchar(240) NOT NULL,
  `hour` varchar(96) NOT NULL,
  `day_of_week` varchar(64) NOT NULL,
  `day_of_month` varchar(124) NOT NULL,
  `month_of_year` varchar(64) NOT NULL,
  `timezone` varchar(63) NOT NULL,
  PRIMARY KEY (`id`)
) ENGINE=InnoDB AUTO_INCREMENT=2 DEFAULT CHARSET=utf8;
/*!40101 SET character_set_client = @saved_cs_client */;

--
-- Dumping data for table `django_celery_beat_crontabschedule`
--

LOCK TABLES `django_celery_beat_crontabschedule` WRITE;
/*!40000 ALTER TABLE `django_celery_beat_crontabschedule` DISABLE KEYS */;
INSERT INTO `django_celery_beat_crontabschedule` VALUES (1,'0','4','*','*','*','America/Santiago');
/*!40000 ALTER TABLE `django_celery_beat_crontabschedule` ENABLE KEYS */;
UNLOCK TABLES;

--
-- Table structure for table `django_celery_beat_intervalschedule`
--

DROP TABLE IF EXISTS `django_celery_beat_intervalschedule`;
/*!40101 SET @saved_cs_client     = @@character_set_client */;
/*!40101 SET character_set_client = utf8 */;
CREATE TABLE `django_celery_beat_intervalschedule` (
  `id` int(11) NOT NULL AUTO_INCREMENT,
  `every` int(11) NOT NULL,
  `period` varchar(24) NOT NULL,
  PRIMARY KEY (`id`)
) ENGINE=InnoDB AUTO_INCREMENT=4 DEFAULT CHARSET=utf8;
/*!40101 SET character_set_client = @saved_cs_client */;

--
-- Dumping data for table `django_celery_beat_intervalschedule`
--

LOCK TABLES `django_celery_beat_intervalschedule` WRITE;
/*!40000 ALTER TABLE `django_celery_beat_intervalschedule` DISABLE KEYS */;
INSERT INTO `django_celery_beat_intervalschedule` VALUES (1,4,'hours'),(2,4,'hours'),(3,1,'minutes');
/*!40000 ALTER TABLE `django_celery_beat_intervalschedule` ENABLE KEYS */;
UNLOCK TABLES;

--
-- Table structure for table `django_celery_beat_periodictask`
--

DROP TABLE IF EXISTS `django_celery_beat_periodictask`;
/*!40101 SET @saved_cs_client     = @@character_set_client */;
/*!40101 SET character_set_client = utf8 */;
CREATE TABLE `django_celery_beat_periodictask` (
  `id` int(11) NOT NULL AUTO_INCREMENT,
  `name` varchar(200) NOT NULL,
  `task` varchar(200) NOT NULL,
  `args` longtext NOT NULL,
  `kwargs` longtext NOT NULL,
  `queue` varchar(200) DEFAULT NULL,
  `exchange` varchar(200) DEFAULT NULL,
  `routing_key` varchar(200) DEFAULT NULL,
  `expires` datetime(6) DEFAULT NULL,
  `enabled` tinyint(1) NOT NULL,
  `last_run_at` datetime(6) DEFAULT NULL,
  `total_run_count` int(10) unsigned NOT NULL,
  `date_changed` datetime(6) NOT NULL,
  `description` longtext NOT NULL,
  `crontab_id` int(11) DEFAULT NULL,
  `interval_id` int(11) DEFAULT NULL,
  `solar_id` int(11) DEFAULT NULL,
  `one_off` tinyint(1) NOT NULL,
  `start_time` datetime(6) DEFAULT NULL,
  `priority` int(10) unsigned DEFAULT NULL,
  `headers` longtext NOT NULL,
  `clocked_id` int(11) DEFAULT NULL,
  `expire_seconds` int(10) unsigned DEFAULT NULL,
  PRIMARY KEY (`id`),
  UNIQUE KEY `name` (`name`),
  KEY `django_celery_beat_p_crontab_id_d3cba168_fk_django_ce` (`crontab_id`),
  KEY `django_celery_beat_p_interval_id_a8ca27da_fk_django_ce` (`interval_id`),
  KEY `django_celery_beat_p_solar_id_a87ce72c_fk_django_ce` (`solar_id`),
  KEY `django_celery_beat_p_clocked_id_47a69f82_fk_django_ce` (`clocked_id`),
  CONSTRAINT `django_celery_beat_p_clocked_id_47a69f82_fk_django_ce` FOREIGN KEY (`clocked_id`) REFERENCES `django_celery_beat_clockedschedule` (`id`),
  CONSTRAINT `django_celery_beat_p_crontab_id_d3cba168_fk_django_ce` FOREIGN KEY (`crontab_id`) REFERENCES `django_celery_beat_crontabschedule` (`id`),
  CONSTRAINT `django_celery_beat_p_interval_id_a8ca27da_fk_django_ce` FOREIGN KEY (`interval_id`) REFERENCES `django_celery_beat_intervalschedule` (`id`),
  CONSTRAINT `django_celery_beat_p_solar_id_a87ce72c_fk_django_ce` FOREIGN KEY (`solar_id`) REFERENCES `django_celery_beat_solarschedule` (`id`)
) ENGINE=InnoDB AUTO_INCREMENT=5 DEFAULT CHARSET=utf8;
/*!40101 SET character_set_client = @saved_cs_client */;

--
-- Dumping data for table `django_celery_beat_periodictask`
--

LOCK TABLES `django_celery_beat_periodictask` WRITE;
/*!40000 ALTER TABLE `django_celery_beat_periodictask` DISABLE KEYS */;
INSERT INTO `django_celery_beat_periodictask` VALUES (1,'Precio Euro','nucleo.tasks.obtenerPrecioEUR','[]','{}',NULL,NULL,NULL,NULL,1,'2022-01-20 21:35:12.854214',380,'2022-01-20 18:37:23.370339','',NULL,1,NULL,0,'2021-11-17 21:56:56.000000',NULL,'{}',NULL,NULL),(2,'Obtener Dolar','nucleo.tasks.obtenerPrecioUSD','[]','{}',NULL,NULL,NULL,NULL,1,'2022-01-20 21:35:13.168650',380,'2022-01-20 18:37:23.378558','',NULL,2,NULL,0,'2021-11-17 21:57:24.000000',NULL,'{}',NULL,NULL),(4,'celery.backend_cleanup','celery.backend_cleanup','[]','{}',NULL,NULL,NULL,NULL,1,'2022-01-20 07:00:00.003010',62,'2022-01-20 04:02:50.269739','',1,NULL,NULL,0,NULL,NULL,'{}',NULL,43200);
/*!40000 ALTER TABLE `django_celery_beat_periodictask` ENABLE KEYS */;
UNLOCK TABLES;

--
-- Table structure for table `django_celery_beat_periodictasks`
--

DROP TABLE IF EXISTS `django_celery_beat_periodictasks`;
/*!40101 SET @saved_cs_client     = @@character_set_client */;
/*!40101 SET character_set_client = utf8 */;
CREATE TABLE `django_celery_beat_periodictasks` (
  `ident` smallint(6) NOT NULL,
  `last_update` datetime(6) NOT NULL,
  PRIMARY KEY (`ident`)
) ENGINE=InnoDB DEFAULT CHARSET=utf8;
/*!40101 SET character_set_client = @saved_cs_client */;

--
-- Dumping data for table `django_celery_beat_periodictasks`
--

LOCK TABLES `django_celery_beat_periodictasks` WRITE;
/*!40000 ALTER TABLE `django_celery_beat_periodictasks` DISABLE KEYS */;
INSERT INTO `django_celery_beat_periodictasks` VALUES (1,'2022-01-14 20:58:03.127752');
/*!40000 ALTER TABLE `django_celery_beat_periodictasks` ENABLE KEYS */;
UNLOCK TABLES;

--
-- Table structure for table `django_celery_beat_solarschedule`
--

DROP TABLE IF EXISTS `django_celery_beat_solarschedule`;
/*!40101 SET @saved_cs_client     = @@character_set_client */;
/*!40101 SET character_set_client = utf8 */;
CREATE TABLE `django_celery_beat_solarschedule` (
  `id` int(11) NOT NULL AUTO_INCREMENT,
  `event` varchar(24) NOT NULL,
  `latitude` decimal(9,6) NOT NULL,
  `longitude` decimal(9,6) NOT NULL,
  PRIMARY KEY (`id`),
  UNIQUE KEY `django_celery_beat_solar_event_latitude_longitude_ba64999a_uniq` (`event`,`latitude`,`longitude`)
) ENGINE=InnoDB DEFAULT CHARSET=utf8;
/*!40101 SET character_set_client = @saved_cs_client */;

--
-- Dumping data for table `django_celery_beat_solarschedule`
--

LOCK TABLES `django_celery_beat_solarschedule` WRITE;
/*!40000 ALTER TABLE `django_celery_beat_solarschedule` DISABLE KEYS */;
/*!40000 ALTER TABLE `django_celery_beat_solarschedule` ENABLE KEYS */;
UNLOCK TABLES;

--
-- Table structure for table `django_content_type`
--

DROP TABLE IF EXISTS `django_content_type`;
/*!40101 SET @saved_cs_client     = @@character_set_client */;
/*!40101 SET character_set_client = utf8 */;
CREATE TABLE `django_content_type` (
  `id` int(11) NOT NULL AUTO_INCREMENT,
  `app_label` varchar(100) NOT NULL,
  `model` varchar(100) NOT NULL,
  PRIMARY KEY (`id`),
  UNIQUE KEY `django_content_type_app_label_model_76bd3d3b_uniq` (`app_label`,`model`)
) ENGINE=InnoDB AUTO_INCREMENT=111 DEFAULT CHARSET=latin1;
/*!40101 SET character_set_client = @saved_cs_client */;

--
-- Dumping data for table `django_content_type`
--

LOCK TABLES `django_content_type` WRITE;
/*!40000 ALTER TABLE `django_content_type` DISABLE KEYS */;
INSERT INTO `django_content_type` VALUES (1,'admin','logentry'),(3,'auth','group'),(2,'auth','permission'),(4,'auth','user'),(40,'calidad','equipoutensiliolimpieza'),(72,'calidad','grupoequipo'),(70,'calidad','grupoequipos'),(71,'calidad','grupoutensilio'),(41,'calidad','registrolimpiezaequipo'),(45,'calidad','registrolimpiezaequipohistorial'),(39,'calidad','utensiliolimpieza'),(46,'clientes','acuerdocomercial'),(16,'clientes','cliente'),(18,'clientes','clientelocal'),(17,'clientes','clienteproducto'),(5,'contenttypes','contenttype'),(98,'costeo','costeopermisos'),(78,'django_celery_beat','clockedschedule'),(73,'django_celery_beat','crontabschedule'),(74,'django_celery_beat','intervalschedule'),(75,'django_celery_beat','periodictask'),(76,'django_celery_beat','periodictasks'),(77,'django_celery_beat','solarschedule'),(43,'equipo','areaequipo'),(38,'equipo','equipo'),(89,'estado','conjuntoestado'),(90,'estado','estado'),(93,'estado','estadoconjunto'),(92,'estado','estadoinsumo'),(91,'estado','estadoproducto'),(11,'inventario','bodega'),(81,'inventario','historialbodega'),(80,'inventario','historialbodegainsumo'),(79,'inventario','historialbodegaproducto'),(67,'inventario','insumobulto'),(101,'inventario','insumobultohijo'),(13,'inventario','inventarioinsumo'),(12,'inventario','inventarioproducto'),(109,'inventario','supervisorbodega'),(55,'logistica','envio'),(68,'logistica','insumoenvio'),(57,'logistica','loteenvio'),(56,'logistica','pallet'),(58,'logistica','registropallet'),(59,'logistica','ruta'),(60,'logistica','rutaov'),(37,'maquina','maquina'),(84,'nucleo','grupoproducto'),(7,'nucleo','insumo'),(8,'nucleo','insumodirectoproducto'),(94,'nucleo','insumoelaboracionproducto'),(85,'nucleo','insumogrupoproducto'),(108,'nucleo','linea'),(69,'nucleo','moneda'),(44,'nucleo','permiso'),(10,'nucleo','producto'),(86,'nucleo','productogrupoproducto'),(9,'nucleo','rama'),(22,'ordendecompra','archivo'),(36,'ordendecompra','historicalordendecompra'),(35,'ordendecompra','historicalordendecomprainsumo'),(19,'ordendecompra','ordendecompra'),(21,'ordendecompra','ordendecomprainsumo'),(20,'ordendecompra','registro'),(23,'pauta','columna'),(24,'pauta','etapa'),(31,'pauta','historicalcolumna'),(34,'pauta','historicaletapa'),(33,'pauta','historicalingrediente'),(32,'pauta','historicalinstruccion'),(30,'pauta','historicalpauta'),(25,'pauta','ingrediente'),(100,'pauta','ingredienteproducto'),(99,'pauta','ingredienteproductorestriccion'),(26,'pauta','instruccion'),(29,'pauta','instruccioncolumna'),(82,'pauta','insumoproceso'),(27,'pauta','pauta'),(28,'pauta','pautacolumna'),(87,'pauta','pautagrupoproducto'),(95,'pauta','pautaproducto'),(42,'perfil','perfil'),(103,'produccion','bultopautaproduccion'),(54,'produccion','cajalote'),(104,'produccion','cajalotepautaproduccion'),(51,'produccion','estadolote'),(96,'produccion','estadoloteinsumo'),(97,'produccion','grupoproductoproduccion'),(53,'produccion','historicalpautaproduccion'),(49,'produccion','ingredienteproduccion'),(48,'produccion','instruccionproduccion'),(102,'produccion','insumopiputilizado'),(83,'produccion','insumoprocesoproduccion'),(110,'produccion','lineaproduccion'),(50,'produccion','lote'),(52,'produccion','participanteproduccion'),(47,'produccion','pautaproduccion'),(88,'produccion','productoproduccion'),(14,'proveedores','proveedor'),(15,'proveedores','proveedorinsumo'),(6,'sessions','session'),(105,'solicitudes','solicitud'),(107,'solicitudes','solicitudencargados'),(106,'solicitudes','solicitudinsumos'),(65,'ventas','archivoordendeventa'),(61,'ventas','listaprecio'),(62,'ventas','listaprecioproducto'),(63,'ventas','ordendeventa'),(66,'ventas','ordendeventacajalote'),(64,'ventas','ordendeventaproducto');
/*!40000 ALTER TABLE `django_content_type` ENABLE KEYS */;
UNLOCK TABLES;

--
-- Table structure for table `django_migrations`
--

DROP TABLE IF EXISTS `django_migrations`;
/*!40101 SET @saved_cs_client     = @@character_set_client */;
/*!40101 SET character_set_client = utf8 */;
CREATE TABLE `django_migrations` (
  `id` bigint(20) NOT NULL AUTO_INCREMENT,
  `app` varchar(255) NOT NULL,
  `name` varchar(255) NOT NULL,
  `applied` datetime(6) NOT NULL,
  PRIMARY KEY (`id`)
) ENGINE=InnoDB AUTO_INCREMENT=274 DEFAULT CHARSET=latin1;
/*!40101 SET character_set_client = @saved_cs_client */;

--
-- Dumping data for table `django_migrations`
--

LOCK TABLES `django_migrations` WRITE;
/*!40000 ALTER TABLE `django_migrations` DISABLE KEYS */;
INSERT INTO `django_migrations` VALUES (1,'contenttypes','0001_initial','2021-08-30 18:27:12.185272'),(2,'auth','0001_initial','2021-08-30 18:27:20.424685'),(3,'admin','0001_initial','2021-08-30 18:27:22.338633'),(4,'admin','0002_logentry_remove_auto_add','2021-08-30 18:27:22.427483'),(5,'admin','0003_logentry_add_action_flag_choices','2021-08-30 18:27:22.510152'),(6,'contenttypes','0002_remove_content_type_name','2021-08-30 18:27:23.681849'),(7,'auth','0002_alter_permission_name_max_length','2021-08-30 18:27:23.856414'),(8,'auth','0003_alter_user_email_max_length','2021-08-30 18:27:24.010845'),(9,'auth','0004_alter_user_username_opts','2021-08-30 18:27:24.077328'),(10,'auth','0005_alter_user_last_login_null','2021-08-30 18:27:24.691570'),(11,'auth','0006_require_contenttypes_0002','2021-08-30 18:27:24.756057'),(12,'auth','0007_alter_validators_add_error_messages','2021-08-30 18:27:24.827194'),(13,'auth','0008_alter_user_username_max_length','2021-08-30 18:27:25.031731'),(14,'auth','0009_alter_user_last_name_max_length','2021-08-30 18:27:25.195109'),(15,'auth','0010_alter_group_name_max_length','2021-08-30 18:27:25.343235'),(16,'auth','0011_update_proxy_permissions','2021-08-30 18:27:25.413226'),(17,'auth','0012_alter_user_first_name_max_length','2021-08-30 18:27:25.609232'),(18,'nucleo','0001_initial','2021-08-30 18:27:29.730917'),(19,'clientes','0001_initial','2021-08-30 18:27:33.580863'),(20,'inventario','0001_initial','2021-08-30 18:27:38.039482'),(21,'proveedores','0001_initial','2021-08-30 18:27:40.732056'),(22,'ordendecompra','0001_initial','2021-08-30 18:27:47.867404'),(23,'pauta','0001_initial','2021-08-30 18:28:01.858877'),(24,'sessions','0001_initial','2021-08-30 18:28:02.802063'),(25,'pauta','0002_remove_instruccioncolumna_medicion','2021-08-31 09:26:10.043717'),(26,'pauta','0003_alter_pauta_options','2021-08-31 15:37:10.592995'),(27,'pauta','0004_historicalcolumna_historicalpauta','2021-08-31 15:38:10.542188'),(28,'pauta','0005_auto_20210831_1606','2021-08-31 16:06:35.331673'),(29,'ordendecompra','0002_historicalordendecompra_historicalordendecomprainsumo','2021-08-31 16:07:41.679514'),(30,'pauta','0006_auto_20210831_1703','2021-08-31 17:03:15.760967'),(31,'proveedores','0002_auto_20210901_0942','2021-09-01 09:42:23.910278'),(32,'clientes','0002_auto_20210901_1204','2021-09-01 12:04:11.105220'),(33,'inventario','0002_auto_20210901_1204','2021-09-01 12:04:11.258166'),(34,'nucleo','0002_auto_20210901_1204','2021-09-01 12:04:11.454359'),(35,'ordendecompra','0003_auto_20210901_1204','2021-09-01 12:04:11.589320'),(36,'pauta','0007_auto_20210901_1204','2021-09-01 12:04:11.719286'),(37,'proveedores','0003_auto_20210901_1204','2021-09-01 12:04:11.867057'),(38,'ordendecompra','0004_alter_archivo_options','2021-09-01 12:06:05.937182'),(39,'pauta','0008_auto_20210901_1205','2021-09-01 12:06:06.095282'),(40,'nucleo','0003_auto_20210902_0919','2021-09-02 09:19:58.138227'),(41,'inventario','0003_alter_bodega_options','2021-09-02 09:20:55.103104'),(42,'inventario','0004_alter_bodega_options','2021-09-02 09:27:55.262072'),(43,'proveedores','0004_alter_proveedorinsumo_options','2021-09-02 09:27:55.404542'),(44,'nucleo','0004_alter_insumo_options','2021-09-03 13:07:43.330925'),(45,'pauta','0009_auto_20210903_1307','2021-09-03 13:07:45.467918'),(46,'maquina','0001_initial','2021-09-03 16:41:41.777702'),(47,'equipo','0001_initial','2021-09-03 18:01:23.171592'),(48,'calidad','0001_initial','2021-09-06 09:08:07.594404'),(49,'equipo','0002_equipo_utensilios','2021-09-06 09:52:43.334547'),(50,'equipo','0003_remove_equipo_utensilios','2021-09-06 09:52:43.686683'),(51,'calidad','0002_auto_20210906_0952','2021-09-06 09:52:45.782968'),(52,'calidad','0003_registrolimpiezaequipo','2021-09-06 10:53:24.200522'),(53,'calidad','0004_auto_20210906_1055','2021-09-06 10:55:48.572243'),(54,'calidad','0005_auto_20210906_1104','2021-09-06 11:04:17.481069'),(55,'calidad','0006_auto_20210907_1002','2021-09-07 10:02:48.821665'),(56,'equipo','0004_alter_equipo_options','2021-09-07 10:02:48.977293'),(57,'calidad','0007_alter_registrolimpiezaequipo_observacion_correctiva','2021-09-07 16:37:08.506746'),(58,'clientes','0003_alter_cliente_options','2021-09-07 16:37:08.647679'),(59,'perfil','0001_initial','2021-09-07 16:37:09.736238'),(60,'perfil','0002_alter_perfil_usuario','2021-09-07 17:16:35.244465'),(61,'calidad','0008_auto_20210908_1537','2021-09-08 15:39:33.843424'),(62,'calidad','0009_auto_20210908_1538','2021-09-08 15:39:34.010109'),(63,'calidad','0010_rename_accion_correctiva_registrolimpiezaequipo_observacion_correctiva','2021-09-08 15:45:57.691001'),(64,'calidad','0011_rename_observacion_correctiva_registrolimpiezaequipo_accion_correctiva','2021-09-08 15:45:57.891679'),(65,'equipo','0005_auto_20210908_1611','2021-09-08 16:11:59.802412'),(66,'equipo','0006_auto_20210908_1629','2021-09-08 16:30:08.237089'),(67,'calidad','0012_alter_registrolimpiezaequipo_estado','2021-09-09 15:27:46.046158'),(68,'calidad','0013_alter_registrolimpiezaequipo_options','2021-09-09 15:29:20.269704'),(69,'calidad','0014_alter_utensiliolimpieza_nombre','2021-09-09 18:01:15.319921'),(70,'nucleo','0005_permiso','2021-09-09 18:01:15.904136'),(71,'calidad','0015_auto_20210910_1212','2021-09-10 12:12:21.041310'),(72,'calidad','0016_auto_20210910_1227','2021-09-10 12:27:38.811441'),(73,'nucleo','0006_alter_producto_rama','2021-11-09 18:48:22.277542'),(74,'nucleo','0007_producto_unidades','2021-11-09 18:48:22.392862'),(75,'nucleo','0008_alter_producto_unidades','2021-11-09 18:48:22.454084'),(76,'ventas','0001_initial','2021-11-09 18:48:22.719616'),(77,'ventas','0002_auto_20211025_1220','2021-11-09 18:48:22.840103'),(78,'clientes','0004_delete_clienteproducto','2021-11-09 18:48:22.900267'),(79,'clientes','0005_auto_20211025_1220','2021-11-09 18:48:23.236460'),(80,'clientes','0006_auto_20211026_1117','2021-11-09 18:48:23.804125'),(81,'clientes','0007_alter_cliente_pago','2021-11-09 18:48:23.867991'),(82,'clientes','0008_auto_20211028_1144','2021-11-09 18:48:24.156242'),(83,'inventario','0005_alter_inventarioinsumo_cantidad','2021-11-09 18:48:24.268833'),(84,'inventario','0006_auto_20210923_1732','2021-11-09 18:48:24.337897'),(85,'inventario','0007_alter_inventarioproducto_options','2021-11-09 18:48:24.400103'),(86,'nucleo','0009_auto_20211026_1637','2021-11-09 18:48:24.593534'),(87,'ventas','0003_auto_20211026_1637','2021-11-09 18:48:25.089283'),(88,'ventas','0004_auto_20211027_1617','2021-11-09 18:48:25.283252'),(89,'ventas','0005_ordendeventa_estado','2021-11-09 18:48:25.420633'),(90,'ventas','0006_auto_20211029_1431','2021-11-09 18:48:25.550927'),(91,'ventas','0007_auto_20211105_0907','2021-11-09 18:48:25.781263'),(92,'ventas','0008_auto_20211105_1221','2021-11-09 18:48:25.895413'),(93,'produccion','0001_initial','2021-11-09 18:48:26.520219'),(94,'produccion','0002_auto_20210913_1738','2021-11-09 18:48:26.685603'),(95,'produccion','0003_auto_20210914_1749','2021-11-09 18:48:26.878458'),(96,'produccion','0004_pautaproduccion_cantidad','2021-11-09 18:48:27.018665'),(97,'produccion','0005_instruccionproduccion_valor','2021-11-09 18:48:27.155072'),(98,'produccion','0006_ingredienteproduccion_unidad','2021-11-09 18:48:27.287810'),(99,'produccion','0007_lote','2021-11-09 18:48:27.570509'),(100,'produccion','0008_rename_comentarios_lote_comentario','2021-11-09 18:48:27.661414'),(101,'produccion','0009_estadolote','2021-11-09 18:48:27.930577'),(102,'produccion','0010_auto_20210923_1736','2021-11-09 18:48:28.129412'),(103,'produccion','0011_auto_20210928_0929','2021-11-09 18:48:28.458295'),(104,'produccion','0012_alter_participanteproduccion_options','2021-11-09 18:48:28.539728'),(105,'produccion','0013_alter_lote_pauta_produccion','2021-11-09 18:48:28.836243'),(106,'produccion','0014_alter_lote_pauta_produccion','2021-11-09 18:48:29.040881'),(107,'produccion','0015_alter_pautaproduccion_masa_final','2021-11-09 18:48:29.160919'),(108,'pauta','0010_auto_20210916_1106','2021-11-09 18:48:29.426114'),(109,'produccion','0016_historicalpautaproduccion','2021-11-09 18:48:29.746451'),(110,'produccion','0017_estadolote_observacion','2021-11-09 18:48:29.865869'),(111,'produccion','0018_auto_20210928_1731','2021-11-09 18:48:30.358779'),(112,'produccion','0019_lote_enviadas','2021-11-09 18:48:30.498998'),(113,'produccion','0020_alter_lote_enviadas','2021-11-09 18:48:30.577766'),(114,'produccion','0021_auto_20211015_1007','2021-11-09 18:48:30.714799'),(115,'produccion','0022_cajalote','2021-11-09 18:48:31.067816'),(116,'produccion','0023_cajalote_estado','2021-11-09 18:48:31.211425'),(117,'produccion','0024_alter_cajalote_estado','2021-11-09 18:48:31.289096'),(118,'ventas','0009_ordendeventacajalote','2021-11-09 18:48:31.513937'),(119,'logistica','0001_initial','2021-11-09 18:48:32.227436'),(120,'logistica','0002_alter_loteenvio_pallet','2021-11-09 18:48:32.448631'),(121,'logistica','0003_auto_20211007_1507','2021-11-09 18:48:32.807667'),(122,'logistica','0004_auto_20211008_1051','2021-11-09 18:48:32.929093'),(123,'logistica','0005_envio_encargado_recepcion','2021-11-09 18:48:33.160197'),(124,'logistica','0006_auto_20211014_1038','2021-11-09 18:48:33.371536'),(125,'logistica','0007_registropallet','2021-11-09 18:48:33.611023'),(126,'logistica','0008_alter_loteenvio_pallet','2021-11-09 18:48:33.818333'),(127,'logistica','0009_auto_20211019_0942','2021-11-09 18:48:34.267681'),(128,'logistica','0010_alter_loteenvio_cajalote','2021-11-09 18:48:34.516340'),(129,'logistica','0011_ruta_rutaov','2021-11-09 18:48:34.976742'),(130,'logistica','0012_alter_ruta_unique_together','2021-11-09 18:48:35.088955'),(131,'nucleo','0010_producto_ean13','2021-11-09 18:48:35.232886'),(132,'nucleo','0011_auto_20211102_1555','2021-11-09 18:48:35.424114'),(133,'nucleo','0012_auto_20211109_1741','2021-11-09 18:48:35.575094'),(134,'ordendecompra','0005_historialinsumo','2021-11-09 18:48:35.829550'),(135,'ordendecompra','0006_delete_historialinsumo','2021-11-09 18:48:35.915010'),(136,'ordendecompra','0007_auto_20211102_1637','2021-11-09 18:48:36.204146'),(137,'perfil','0003_perfil_lugar','2021-11-09 18:48:36.395907'),(138,'produccion','0025_alter_cajalote_estado','2021-11-09 18:48:36.552118'),(139,'ventas','0010_auto_20211109_1741','2021-11-09 18:48:36.823407'),(140,'ventas','0011_alter_ordendeventa_fecha_e','2021-11-09 18:48:36.964759'),(141,'logistica','0013_alter_ruta_options','2021-11-10 11:05:27.681540'),(142,'ordendecompra','0008_auto_20211111_1000','2021-11-11 10:00:43.664478'),(143,'inventario','0008_insumobulto','2021-11-11 10:51:47.539043'),(144,'logistica','0014_auto_20211111_1716','2021-11-11 17:16:57.332164'),(145,'ordendecompra','0009_auto_20211111_1716','2021-11-11 17:16:57.441067'),(146,'inventario','0009_insumobulto_formato','2021-11-12 08:50:56.916352'),(147,'logistica','0015_insumoenvio_estado','2021-11-12 09:29:44.535942'),(148,'logistica','0016_auto_20211112_0934','2021-11-12 09:34:34.348621'),(149,'calidad','0017_grupoequipo_grupoequipos_grupoutensilio','2021-11-17 20:33:51.671761'),(150,'calidad','0018_alter_grupoequipos_nombre','2021-11-17 20:33:51.773234'),(151,'django_celery_beat','0001_initial','2021-11-17 20:33:52.248025'),(152,'django_celery_beat','0002_auto_20161118_0346','2021-11-17 20:33:52.451486'),(153,'django_celery_beat','0003_auto_20161209_0049','2021-11-17 20:33:52.557229'),(154,'django_celery_beat','0004_auto_20170221_0000','2021-11-17 20:33:52.637752'),(155,'django_celery_beat','0005_add_solarschedule_events_choices','2021-11-17 20:33:52.715111'),(156,'django_celery_beat','0006_auto_20180322_0932','2021-11-17 20:33:53.029293'),(157,'django_celery_beat','0007_auto_20180521_0826','2021-11-17 20:33:53.218113'),(158,'django_celery_beat','0008_auto_20180914_1922','2021-11-17 20:33:53.313514'),(159,'django_celery_beat','0006_auto_20180210_1226','2021-11-17 20:33:53.404884'),(160,'django_celery_beat','0006_periodictask_priority','2021-11-17 20:33:53.536009'),(161,'django_celery_beat','0009_periodictask_headers','2021-11-17 20:33:53.671342'),(162,'django_celery_beat','0010_auto_20190429_0326','2021-11-17 20:33:53.892813'),(163,'django_celery_beat','0011_auto_20190508_0153','2021-11-17 20:33:54.086384'),(164,'django_celery_beat','0012_periodictask_expire_seconds','2021-11-17 20:33:54.229970'),(165,'django_celery_beat','0013_auto_20200609_0727','2021-11-17 20:33:54.318301'),(166,'django_celery_beat','0014_remove_clockedschedule_enabled','2021-11-17 20:33:54.433476'),(167,'django_celery_beat','0015_edit_solarschedule_events_choices','2021-11-17 20:33:54.514165'),(168,'logistica','0017_ruta_estado','2021-11-17 20:33:54.685451'),(169,'logistica','0018_alter_ruta_options','2021-11-17 20:33:54.779359'),(170,'nucleo','0013_moneda','2021-11-17 20:33:54.908903'),(171,'nucleo','0014_alter_moneda_options','2021-11-17 20:33:54.986605'),(172,'ordendecompra','0010_auto_20211117_0935','2021-11-17 20:33:55.270117'),(173,'produccion','0026_auto_20211115_1245','2021-11-17 20:33:55.474001'),(174,'proveedores','0005_proveedorinsumo_moneda','2021-11-17 20:33:55.659839'),(175,'ventas','0012_alter_ordendeventa_options','2021-11-17 20:33:55.767883'),(176,'ventas','0013_auto_20211115_1501','2021-11-17 20:33:55.986761'),(177,'ventas','0014_auto_20211116_0955','2021-11-17 20:33:56.269626'),(178,'ventas','0015_ordendeventa_complitud','2021-11-17 20:33:56.461712'),(179,'ventas','0016_ordendeventaproducto_cantidad_en','2021-11-17 20:33:56.633136'),(180,'inventario','0010_historialbodega_historialbodegainsumo_historialbodegaproducto','2021-11-21 21:55:51.536762'),(181,'inventario','0011_auto_20211118_1457','2021-11-21 21:55:51.802849'),(182,'nucleo','0015_insumodirectoproducto_porcentaje_uso','2021-11-21 21:55:51.944852'),(183,'pauta','0011_auto_20211119_1123','2021-11-21 21:55:52.235667'),(184,'pauta','0012_insumoproceso','2021-11-21 21:55:52.482346'),(185,'pauta','0013_alter_insumoproceso_unique_together','2021-11-21 21:55:52.600818'),(186,'produccion','0027_auto_20211119_1638','2021-11-21 21:55:52.915657'),(187,'produccion','0028_auto_20211119_1804','2021-11-21 21:55:53.482824'),(188,'produccion','0029_auto_20211119_1810','2021-11-21 21:55:53.628129'),(189,'produccion','0030_auto_20211119_1820','2021-11-21 21:55:53.929440'),(190,'nucleo','0016_insumoproducto','2021-11-28 23:26:57.242264'),(191,'nucleo','0017_alter_insumoproducto_cantidad','2021-11-28 23:26:57.387971'),(192,'nucleo','0018_auto_20211123_0901','2021-11-28 23:26:57.542378'),(193,'nucleo','0019_auto_20211123_1549','2021-11-28 23:26:58.193616'),(194,'nucleo','0020_alter_insumo_stock_critico','2021-11-28 23:26:58.380708'),(195,'estado','0001_initial','2021-11-28 23:26:59.240730'),(196,'estado','0002_alter_estadoconjunto_options','2021-11-28 23:26:59.340013'),(197,'nucleo','0021_grupoproducto_conjunto','2021-11-28 23:26:59.526652'),(198,'nucleo','0022_producto_conjunto','2021-11-28 23:26:59.801537'),(199,'pauta','0014_auto_20211123_0903','2021-11-28 23:27:00.149948'),(200,'pauta','0015_auto_20211123_1717','2021-11-28 23:27:00.660286'),(201,'produccion','0031_auto_20211123_0901','2021-11-28 23:27:01.017872'),(202,'produccion','0032_remove_ingredienteproduccion_original','2021-11-28 23:27:01.186131'),(203,'produccion','0033_auto_20211123_1006','2021-11-28 23:27:01.777409'),(204,'produccion','0034_alter_lote_cantidad','2021-11-28 23:27:01.904137'),(205,'produccion','0035_auto_20211124_1012','2021-11-28 23:27:02.250554'),(206,'produccion','0036_alter_lote_cantidad','2021-11-28 23:27:02.426882'),(207,'produccion','0037_estadolote_peso','2021-11-28 23:27:02.643894'),(208,'produccion','0038_estadolote_estadoglobal','2021-11-28 23:27:02.848318'),(209,'nucleo','0023_insumoelaboracionproducto','2021-11-30 19:58:26.332774'),(210,'pauta','0016_pautaproducto','2021-11-30 19:58:26.604722'),(211,'produccion','0039_auto_20211129_1223','2021-11-30 19:58:26.917548'),(212,'produccion','0040_estadoloteinsumo','2021-11-30 19:58:27.209843'),(213,'produccion','0041_productoproduccion','2021-11-30 19:58:27.517144'),(214,'costeo','0001_initial','2021-12-05 17:46:54.339668'),(215,'logistica','0019_ruta_patente','2021-12-05 17:46:54.525748'),(216,'produccion','0042_lote_cdp','2021-12-05 17:46:54.759909'),(217,'produccion','0043_auto_20211201_1152','2021-12-05 17:46:55.074608'),(218,'nucleo','0024_producto_sap','2021-12-05 17:49:54.549626'),(219,'estado','0003_alter_estado_uc','2021-12-08 01:23:04.207668'),(220,'nucleo','0025_alter_producto_conjunto','2021-12-08 01:23:04.394996'),(221,'ordendecompra','0011_auto_20211207_1554','2021-12-08 01:23:04.746585'),(222,'ordendecompra','0012_auto_20211207_1602','2021-12-08 01:23:05.152551'),(223,'ordendecompra','0013_auto_20211207_1603','2021-12-08 01:23:05.566999'),(224,'ordendecompra','0014_auto_20211208_0122','2021-12-08 01:23:05.712754'),(225,'pauta','0017_ingredienteproducto_ingredienteproductorestriccion','2021-12-08 01:23:06.267724'),(226,'produccion','0044_alter_pautaproduccion_options','2021-12-08 01:23:06.398056'),(227,'pauta','0018_auto_20211208_0834','2021-12-08 09:18:22.885326'),(228,'pauta','0019_auto_20211208_0918','2021-12-08 09:18:22.936225'),(229,'nucleo','0026_producto_cantidadpip','2021-12-08 19:34:19.410410'),(230,'nucleo','0027_alter_producto_cantidadpip','2021-12-08 19:34:19.522898'),(231,'pauta','0019_auto_20211208_1002','2021-12-08 19:34:19.655643'),(232,'pauta','0020_auto_20211208_1057','2021-12-08 19:34:19.993125'),(233,'pauta','0021_auto_20211208_1623','2021-12-08 19:34:20.350780'),(234,'pauta','0022_remove_pauta_columnas','2021-12-08 19:34:20.520249'),(235,'pauta','0023_auto_20211208_1639','2021-12-08 19:34:20.849308'),(236,'pauta','0024_delete_etapacolumna','2021-12-08 19:34:20.952921'),(237,'produccion','0045_alter_instruccionproduccion_options','2021-12-08 19:34:21.055846'),(238,'inventario','0012_insumobulto_lotep','2021-12-09 15:40:41.315035'),(239,'nucleo','0028_auto_20211209_1425','2021-12-09 15:40:41.765268'),(240,'pauta','0025_auto_20211209_1425','2021-12-09 15:40:41.802229'),(241,'pauta','0026_merge_0019_auto_20211208_0918_0025_auto_20211209_1425','2021-12-09 15:40:41.805810'),(242,'pauta','0027_auto_20211209_1540','2021-12-09 15:40:41.855155'),(243,'inventario','0013_insumobulto_cantidadu','2021-12-13 23:56:46.124749'),(244,'inventario','0014_insumobultohijo','2021-12-13 23:56:46.493283'),(245,'logistica','0020_envio_encargado_envio','2021-12-13 23:56:46.758412'),(246,'nucleo','0029_insumo_pip','2021-12-13 23:56:46.983392'),(247,'ordendecompra','0015_alter_ordendecompra_options','2021-12-13 23:56:47.091903'),(248,'produccion','0046_insumoprocesoproduccion_cantidadu','2021-12-13 23:56:47.331250'),(249,'produccion','0047_insumopiputilizado','2021-12-13 23:56:47.728339'),(250,'produccion','0048_bultopautaproduccion','2021-12-13 23:56:48.134599'),(251,'produccion','0049_cajalotepautaproduccion','2021-12-13 23:56:48.513403'),(252,'solicitudes','0001_initial','2021-12-13 23:56:49.579556'),(253,'solicitudes','0002_solicitudinsumos_comentario','2021-12-13 23:56:49.796324'),(254,'inventario','0015_auto_20211215_1110','2021-12-17 18:02:52.048662'),(255,'nucleo','0030_auto_20211217_1025','2021-12-17 18:02:52.720392'),(256,'nucleo','0031_auto_20211217_1151','2021-12-17 18:02:53.060993'),(257,'nucleo','0032_auto_20211217_1802','2021-12-17 18:02:53.289109'),(258,'inventario','0016_supervisorbodega','2021-12-21 20:28:56.935880'),(259,'inventario','0017_insumobulto_formatoo','2021-12-21 20:28:57.183595'),(260,'nucleo','0033_auto_20211220_1133','2021-12-21 20:28:57.537643'),(261,'nucleo','0034_remove_producto_cantidadpip','2021-12-21 20:28:57.730267'),(262,'nucleo','0035_auto_20220114_2037','2022-01-14 20:47:36.880304'),(263,'ordendecompra','0016_auto_20220114_1117','2022-01-14 20:47:37.032633'),(264,'pauta','0026_auto_20220114_1215','2022-01-14 20:47:37.338964'),(265,'pauta','0027_auto_20220114_1529','2022-01-14 20:47:37.587797'),(266,'produccion','0050_auto_20220114_1529','2022-01-14 20:47:38.054945'),(267,'produccion','0051_auto_20220114_1537','2022-01-14 20:47:38.520315'),(268,'proveedores','0006_proveedorinsumo_mostrar','2022-01-14 20:47:38.748899'),(269,'logistica','0021_alter_envio_options','2022-01-20 22:13:58.443798'),(270,'nucleo','0036_auto_20220120_1220','2022-01-20 22:13:58.548026'),(271,'ventas','0017_ordendeventa_envio','2022-01-20 22:13:58.851324'),(272,'ventas','0018_alter_ordendeventa_envio','2022-01-20 22:13:58.988132'),(273,'ventas','0019_ordendeventaproducto_descuento','2022-01-20 22:13:59.343688');
/*!40000 ALTER TABLE `django_migrations` ENABLE KEYS */;
UNLOCK TABLES;

--
-- Table structure for table `django_session`
--

DROP TABLE IF EXISTS `django_session`;
/*!40101 SET @saved_cs_client     = @@character_set_client */;
/*!40101 SET character_set_client = utf8 */;
CREATE TABLE `django_session` (
  `session_key` varchar(40) NOT NULL,
  `session_data` longtext NOT NULL,
  `expire_date` datetime(6) NOT NULL,
  PRIMARY KEY (`session_key`),
  KEY `django_session_expire_date_a5c62663` (`expire_date`)
) ENGINE=InnoDB DEFAULT CHARSET=latin1;
/*!40101 SET character_set_client = @saved_cs_client */;

--
-- Dumping data for table `django_session`
--

LOCK TABLES `django_session` WRITE;
/*!40000 ALTER TABLE `django_session` DISABLE KEYS */;
INSERT INTO `django_session` VALUES ('0ff82oq59zgypn8w7u255lknhrnfsi46','.eJxVjE0OwiAYBe_C2hD-bMGl-56BPD5AqgaS0q6Md9cmXej2zcx7MY9tLX7rafFzZBdmJDv9jgH0SHUn8Y56a5xaXZc58F3hB-18ajE9r4f7d1DQy7dGJGWEFEjWaBqyRQS0FQ5kddAuuDQKgjqbZAgUnMqDhnAyg8SYwd4fJNo5CQ:1n9Tsu:qLdwbb3TajLNW00Efw3tQMyuWY5KK5Ksp_pYT52CYW4','2022-01-31 12:25:28.715190'),('0thb2q7jkusttv3ls6x6c41hisj7c3n8','.eJxVjEEOwiAQRe_C2pDSoTB16d4zNAMzSNVAUtqV8e7apAvd_vfef6mJtjVPW5Nlmlmdle3U6XcMFB9SdsJ3KreqYy3rMge9K_qgTV8ry_NyuH8HmVr-1r3hDjr2RMAeRwQfBi89YeSQehzQoh8lskRn7EhgGYwApOATOglOvT8E4jhL:1n1cPd:W98FULdgn9ULVgDpgYZChXsDE49R9rGsYQkSIo2FsHU','2022-01-09 19:54:45.623590'),('0wryyhg1n2m1s5kh7yo9nilz8qgg9weh','.eJxVjDsOwjAQBe_iGln-xR9Kes5grXdtHEC2FCcV4u4QKQW0b2bei0XY1hq3kZc4Ezsz49jpd0yAj9x2Qndot86xt3WZE98VftDBr53y83K4fwcVRv3W0kijPJGwJAsk1B6QfIBcAES2pRilcRIlEAhltRMekpzQB-mcVkaz9wck3Dgq:1n9UtU:6kNyMp6WoJzu1ZK7RnQf3gwnt82xFcLIMKo8LL9xRXY','2022-01-31 13:30:08.473325'),('182ox18qm32497nvweioq26dzxmisd68','.eJxVjDsOwjAQBe_iGllre_2jpOcM1voTHEC2FCcV4u4QKQW0b2beiwXa1hq2UZYwZ3ZmyrPT7xgpPUrbSb5Tu3WeeluXOfJd4Qcd_NpzeV4O9--g0qjfmqK00lKOCbUTZtLWEChAmaKXiAhqSl6RMFAIrNRghJAOlTNeF3SCvT_s3jZ4:1nACqv:faBL2yDy_Nkxu-v9jiPIN2Wxa8SdjDFVducbMxqrfuI','2022-02-02 12:26:25.114264'),('227xxw059tuuksheuhn9jot59nl9tm4b','.eJxVjEEOwiAQRe_C2hBAkOLSfc9ABmZGqgaS0q6Md7dNutDtf-_9t4iwLiWuneY4obgKa8Tpd0yQn1R3gg-o9yZzq8s8Jbkr8qBdjg3pdTvcv4MCvWy1QYV8CU47E4C8gsFnx4SWzzwk0Eob7cgjc7DJh41oZbxD6xkpZC0-XxZXOKc:1mtZhx:mjpIbVA4eflDlR4JM67ZqLwcwaF5u4pDb6jBhslBxy4','2021-12-18 15:24:25.029782'),('279rve454b11z7twbdio2gs96tk29zb7','.eJxVjMsOwiAQRf-FtSEwPBpcuvcbyAAzUjWQlHZl_Hdt0oVu7znnvkTEba1xG7TEuYiz0EqcfseE-UFtJ-WO7dZl7m1d5iR3RR50yGsv9Lwc7t9BxVG_dcYMnMCQSUAugykJsmFvfYDgGCdnNYEjZOtsseg1B_Zq0kqZgp7F-wMfrjhS:1mLsfJ:pYe--2ITR6X7pxc0srJQBDmrl5wRnmiqryvOS6eHt8o','2021-09-16 15:46:25.376121'),('3b15p46rnnr7ausrn3owrze6mrexts82','.eJxVjMsOwiAUBf-FtSEtIA-X7vsN5D5AqgaS0q6M_65NutDtmZnzEhG2tcStpyXOLC5iFKffDYEeqe6A71BvTVKr6zKj3BV50C6nxul5Pdy_gwK9fGscTDqbMVhiss76zD4MlK1jHVg5rZ1VoJU3hg2HlAGt8oQIHJApKPH-AN3wOEs:1mSnzB:vBddpCiViIf0B0f2iqxWBTxNDK95NDU0HuwvhmA5cEU','2021-10-05 19:11:33.931832'),('3oore3jiunc5deffycxhlh39btwds27q','.eJxVjDsOwjAQBe_iGllre_2jpOcM1voTHEC2FCcV4u4QKQW0b2beiwXa1hq2UZYwZ3ZmyrPT7xgpPUrbSb5Tu3WeeluXOfJd4Qcd_NpzeV4O9--g0qjfmqK00lKOCbUTZtLWEChAmaKXiAhqSl6RMFAIrNRghJAOlTNeF3SCvT_s3jZ4:1mhyCn:AS-CqKy9-punoewuTwR0Rnplv6Btq-qWfKr7UhFcjk4','2021-11-16 15:08:17.672639'),('4evzb4zkrvj0tmf7fv1woka2wg97gboh','.eJxVjEEOgjAQRe_StWnK0KHVpXvOQKYzU4saSCisjHdXEha6_e-9_zIDbWsZtqrLMIq5GPTm9Dsm4odOO5E7TbfZ8jyty5jsrtiDVtvPos_r4f4dFKrlW7ug7LjpyLNDBgEEVtIGQaIietdFTxxzaJ2qxAQsms_QhpA0Qkbz_gAWTjiU:1nAHTw:2PSLKqh746Yraj2Blbn2atVOx1rHOy2XM10Lyre45IY','2022-02-02 17:23:00.477805'),('4fn17jy2dqgkcxs0tpq99dsnmk6mbpjf','.eJxVjDsOwjAQBe_iGllZ1r9Q0ucM1tq7wgFkS3FSIe4OkVJA-2bmvVSkbS1x67LEmdVFoVen3zFRfkjdCd-p3prOra7LnPSu6IN2PTWW5_Vw_w4K9fKtPXIGh0BZTAiOEBP5wZHzIAG8FYBRKFMYE3FAK3xmMwgjZWuCSer9AQpBOGE:1mzzXh:o-6QPiplkG_PNO-yghdN17JI4Zn0FXALTHIVJN_Zm4c','2022-01-05 08:12:21.274158'),('4py7hofh9yvv0vl2zv2ht65u9nf6vghx','.eJxVjEEOwiAQRe_C2hCglAGX7j0DGZipVA0kpV0Z765NutDtf-_9l4i4rSVunZc4kzgL68Xpd0yYH1x3QnestyZzq-syJ7kr8qBdXhvx83K4fwcFe_nW2lu23qRBjUmR16BHNxhWbkLI3gGjpZDZuByMxqwmTKDIEYSBUAOK9wfzEjgD:1mzdrf:Dgf7RXZNdOb9qMRncbnBmE_7u4aj-KwAOSHGLGCOsTQ','2022-01-04 09:03:31.471736'),('5jkm3hgmfza7xcq5sufotlbk26sizyti','.eJxVjEEOwiAQRe_C2hCgwyAu3fcMhIFBqoYmpV0Z765NutDtf-_9lwhxW2vYOi9hyuIitDj9bhTTg9sO8j222yzT3NZlIrkr8qBdjnPm5_Vw_w5q7PVbO0PGFUAo5-RQY4ZCpJ0fLCMoQ95hZlbGQxqIffaMRSvwFgqStUa8P9I3N2A:1n31eL:AZjZPQLFCbS2rpgCfEBbf_K5VVdZGBTV18aM5Jlx62A','2022-01-13 17:03:45.264312'),('5w2ddx3xpsj2oi9re1z44v6ku0yzcua6','eyJfcGFzc3dvcmRfcmVzZXRfdG9rZW4iOiJheG5pd2EtYjcwODNlZGM3NWIwZjllNmE0YmQ0YThiNjhkMWRlMWQifQ:1mxC4Z:kDAGj2mm91XtR7q_2TVx_7YicaFYCk7jDycC-rCGCTY','2021-12-28 14:58:43.779661'),('648zqmwvctujs86ua2e3zo9daocseeo4','.eJxVjjsOwjAQBe_iGlkbx79Q0ucM1tq74ACypTipEHcnQSmgnTcavZcIuC45rI3nMJE4CwPi9AsjpgeXfaE7lluVqZZlnqLcFXmsTY6V-Hk53L9Axpa_Xa0VD1dPyfXgO-eHHnoLRCk6Yx14UuzIW0DCuEFgpT2ZzrKKenv1_gDruDei:1n4TUR:8ezCRZE5CssjjIR02E4jVWQEz2jw-lZa-T_F6gClMIY','2022-01-17 16:59:31.407048'),('64t14rwh3fxjf1kwjlunies0xdkvec2v','.eJxVjMEOwiAQRP-FsyFi6QIevfcbCMsuUjWQlPZk_HdL0oMeJpnMm5m38GFbs98aL34mcRUKxOk3xBCfXDqhRyj3KmMt6zKj7BV50CanSvy6Hd2_gxxa7uvzYHcZBA1G2aQcaa2BHGgzDiE6tGo36ULMNoG1A6RIwIjk9JhQfL7pbzgC:1mOiWT:muEIvEP5oQUbyfOkV4YR7IoyKnsqo_MQepVjHRR9w4A','2021-09-24 12:33:01.990311'),('66kloc67737vps73z29g5aran5nku811','.eJxVjDEOwjAMRe-SGUWxwE3CyM4ZIttxSQElUtNOiLtDpQ6w_vfef5lE61LS2nVOUzZnA2AOvyOTPLRuJN-p3pqVVpd5YrspdqfdXlvW52V3_w4K9fKtEWFEDuw0KgSQGE8OI5HnnAGAxQ9uyOh9EE_MfBwJxKOCsgwUwbw_CKA4jQ:1mUqwj:AZeqH0N8kedm-rXZ8z12ehIyo3vIbULkHmKylr2OVJI','2021-10-11 10:45:29.422593'),('67v3fl5w5c5laorupv6sblza0b03wv3q','.eJxVjMsOwiAQRf-FtSE8CohL934DGYZBqgaS0q6M_25JutDtPeeeNwuwrSVsnZYwJ3Zhk2Gn3zECPqkOkh5Q741jq-syRz4UftDOby3R63q4f4ECvYx3lDIrfSayzliP0SqN3mTEvSERsjYyTloKAaQdOgVGuqS92G3KZNnnCx2AOF4:1nAWOz:CWpbhm-Vg-ZOkeDCdCCdoszpzPQ_MJQmX2f4kBTvmBg','2022-02-03 09:18:53.839794'),('7a43y11asfpdznp3gmhrkyp67hpbf1vu','.eJxVjEEOwiAQRe_C2hCglAGX7j0DGZipVA0kpV0Z765NutDtf-_9l4i4rSVunZc4kzgL68Xpd0yYH1x3QnestyZzq-syJ7kr8qBdXhvx83K4fwcFe_nW2lu23qRBjUmR16BHNxhWbkLI3gGjpZDZuByMxqwmTKDIEYSBUAOK9wfzEjgD:1n9o4N:j6I4OuM3Q5WD_ap5zzWhBIXxmMma2NwM7HO6y6Rhnvc','2022-02-01 09:58:39.569162'),('7qjwj7cf277p7jczct0rs6tzuw5dkr39','.eJxVjMsOwiAUBf-FtSEtIA-X7vsN5D5AqgaS0q6M_65NutDtmZnzEhG2tcStpyXOLC5iFKffDYEeqe6A71BvTVKr6zKj3BV50C6nxul5Pdy_gwK9fGscTDqbMVhiss76zD4MlK1jHVg5rZ1VoJU3hg2HlAGt8oQIHJApKPH-AN3wOEs:1mkYyP:5Fn9hOppKj_augWNneymLVLdseYGqRUx25_rTTy9dEo','2021-11-23 18:48:09.198718'),('7qw11w4etgp07a41sf3m3x50owyta83w','.eJxVjEEOwiAQAP_C2RA2sAU9evcNBNitVA0kpT0Z_y4kPeh1ZjJv4cO-Zb83Xv1C4iK0FadfGEN6chmGHqHcq0y1bOsS5UjkYZu8VeLX9Wj_Bjm0PL6oMUzREYG1eEbUmmcHrEzkWQVNCJPtGIESdBGdNayNAuAODYjPF-2SNu0:1mubtw:Dh5AEecmiQdv8OC3_ZbD17anP-AzaA58e9KyOJUT47E','2021-12-21 11:57:04.132028'),('7tze6jei6sgqawxtrd3yjk44i015359f','.eJxVjDsOwjAQBe_iGllre_2jpOcM1voTHEC2FCcV4u4QKQW0b2beiwXa1hq2UZYwZ3ZmyrPT7xgpPUrbSb5Tu3WeeluXOfJd4Qcd_NpzeV4O9--g0qjfmqK00lKOCbUTZtLWEChAmaKXiAhqSl6RMFAIrNRghJAOlTNeF3SCvT_s3jZ4:1mze72:CzN71rnAaVc7L5pIGJeKd2ZSOnrOTKw3Yj0WIed-ujA','2022-01-04 09:19:24.803870'),('830ewe90pghpy0mlj1u5xxnw7emhkd3z','.eJxVjEEOwiAQRe_C2pDCAAWX7j1DM8MMtmpKUtqV8e7apAvd_vfef6kBt3UctibLMLE6K2fV6XckzA-Zd8J3nG9V5zqvy0R6V_RBm75WluflcP8ORmzjt47kSt-Rh5ABWPoU0aLY4AOQTakkIDAonILJhoun3gkweCnZxNhl9f4ACBI4RA:1n4j7y:eIqWoVi5no74JVQXzWLyLvAlrMO0KEfTO0w1CouHdZY','2022-01-18 09:41:22.007308'),('8peed3vp3eecmfu40zy8a94n9dflr8fl','.eJxVjEEOwiAQRe_C2pAZaBFcuu8ZCMyAVA0kpV0Z765NutDtf-_9l_BhW4vfelr8zOIiRiVOv2MM9Eh1J3wP9dYktbouc5S7Ig_a5dQ4Pa-H-3dQQi_f2iCpDAyknUKKIxjlsuOkkAEhWbIOUtREjmBAtmDwHIbAiC5bE7V4fwD-CjfA:1n7dGY:h1fvZeNK65VY85oOMb2LCxZ37Qdgw073WWuEqzmlbwQ','2022-01-26 10:02:14.670329'),('90yup3ky7i9lyiurwadv0zj30qbucwqt','.eJxVjMsOwiAUBf-FtSEtIA-X7vsN5D5AqgaS0q6M_65NutDtmZnzEhG2tcStpyXOLC5iFKffDYEeqe6A71BvTVKr6zKj3BV50C6nxul5Pdy_gwK9fGscTDqbMVhiss76zD4MlK1jHVg5rZ1VoJU3hg2HlAGt8oQIHJApKPH-AN3wOEs:1mO2N8:fnQmVvzSV-xOe8d9tMPBq5jXIryNTeDP0qCcSPv5TIc','2021-09-22 15:32:34.326097'),('97mi3d5gx441l5v9g8jiz10o2761uwco','.eJxVjEEOwiAQRe_C2hCgwyAu3fcMhIFBqoYmpV0Z765NutDtf-_9lwhxW2vYOi9hyuIitDj9bhTTg9sO8j222yzT3NZlIrkr8qBdjnPm5_Vw_w5q7PVbO0PGFUAo5-RQY4ZCpJ0fLCMoQ95hZlbGQxqIffaMRSvwFgqStUa8P9I3N2A:1mnUSH:RZW1fC48BO1qPI4vY13J-DzZUj4n0GX5slkWrJBZhJo','2021-12-01 20:35:05.622251'),('9f472w3ixr8wkkuubglrolyyigma0k8g','.eJxVjDsOwjAQBe_iGllre_2jpOcM1voTHEC2FCcV4u4QKQW0b2beiwXa1hq2UZYwZ3ZmyrPT7xgpPUrbSb5Tu3WeeluXOfJd4Qcd_NpzeV4O9--g0qjfmqK00lKOCbUTZtLWEChAmaKXiAhqSl6RMFAIrNRghJAOlTNeF3SCvT_s3jZ4:1myJ4n:e-D_mQUDNJtwYW-mROQUiEPeu3Pj0b2zTpuJvlQrqDM','2021-12-31 16:39:33.355532'),('9gytuhfwqipp8qvhc98l31k3ixkoaru7','.eJxVjEEOwiAQRe_C2hCgwyAu3fcMhIFBqoYmpV0Z765NutDtf-_9lwhxW2vYOi9hyuIitDj9bhTTg9sO8j222yzT3NZlIrkr8qBdjnPm5_Vw_w5q7PVbO0PGFUAo5-RQY4ZCpJ0fLCMoQ95hZlbGQxqIffaMRSvwFgqStUa8P9I3N2A:1mnhfr:84SaP5caqkH-mAJIKkKnE92w-mIUydfWooH88vittSo','2021-12-02 10:41:59.479739'),('9k9b9vtekf5ezv286xdij7z0fswa8yqu','.eJxVjEEOwiAQRe_C2hAoBUaX7nsGMjCDVA0kpV0Z765NutDtf-_9lwi4rSVsnZcwk7gIY8Tpd4yYHlx3QnestyZTq-syR7kr8qBdTo34eT3cv4OCvXzr0ViFxEDgdQZWTjmryJFKmjR6y5FjdtkOWjunABFM9BYyni0NzKN4fwAG0jg1:1msOml:pL_EWI2q7kpb8nKEl_VrIiSyQ4uMHjYxLTjcvSZtjYU','2021-12-15 09:32:31.646180'),('9n0kytwxhith7koyh2ff886ee3act2e3','.eJxVjDsOwjAQBe_iGllre_2jpOcM1voTHEC2FCcV4u4QKQW0b2beiwXa1hq2UZYwZ3ZmyrPT7xgpPUrbSb5Tu3WeeluXOfJd4Qcd_NpzeV4O9--g0qjfmqK00lKOCbUTZtLWEChAmaKXiAhqSl6RMFAIrNRghJAOlTNeF3SCvT_s3jZ4:1mvR2R:nxOmmN7t_yarvSALjGy84K_IYo9jRLOarTBJ0gz_4Y0','2021-12-23 18:33:15.633503'),('admqnbnhwoyiq6jrduid813fnilc2m2x','.eJxVjEEOwiAQRe_C2hCgwyAu3fcMhIFBqoYmpV0Z765NutDtf-_9lwhxW2vYOi9hyuIitDj9bhTTg9sO8j222yzT3NZlIrkr8qBdjnPm5_Vw_w5q7PVbO0PGFUAo5-RQY4ZCpJ0fLCMoQ95hZlbGQxqIffaMRSvwFgqStUa8P9I3N2A:1mnUgl:HkAufg_HGTSz8EjN7BMVNmhCZfC1bhHxNi8PBpXfwxQ','2021-12-01 20:50:03.662175'),('anv7zr3kkyu0iqf8wj3f94qhp1y9c5hd','.eJxVjDsOwjAQBe_iGllre_2jpOcM1voTHEC2FCcV4u4QKQW0b2beiwXa1hq2UZYwZ3ZmyrPT7xgpPUrbSb5Tu3WeeluXOfJd4Qcd_NpzeV4O9--g0qjfmqK00lKOCbUTZtLWEChAmaKXiAhqSl6RMFAIrNRghJAOlTNeF3SCvT_s3jZ4:1mn3yk:GiJJg-f7X0KwL-j59Wyag5AURvzvy60EwoWMBNPGsxE','2021-11-30 16:18:50.868442'),('at2sl0tjfs3z1ddojf1kebg991g8wrxt','.eJxVjDsOwjAQBe_iGllre_2jpOcM1voTHEC2FCcV4u4QKQW0b2beiwXa1hq2UZYwZ3ZmyrPT7xgpPUrbSb5Tu3WeeluXOfJd4Qcd_NpzeV4O9--g0qjfmqK00lKOCbUTZtLWEChAmaKXiAhqSl6RMFAIrNRghJAOlTNeF3SCvT_s3jZ4:1ms8lv:oP2sybLSZuVmG0H6cHtF1xxvc9V96EXHujWr7Con2CE','2021-12-14 16:26:35.630650'),('b9pnm95pzrslr8p9geqoagzlwcypwnyh','.eJxVjEEOwiAQAP_C2RA2sAU9evcNBNitVA0kpT0Z_y4kPeh1ZjJv4cO-Zb83Xv1C4iK0FadfGEN6chmGHqHcq0y1bOsS5UjkYZu8VeLX9Wj_Bjm0PL6oMUzREYG1eEbUmmcHrEzkWQVNCJPtGIESdBGdNayNAuAODYjPF-2SNu0:1mpWhq:PlIsKQR9fh-LDDL61rceoJ3bO0151cMjU9NRNltJrSo','2021-12-07 11:23:34.269341'),('bda1qolfasxs140jxe5q6espgs0yl7rr','.eJxVjEsOwiAUAO_C2hAof5fuewbyeDykamhS2pXx7oakC93OTObNIhx7jUenLS6ZXZma2OUXJsAntWHyA9p95bi2fVsSHwk_befzmul1O9u_QYVex9db46kQJglOOxDOeQpBFDcZ6UjIIFHpUmTCbEFDMEppAiwSfdHBss8XAkI4Gg:1mUqq0:uHFf_cyggoltl-wW4CVS1VnymvX86GcGn6JnTl36kUI','2021-10-11 10:38:32.436304'),('bffslcv33tbvap4w1srdvos1jplaege8','.eJxVjEEOwiAQRe_C2hCgwyAu3fcMhIFBqoYmpV0Z765NutDtf-_9lwhxW2vYOi9hyuIitDj9bhTTg9sO8j222yzT3NZlIrkr8qBdjnPm5_Vw_w5q7PVbO0PGFUAo5-RQY4ZCpJ0fLCMoQ95hZlbGQxqIffaMRSvwFgqStUa8P9I3N2A:1mt6O8:ln0iwveq60AqPfS_2GJfQ0-chUgoFdCWL0g76qZUAc4','2021-12-17 08:06:00.751213'),('bil6aob4cdczsu58gov8ksv2227kfkmr','.eJxVjDsOwjAQBe_iGllre_2jpOcM1voTHEC2FCcV4u4QKQW0b2beiwXa1hq2UZYwZ3ZmyrPT7xgpPUrbSb5Tu3WeeluXOfJd4Qcd_NpzeV4O9--g0qjfmqK00lKOCbUTZtLWEChAmaKXiAhqSl6RMFAIrNRghJAOlTNeF3SCvT_s3jZ4:1n57mQ:xjXtm4qe5Wv2CzI6K5j0reFHyTnp7DB-aWAkilC9IY8','2022-01-19 12:00:46.569583'),('bvi3ngxmogof36exeiespdkopv2cmy2y','.eJxVjEEOwiAQRe_C2hCgwyAu3fcMhIFBqoYmpV0Z765NutDtf-_9lwhxW2vYOi9hyuIitDj9bhTTg9sO8j222yzT3NZlIrkr8qBdjnPm5_Vw_w5q7PVbO0PGFUAo5-RQY4ZCpJ0fLCMoQ95hZlbGQxqIffaMRSvwFgqStUa8P9I3N2A:1n9Y63:qmFgu1jSs2b4U4yYZBE8bWW4PTWJ_5ylWhW-5NcAG8A','2022-01-31 16:55:19.642656'),('bvu5z550ot1hmy4u2ebyv0ukrh1b6v6s','.eJxVjEEOwiAQRe_C2hCgwyAu3fcMhIFBqoYmpV0Z765NutDtf-_9lwhxW2vYOi9hyuIitDj9bhTTg9sO8j222yzT3NZlIrkr8qBdjnPm5_Vw_w5q7PVbO0PGFUAo5-RQY4ZCpJ0fLCMoQ95hZlbGQxqIffaMRSvwFgqStUa8P9I3N2A:1n4Nj7:dYzlpXh-hQ_xyFkCoTTRJASKTJ338g9oWGh6AeRFajI','2022-01-17 10:50:17.970335'),('c1zzdzy3k1xsi9qe36fsvejnuk83spnp','.eJxVjE0OwiAYBe_C2hD-bMGl-56BPD5AqgaS0q6Md9cmXej2zcx7MY9tLX7rafFzZBdmJDv9jgH0SHUn8Y56a5xaXZc58F3hB-18ajE9r4f7d1DQy7dGJGWEFEjWaBqyRQS0FQ5kddAuuDQKgjqbZAgUnMqDhnAyg8SYwd4fJNo5CQ:1mk54K:ZhymyiA6dE1u63EJ0K_-R1_oNcjR_JMosad4yXkf0Jg','2021-11-22 10:52:16.989792'),('cg9ayf7ubdds2nj4mv0f8qy3j2h4incz','eyJfcGFzc3dvcmRfcmVzZXRfdG9rZW4iOiJhdG1xeWMtMGEzNzViMWIzYWEyOGZmMzBiZDIyMDA2NGMzMjg5YmUifQ:1mUqrx:7GwFZi8YY6yZATVeqkwW4NHa5Y7-ZdPnfayhMmbuw1I','2021-10-11 10:40:33.813653'),('cpjuab9yiktnnusp2ckrm3gvxr0wq766','.eJxVjMsOwiAQRf-FtSEwPBpcuvcbyAAzUjWQlHZl_Hdt0oVu7znnvkTEba1xG7TEuYiz0EqcfseE-UFtJ-WO7dZl7m1d5iR3RR50yGsv9Lwc7t9BxVG_dcYMnMCQSUAugykJsmFvfYDgGCdnNYEjZOtsseg1B_Zq0kqZgp7F-wMfrjhS:1mOIrU:l1t0HjRqPvpjQrNhGnisNgTXa4cNbjg278XjyRJOFuE','2021-09-23 09:09:00.628178'),('czedax6bw5zg7zzmjmlpzzethpftn5u4','.eJxVjMsOwiAQRf-FtSFAebp07zeQgRmkaiAp7cr479qkC93ec859sQjbWuM2aIkzsjMzkp1-xwT5QW0neId26zz3ti5z4rvCDzr4tSM9L4f7d1Bh1G-t0RcrjEZTknMiSGGD1iS8DuSNUMmCVxOQxOK8wYxOBbBGZLJIk3Ts_QHqXzeL:1n6v3X:HSnHFpIpAiQS92eoZJAwfgNPorziNhQ-0e9ZbOcyxck','2022-01-24 10:49:51.308712'),('dbp9d982oaa72oln2q9v6vyxat7hs8ir','.eJxVjEEOgjAQRe_StWlaoMPUpXvPQGY6g6CmTSisjHdXEha6_e-9_zIDbes0bFWXYRZzNm1vTr8jU3po3oncKd-KTSWvy8x2V-xBq70W0eflcP8OJqrTt_bR9ZiihpFj54mAuw6ZyanjhoNX1OgEAAVGiOCRGy-IfZAWEDmZ9wcLCDfz:1n5RZL:D2d2z6qiawD-XF6E_T85qBFNCMekLUC9dcFrPrNdOpc','2022-01-20 09:08:35.844212'),('do1w5g87rtrx2js5v1mqvvy7d4pnkl8b','.eJxVjMsOwiAUBf-FtSEtIA-X7vsN5D5AqgaS0q6M_65NutDtmZnzEhG2tcStpyXOLC5iFKffDYEeqe6A71BvTVKr6zKj3BV50C6nxul5Pdy_gwK9fGscTDqbMVhiss76zD4MlK1jHVg5rZ1VoJU3hg2HlAGt8oQIHJApKPH-AN3wOEs:1mRzAT:U-zpn35VJGjxDcEvD2cQeNt7jSaF9DE2S9HdFJrgbsI','2021-10-03 12:55:49.329673'),('ef5pp0az040h23pvyyc4lr90ikcenhxu','.eJxVjEEOwiAQRe_C2hCgwyAu3fcMhIFBqoYmpV0Z765NutDtf-_9lwhxW2vYOi9hyuIitDj9bhTTg9sO8j222yzT3NZlIrkr8qBdjnPm5_Vw_w5q7PVbO0PGFUAo5-RQY4ZCpJ0fLCMoQ95hZlbGQxqIffaMRSvwFgqStUa8P9I3N2A:1mpEYr:FZhQ8N1X7TIAW5Zma-XMYiAVYxpIW3r2Qn0gy-TzVQ8','2021-12-06 16:01:05.044297'),('f2r83uh1kh1aj39ubxdgnkjyea3zm334','.eJxVjEEOwiAQRe_C2hCgwyAu3fcMhIFBqoYmpV0Z765NutDtf-_9lwhxW2vYOi9hyuIitDj9bhTTg9sO8j222yzT3NZlIrkr8qBdjnPm5_Vw_w5q7PVbO0PGFUAo5-RQY4ZCpJ0fLCMoQ95hZlbGQxqIffaMRSvwFgqStUa8P9I3N2A:1msC57:GSMXjpjLCJGF-4RXMfINJGCcoXkL_VDguvLPncqGPKQ','2021-12-14 19:58:37.800802'),('f5wmgjb1ddc6azo0itd420bmtpzox88w','.eJxVjDsOwjAQBe_iGlkbr_GHkj5nsBzvLg6gRIqTCnF3iJQC2jcz76VS3taatsZLGkldFHp1-h2HXB487YTuebrNuszTuoyD3hV90Kb7mfh5Pdy_g5pb_dbWBUAoCL4bAEWIDUnmKBIBWCAYZ4o3FAjt2WB0vguW2EbvMiOIen8A_543sg:1mdtw4:w81cV-LpvgUJcb8QLfjFJNZfNynigyx4IRg6YqpAFqM','2021-11-05 09:46:12.103881'),('fd1582p327egk7fyntjaa1uyk8ulogtx','.eJxVjEEOwiAQRe_C2hAoBUaX7nsGMjCDVA0kpV0Z765NutDtf-_9lwi4rSVsnZcwk7gIY8Tpd4yYHlx3QnestyZTq-syR7kr8qBdTo34eT3cv4OCvXzr0ViFxEDgdQZWTjmryJFKmjR6y5FjdtkOWjunABFM9BYyni0NzKN4fwAG0jg1:1mVEpU:WodOrfNQCw-8Bt5HfoeKsFuDf47LJwGXq4keXUdPfj0','2021-10-12 12:15:36.145207'),('fd7sm4plu3rkncmatnwl09pj21drdg1e','.eJxVjEEOwiAQRe_C2pAZaBFcuu8ZCMyAVA0kpV0Z765NutDtf-_9l_BhW4vfelr8zOIiRiVOv2MM9Eh1J3wP9dYktbouc5S7Ig_a5dQ4Pa-H-3dQQi_f2iCpDAyknUKKIxjlsuOkkAEhWbIOUtREjmBAtmDwHIbAiC5bE7V4fwD-CjfA:1n7dEz:teOtKpsmY0yAWgDLgxxi1n85M86uc1lpEbqIKKwVdfU','2022-01-26 10:00:37.083000'),('ggxx8avdvlhh63fbvxww1wl737n3dpdn','.eJxVjEEOwiAQRe_C2hBkwFKX7j0DmRkGqRpISrsy3l2bdKHb_977LxVxXUpcu8xxSuqswKnD70jID6kbSXest6a51WWeSG-K3mnX15bkedndv4OCvXzrIYMJDh1mCyF5ySR0HNCC9ZlOIzMS8MgByJmcvHGJRSSAz8Ao4tT7Ayw_OYE:1mpWkj:8J8xI94z5m3hQ5tTh542EjpfTPRfD6fnt18K2atakVE','2021-12-07 11:26:33.274756'),('gh6v8j39rwgybvs5hzup4m60hpdswkcn','.eJxVjMsOwiAQRf-FtSHlMUBduvcbyMBMpWpoUtqV8d-VpAtN7uqek_MSEfetxL3xGmcSZ2GdOP2eCfODayd0x3pbZF7qts5JdkUetMnrQvy8HO5foGArvWsHYtLKWu0GpzAzJgphQqfNCC6bZJIHVhOqoIM1JnwHWgFBGL0H8f4A-F027g:1n7H6B:QlrEfBUBi5CkihIIe76yQDH2xklSbKCbDEVpfjk7Bv4','2022-01-25 10:22:03.478711'),('gqhhmi07f9sk71d7jdv2llz68uzlexur','.eJxVjMsOwiAQRf-FtSG8B1y69xvIMIBUDU1KuzL-uzbpQrf3nHNfLOK2triNssQpszMzip1-x4T0KH0n-Y79NnOa-7pMie8KP-jg1zmX5-Vw_w4ajvati5SOgtLBWE8KnDa-FiedBUoBBDifUQtTpdZABStkENIjWW8qyqTZ-wPdgTdV:1miPAE:ID5VFUDvQx4zjIsJgUrNU3ZF_R2vQCzOU-dA4U47k0U','2021-11-17 19:55:26.412434'),('h492hfzm0caf0onlrblsjb7y31erjs7q','eyJfcGFzc3dvcmRfcmVzZXRfdG9rZW4iOiJhd21mcXUtNGQwYjZlMDNjYmNlMTYyNzZhZTMwNjFhNDc3OGEwOGUifQ:1mpvv9:K4s6InxeV0obbXG11HWEYflMGdLzaJktw5tCkldGVws','2021-12-08 14:18:59.600959'),('h9n5tjd86z30k95et155jkobspnjoxaq','.eJxVjDsOwjAQBe_iGllZ1r9Q0ucM1tq7wgFkS3FSIe4OkVJA-2bmvVSkbS1x67LEmdVFoVen3zFRfkjdCd-p3prOra7LnPSu6IN2PTWW5_Vw_w4K9fKtPXIGh0BZTAiOEBP5wZHzIAG8FYBRKFMYE3FAK3xmMwgjZWuCSer9AQpBOGE:1mzzbJ:HUh-ThPIiU-u66_swrs7OG_JESvr5QBhBRg0fLbMEzQ','2022-01-05 08:16:05.963504'),('iem65dt8y7kby4miyv3wo767z6p53ya5','.eJxVjEsOwjAMBe-SNYpaO82HJXvOUNmxSwsokfpZIe4OlbqA7ZuZ9zI9bevYb4vO_STmbFpz-t2Y8kPLDuRO5VZtrmWdJ7a7Yg-62GsVfV4O9-9gpGX81uCw0yDsAYTZN95RkiEBqjQhJSTliDlEwEjUskMlgMDYdkN0DQ3m_QHevTfJ:1mmIhc:aLzbPg_l7RX4i6cqBHzxo5yW5Dprwioh9E2HJnJAPTE','2021-11-28 13:50:00.300908'),('iy9tyxhvmb4k2e2u4xg6jjl6zz1ayptt','.eJxVjMEOwiAQRP-FsyGWLbB49O43NMuySNXQpLQn47_bJj3obTLvzbzVQOtShrXJPIxJXRSo028XiZ9Sd5AeVO-T5qku8xj1ruiDNn2bkryuh_t3UKiVbX22AATYYUbM5LBLIYhwD2SZ-wDWezYu9wY7D0HQCRvjOQpvIRtQny_PXTe_:1mSfTC:IVbgFPsPp-nVnfH6B2PhfSoyP2IOkA-VQzekb-9hLTo','2021-10-05 10:05:58.287001'),('iygr36lkam8wgng4plhipnh06a8woluy','.eJxVjMsOwiAUBf-FtSEtIA-X7vsN5D5AqgaS0q6M_65NutDtmZnzEhG2tcStpyXOLC5iFKffDYEeqe6A71BvTVKr6zKj3BV50C6nxul5Pdy_gwK9fGscTDqbMVhiss76zD4MlK1jHVg5rZ1VoJU3hg2HlAGt8oQIHJApKPH-AN3wOEs:1mPqwB:A74XauDhY-VwzsaBDAlD2WKIkIXEynANLwG7HLRejh0','2021-09-27 15:44:15.149809'),('j1xn800dfgw68iw34m67u3z57igywcjd','.eJxVjDsOwjAQBe_iGllk_aekzxmsXXuNA8iR4qRC3B0ipYD2zcx7iYjbWuPWeYlTFhehjTj9joTpwW0n-Y7tNss0t3WZSO6KPGiX45z5eT3cv4OKvX5rQEcI4B25MKiAUArbM7kSVPGkrHY6eXZ5QFboyQawZLwmg5iKTyDeHw5UOHo:1mvJId:WWe2JR1uGDbEZLmZRL6zcXlv_o411Tco04He9zNgkDU','2021-12-23 10:17:27.669819'),('jkhwibevcwtgkyd8sprm3k48ojvgqwp8','.eJxVjEEOwiAQRe_C2hCglAGX7j0DGZipVA0kpV0Z765NutDtf-_9l4i4rSVunZc4kzgL68Xpd0yYH1x3QnestyZzq-syJ7kr8qBdXhvx83K4fwcFe_nW2lu23qRBjUmR16BHNxhWbkLI3gGjpZDZuByMxqwmTKDIEYSBUAOK9wfzEjgD:1n5WVM:Pg6GBUlSfrrkZTxZ_xCzDLuXi1CjH7pMJ6Sqnd0umKI','2022-01-20 14:24:48.070257'),('jyu7y52r2xkz6fg6bhgpewyi9sk45hlr','.eJxVjDsOwjAQBe_iGllre_2jpOcM1voTHEC2FCcV4u4QKQW0b2beiwXa1hq2UZYwZ3ZmyrPT7xgpPUrbSb5Tu3WeeluXOfJd4Qcd_NpzeV4O9--g0qjfmqK00lKOCbUTZtLWEChAmaKXiAhqSl6RMFAIrNRghJAOlTNeF3SCvT_s3jZ4:1nAbt1:W_RxPIZ_zxy-TKUXrPc6oCXZLG5FcUB6J2bClYY5_t4','2022-02-03 15:10:15.845160'),('kpeakjh3rylpcufiuvrkmqoqpvfxjjpe','.eJxVjDsOwjAQBe_iGlkbr_GHkj5nsBzvLg6gRIqTCnF3iJQC2jcz76VS3taatsZLGkldFHp1-h2HXB487YTuebrNuszTuoyD3hV90Kb7mfh5Pdy_g5pb_dbWBUAoCL4bAEWIDUnmKBIBWCAYZ4o3FAjt2WB0vguW2EbvMiOIen8A_543sg:1mdtyq:kffR701yak6H25wfS92eWwlizVn2O2_J6pHvHsbrhLo','2021-11-05 09:49:04.745862'),('l21v5b0ezacq3b2uupftl26dv60njtqm','.eJxVjMsOwiAQRf-FtSHlMUBduvcbyMBMpWpoUtqV8d-VpAtN7uqek_MSEfetxL3xGmcSZ2GdOP2eCfODayd0x3pbZF7qts5JdkUetMnrQvy8HO5foGArvWsHYtLKWu0GpzAzJgphQqfNCC6bZJIHVhOqoIM1JnwHWgFBGL0H8f4A-F027g:1mubsm:81zwBxm86PCULUC_Jo3NwuoN6yhv0ixYP1PQahZtDe0','2021-12-21 11:55:52.034411'),('lnwlwih0rhc5tdehkbncf5uvr1z88aip','.eJxVjE0OwiAYBe_C2hD-bMGl-56BPD5AqgaS0q6Md9cmXej2zcx7MY9tLX7rafFzZBdmJDv9jgH0SHUn8Y56a5xaXZc58F3hB-18ajE9r4f7d1DQy7dGJGWEFEjWaBqyRQS0FQ5kddAuuDQKgjqbZAgUnMqDhnAyg8SYwd4fJNo5CQ:1n1wFW:0YndiQM55Ub-6FuedQGstXwNG4-MomaV0j0TbZ47gjA','2022-01-10 17:05:38.989559'),('lqpd2tyhqh7u6zpx9nvzhyk6zg95emvo','.eJxVjEEOwiAQRe_C2pDCAAWX7j1DM8MMtmpKUtqV8e7apAvd_vfef6kBt3UctibLMLE6K2fV6XckzA-Zd8J3nG9V5zqvy0R6V_RBm75WluflcP8ORmzjt47kSt-Rh5ABWPoU0aLY4AOQTakkIDAonILJhoun3gkweCnZxNhl9f4ACBI4RA:1n9yb4:9mSNf1F8_Q0sFLzQHIxIBOj5kcrrvJmrnUWxdOqLUVY','2022-02-01 21:13:06.148681'),('ly4jlmfkc0qlb3iz2ppr3h04ukqufkgq','.eJxVjEEOwiAQRe_C2hBAkOLSfc9ABmZGqgaS0q6Md7dNutDtf-_9t4iwLiWuneY4obgKa8Tpd0yQn1R3gg-o9yZzq8s8Jbkr8qBdjg3pdTvcv4MCvWy1QYV8CU47E4C8gsFnx4SWzzwk0Eob7cgjc7DJh41oZbxD6xkpZC0-XxZXOKc:1muFuI:xIzskjh05bszSC1rc7VQrEQTqMOgVUsYkamjRfH1pDQ','2021-12-20 12:27:58.473302'),('mfe4lihoy3t12n3p01jnheuonnasq3x6','.eJxVjEEOwiAQAP_C2RA2sAU9evcNBNitVA0kpT0Z_y4kPeh1ZjJv4cO-Zb83Xv1C4iK0FadfGEN6chmGHqHcq0y1bOsS5UjkYZu8VeLX9Wj_Bjm0PL6oMUzREYG1eEbUmmcHrEzkWQVNCJPtGIESdBGdNayNAuAODYjPF-2SNu0:1mpX0a:YBcRAsC-lvOJoZR8HDilJTkJRJnlhi9UTw9CH72fRt0','2021-12-07 11:42:56.410902'),('mpmwbs2snpek5p4f9fofxx8g4yjlfiml','.eJxVjDEOwjAMRe-SGUWxwE3CyM4ZIttxSQElUtNOiLtDpQ6w_vfef5lE61LS2nVOUzZnA2AOvyOTPLRuJN-p3pqVVpd5YrspdqfdXlvW52V3_w4K9fKtEWFEDuw0KgSQGE8OI5HnnAGAxQ9uyOh9EE_MfBwJxKOCsgwUwbw_CKA4jQ:1mORCi:08G_u4iy1KRhmrRKsNooem3p5Tqs27_vGohhRV14rOo','2021-09-23 18:03:28.067576'),('n0n2amzvwd920w7odpisxkkigvpcbgqx','.eJxVjEEOwiAQAP_C2RA2sAU9evcNBNitVA0kpT0Z_y4kPeh1ZjJv4cO-Zb83Xv1C4iK0FadfGEN6chmGHqHcq0y1bOsS5UjkYZu8VeLX9Wj_Bjm0PL6oMUzREYG1eEbUmmcHrEzkWQVNCJPtGIESdBGdNayNAuAODYjPF-2SNu0:1mkRhw:5x0gN4625njavdCXlo9jdW71TUXeiOwhV60TLACCla8','2021-11-23 11:02:40.662958'),('n2174q120mdgmyrxoygabdbbqijbrmdo','.eJxVjEEOwiAQRe_C2hCgwyAu3fcMhIFBqoYmpV0Z765NutDtf-_9lwhxW2vYOi9hyuIitDj9bhTTg9sO8j222yzT3NZlIrkr8qBdjnPm5_Vw_w5q7PVbO0PGFUAo5-RQY4ZCpJ0fLCMoQ95hZlbGQxqIffaMRSvwFgqStUa8P9I3N2A:1mnhG9:noMIeFWh2cGAFk3YpAQ-Qrl-MmkrZMbTfv36HNMQg7g','2021-12-02 10:15:25.726454'),('n2lcs13ero13pkd93wm92bts5mgldunu','.eJxVjE0OwiAYBe_C2hD-bMGl-56BPD5AqgaS0q6Md9cmXej2zcx7MY9tLX7rafFzZBdmJDv9jgH0SHUn8Y56a5xaXZc58F3hB-18ajE9r4f7d1DQy7dGJGWEFEjWaBqyRQS0FQ5kddAuuDQKgjqbZAgUnMqDhnAyg8SYwd4fJNo5CQ:1mmeEw:KXf9NOpAyebEQtL1nwlXq9__HVT3MT3bkwiTkOkdQ9g','2021-11-29 12:49:50.999216'),('nc1ksyj5b8ocxt0k8tskykjcf97zhlbc','.eJxVjEEOwiAQRe_C2pDCAAWX7j1DM8MMtmpKUtqV8e7apAvd_vfef6kBt3UctibLMLE6K2fV6XckzA-Zd8J3nG9V5zqvy0R6V_RBm75WluflcP8ORmzjt47kSt-Rh5ABWPoU0aLY4AOQTakkIDAonILJhoun3gkweCnZxNhl9f4ACBI4RA:1n4O5v:w8YUmvi0hWqs2zIv3LqHYtJKVfz5FnrPMtDcQrbq4n8','2022-01-17 11:13:51.030369'),('nzerd7wrsfegra3ul6lxojzl4m64qwaf','.eJxVjDsOwjAQBe_iGln-xR9Kes5grXdtHEC2FCcV4u4QKQW0b2bei0XY1hq3kZc4Ezsz49jpd0yAj9x2Qndot86xt3WZE98VftDBr53y83K4fwcVRv3W0kijPJGwJAsk1B6QfIBcAES2pRilcRIlEAhltRMekpzQB-mcVkaz9wck3Dgq:1n4OTs:mCccnl-FncYdi0wKiJ2QTtYnzB6qsZ7SBRoUfUpAQ0g','2022-01-17 11:38:36.600298'),('nzygk9suupexfrvegx2mlktrtez8io4b','.eJxVjEEOwiAQRe_C2hAoBUaX7nsGMjCDVA0kpV0Z765NutDtf-_9lwi4rSVsnZcwk7gIY8Tpd4yYHlx3QnestyZTq-syR7kr8qBdTo34eT3cv4OCvXzr0ViFxEDgdQZWTjmryJFKmjR6y5FjdtkOWjunABFM9BYyni0NzKN4fwAG0jg1:1n02vj:oQBw-12DHqNrECUlMP2tOiddWR37pJK6vEteHEd4fSM','2022-01-05 11:49:23.797951'),('o5pm0qw1zx4e7jjuhsijdgbtfn95r9eq','.eJxVjEEOwiAQRe_C2hAoBUaX7nsGMjCDVA0kpV0Z765NutDtf-_9lwi4rSVsnZcwk7gIY8Tpd4yYHlx3QnestyZTq-syR7kr8qBdTo34eT3cv4OCvXzr0ViFxEDgdQZWTjmryJFKmjR6y5FjdtkOWjunABFM9BYyni0NzKN4fwAG0jg1:1meGys:R6nC75IOFYLAhRrbgmZCERVpEl_fX9ES6tL6kqtSZd8','2021-11-06 10:22:38.218651'),('oew468517fx05dfh04xre88a06d050j9','.eJxVjDsOwjAQBe_iGln-xR9K-pzB2vXaOIAcKU4qxN2RpRTQvpl5bxbh2Gs8et7iQuzKjGaX3xEhPXMbhB7Q7itPa9u3BflQ-Ek7n1fKr9vp_h1U6HXU2pIIhqxEZyfnswcdrJGAk5QQEmFCXyCIkp3XzmDSTpAsCoQSGRX7fAEGbTgu:1mkoIx:NICU8SG0J9hSRUYsErJpPpSSxvlMzKcajjB7MdrK4Es','2021-11-24 11:10:23.168354'),('orj4fg5knb6qi0jppf5qjth1miub5r6t','.eJxVjEEOwiAQRe_C2hCgwyAu3fcMhIFBqoYmpV0Z765NutDtf-_9lwhxW2vYOi9hyuIitDj9bhTTg9sO8j222yzT3NZlIrkr8qBdjnPm5_Vw_w5q7PVbO0PGFUAo5-RQY4ZCpJ0fLCMoQ95hZlbGQxqIffaMRSvwFgqStUa8P9I3N2A:1myGkZ:w-Svar-7nhxuhPbDwkEZYxhOlPwyTq8SrtxIJMIkwF4','2021-12-31 14:10:31.975626'),('pbo4jpx2po65e9xpc4lbsg2qlneno7dz','.eJxVjDsOwjAQBe_iGllre_2jpOcM1voTHEC2FCcV4u4QKQW0b2beiwXa1hq2UZYwZ3ZmyrPT7xgpPUrbSb5Tu3WeeluXOfJd4Qcd_NpzeV4O9--g0qjfmqK00lKOCbUTZtLWEChAmaKXiAhqSl6RMFAIrNRghJAOlTNeF3SCvT_s3jZ4:1n76Ur:5GoGPwkmZ5-PyIeeWn5LkS6CmgY0rryEp4rHsxqA4VI','2022-01-24 23:02:49.052253'),('po01qxg36w4dhd29to8wy398025jqk4d','.eJxVjEEOwiAQRe_C2hCglAGX7j0DGZipVA0kpV0Z765NutDtf-_9l4i4rSVunZc4kzgL68Xpd0yYH1x3QnestyZzq-syJ7kr8qBdXhvx83K4fwcFe_nW2lu23qRBjUmR16BHNxhWbkLI3gGjpZDZuByMxqwmTKDIEYSBUAOK9wfzEjgD:1nAbjd:57hDLmfNhg0-8_O8I_XGAegM1yF6i671TeLdEFB5ie0','2022-02-03 15:00:33.507481'),('pohsbtf6bptn24c2peihkjrr0ubt6tzf','.eJxVjEEOwiAQRe_C2hAoBUaX7nsGMjCDVA0kpV0Z765NutDtf-_9lwi4rSVsnZcwk7gIY8Tpd4yYHlx3QnestyZTq-syR7kr8qBdTo34eT3cv4OCvXzr0ViFxEDgdQZWTjmryJFKmjR6y5FjdtkOWjunABFM9BYyni0NzKN4fwAG0jg1:1maQBw:pQDzX5YyVMjg6r_OdSV9L1S9YBd0FlBuWPuosZRhrb4','2021-10-26 19:24:12.739483'),('px0uwk4wsa7t76onnlouws4epf2k5e92','.eJxVjMsOwiAQRf-FtSEwPBpcuvcbyAAzUjWQlHZl_Hdt0oVu7znnvkTEba1xG7TEuYiz0EqcfseE-UFtJ-WO7dZl7m1d5iR3RR50yGsv9Lwc7t9BxVG_dcYMnMCQSUAugykJsmFvfYDgGCdnNYEjZOtsseg1B_Zq0kqZgp7F-wMfrjhS:1mO4Oc:Q3qKDqw3aUA3a-kZiEqIdMus8kclPKrcIRm2rX6TbV8','2021-09-22 17:42:14.206774'),('q99kozj95f4kggwcuf8uik9grc63b250','.eJxVjMsOwiAUBf-FtSEtIA-X7vsN5D5AqgaS0q6M_65NutDtmZnzEhG2tcStpyXOLC5iFKffDYEeqe6A71BvTVKr6zKj3BV50C6nxul5Pdy_gwK9fGscTDqbMVhiss76zD4MlK1jHVg5rZ1VoJU3hg2HlAGt8oQIHJApKPH-AN3wOEs:1mkZL1:CU0KQeFEzNKGcRJWlF6IGI0ArWooKjerNvI2BG6Xd6k','2021-11-23 19:11:31.386910'),('qhxt84s7s89yf1kwi6cyd6sul3bveww6','.eJxVjEEOwiAQRe_C2hCgwyAu3fcMhIFBqoYmpV0Z765NutDtf-_9lwhxW2vYOi9hyuIitDj9bhTTg9sO8j222yzT3NZlIrkr8qBdjnPm5_Vw_w5q7PVbO0PGFUAo5-RQY4ZCpJ0fLCMoQ95hZlbGQxqIffaMRSvwFgqStUa8P9I3N2A:1n8WJP:_i8DzxXN3FbFHIwSrYumAlSi7svI8W0S2oF2ZO7TlLA','2022-01-28 20:48:51.665576'),('qpphabb87k2dx3np0h4h0zjiosqu4z07','.eJxVjDEOwjAMRe-SGUWxwE3CyM4ZIttxSQElUtNOiLtDpQ6w_vfef5lE61LS2nVOUzZnA2AOvyOTPLRuJN-p3pqVVpd5YrspdqfdXlvW52V3_w4K9fKtEWFEDuw0KgSQGE8OI5HnnAGAxQ9uyOh9EE_MfBwJxKOCsgwUwbw_CKA4jQ:1mMGr8:5IBXS4buPUc6-4xvYiK9Ym1t7Z-3ClGBA1xDHQ6iTtY','2021-09-17 17:36:14.914468'),('qv7uwfaerzkw69aw63hm7minwbp31ym1','eyJfcGFzc3dvcmRfcmVzZXRfdG9rZW4iOiJheDUxY2gtNmVhYTUwZDM2NDY3YjhjMTk3OTY1ZDU1MWI2MGQwNzkifQ:1mtZfn:Ho1y-H7Ht0-P0Z6TwM7AJ-Q-zfIPM-_d87M9FYvvpKk','2021-12-18 15:22:11.567542'),('qw32svt2najo8i3nafz6f0mypj6fwcur','.eJxVjE0OwiAYBe_C2hD-bMGl-56BPD5AqgaS0q6Md9cmXej2zcx7MY9tLX7rafFzZBdmJDv9jgH0SHUn8Y56a5xaXZc58F3hB-18ajE9r4f7d1DQy7dGJGWEFEjWaBqyRQS0FQ5kddAuuDQKgjqbZAgUnMqDhnAyg8SYwd4fJNo5CQ:1mrjDZ:e378DbA5p7B1Str9ietZT6DTfIglPNO3-LhIp25FFiM','2021-12-13 13:09:25.694400'),('rblnxpal0m56w6h08mggn8k5o75g57vx','.eJxVjEEOgjAQRe_StWlaoMPUpXvPQGY6g6CmTSisjHdXEha6_e-9_zIDbes0bFWXYRZzNm1vTr8jU3po3oncKd-KTSWvy8x2V-xBq70W0eflcP8OJqrTt_bR9ZiihpFj54mAuw6ZyanjhoNX1OgEAAVGiOCRGy-IfZAWEDmZ9wcLCDfz:1nAWWK:Ehev9fWjpMhg_8YeP-upeXEKpGpC9e9RjBlbwnO5_O4','2022-02-03 09:26:28.153910'),('s19t4fg5gjddgjtjr3mifdqhke6lz92o','.eJxVjDsOwjAQBe_iGllre_2jpOcM1voTHEC2FCcV4u4QKQW0b2beiwXa1hq2UZYwZ3ZmyrPT7xgpPUrbSb5Tu3WeeluXOfJd4Qcd_NpzeV4O9--g0qjfmqK00lKOCbUTZtLWEChAmaKXiAhqSl6RMFAIrNRghJAOlTNeF3SCvT_s3jZ4:1mqDm1:CqHyRdeI-NJgr7Mn9tUa8Hhum7uqrZCz4magFZSotcU','2021-12-09 09:22:45.389542'),('s2rv7mzeuozrmqxgh3kwpyscl8t713rk','.eJxVjDsOwjAQBe_iGllre_2jpOcM1voTHEC2FCcV4u4QKQW0b2beiwXa1hq2UZYwZ3ZmyrPT7xgpPUrbSb5Tu3WeeluXOfJd4Qcd_NpzeV4O9--g0qjfmqK00lKOCbUTZtLWEChAmaKXiAhqSl6RMFAIrNRghJAOlTNeF3SCvT_s3jZ4:1n5WPd:4OwYWmavdFJ0t5Uwku457Kw4-4C_w_gKN3aoSVn6RiM','2022-01-20 14:18:53.741067'),('s4x93wiegrllvflo3n90nzcbrr7v2q2q','.eJxVjDEOwjAMRe-SGUWxwE3CyM4ZIttxSQElUtNOiLtDpQ6w_vfef5lE61LS2nVOUzZnA2AOvyOTPLRuJN-p3pqVVpd5YrspdqfdXlvW52V3_w4K9fKtEWFEDuw0KgSQGE8OI5HnnAGAxQ9uyOh9EE_MfBwJxKOCsgwUwbw_CKA4jQ:1mPlYA:KmXnp3O_G884j94JTBJbylBYdmwtvW7qFYvvtu3Idy0','2021-09-27 09:59:06.121814'),('scnxvl7js18uw6q87x1luksbdcbek83p','.eJxVjEEOwiAQRe_C2hCgwyAu3fcMhIFBqoYmpV0Z765NutDtf-_9lwhxW2vYOi9hyuIitDj9bhTTg9sO8j222yzT3NZlIrkr8qBdjnPm5_Vw_w5q7PVbO0PGFUAo5-RQY4ZCpJ0fLCMoQ95hZlbGQxqIffaMRSvwFgqStUa8P9I3N2A:1n5RBH:FY7U4basUEeobXa-2Zs1TEBg2UsHVt50vbuumqUq3A0','2022-01-20 08:43:43.638052'),('slc0r2oz5jl8zofzeyeprlw495ura5u4','.eJxVjEEOwiAQRe_C2hCglAGX7j0DGZipVA0kpV0Z765NutDtf-_9l4i4rSVunZc4kzgL68Xpd0yYH1x3QnestyZzq-syJ7kr8qBdXhvx83K4fwcFe_nW2lu23qRBjUmR16BHNxhWbkLI3gGjpZDZuByMxqwmTKDIEYSBUAOK9wfzEjgD:1n028U:-COH1fHRsmQkQP3x8ATbTeWP-ydO1CWTIqw5NYzSWsA','2022-01-05 10:58:30.005684'),('su2i493fslf6cdz1eaa7sdrw56i1t90y','.eJxVjMsOwiAQRf-FtSHlMUBduvcbyMBMpWpoUtqV8d-VpAtN7uqek_MSEfetxL3xGmcSZ2GdOP2eCfODayd0x3pbZF7qts5JdkUetMnrQvy8HO5foGArvWsHYtLKWu0GpzAzJgphQqfNCC6bZJIHVhOqoIM1JnwHWgFBGL0H8f4A-F027g:1n0MWA:p_OBBSZoWr798WwUqrHEMG4UB_WdWI_qnKObQZjE73Y','2022-01-06 08:44:18.474427'),('swg7xcf75oo15qgghbgbaz183c7xvf4r','.eJxVjEEOwiAQRe_C2hCgwyAu3fcMhIFBqoYmpV0Z765NutDtf-_9lwhxW2vYOi9hyuIitDj9bhTTg9sO8j222yzT3NZlIrkr8qBdjnPm5_Vw_w5q7PVbO0PGFUAo5-RQY4ZCpJ0fLCMoQ95hZlbGQxqIffaMRSvwFgqStUa8P9I3N2A:1muKd7:1Pj2sA9lFzdqkn5CBc1f6YbO_wPXrJpdVGfLUW3L9UY','2021-12-20 17:30:33.517648'),('t6acacnvw8ndm3pimfj6hxoahe7mr4cj','.eJxVjEEOwiAQRe_C2hAoBUaX7nsGMjCDVA0kpV0Z765NutDtf-_9lwi4rSVsnZcwk7gIY8Tpd4yYHlx3QnestyZTq-syR7kr8qBdTo34eT3cv4OCvXzr0ViFxEDgdQZWTjmryJFKmjR6y5FjdtkOWjunABFM9BYyni0NzKN4fwAG0jg1:1mkTcm:syJF4aj7sFlkqsu7MsVd00s3Bt-iTA8pLcoaSZ4uR-w','2021-11-23 13:05:28.006739'),('t87grg8vasuqnh25cn9q270r3znpkxax','.eJxVjEEOwiAQRe_C2hCgwyAu3fcMhIFBqoYmpV0Z765NutDtf-_9lwhxW2vYOi9hyuIitDj9bhTTg9sO8j222yzT3NZlIrkr8qBdjnPm5_Vw_w5q7PVbO0PGFUAo5-RQY4ZCpJ0fLCMoQ95hZlbGQxqIffaMRSvwFgqStUa8P9I3N2A:1myKNa:sitB1hG4n8a5clJjhSl8uMwm3r-R7PNTWc3iD6v0VSE','2021-12-31 18:03:02.318530'),('t8ygyfm74xf7vvodiaz1gebcdrf0pxcs','.eJxVjMsOwiAQRf-FtSE8CohL934DGYZBqgaS0q6M_25JutDtPeeeNwuwrSVsnZYwJ3Zhk2Gn3zECPqkOkh5Q741jq-syRz4UftDOby3R63q4f4ECvYx3lDIrfSayzliP0SqN3mTEvSERsjYyTloKAaQdOgVGuqS92G3KZNnnCx2AOF4:1n57ty:3UdXYeu0yfXs81-DGuR5J4PJDWjuRC_cDxuBXnYSS2g','2022-01-19 12:08:34.250634'),('tue69ocna7i12y7mts5lip4oj8e8rdxe','.eJxVjEEOwiAQRe_C2hCgwyAu3fcMhIFBqoYmpV0Z765NutDtf-_9lwhxW2vYOi9hyuIitDj9bhTTg9sO8j222yzT3NZlIrkr8qBdjnPm5_Vw_w5q7PVbO0PGFUAo5-RQY4ZCpJ0fLCMoQ95hZlbGQxqIffaMRSvwFgqStUa8P9I3N2A:1muCVk:g0kzPJ5b1y8evkULgQYM21_a2fKJick44T3aytygU7g','2021-12-20 08:50:24.288169'),('v9h10sskksqvyhh4ibgbi2qr0hucnxp0','.eJxVjEEOwiAQRe_C2hCgwyAu3fcMhIFBqoYmpV0Z765NutDtf-_9lwhxW2vYOi9hyuIitDj9bhTTg9sO8j222yzT3NZlIrkr8qBdjnPm5_Vw_w5q7PVbO0PGFUAo5-RQY4ZCpJ0fLCMoQ95hZlbGQxqIffaMRSvwFgqStUa8P9I3N2A:1n5RBH:FY7U4basUEeobXa-2Zs1TEBg2UsHVt50vbuumqUq3A0','2022-01-20 08:43:43.559527'),('vjjo01kuj3cmfnapgs7xqvog9p91c5cm','.eJxVjEEOwiAQRe_C2hCgwyAu3fcMhIFBqoYmpV0Z765NutDtf-_9lwhxW2vYOi9hyuIitDj9bhTTg9sO8j222yzT3NZlIrkr8qBdjnPm5_Vw_w5q7PVbO0PGFUAo5-RQY4ZCpJ0fLCMoQ95hZlbGQxqIffaMRSvwFgqStUa8P9I3N2A:1muF4d:h49bJ3CMbw8KxCwmRwKcHKNxCC95cGpddIXXqBR5P-k','2021-12-20 11:34:35.104214'),('wj3kj46pb7byiyel6tltdqqk675scvgc','.eJxVjjsOwjAQBe_iGlkbx79Q0ucM1tq74ACypTipEHcnQSmgnTcavZcIuC45rI3nMJE4CwPi9AsjpgeXfaE7lluVqZZlnqLcFXmsTY6V-Hk53L9Axpa_Xa0VD1dPyfXgO-eHHnoLRCk6Yx14UuzIW0DCuEFgpT2ZzrKKenv1_gDruDei:1n9YD6:QVgBf01-NskC-aHILzTH7rUXvZKu-d65AzDpGld6q64','2022-01-31 17:02:36.038615'),('woernbba4caid0emrdef2gfxwzu6369y','.eJxVjMsOwiAUBf-FtSEtIA-X7vsN5D5AqgaS0q6M_65NutDtmZnzEhG2tcStpyXOLC5iFKffDYEeqe6A71BvTVKr6zKj3BV50C6nxul5Pdy_gwK9fGscTDqbMVhiss76zD4MlK1jHVg5rZ1VoJU3hg2HlAGt8oQIHJApKPH-AN3wOEs:1mPkus:9t-STWrNsgJRmkE7ca7fo54P-8c4X32BxiRlG-UejQA','2021-09-27 09:18:30.220811'),('wp2ql7t0t3pfd4uo91uj5htm8h9toues','.eJxVjDsOwjAQBe_iGlkbr_GHkj5nsBzvLg6gRIqTCnF3iJQC2jcz76VS3taatsZLGkldFHp1-h2HXB487YTuebrNuszTuoyD3hV90Kb7mfh5Pdy_g5pb_dbWBUAoCL4bAEWIDUnmKBIBWCAYZ4o3FAjt2WB0vguW2EbvMiOIen8A_543sg:1mdI4t:HZwADuNliItqsSYqiQ1Ke1e2-OkuIR-B_CbOLZ5tNfc','2021-11-03 17:20:47.444954'),('wqvdhgfsofow7rzg20pr7xp8d3dt2gu7','eyJfcGFzc3dvcmRfcmVzZXRfdG9rZW4iOiJheDUxY2gtNmVhYTUwZDM2NDY3YjhjMTk3OTY1ZDU1MWI2MGQwNzkifQ:1mtZfn:Ho1y-H7Ht0-P0Z6TwM7AJ-Q-zfIPM-_d87M9FYvvpKk','2021-12-18 15:22:11.652502'),('xije2esxkknoxu4mhuy69o8gfnbysrrc','.eJxVjE0OwiAYBe_C2hD-bMGl-56BPD5AqgaS0q6Md9cmXej2zcx7MY9tLX7rafFzZBdmJDv9jgH0SHUn8Y56a5xaXZc58F3hB-18ajE9r4f7d1DQy7dGJGWEFEjWaBqyRQS0FQ5kddAuuDQKgjqbZAgUnMqDhnAyg8SYwd4fJNo5CQ:1mwoQ7:CfnDeOgKxaTJn4X5G1V9ecUQBJxJGxeqgjqm2LLO3Fk','2021-12-27 13:43:23.690844'),('xnl7w7zoqvfvws6ct96a646umb3ivk75','.eJxVjDkOwjAURO_iGll2bLxQ0nMG62_BAZRIcVIh7k4ipYBuNO_NvFWBdallbTKXgdVF-U6dfksEesq4E37AeJ80TeMyD6h3RR-06dvE8roe7t9BhVa3NQlHyD0ZycGaSOQ9SjCWfYec4xYRosspeCfOgMg5JbLMaNhh6nr1-QIl8TjF:1mkWfq:a9DH4QGGbDfsptx5_nSMAhCZzxIbAMQOZY_E6gPV7tQ','2021-11-23 16:20:50.498455'),('xnx1r8hv2fc4urtij9papjbi0774o279','.eJxVjMsOwiAQRf-FtSG8GVy69xsIZQapGkhKuzL-uzbpQrf3nHNfLKZtrXEbtMQZ2ZlpYKffcUr5QW0neE_t1nnubV3mie8KP-jg1470vBzu30FNo35r6QJJAFKCijQCsiWwxrtSZNIqKJLkETwmmxVIrwVRyM6DM0Yh2MLeH_MLN24:1n00Rc:VLNTaS24g1r9EGAh84wpCcjUHOjdjJSt-_ctZCpqDqo','2022-01-05 09:10:08.094176'),('xrrtafvagjpn8ppm332g2shoxf94exqw','.eJxVjDsOwjAQBe_iGllk_aekzxmsXXuNA8iR4qRC3B0ipYD2zcx7iYjbWuPWeYlTFhehjTj9joTpwW0n-Y7tNss0t3WZSO6KPGiX45z5eT3cv4OKvX5rQEcI4B25MKiAUArbM7kSVPGkrHY6eXZ5QFboyQawZLwmg5iKTyDeHw5UOHo:1mpvfs:NmL80XAeSkz6xAbzKffRvjppV8wXNXawUcPKevZkB6I','2021-12-08 14:03:12.229823'),('xw2fabr9sl4h3jbqolk6tny07aw6fztr','.eJxVjDsOwjAQBe_iGllk_aekzxmsXXuNA8iR4qRC3B0ipYD2zcx7iYjbWuPWeYlTFhehjTj9joTpwW0n-Y7tNss0t3WZSO6KPGiX45z5eT3cv4OKvX5rQEcI4B25MKiAUArbM7kSVPGkrHY6eXZ5QFboyQawZLwmg5iKTyDeHw5UOHo:1mvJ1B:iK6-XXu-uwpZF7uDuoTuFq3HCHZmd2llP1ZuPOP2ASM','2021-12-23 09:59:25.301636'),('yxje0dovlbeu98hd8sdyr0wydrlcx5ml','.eJxVjMsOgjAUBf-la9NQWi7FpXu_gdxXLWpKQmFl_HclYaHbMzPnZUbc1jxuVZdxEnM2wZnT70jIDy07kTuW22x5Lusykd0Ve9Bqr7Po83K4fwcZa_7WgyROQi5Bx-h8AG4FNGhL2sfoQ8fap8ZjQ010EJgBkgBhJKJBfDDvDzVrOSU:1mdtQI:EH6ANp7gxh8HzaZjP0OU8KdkU5vD4qtMLs4TOB9PHbQ','2021-11-05 09:13:22.917566'),('zjms5wsslfej20un9jvtxfvabefxt5g8','.eJxVjDsOwjAQBe_iGllk_aekzxmsXXuNA8iR4qRC3B0ipYD2zcx7iYjbWuPWeYlTFhehjTj9joTpwW0n-Y7tNss0t3WZSO6KPGiX45z5eT3cv4OKvX5rQEcI4B25MKiAUArbM7kSVPGkrHY6eXZ5QFboyQawZLwmg5iKTyDeHw5UOHo:1mvMwQ:ZuC1VpTXcWKl0e5yKIdjLvWjBH1Tzv18g56rhSUe3S4','2021-12-23 14:10:46.142619'),('zkip2z8tsyj4gjbtjddxs9rv45fyk6dd','.eJxVjEEOwiAQRe_C2hBkwFKX7j0DmRkGqRpISrsy3l2bdKHb_977LxVxXUpcu8xxSuqswKnD70jID6kbSXest6a51WWeSG-K3mnX15bkedndv4OCvXzrIYMJDh1mCyF5ySR0HNCC9ZlOIzMS8MgByJmcvHGJRSSAz8Ao4tT7Ayw_OYE:1mbNZV:uQBI8uq9bX2DqzFwT5x4uhd8INGfooUp2n-R3tHi5p4','2021-10-29 10:48:29.693733'),('zu3g2qubi8gtaw5es9yre7r0olrfx5ci','.eJxVjDsOwjAQBe_iGllre_2jpOcM1voTHEC2FCcV4u4QKQW0b2beiwXa1hq2UZYwZ3ZmyrPT7xgpPUrbSb5Tu3WeeluXOfJd4Qcd_NpzeV4O9--g0qjfmqK00lKOCbUTZtLWEChAmaKXiAhqSl6RMFAIrNRghJAOlTNeF3SCvT_s3jZ4:1mxC6N:P_VeM50uHw4K4DYTm7M1l0rLpgbJBkARYGJaUEipE_U','2021-12-28 15:00:35.685464');
/*!40000 ALTER TABLE `django_session` ENABLE KEYS */;
UNLOCK TABLES;

--
-- Table structure for table `equipo_areaequipo`
--

DROP TABLE IF EXISTS `equipo_areaequipo`;
/*!40101 SET @saved_cs_client     = @@character_set_client */;
/*!40101 SET character_set_client = utf8 */;
CREATE TABLE `equipo_areaequipo` (
  `id` bigint(20) NOT NULL AUTO_INCREMENT,
  `nombre` varchar(255) NOT NULL,
  `created` datetime(6) NOT NULL,
  `updated` datetime(6) NOT NULL,
  `lugar_id` bigint(20) DEFAULT NULL,
  PRIMARY KEY (`id`),
  UNIQUE KEY `nombre` (`nombre`),
  KEY `equipo_areaequipo_lugar_id_4d98739e_fk_inventario_bodega_id` (`lugar_id`),
  CONSTRAINT `equipo_areaequipo_lugar_id_4d98739e_fk_inventario_bodega_id` FOREIGN KEY (`lugar_id`) REFERENCES `inventario_bodega` (`id`)
) ENGINE=InnoDB AUTO_INCREMENT=9 DEFAULT CHARSET=latin1;
/*!40101 SET character_set_client = @saved_cs_client */;

--
-- Dumping data for table `equipo_areaequipo`
--

LOCK TABLES `equipo_areaequipo` WRITE;
/*!40000 ALTER TABLE `equipo_areaequipo` DISABLE KEYS */;
INSERT INTO `equipo_areaequipo` VALUES (6,'Sala de proceso- Yogurt','2021-09-22 12:28:58.400603','2021-11-23 11:31:45.097890',4),(7,'Sala de quesos','2021-11-18 10:51:32.003369','2021-11-18 10:51:32.005812',4),(8,'Camara de Yogurt','2021-11-23 11:35:00.187184','2021-11-23 11:35:00.190589',4);
/*!40000 ALTER TABLE `equipo_areaequipo` ENABLE KEYS */;
UNLOCK TABLES;

--
-- Table structure for table `equipo_equipo`
--

DROP TABLE IF EXISTS `equipo_equipo`;
/*!40101 SET @saved_cs_client     = @@character_set_client */;
/*!40101 SET character_set_client = utf8 */;
CREATE TABLE `equipo_equipo` (
  `id` bigint(20) NOT NULL AUTO_INCREMENT,
  `nombre` varchar(255) NOT NULL,
  `created` datetime(6) NOT NULL,
  `updated` datetime(6) NOT NULL,
  `area_id` bigint(20) DEFAULT NULL,
  PRIMARY KEY (`id`),
  KEY `equipo_equipo_area_id_f99ccdad_fk_equipo_areaequipo_id` (`area_id`),
  CONSTRAINT `equipo_equipo_area_id_f99ccdad_fk_equipo_areaequipo_id` FOREIGN KEY (`area_id`) REFERENCES `equipo_areaequipo` (`id`)
) ENGINE=InnoDB AUTO_INCREMENT=9 DEFAULT CHARSET=latin1;
/*!40101 SET character_set_client = @saved_cs_client */;

--
-- Dumping data for table `equipo_equipo`
--

LOCK TABLES `equipo_equipo` WRITE;
/*!40000 ALTER TABLE `equipo_equipo` DISABLE KEYS */;
INSERT INTO `equipo_equipo` VALUES (4,'Tanque de yogurt','2021-09-22 12:29:52.830105','2021-09-22 12:29:52.838386',6),(5,'DOSIFICADORA DE YOGURT-SALSAS','2021-11-18 10:56:04.315709','2021-11-23 11:35:14.363831',8),(6,'PASTEURIZADOR','2021-11-18 10:56:26.903251','2021-11-18 10:56:26.905434',7),(7,'TINA DE QUESO','2021-11-18 10:56:36.208845','2021-11-18 10:56:36.213198',7),(8,'SELLADORA-MULTIVAC','2021-11-18 10:56:51.680837','2021-11-23 11:35:07.264187',8);
/*!40000 ALTER TABLE `equipo_equipo` ENABLE KEYS */;
UNLOCK TABLES;

--
-- Table structure for table `estado_conjuntoestado`
--

DROP TABLE IF EXISTS `estado_conjuntoestado`;
/*!40101 SET @saved_cs_client     = @@character_set_client */;
/*!40101 SET character_set_client = utf8 */;
CREATE TABLE `estado_conjuntoestado` (
  `id` bigint(20) NOT NULL AUTO_INCREMENT,
  `nombre` varchar(255) NOT NULL,
  `created` datetime(6) NOT NULL,
  `updated` datetime(6) NOT NULL,
  PRIMARY KEY (`id`)
) ENGINE=InnoDB AUTO_INCREMENT=3 DEFAULT CHARSET=utf8;
/*!40101 SET character_set_client = @saved_cs_client */;

--
-- Dumping data for table `estado_conjuntoestado`
--

LOCK TABLES `estado_conjuntoestado` WRITE;
/*!40000 ALTER TABLE `estado_conjuntoestado` DISABLE KEYS */;
INSERT INTO `estado_conjuntoestado` VALUES (1,'Queso de Cabra','2021-11-29 11:14:40.688125','2022-01-13 18:06:01.799175'),(2,'PROVOLETA PIP','2021-12-08 09:22:07.612374','2021-12-08 09:22:53.037399');
/*!40000 ALTER TABLE `estado_conjuntoestado` ENABLE KEYS */;
UNLOCK TABLES;

--
-- Table structure for table `estado_estado`
--

DROP TABLE IF EXISTS `estado_estado`;
/*!40101 SET @saved_cs_client     = @@character_set_client */;
/*!40101 SET character_set_client = utf8 */;
CREATE TABLE `estado_estado` (
  `id` bigint(20) NOT NULL AUTO_INCREMENT,
  `nombre` varchar(255) NOT NULL,
  `created` datetime(6) NOT NULL,
  `updated` datetime(6) NOT NULL,
  `peso` tinyint(1) NOT NULL,
  `uc` tinyint(1) NOT NULL,
  `uff` tinyint(1) NOT NULL,
  `unc` tinyint(1) NOT NULL,
  PRIMARY KEY (`id`)
) ENGINE=InnoDB AUTO_INCREMENT=3 DEFAULT CHARSET=utf8;
/*!40101 SET character_set_client = @saved_cs_client */;

--
-- Dumping data for table `estado_estado`
--

LOCK TABLES `estado_estado` WRITE;
/*!40000 ALTER TABLE `estado_estado` DISABLE KEYS */;
INSERT INTO `estado_estado` VALUES (1,'Ingresar a Maduración','2021-11-29 11:17:36.989004','2021-12-06 15:36:49.873160',0,0,0,0),(2,'Sacar de Maduración','2021-11-29 11:17:46.061359','2021-12-08 09:21:17.663357',1,1,1,1);
/*!40000 ALTER TABLE `estado_estado` ENABLE KEYS */;
UNLOCK TABLES;

--
-- Table structure for table `estado_estadoconjunto`
--

DROP TABLE IF EXISTS `estado_estadoconjunto`;
/*!40101 SET @saved_cs_client     = @@character_set_client */;
/*!40101 SET character_set_client = utf8 */;
CREATE TABLE `estado_estadoconjunto` (
  `id` bigint(20) NOT NULL AUTO_INCREMENT,
  `pos` int(11) NOT NULL,
  `conjunto_id` bigint(20) NOT NULL,
  `estado_id` bigint(20) NOT NULL,
  PRIMARY KEY (`id`),
  UNIQUE KEY `estado_estadoconjunto_conjunto_id_estado_id_1019b308_uniq` (`conjunto_id`,`estado_id`),
  KEY `estado_estadoconjunto_estado_id_94fc26e3_fk_estado_estado_id` (`estado_id`),
  CONSTRAINT `estado_estadoconjunt_conjunto_id_097fbfc0_fk_estado_co` FOREIGN KEY (`conjunto_id`) REFERENCES `estado_conjuntoestado` (`id`),
  CONSTRAINT `estado_estadoconjunto_estado_id_94fc26e3_fk_estado_estado_id` FOREIGN KEY (`estado_id`) REFERENCES `estado_estado` (`id`)
) ENGINE=InnoDB AUTO_INCREMENT=5 DEFAULT CHARSET=utf8;
/*!40101 SET character_set_client = @saved_cs_client */;

--
-- Dumping data for table `estado_estadoconjunto`
--

LOCK TABLES `estado_estadoconjunto` WRITE;
/*!40000 ALTER TABLE `estado_estadoconjunto` DISABLE KEYS */;
INSERT INTO `estado_estadoconjunto` VALUES (1,0,1,1),(2,1,1,2),(3,0,2,1),(4,1,2,2);
/*!40000 ALTER TABLE `estado_estadoconjunto` ENABLE KEYS */;
UNLOCK TABLES;

--
-- Table structure for table `estado_estadoinsumo`
--

DROP TABLE IF EXISTS `estado_estadoinsumo`;
/*!40101 SET @saved_cs_client     = @@character_set_client */;
/*!40101 SET character_set_client = utf8 */;
CREATE TABLE `estado_estadoinsumo` (
  `id` bigint(20) NOT NULL AUTO_INCREMENT,
  `created` datetime(6) NOT NULL,
  `updated` datetime(6) NOT NULL,
  `estado_id` bigint(20) NOT NULL,
  `insumo_id` bigint(20) NOT NULL,
  PRIMARY KEY (`id`),
  UNIQUE KEY `estado_estadoinsumo_estado_id_insumo_id_452406af_uniq` (`estado_id`,`insumo_id`),
  KEY `estado_estadoinsumo_insumo_id_91317642_fk_nucleo_insumo_id` (`insumo_id`),
  CONSTRAINT `estado_estadoinsumo_estado_id_4ae85a71_fk_estado_estado_id` FOREIGN KEY (`estado_id`) REFERENCES `estado_estado` (`id`),
  CONSTRAINT `estado_estadoinsumo_insumo_id_91317642_fk_nucleo_insumo_id` FOREIGN KEY (`insumo_id`) REFERENCES `nucleo_insumo` (`id`)
) ENGINE=InnoDB DEFAULT CHARSET=utf8;
/*!40101 SET character_set_client = @saved_cs_client */;

--
-- Dumping data for table `estado_estadoinsumo`
--

LOCK TABLES `estado_estadoinsumo` WRITE;
/*!40000 ALTER TABLE `estado_estadoinsumo` DISABLE KEYS */;
/*!40000 ALTER TABLE `estado_estadoinsumo` ENABLE KEYS */;
UNLOCK TABLES;

--
-- Table structure for table `estado_estadoproducto`
--

DROP TABLE IF EXISTS `estado_estadoproducto`;
/*!40101 SET @saved_cs_client     = @@character_set_client */;
/*!40101 SET character_set_client = utf8 */;
CREATE TABLE `estado_estadoproducto` (
  `id` bigint(20) NOT NULL AUTO_INCREMENT,
  `created` datetime(6) NOT NULL,
  `updated` datetime(6) NOT NULL,
  `estado_id` bigint(20) NOT NULL,
  `producto_id` bigint(20) NOT NULL,
  PRIMARY KEY (`id`),
  UNIQUE KEY `estado_estadoproducto_estado_id_producto_id_06c32c0d_uniq` (`estado_id`,`producto_id`),
  KEY `estado_estadoproducto_producto_id_c809d503_fk_nucleo_producto_id` (`producto_id`),
  CONSTRAINT `estado_estadoproducto_estado_id_e2eea755_fk_estado_estado_id` FOREIGN KEY (`estado_id`) REFERENCES `estado_estado` (`id`),
  CONSTRAINT `estado_estadoproducto_producto_id_c809d503_fk_nucleo_producto_id` FOREIGN KEY (`producto_id`) REFERENCES `nucleo_producto` (`id`)
) ENGINE=InnoDB DEFAULT CHARSET=utf8;
/*!40101 SET character_set_client = @saved_cs_client */;

--
-- Dumping data for table `estado_estadoproducto`
--

LOCK TABLES `estado_estadoproducto` WRITE;
/*!40000 ALTER TABLE `estado_estadoproducto` DISABLE KEYS */;
/*!40000 ALTER TABLE `estado_estadoproducto` ENABLE KEYS */;
UNLOCK TABLES;

--
-- Table structure for table `inventario_bodega`
--

DROP TABLE IF EXISTS `inventario_bodega`;
/*!40101 SET @saved_cs_client     = @@character_set_client */;
/*!40101 SET character_set_client = utf8 */;
CREATE TABLE `inventario_bodega` (
  `id` bigint(20) NOT NULL AUTO_INCREMENT,
  `nombre` varchar(255) NOT NULL,
  `created` datetime(6) NOT NULL,
  `updated` datetime(6) NOT NULL,
  PRIMARY KEY (`id`),
  UNIQUE KEY `nombre` (`nombre`)
) ENGINE=InnoDB AUTO_INCREMENT=5 DEFAULT CHARSET=latin1;
/*!40101 SET character_set_client = @saved_cs_client */;

--
-- Dumping data for table `inventario_bodega`
--

LOCK TABLES `inventario_bodega` WRITE;
/*!40000 ALTER TABLE `inventario_bodega` DISABLE KEYS */;
INSERT INTO `inventario_bodega` VALUES (2,'San Felipe','2021-09-01 15:16:59.530687','2021-12-21 20:34:47.166814'),(3,'Santiago','2021-09-07 10:00:33.450011','2021-12-21 20:34:42.306507'),(4,'Valdivia','2021-09-09 15:44:21.678512','2021-12-21 20:34:35.894715');
/*!40000 ALTER TABLE `inventario_bodega` ENABLE KEYS */;
UNLOCK TABLES;

--
-- Table structure for table `inventario_historialbodega`
--

DROP TABLE IF EXISTS `inventario_historialbodega`;
/*!40101 SET @saved_cs_client     = @@character_set_client */;
/*!40101 SET character_set_client = utf8 */;
CREATE TABLE `inventario_historialbodega` (
  `id` bigint(20) NOT NULL AUTO_INCREMENT,
  `fecha` datetime(6) NOT NULL,
  `bodega_id` bigint(20) NOT NULL,
  `manual` tinyint(1) NOT NULL,
  PRIMARY KEY (`id`),
  KEY `inventario_historial_bodega_id_dfbe8d01_fk_inventari` (`bodega_id`),
  CONSTRAINT `inventario_historial_bodega_id_dfbe8d01_fk_inventari` FOREIGN KEY (`bodega_id`) REFERENCES `inventario_bodega` (`id`)
) ENGINE=InnoDB DEFAULT CHARSET=utf8;
/*!40101 SET character_set_client = @saved_cs_client */;

--
-- Dumping data for table `inventario_historialbodega`
--

LOCK TABLES `inventario_historialbodega` WRITE;
/*!40000 ALTER TABLE `inventario_historialbodega` DISABLE KEYS */;
/*!40000 ALTER TABLE `inventario_historialbodega` ENABLE KEYS */;
UNLOCK TABLES;

--
-- Table structure for table `inventario_historialbodegainsumo`
--

DROP TABLE IF EXISTS `inventario_historialbodegainsumo`;
/*!40101 SET @saved_cs_client     = @@character_set_client */;
/*!40101 SET character_set_client = utf8 */;
CREATE TABLE `inventario_historialbodegainsumo` (
  `id` bigint(20) NOT NULL AUTO_INCREMENT,
  `cantidad` bigint(20) NOT NULL,
  `precio` double NOT NULL,
  `insumo_id` bigint(20) NOT NULL,
  `historialbodega_id` bigint(20) DEFAULT NULL,
  PRIMARY KEY (`id`),
  KEY `inventario_historial_insumo_id_36b2f772_fk_nucleo_in` (`insumo_id`),
  KEY `inventario_historial_historialbodega_id_f7db39be_fk_inventari` (`historialbodega_id`),
  CONSTRAINT `inventario_historial_historialbodega_id_f7db39be_fk_inventari` FOREIGN KEY (`historialbodega_id`) REFERENCES `inventario_historialbodega` (`id`),
  CONSTRAINT `inventario_historial_insumo_id_36b2f772_fk_nucleo_in` FOREIGN KEY (`insumo_id`) REFERENCES `nucleo_insumo` (`id`)
) ENGINE=InnoDB DEFAULT CHARSET=utf8;
/*!40101 SET character_set_client = @saved_cs_client */;

--
-- Dumping data for table `inventario_historialbodegainsumo`
--

LOCK TABLES `inventario_historialbodegainsumo` WRITE;
/*!40000 ALTER TABLE `inventario_historialbodegainsumo` DISABLE KEYS */;
/*!40000 ALTER TABLE `inventario_historialbodegainsumo` ENABLE KEYS */;
UNLOCK TABLES;

--
-- Table structure for table `inventario_historialbodegaproducto`
--

DROP TABLE IF EXISTS `inventario_historialbodegaproducto`;
/*!40101 SET @saved_cs_client     = @@character_set_client */;
/*!40101 SET character_set_client = utf8 */;
CREATE TABLE `inventario_historialbodegaproducto` (
  `id` bigint(20) NOT NULL AUTO_INCREMENT,
  `cantidad` bigint(20) NOT NULL,
  `precio` double NOT NULL,
  `producto_id` bigint(20) NOT NULL,
  `historialbodega_id` bigint(20) DEFAULT NULL,
  PRIMARY KEY (`id`),
  KEY `inventario_historial_producto_id_8cca1c30_fk_nucleo_pr` (`producto_id`),
  KEY `inventario_historial_historialbodega_id_04bf7138_fk_inventari` (`historialbodega_id`),
  CONSTRAINT `inventario_historial_historialbodega_id_04bf7138_fk_inventari` FOREIGN KEY (`historialbodega_id`) REFERENCES `inventario_historialbodega` (`id`),
  CONSTRAINT `inventario_historial_producto_id_8cca1c30_fk_nucleo_pr` FOREIGN KEY (`producto_id`) REFERENCES `nucleo_producto` (`id`)
) ENGINE=InnoDB DEFAULT CHARSET=utf8;
/*!40101 SET character_set_client = @saved_cs_client */;

--
-- Dumping data for table `inventario_historialbodegaproducto`
--

LOCK TABLES `inventario_historialbodegaproducto` WRITE;
/*!40000 ALTER TABLE `inventario_historialbodegaproducto` DISABLE KEYS */;
/*!40000 ALTER TABLE `inventario_historialbodegaproducto` ENABLE KEYS */;
UNLOCK TABLES;

--
-- Table structure for table `inventario_insumobulto`
--

DROP TABLE IF EXISTS `inventario_insumobulto`;
/*!40101 SET @saved_cs_client     = @@character_set_client */;
/*!40101 SET character_set_client = utf8 */;
CREATE TABLE `inventario_insumobulto` (
  `id` bigint(20) NOT NULL AUTO_INCREMENT,
  `cantidad` double NOT NULL,
  `numero` int(11) NOT NULL,
  `bodega_id` bigint(20) DEFAULT NULL,
  `insumo_id` bigint(20) DEFAULT NULL,
  `ordendecompra_id` bigint(20) DEFAULT NULL,
  `formato` double NOT NULL,
  `lotep` varchar(255) NOT NULL,
  `cantidadu` double NOT NULL,
  `formatoo` double NOT NULL,
  PRIMARY KEY (`id`),
  KEY `inventario_insumobul_bodega_id_f763d190_fk_inventari` (`bodega_id`),
  KEY `inventario_insumobulto_insumo_id_c23bd869_fk_nucleo_insumo_id` (`insumo_id`),
  KEY `inventario_insumobul_ordendecompra_id_d398c2cd_fk_ordendeco` (`ordendecompra_id`),
  CONSTRAINT `inventario_insumobul_bodega_id_f763d190_fk_inventari` FOREIGN KEY (`bodega_id`) REFERENCES `inventario_bodega` (`id`),
  CONSTRAINT `inventario_insumobul_ordendecompra_id_d398c2cd_fk_ordendeco` FOREIGN KEY (`ordendecompra_id`) REFERENCES `ordendecompra_ordendecompra` (`id`),
  CONSTRAINT `inventario_insumobulto_insumo_id_c23bd869_fk_nucleo_insumo_id` FOREIGN KEY (`insumo_id`) REFERENCES `nucleo_insumo` (`id`)
) ENGINE=InnoDB AUTO_INCREMENT=285105 DEFAULT CHARSET=utf8;
/*!40101 SET character_set_client = @saved_cs_client */;

--
-- Dumping data for table `inventario_insumobulto`
--

LOCK TABLES `inventario_insumobulto` WRITE;
/*!40000 ALTER TABLE `inventario_insumobulto` DISABLE KEYS */;
INSERT INTO `inventario_insumobulto` VALUES (133,4,1,3,22,22,1,'',0,1),(134,2,4,3,21,22,1,'',0,1),(135,1,5,3,21,22,25,'',0,1),(136,1,6,3,21,22,25,'',0,1),(137,1,7,3,21,22,25,'',0,1),(138,1,8,3,21,22,25,'',0,1),(139,15,1,4,47,26,1,'',0,1),(140,25,1,4,24,17,1,'',0,1),(141,4,1,NULL,98,32,1,'',0,1),(142,1,1,NULL,115,32,1,'',0,1),(143,20,1,NULL,11,32,1,'',0,1),(144,4000,1,2,6,5,1,'',0,1),(145,4000,2,2,6,5,1,'',0,1),(146,4000,3,3,6,5,1,'',0,1),(147,4000,4,3,6,5,1,'',0,1),(148,4000,5,2,6,5,1,'',0,1),(149,100,1,3,NULL,20,1,'12',0,1),(150,100,2,3,NULL,20,1,'12',0,1),(151,100,3,3,NULL,20,1,'12',0,1),(152,100,4,3,NULL,20,1,'2',0,1),(153,100,5,3,NULL,20,1,'2',0,1),(154,100,6,3,NULL,20,1,'2',0,1),(155,100,7,3,NULL,20,1,'2',0,1),(156,100,8,3,NULL,20,1,'2',0,1),(157,100,9,3,NULL,20,1,'2',0,1),(158,100,10,3,NULL,20,1,'2',0,1),(159,100,11,3,NULL,20,1,'2',0,1),(160,100,12,3,NULL,20,1,'21',0,1),(161,100,13,3,NULL,20,1,'5',0,1),(162,100,14,3,NULL,20,1,'11',0,1),(163,100,15,3,NULL,20,1,'2',0,1),(164,100,16,3,NULL,20,1,'13',0,1),(165,100,17,3,NULL,20,1,'5',0,1),(166,100,18,3,NULL,20,1,'854',0,1),(167,100,19,3,NULL,20,1,'84',0,1),(168,100,20,3,NULL,20,1,'5',0,1),(169,1,1,3,125,45,1,'SANTIAGO',0,1),(170,1,2,2,125,45,1,'SAN FELIPE',0,1),(171,1,3,NULL,125,45,1,'VALDIVIA',0,1),(172,1,4,NULL,125,45,1,'VALDIVIA',0,1),(173,1,1,3,128,50,0,'SAN FELIPE',0,1),(174,1,1,4,127,48,1,'',0,1),(175,6,1,4,126,48,1,'',0,1),(176,1,1,4,17,41,660,'207622',0,1),(177,1,2,NULL,17,41,660,'207622',0,1),(178,1,3,NULL,17,41,660,'207622',0,1),(179,1,4,4,17,41,660,'207622',0,1),(180,1,5,4,17,41,660,'207622',0,1),(181,1,6,4,17,41,660,'207622',0,1),(182,1,7,NULL,17,41,660,'207622',0,1),(183,1,8,NULL,17,41,660,'207622',0,1),(184,1,9,4,17,41,660,'',0,1),(185,1,10,4,17,41,660,'',0,1),(186,1,11,NULL,17,41,660,'207622',0,1),(187,1,12,4,17,41,660,'207622',0,1),(188,1,13,3,17,41,660,'207622',0,1),(189,1,14,3,17,41,660,'207622',0,1),(190,1,15,NULL,17,41,660,'207622',0,1),(191,1,16,NULL,17,41,660,'207622',0,1),(192,1,17,3,17,41,660,'207622',0,1),(193,1,18,3,17,41,660,'207622',0,1),(194,1,19,3,17,41,660,'207622',0,1),(195,1,20,3,17,41,660,'207622',0,1),(196,1,1,3,122,43,1,'',0,1),(197,1200,21,3,17,14,1,'',0,1),(198,1200,22,3,17,14,1,'',0,1),(199,1200,23,3,17,14,1,'',0,1),(200,1200,24,3,17,14,1,'',0,1),(201,1200,25,3,17,14,1,'',0,1),(202,1200,26,4,17,14,1,'',0,1),(203,1200,27,4,17,14,1,'',0,1),(204,1200,28,4,17,14,1,'',0,1),(205,1200,29,4,17,14,1,'',0,1),(206,1200,30,4,17,14,1,'',0,1),(207,1200,31,3,17,14,1,'',0,1),(208,1200,32,3,17,14,1,'',0,1),(209,1200,33,3,17,14,1,'',0,1),(210,1200,34,4,17,14,1,'',0,1),(211,1200,35,3,17,14,1,'',0,1),(212,1200,36,4,17,14,1,'',0,1),(213,1200,37,3,17,14,1,'',0,1),(214,1200,38,3,17,14,1,'',0,1),(215,1200,39,3,17,14,1,'',0,1),(216,1200,40,4,17,14,1,'',0,1),(217,1200,41,4,17,14,1,'',0,1),(218,1200,42,3,17,14,1,'',0,1),(219,1200,43,3,17,14,1,'',0,1),(220,1200,44,3,17,14,1,'',0,1),(221,1200,45,3,17,14,1,'',0,1),(222,1200,46,3,17,14,1,'',0,1),(223,1200,47,4,17,14,1,'',0,1),(224,1200,48,3,17,14,1,'',0,1),(225,1200,49,4,17,14,1,'',0,1),(226,1200,50,4,17,14,1,'',0,1),(229,10,1,NULL,133,53,1,'3122101',0,1),(230,10,2,NULL,133,53,1,'3122101',0,1),(242,1,1,4,142,58,1,'',0,1),(243,625,1,4,129,59,1,'',0,1),(244,25,9,4,21,60,1,'109087',0,1),(245,625,2,4,129,61,1,'',0,1),(246,10,1,4,40,62,1,'',0,1),(247,1,1,4,76,63,1,'',0,1),(248,400,1,4,57,64,1,'',0,1),(251,25,3,4,98,66,1,'Santi23',0,1),(252,25,10,4,21,67,1,'434',0,1),(253,25,11,4,21,67,1,'7378',0,1),(254,25,12,4,21,67,1,'12',0,1),(255,25,13,4,21,67,1,'89',0,1),(256,25,14,4,21,67,1,'76839',0,1),(257,5,2,4,76,68,1,'3481',0,1),(258,10000,3,4,129,69,1,'',0,1),(259,16,2,3,142,70,1,'',0,1),(260,25,1,NULL,99,36,1,'',0,1),(261,25,2,NULL,99,36,1,'',0,1),(262,25,3,NULL,99,36,1,'',0,1),(263,25,4,NULL,99,36,1,'',0,1),(264,25,5,NULL,99,36,1,'',0,1),(265,25,6,NULL,99,36,1,'',0,1),(266,25,7,NULL,99,36,1,'',0,1),(267,25,8,NULL,99,36,1,'',0,1),(268,25,9,NULL,99,36,1,'',0,1),(269,25,10,NULL,99,36,1,'',0,1),(270,25,11,NULL,99,36,1,'',0,1),(271,25,12,NULL,99,36,1,'',0,1),(272,25,13,NULL,99,36,1,'',0,1),(273,25,14,NULL,99,36,1,'',0,1),(274,25,15,NULL,99,36,1,'',0,1),(275,25,16,NULL,99,36,1,'',0,1),(276,25,17,NULL,99,36,1,'',0,1),(277,25,18,NULL,99,36,1,'',0,1),(278,25,19,NULL,99,36,1,'',0,1),(279,25,20,NULL,99,36,1,'',0,1),(280,25,21,NULL,99,36,1,'',0,1),(281,25,22,NULL,99,36,1,'',0,1),(282,25,23,NULL,99,36,1,'',0,1),(283,25,24,3,99,36,1,'',0,1),(284,25,25,4,99,36,1,'',0,1),(285,25,26,NULL,99,36,1,'',0,1),(286,25,27,4,99,36,1,'',0,1),(287,25,28,3,99,36,1,'',0,1),(288,25,29,4,99,36,1,'',0,1),(289,25,30,3,99,36,1,'',0,1),(290,25,31,3,99,36,1,'',0,1),(291,25,32,4,99,36,1,'',0,1),(292,25,33,4,99,36,1,'',0,1),(293,25,34,4,99,36,1,'',0,1),(294,25,35,4,99,36,1,'',0,1),(295,25,36,4,99,36,1,'',0,1),(296,25,37,3,99,36,1,'',0,1),(297,25,38,4,99,36,1,'',0,1),(298,25,39,4,99,36,1,'',0,1),(299,25,40,4,99,36,1,'',0,1),(300,25,1,NULL,72,33,1,'GELY82090061 ',0,1),(301,25,2,3,72,33,1,'GELY82090061 ',0,1),(302,25,3,3,72,33,1,'GELY82090061 ',0,1),(303,25,1,NULL,111,34,1,'0001804539',0,1),(304,25,2,4,111,34,1,'0001804539',0,1),(305,25,3,4,111,34,1,'0001804539',0,1),(306,25,4,NULL,111,34,1,'0001804539',0,1),(307,25,1,4,110,34,1,'AGT-M29581',0,1),(308,25,2,3,110,34,1,'AGT-M29581',0,1),(309,25,3,3,110,34,1,'AGT-M28207',0,1),(310,28800,1,3,138,56,1,'',0,1),(311,10320,1,NULL,137,56,1,'',0,1),(312,4275,1,3,136,56,1,'',0,1),(313,1425,2,3,136,56,1,'',0,1),(323,16,7,4,25,74,1,'',0,1),(324,16,8,4,25,74,1,'',0,1),(325,16,9,4,25,74,1,'',0,1),(326,16,10,4,25,74,1,'',0,1),(327,16,11,4,25,74,1,'',0,1),(328,16,12,4,25,74,1,'',0,1),(329,2,4,2,26,74,1,'',0,1),(330,2,5,3,26,74,1,'',0,1),(331,2,6,2,26,74,1,'',0,1),(332,1500,1,3,121,40,1,'',0,1),(333,1500,2,3,121,40,1,'',0,1),(334,1320,3,NULL,121,40,1,'',0,1),(335,3,1,4,59,77,1,'4113856220',0,1),(336,8,1,4,48,77,1,'4413949513',0,1),(337,8,1,4,46,77,1,'4413875644',0,1),(338,25,1,3,150,80,1,'',0,25),(339,25,15,4,21,81,1,'121',0,1),(340,25,16,3,21,81,1,'121',0,1),(341,25,17,4,21,81,1,'121',0,1),(342,25,18,3,21,81,1,'121',0,1),(343,25,19,4,21,81,1,'121',0,1),(344,25,20,4,21,81,1,'121',0,1),(345,25,21,NULL,21,81,1,'121',0,1),(346,25,22,NULL,21,81,1,'121',0,1),(347,1000,1,4,151,82,1,'',0,1),(348,1000,1,4,153,82,1,'',0,1),(149159,10000,1,4,102,85,1,'',0,1),(149164,10000,1,4,101,85,1,'',0,1),(149169,10000,1,4,97,85,1,'',0,1),(149175,10000,1,4,94,85,1,'',0,1),(149181,10000,1,4,93,85,1,'',0,1),(149187,10000,1,4,92,85,1,'',0,1),(149192,10000,1,4,91,85,1,'',0,1),(149198,10000,1,4,90,85,1,'',0,1),(149204,10000,1,4,89,85,1,'',0,1),(149210,10000,1,4,88,85,1,'',0,1),(149215,10000,1,4,87,85,1,'',0,1),(149221,10000,1,4,81,85,1,'',0,1),(149227,10000,1,4,79,85,1,'',0,1),(149233,10000,1,4,78,85,1,'',0,1),(149240,10000,1,4,77,85,1,'',0,1),(149245,10000,1,4,75,85,1,'',0,1),(149251,10000,1,4,66,85,1,'',0,1),(149257,10000,1,4,65,85,1,'',0,1),(149263,10000,1,4,64,85,1,'',0,1),(149269,10000,1,4,63,85,1,'',0,1),(149274,10000,1,4,62,85,1,'',0,1),(149280,10000,1,4,61,85,1,'',0,1),(149287,10000,1,4,60,85,1,'',0,1),(149292,10000,1,4,58,85,1,'',0,1),(149297,10000,2,4,57,85,1,'',0,1),(149303,10000,1,4,56,85,1,'',0,1),(149310,10000,1,4,55,85,1,'',0,1),(149315,10000,1,4,54,85,1,'',0,1),(149321,10000,1,4,53,85,1,'',0,1),(149326,10000,1,4,52,85,1,'',0,1),(149331,10000,1,4,51,85,1,'',0,1),(149336,10000,1,4,49,85,1,'',0,1),(256559,0,1,4,67,86,1,'',0,12665),(256561,0,2,4,67,86,1,'',0,12665),(256564,0,3,4,67,86,1,'',0,12665),(284445,48,1,3,148,78,1,'',0,1),(284446,48,2,4,148,78,1,'',0,1),(284447,12,3,3,148,78,1,'',0,1),(284448,6,1,3,147,78,1,'',0,1),(284449,6,2,4,147,78,1,'',0,1),(284450,4,3,4,76,76,1,'L3601061',0,1),(284451,12,1,4,39,76,1,'L3580712',0,1),(284452,12,1,4,37,76,1,'L3593558',0,1),(284455,1000,2,3,144,88,1,'',0,1),(284456,10000,3,4,144,89,1,'',0,1),(284457,1000,1,4,28,90,1,'',0,1),(284458,1000,1,4,29,90,1,'',0,1),(284459,25,1,4,112,91,1,'',0,25),(284460,25,5,4,111,91,1,'',0,25),(284461,25,4,4,110,91,1,'',0,25),(284462,5000,1,4,44,92,1,'145',0,1),(284463,5000,2,4,44,92,1,'136',0,1),(284464,5000,1,4,41,92,1,'678',0,1),(284465,5000,2,4,41,92,1,'556',0,1),(284466,21600,1,4,50,94,1,'',0,540),(284467,5000,1,4,100,95,1,'121',0,25),(284468,5000,2,4,100,95,1,'1454',0,25),(284471,25800,2,4,137,97,1,'678',0,860),(284472,25800,3,4,137,97,1,'346',0,860),(284477,16200,2,4,50,99,1,'17689',0,540),(284478,16200,3,4,50,99,1,'87580',0,540),(284479,25,3,2,100,101,1,'',0,1),(284480,25,4,3,100,101,1,'',0,1),(284481,25,5,2,100,101,1,'',0,1),(284482,25,6,3,100,101,1,'',0,1),(284483,25,7,4,100,101,1,'',0,1),(284484,25,8,2,100,101,1,'',0,1),(284485,25,9,3,100,101,1,'',0,1),(284486,25,10,2,100,101,1,'',0,1),(284487,25,11,4,100,101,1,'',0,1),(284488,25,12,2,100,101,1,'',0,1),(284489,25,13,3,100,101,1,'',0,1),(284490,25,14,2,100,101,1,'',0,1),(284491,25,15,3,100,101,1,'',0,1),(284492,25,16,2,100,101,1,'',0,1),(284493,25,17,2,100,101,1,'',0,1),(284494,25,18,3,100,101,1,'',0,1),(284495,25,19,2,100,101,1,'',0,1),(284496,25,20,2,100,101,1,'',0,1),(284497,25,21,3,100,101,1,'',0,1),(284498,25,22,3,100,101,1,'',0,1),(284499,25,23,4,100,101,1,'',0,1),(284500,25,24,3,100,101,1,'',0,1),(284501,25,25,3,100,101,1,'',0,1),(284502,25,26,2,100,101,1,'',0,1),(284503,25,27,2,100,101,1,'',0,1),(284504,25,28,2,100,101,1,'',0,1),(284505,25,29,3,100,101,1,'',0,1),(284506,25,30,2,100,101,1,'',0,1),(284507,25,31,4,100,101,1,'',0,1),(284508,25,32,2,100,101,1,'',0,1),(284509,25,33,4,100,101,1,'',0,1),(284510,25,34,2,100,101,1,'',0,1),(284511,25,35,2,100,101,1,'',0,1),(284512,25,36,2,100,101,1,'',0,1),(284513,25,37,3,100,101,1,'',0,1),(284514,25,38,3,100,101,1,'',0,1),(284515,25,39,4,100,101,1,'',0,1),(284516,25,40,3,100,101,1,'',0,1),(284517,25,41,2,100,101,1,'',0,1),(284518,25,42,3,100,101,1,'',0,1),(284519,1,1,2,149,79,1,'27-12-2021',0,1),(284520,25,1,2,157,108,1,'',0,25),(284521,25,2,2,157,108,1,'',0,25),(284522,25,3,2,157,108,1,'',0,25),(284523,25,4,2,157,108,1,'',0,25),(284524,25,5,2,157,108,1,'',0,25),(284525,25,6,2,157,108,1,'',0,25),(284526,25,7,2,157,108,1,'',0,25),(284527,25,8,2,157,108,1,'',0,25),(284528,25,9,2,157,108,1,'',0,25),(284529,25,10,2,157,108,1,'',0,25),(284530,25,11,2,157,108,1,'',0,25),(284531,25,12,2,157,108,1,'',0,25),(284532,25,1,4,69,112,1,'',0,1),(284533,25,2,3,69,112,1,'',0,1),(284534,25,3,4,69,112,1,'',0,1),(284535,25,4,3,69,112,1,'',0,1),(284536,25,5,NULL,69,112,1,'',0,1),(284537,25,6,NULL,69,112,1,'',0,1),(284538,25,7,3,69,112,1,'',0,1),(284539,25,8,3,69,112,1,'',0,1),(284540,25,9,4,69,112,1,'',0,1),(284541,25,10,NULL,69,112,1,'',0,1),(284542,25,11,NULL,69,112,1,'',0,1),(284543,25,12,4,69,112,1,'',0,1),(284544,25,13,3,69,112,1,'',0,1),(284545,25,14,NULL,69,112,1,'',0,1),(284546,25,15,3,69,112,1,'',0,1),(284547,25,16,NULL,69,112,1,'',0,1),(284548,25,17,3,69,112,1,'',0,1),(284549,25,18,3,69,112,1,'',0,1),(284550,25,19,3,69,112,1,'',0,1),(284551,25,20,NULL,69,112,1,'',0,1),(284552,25,41,3,99,112,1,'',0,1),(284553,25,42,NULL,99,112,1,'',0,1),(284554,25,43,4,99,112,1,'',0,1),(284555,25,44,4,99,112,1,'',0,1),(284556,25,45,4,99,112,1,'',0,1),(284557,25,46,4,99,112,1,'',0,1),(284558,25,47,NULL,99,112,1,'',0,1),(284559,25,48,4,99,112,1,'',0,1),(284560,25,49,3,99,112,1,'',0,1),(284561,25,50,4,99,112,1,'',0,1),(284562,25,51,3,99,112,1,'',0,1),(284563,25,52,NULL,99,112,1,'',0,1),(284564,25,53,NULL,99,112,1,'',0,1),(284565,25,54,3,99,112,1,'',0,1),(284566,25,55,3,99,112,1,'',0,1),(284567,25,56,3,99,112,1,'',0,1),(284568,25,57,3,99,112,1,'',0,1),(284569,25,58,4,99,112,1,'',0,1),(284570,25,59,3,99,112,1,'',0,1),(284571,25,60,3,99,112,1,'',0,1),(284572,25,61,NULL,99,112,1,'',0,1),(284573,25,62,3,99,112,1,'',0,1),(284574,25,63,3,99,112,1,'',0,1),(284575,25,64,NULL,99,112,1,'',0,1),(284576,25,65,3,99,112,1,'',0,1),(284577,25,66,NULL,99,112,1,'',0,1),(284578,25,67,4,99,112,1,'',0,1),(284579,25,68,4,99,112,1,'',0,1),(284580,25,69,3,99,112,1,'',0,1),(284581,25,70,3,99,112,1,'',0,1),(284582,25,71,NULL,99,112,1,'',0,1),(284583,25,72,3,99,112,1,'',0,1),(284584,25,73,3,99,112,1,'',0,1),(284585,25,74,3,99,112,1,'',0,1),(284586,25,75,3,99,112,1,'',0,1),(284587,25,76,3,99,112,1,'',0,1),(284588,25,77,3,99,112,1,'',0,1),(284589,25,78,NULL,99,112,1,'',0,1),(284590,25,79,3,99,112,1,'',0,1),(284591,25,80,3,99,112,1,'',0,1),(284592,2000,2,NULL,78,113,1,'',0,1),(284593,3000,3,3,78,113,1,'',0,1),(284594,2000,2,3,77,113,1,'',0,1),(284595,2000,3,NULL,77,113,1,'',0,1),(284596,25,43,3,100,117,1,'30.12.21',0,1),(284597,25,44,3,100,117,1,'30.12.21',0,1),(284598,25,45,3,100,117,1,'30.12.21',0,1),(284599,25,46,3,100,117,1,'30.12.21',0,1),(284600,25,47,3,100,117,1,'30.12.21',0,1),(284601,25,48,3,100,117,1,'30.12.21',0,1),(284602,25,49,3,100,117,1,'30.12.21',0,1),(284603,25,50,3,100,117,1,'30.12.21',0,1),(284604,25,51,3,100,117,1,'30.12.21',0,1),(284605,25,52,3,100,117,1,'30.12.21',0,1),(284606,25,53,3,100,117,1,'30.12.21',0,1),(284607,25,54,3,100,117,1,'',0,1),(284608,25,23,NULL,21,109,1,'',0,1),(284609,25,24,3,21,109,1,'',0,1),(284610,25,25,2,21,109,1,'',0,1),(284611,25,26,3,21,109,1,'',0,1),(284612,25,27,3,21,109,1,'',0,1),(284613,25,28,4,21,109,1,'',0,1),(284614,25,29,4,21,109,1,'',0,1),(284615,25,30,NULL,21,109,1,'',0,1),(284616,25,31,NULL,21,109,1,'',0,1),(284617,10,1,3,156,107,1,'',0,1),(284618,10,2,4,156,107,1,'',0,1),(284619,10,3,4,156,107,1,'',0,1),(284620,10,4,3,156,107,1,'',0,1),(284621,10,5,3,156,107,1,'',0,1),(284622,10,6,3,156,107,1,'',0,1),(284623,10,7,3,156,107,1,'',0,1),(284624,1,1,2,155,102,1,'29.12.21',0,1),(284625,1,2,2,155,102,1,'29.12.21',0,1),(284626,1,3,2,155,102,1,'29.12.21',0,1),(284627,1,4,2,155,102,1,'29.12.21',0,1),(284628,1,5,2,155,102,1,'29.12.21',0,1),(284629,600,2,3,43,118,1,'41639117',0,600),(284630,600,3,3,43,118,1,'41639117',0,600),(284631,600,4,NULL,43,118,1,'41639117',0,600),(284632,600,5,3,43,118,1,'41639117',0,600),(284633,600,6,4,43,118,1,'41639117',0,600),(284634,600,7,4,43,118,1,'41639117',0,600),(284635,600,8,4,43,118,1,'41639117',0,600),(284636,600,9,3,43,118,1,'41639117',0,600),(284637,600,10,NULL,43,118,1,'41639117',0,600),(284638,600,11,NULL,43,118,1,'41639117',0,600),(284639,600,12,3,43,118,1,'41639117',0,600),(284640,600,13,4,43,118,1,'41639117',0,600),(284641,600,14,4,43,118,1,'41639117',0,600),(284642,600,15,3,43,118,1,'41639117',0,600),(284643,600,16,4,43,118,1,'41639117',0,600),(284644,600,17,3,43,118,1,'41639117',0,600),(284645,600,18,4,43,118,1,'41639117',0,600),(284646,600,19,4,43,118,1,'41639117',0,600),(284647,600,20,4,43,118,1,'41639117',0,600),(284648,600,21,4,43,118,1,'41639117',0,600),(284649,600,22,4,43,118,1,'41639117',0,600),(284650,600,23,NULL,43,118,1,'41639117',0,600),(284651,600,24,3,43,118,1,'41639117',0,600),(284652,600,25,4,43,118,1,'41639117',0,600),(284653,600,26,4,43,118,1,'41639117',0,600),(284654,600,27,NULL,43,118,1,'41639117',0,600),(284655,600,28,NULL,43,118,1,'41639117',0,600),(284656,600,29,3,43,118,1,'41639117',0,600),(284657,600,30,3,43,118,1,'41639117',0,600),(284658,600,31,3,43,118,1,'41639117',0,600),(284659,2500,3,2,41,42,1,'380653',0,1),(284660,2500,4,3,41,42,1,'380653',0,1),(284661,2500,5,4,41,42,1,'380653',0,1),(284662,2500,6,3,41,42,1,'380653',0,1),(284663,1000,1,2,108,122,1,'220104jc',0,1),(284664,500,2,2,108,122,1,'220104jc',0,1),(284665,25,55,3,100,123,1,'',0,1),(284666,25,56,3,100,123,1,'',0,1),(284667,25,57,3,100,123,1,'',0,1),(284668,25,58,3,100,123,1,'',0,1),(284669,25,59,NULL,100,123,1,'',0,1),(284670,25,60,3,100,123,1,'',0,1),(284671,25,61,4,100,123,1,'',0,1),(284672,25,62,3,100,123,1,'',0,1),(284673,25,63,NULL,100,123,1,'',0,1),(284674,25,64,NULL,100,123,1,'',0,1),(284675,25,65,NULL,100,123,1,'',0,1),(284676,25,66,NULL,100,123,1,'',0,1),(284677,25,67,NULL,100,123,1,'',0,1),(284678,25,68,4,100,123,1,'',0,1),(284679,25,69,3,100,123,1,'',0,1),(284680,25,70,3,100,123,1,'',0,1),(284681,25,71,3,100,123,1,'',0,1),(284682,25,72,3,100,123,1,'',0,1),(284683,25,73,4,100,123,1,'',0,1),(284684,25,74,4,100,123,1,'',0,1),(284685,25,75,3,100,123,1,'',0,1),(284686,25,76,3,100,123,1,'',0,1),(284687,25,77,3,100,123,1,'',0,1),(284688,25,78,3,100,123,1,'',0,1),(284689,25,79,3,100,123,1,'',0,1),(284690,25,80,3,100,123,1,'',0,1),(284691,25,81,3,100,123,1,'',0,1),(284692,25,82,3,100,123,1,'',0,1),(284693,25,81,3,99,123,1,'',0,1),(284694,25,82,4,99,123,1,'',0,1),(284695,25,83,NULL,99,123,1,'',0,1),(284696,25,84,4,99,123,1,'',0,1),(284697,25,85,4,99,123,1,'',0,1),(284698,25,86,NULL,99,123,1,'',0,1),(284699,25,87,4,99,123,1,'',0,1),(284700,25,88,4,99,123,1,'',0,1),(284701,25,89,4,99,123,1,'',0,1),(284702,25,90,4,99,123,1,'',0,1),(284703,25,91,4,99,123,1,'',0,1),(284704,25,92,NULL,99,123,1,'',0,1),(284705,25,93,3,99,123,1,'',0,1),(284706,25,94,NULL,99,123,1,'',0,1),(284707,25,95,3,99,123,1,'',0,1),(284708,25,96,NULL,99,123,1,'',0,1),(284709,25,97,NULL,99,123,1,'',0,1),(284710,25,98,NULL,99,123,1,'',0,1),(284711,25,99,NULL,99,123,1,'',0,1),(284712,25,100,3,99,123,1,'',0,1),(284713,25,101,NULL,99,123,1,'',0,1),(284714,25,102,4,99,123,1,'',0,1),(284715,25,103,3,99,123,1,'',0,1),(284716,25,104,3,99,123,1,'',0,1),(284717,25,105,NULL,99,123,1,'',0,1),(284718,25,106,3,99,123,1,'',0,1),(284719,25,107,4,99,123,1,'',0,1),(284720,25,108,3,99,123,1,'',0,1),(284721,25,109,NULL,99,123,1,'',0,1),(284722,25,110,NULL,99,123,1,'',0,1),(284723,25,111,4,99,123,1,'',0,1),(284724,25,112,3,99,123,1,'',0,1),(284725,25,113,3,99,123,1,'',0,1),(284726,25,114,3,99,123,1,'',0,1),(284727,25,115,3,99,123,1,'',0,1),(284728,25,116,3,99,123,1,'',0,1),(284729,25,117,3,99,123,1,'',0,1),(284730,25,118,3,99,123,1,'',0,1),(284731,25,119,3,99,123,1,'',0,1),(284732,25,120,NULL,99,123,1,'',0,1),(284733,20,1,2,159,116,1,'ML915',0,1),(284734,20,2,2,159,116,1,'ML915',0,1),(284735,25,1,2,160,116,1,'AL477',0,1),(284736,25,2,2,160,116,1,'AL477',0,1),(284739,500,2,2,153,124,1,'',0,1),(284740,6,4,3,148,114,1,'',0,54),(284741,48,5,3,148,114,1,'',0,54),(284742,6,3,3,147,114,1,'',0,1),(284743,6,4,4,147,114,1,'',0,1),(284744,6,5,3,147,114,1,'',0,1),(284745,6,6,3,147,114,1,'',0,1),(284746,1,1,3,162,128,1,'NA',0,1),(284747,1,2,3,127,128,1,'NA',0,1),(284748,25,32,3,21,130,1,'',0,1),(284749,25,33,3,21,130,1,'',0,1),(284750,25,34,3,21,130,1,'',0,1),(284751,25,35,3,21,130,1,'',0,1),(284752,25,36,3,21,130,1,'',0,1),(284753,25,37,3,21,130,1,'',0,1),(284754,25,38,3,21,130,1,'',0,1),(284755,25,39,4,21,130,1,'',0,1),(284756,25,2,3,22,130,1,'',0,1),(284757,25,3,3,22,130,1,'',0,1),(284758,25,4,3,22,130,1,'',0,1),(284759,25,5,3,22,130,1,'',0,1),(284760,2000,4,3,119,37,1,'',0,1),(284761,2500,5,NULL,119,37,1,'',0,1),(284855,100,2,2,151,125,1,'',0,1),(284856,100,3,3,151,125,1,'',0,1),(284857,100,4,3,151,125,1,'',0,1),(284858,100,5,3,151,125,1,'',0,1),(284859,100,6,3,151,125,1,'',0,1),(284860,100,7,3,151,125,1,'',0,1),(284861,100,8,2,151,125,1,'',0,1),(284862,100,9,3,151,125,1,'',0,1),(284863,100,10,3,151,125,1,'',0,1),(284864,100,11,3,151,125,1,'',0,1),(284865,100,12,3,151,125,1,'',0,1),(284866,100,13,3,151,125,1,'',0,1),(284867,100,14,3,151,125,1,'',0,1),(284868,100,15,3,151,125,1,'',0,1),(284869,100,16,2,151,125,1,'',0,1),(284870,100,17,3,151,125,1,'',0,1),(284871,100,18,3,151,125,1,'',0,1),(284872,100,19,3,151,125,1,'',0,1),(284873,100,20,3,151,125,1,'',0,1),(284874,100,21,3,151,125,1,'',0,1),(284875,100,22,3,151,125,1,'',0,1),(284876,100,23,3,151,125,1,'',0,1),(284877,100,24,3,151,125,1,'',0,1),(284878,100,25,3,151,125,1,'',0,1),(284879,100,26,2,151,125,1,'',0,1),(284880,100,27,3,151,125,1,'',0,1),(284881,100,28,3,151,125,1,'',0,1),(284882,100,29,3,151,125,1,'',0,1),(284883,100,30,3,151,125,1,'',0,1),(284884,100,31,3,151,125,1,'',0,1),(284885,100,32,3,151,125,1,'',0,1),(284886,100,33,3,151,125,1,'',0,1),(284887,100,34,3,151,125,1,'',0,1),(284888,100,35,3,151,125,1,'',0,1),(284889,100,36,2,151,125,1,'',0,1),(284890,100,37,3,151,125,1,'',0,1),(284891,100,38,3,151,125,1,'',0,1),(284892,100,39,3,151,125,1,'',0,1),(284893,100,40,3,151,125,1,'',0,1),(284894,100,41,3,151,125,1,'',0,1),(284895,1300,3,3,153,125,1,'',0,1),(284896,1300,4,3,153,125,1,'',0,1),(284897,1400,5,2,153,125,1,'',0,1),(284898,15,2,2,39,115,1,'L 3580712 v 20042023',0,1),(284899,600,32,3,43,140,1,'41639151',0,1),(284900,600,33,3,43,140,1,'41639151',0,1),(284901,600,34,3,43,140,1,'41639151',0,1),(284902,600,35,3,43,140,1,'41639151',0,1),(284903,600,36,3,43,140,1,'41639151',0,1),(284904,600,37,3,43,140,1,'41639151',0,1),(284905,600,38,3,43,140,1,'41639151',0,1),(284906,600,39,3,43,140,1,'41639151',0,1),(284907,600,40,3,43,140,1,'41639151',0,1),(284908,600,41,3,43,140,1,'41639151',0,1),(284909,600,42,3,43,140,1,'41639151',0,1),(284910,600,43,3,43,140,1,'41639151',0,1),(284911,600,44,3,43,140,1,'41639151',0,1),(284912,600,45,3,43,140,1,'41639151',0,1),(284913,600,46,3,43,140,1,'41639151',0,1),(284914,600,47,3,43,140,1,'41639151',0,1),(284915,600,48,3,43,140,1,'41639151',0,1),(284916,600,49,3,43,140,1,'41639151',0,1),(284917,600,50,3,43,140,1,'41639151',0,1),(284918,600,51,3,43,140,1,'41639151',0,1),(284919,600,52,3,43,140,1,'41639151',0,1),(284920,600,53,3,43,140,1,'41639151',0,1),(284921,600,54,3,43,140,1,'41639151',0,1),(284922,600,55,3,43,140,1,'41639151',0,1),(284923,600,56,3,43,140,1,'41639151',0,1),(284924,600,57,3,43,140,1,'41639151',0,1),(284925,600,58,3,43,140,1,'41639151',0,1),(284926,600,59,3,43,140,1,'41639151',0,1),(284927,600,60,3,43,140,1,'41639151',0,1),(284928,600,61,3,43,140,1,'41639151',0,1),(284929,600,62,3,43,140,1,'41639151',0,1),(284930,600,63,3,43,140,1,'41639151',0,1),(284931,600,64,3,43,140,1,'41639151',0,1),(284932,600,65,3,43,140,1,'41639151',0,1),(284933,600,66,3,43,140,1,'41639151',0,1),(284934,600,67,3,43,140,1,'41639151',0,1),(284935,600,68,3,43,140,1,'41639151',0,1),(284936,600,69,3,43,140,1,'41639151',0,1),(284937,600,70,3,43,140,1,'41639151',0,1),(284938,600,71,3,43,140,1,'41639151',0,1),(284939,600,72,3,43,140,1,'41639151',0,1),(284940,600,73,3,43,140,1,'41639151',0,1),(284941,600,74,3,43,140,1,'41639151',0,1),(284942,600,75,3,43,140,1,'41639151',0,1),(284943,600,76,3,43,140,1,'41639151',0,1),(284944,600,77,3,43,140,1,'41639151',0,1),(284945,600,78,3,43,140,1,'41639151',0,1),(284946,600,79,3,43,140,1,'41639151',0,1),(284947,600,80,3,43,140,1,'41639151',0,1),(284948,600,81,3,43,140,1,'41639151',0,1),(284949,1,1,3,166,139,1,'',0,1),(284950,5160,4,2,137,139,1,'',0,1),(284951,5160,5,3,137,139,1,'',0,1),(284952,25,21,3,69,131,1,'',0,1),(284953,25,22,3,69,131,1,'',0,1),(284954,25,23,3,69,131,1,'',0,1),(284955,25,24,3,69,131,1,'',0,1),(284956,25,25,3,69,131,1,'',0,1),(284957,25,26,3,69,131,1,'',0,1),(284958,25,27,3,69,131,1,'',0,1),(284959,25,28,3,69,131,1,'',0,1),(284960,25,29,3,69,131,1,'',0,1),(284961,25,30,3,69,131,1,'',0,1),(284962,25,31,3,69,131,1,'',0,1),(284963,25,32,3,69,131,1,'',0,1),(284964,25,33,3,69,131,1,'',0,1),(284965,25,34,3,69,131,1,'',0,1),(284966,25,35,3,69,131,1,'',0,1),(284967,25,36,3,69,131,1,'',0,1),(284968,25,37,3,69,131,1,'',0,1),(284969,25,38,3,69,131,1,'',0,1),(284970,25,39,3,69,131,1,'',0,1),(284971,25,40,3,69,131,1,'',0,1),(284972,25,83,3,100,131,1,'',0,1),(284973,25,84,3,100,131,1,'',0,1),(284974,25,85,3,100,131,1,'',0,1),(284975,25,86,3,100,131,1,'',0,1),(284976,25,87,3,100,131,1,'',0,1),(284977,25,88,3,100,131,1,'',0,1),(284978,25,89,3,100,131,1,'',0,1),(284979,25,90,3,100,131,1,'',0,1),(284980,25,91,3,100,131,1,'',0,1),(284981,25,92,3,100,131,1,'',0,1),(284982,25,93,3,100,131,1,'',0,1),(284983,25,94,3,100,131,1,'',0,1),(284984,25,95,3,100,131,1,'',0,1),(284985,25,96,3,100,131,1,'',0,1),(284986,25,97,3,100,131,1,'',0,1),(284987,25,98,3,100,131,1,'',0,1),(284988,25,99,3,100,131,1,'',0,1),(284989,25,100,3,100,131,1,'',0,1),(284990,25,101,3,100,131,1,'',0,1),(284991,25,102,3,100,131,1,'',0,1),(284992,25,103,3,100,131,1,'',0,1),(284993,25,104,3,100,131,1,'',0,1),(284994,25,105,3,100,131,1,'',0,1),(284995,25,106,3,100,131,1,'',0,1),(284996,25,107,3,100,131,1,'',0,1),(284997,25,108,3,100,131,1,'',0,1),(284998,25,109,3,100,131,1,'',0,1),(284999,25,110,3,100,131,1,'',0,1),(285000,25,111,3,100,131,1,'',0,1),(285001,25,112,3,100,131,1,'',0,1),(285002,25,113,3,100,131,1,'',0,1),(285003,25,114,3,100,131,1,'',0,1),(285004,25,115,3,100,131,1,'',0,1),(285005,25,116,3,100,131,1,'',0,1),(285006,25,117,3,100,131,1,'',0,1),(285007,25,118,3,100,131,1,'',0,1),(285008,25,119,3,100,131,1,'',0,1),(285009,25,120,3,100,131,1,'',0,1),(285010,25,121,3,100,131,1,'',0,1),(285011,25,122,3,100,131,1,'',0,1),(285012,10320,1,2,158,144,1,'',0,1),(285013,3000,2,2,102,105,1,'',0,1),(285014,2000,3,3,102,105,1,'',0,1),(285015,3000,2,2,101,105,1,'',0,1),(285016,2000,3,3,101,105,1,'',0,1),(285017,4000,2,2,90,105,1,'',0,1),(285018,1000,3,3,90,105,1,'',0,1),(285019,1000,2,2,60,136,1,'',0,1),(285020,4000,2,NULL,52,136,1,'',0,1),(285021,5000,2,3,49,136,1,'',0,1),(285022,24,1,3,174,149,1,'',0,24),(285023,6,7,3,147,149,1,'FML00190',0,6),(285024,6,8,3,147,149,1,'FML00190',0,6),(285025,6,9,3,147,149,1,'FML00190',0,6),(285026,6,10,3,147,149,1,'FML00190',0,6),(285027,600,1,3,42,150,1,'43930139',0,600),(285028,600,2,3,42,150,1,'43930139',0,600),(285029,600,3,3,42,150,1,'43930139',0,600),(285030,600,4,3,42,150,1,'43930139',0,600),(285031,600,5,3,42,150,1,'43930139',0,600),(285032,600,6,3,42,150,1,'43930139',0,600),(285033,600,7,3,42,150,1,'43930139',0,600),(285034,600,8,3,42,150,1,'43930139',0,600),(285035,600,9,3,42,150,1,'43930139',0,600),(285036,600,10,3,42,150,1,'43930139',0,600),(285037,600,11,3,42,150,1,'43930139',0,600),(285038,600,12,3,42,150,1,'43930139',0,600),(285039,600,13,3,42,150,1,'43930139',0,600),(285040,600,14,3,42,150,1,'43930139',0,600),(285041,600,15,3,42,150,1,'43930139',0,600),(285042,600,16,3,42,150,1,'43930139',0,600),(285043,600,17,3,42,150,1,'43930139',0,600),(285044,600,18,3,42,150,1,'43930139',0,600),(285045,600,19,3,42,150,1,'43930139',0,600),(285046,600,20,3,42,150,1,'43930139',0,600),(285047,600,21,3,42,150,1,'43930139',0,600),(285048,600,22,3,42,150,1,'43930139',0,600),(285049,600,23,3,42,150,1,'43930139',0,600),(285050,600,24,3,42,150,1,'44325148',0,600),(285051,600,25,3,42,150,1,'44325148',0,600),(285052,600,26,3,42,150,1,'44325148',0,600),(285053,600,27,3,42,150,1,'44325148',0,600),(285054,600,28,3,42,150,1,'44325148',0,600),(285055,600,29,3,42,150,1,'44325148',0,600),(285056,600,30,3,42,150,1,'44325148',0,600),(285057,600,31,3,42,150,1,'44325148',0,600),(285058,600,32,3,42,150,1,'44325148',0,600),(285059,600,33,3,42,150,1,'44325148',0,600),(285060,600,34,3,42,150,1,'44325148',0,600),(285061,600,35,3,42,150,1,'44325148',0,600),(285062,600,36,3,42,150,1,'44325148',0,600),(285063,600,37,3,42,150,1,'44325148',0,600),(285064,600,38,3,42,150,1,'44325148',0,600),(285065,600,39,3,42,150,1,'44325148',0,600),(285066,600,40,3,42,150,1,'44325148',0,600),(285067,600,41,3,42,150,1,'44325148',0,600),(285068,600,42,3,42,150,1,'44325148',0,600),(285069,600,43,3,42,150,1,'44325148',0,600),(285070,600,44,3,42,150,1,'44325148',0,600),(285071,600,45,3,42,150,1,'44325148',0,600),(285072,600,46,3,42,150,1,'44325148',0,600),(285073,600,47,3,42,150,1,'44325148',0,600),(285074,600,48,3,42,150,1,'43930138',0,600),(285075,600,49,3,42,150,1,'43930138',0,600),(285076,600,50,3,42,150,1,'43930138',0,600),(285077,600,51,3,42,150,1,'43930138',0,600),(285078,600,52,3,42,150,1,'43930138',0,600),(285079,600,53,3,42,150,1,'43930138',0,600),(285080,600,54,3,42,150,1,'43930138',0,600),(285081,600,55,3,42,150,1,'43930138',0,600),(285082,600,56,3,42,150,1,'43930138',0,600),(285083,600,57,3,42,150,1,'43930138',0,600),(285084,600,58,3,42,150,1,'43930138',0,600),(285085,600,59,3,42,150,1,'43930138',0,600),(285086,600,60,3,42,150,1,'43930138',0,600),(285087,16,13,3,25,155,1,'',0,16),(285088,16,14,3,25,155,1,'',0,16),(285089,16,15,3,25,155,1,'',0,16),(285090,16,16,3,25,155,1,'',0,16),(285091,16,17,3,25,155,1,'',0,16),(285092,16,18,3,25,155,1,'',0,16),(285093,16,19,3,25,155,1,'',0,16),(285094,10,3,3,39,147,1,'L 3580712',0,1),(285095,10,2,3,37,147,1,'L 3593558',0,1),(285100,1,1,3,190,160,1,'',0,1),(285101,4,1,3,95,160,1,'',0,1),(285102,3,2,3,59,160,1,'',0,1),(285104,20,2,3,47,148,1,'',0,1);
/*!40000 ALTER TABLE `inventario_insumobulto` ENABLE KEYS */;
UNLOCK TABLES;

--
-- Table structure for table `inventario_insumobultohijo`
--

DROP TABLE IF EXISTS `inventario_insumobultohijo`;
/*!40101 SET @saved_cs_client     = @@character_set_client */;
/*!40101 SET character_set_client = utf8 */;
CREATE TABLE `inventario_insumobultohijo` (
  `id` bigint(20) NOT NULL AUTO_INCREMENT,
  `insumobultohijo_id` bigint(20) NOT NULL,
  `insumobultopadre_id` bigint(20) NOT NULL,
  PRIMARY KEY (`id`),
  KEY `inventario_insumobul_insumobultohijo_id_f692a2c2_fk_inventari` (`insumobultohijo_id`),
  KEY `inventario_insumobul_insumobultopadre_id_63af4a1f_fk_inventari` (`insumobultopadre_id`),
  CONSTRAINT `inventario_insumobul_insumobultohijo_id_f692a2c2_fk_inventari` FOREIGN KEY (`insumobultohijo_id`) REFERENCES `inventario_insumobulto` (`id`),
  CONSTRAINT `inventario_insumobul_insumobultopadre_id_63af4a1f_fk_inventari` FOREIGN KEY (`insumobultopadre_id`) REFERENCES `inventario_insumobulto` (`id`)
) ENGINE=InnoDB DEFAULT CHARSET=utf8;
/*!40101 SET character_set_client = @saved_cs_client */;

--
-- Dumping data for table `inventario_insumobultohijo`
--

LOCK TABLES `inventario_insumobultohijo` WRITE;
/*!40000 ALTER TABLE `inventario_insumobultohijo` DISABLE KEYS */;
/*!40000 ALTER TABLE `inventario_insumobultohijo` ENABLE KEYS */;
UNLOCK TABLES;

--
-- Table structure for table `inventario_inventarioinsumo`
--

DROP TABLE IF EXISTS `inventario_inventarioinsumo`;
/*!40101 SET @saved_cs_client     = @@character_set_client */;
/*!40101 SET character_set_client = utf8 */;
CREATE TABLE `inventario_inventarioinsumo` (
  `id` bigint(20) NOT NULL AUTO_INCREMENT,
  `estado` varchar(20) NOT NULL,
  `cantidad` double NOT NULL,
  `created` datetime(6) NOT NULL,
  `updated` datetime(6) NOT NULL,
  `bodega_id` bigint(20) NOT NULL,
  `insumo_id` bigint(20) NOT NULL,
  PRIMARY KEY (`id`),
  UNIQUE KEY `inventario_inventarioinsumo_bodega_id_insumo_id_8861ccbc_uniq` (`bodega_id`,`insumo_id`),
  KEY `inventario_inventari_insumo_id_23f7b56d_fk_nucleo_in` (`insumo_id`),
  CONSTRAINT `inventario_inventari_bodega_id_292ee580_fk_inventari` FOREIGN KEY (`bodega_id`) REFERENCES `inventario_bodega` (`id`),
  CONSTRAINT `inventario_inventari_insumo_id_23f7b56d_fk_nucleo_in` FOREIGN KEY (`insumo_id`) REFERENCES `nucleo_insumo` (`id`)
) ENGINE=InnoDB AUTO_INCREMENT=281 DEFAULT CHARSET=latin1;
/*!40101 SET character_set_client = @saved_cs_client */;

--
-- Dumping data for table `inventario_inventarioinsumo`
--

LOCK TABLES `inventario_inventarioinsumo` WRITE;
/*!40000 ALTER TABLE `inventario_inventarioinsumo` DISABLE KEYS */;
INSERT INTO `inventario_inventarioinsumo` VALUES (3,'Bien',25,'2021-11-02 15:11:01.003141','2021-11-02 15:21:53.614066',3,12),(4,'Bien',25,'2021-11-02 15:35:52.861948','2021-11-02 15:35:54.364532',3,8),(5,'Bien',625,'2021-11-02 15:35:54.369535','2021-11-02 15:35:55.737103',3,7),(6,'Bien',400,'2021-11-09 17:15:26.091786','2022-01-11 11:37:37.751032',3,21),(7,'Bien',279,'2021-11-09 17:15:27.175871','2022-01-11 11:37:37.774079',3,22),(8,'Bien',4200,'2021-11-11 10:49:36.511790','2021-11-11 15:55:15.424088',2,13),(10,'Bien',3721830,'2021-11-12 08:57:15.391307','2021-11-30 20:08:52.869767',4,13),(11,'Peligro',0,'2021-11-12 11:44:48.542792','2021-11-30 20:08:52.864372',3,13),(12,'Bien',19.95,'2021-11-12 15:23:40.798833','2021-11-12 15:24:44.397451',4,31),(13,'Bien',1004.51,'2021-11-12 15:23:42.897688','2022-01-13 16:02:50.364197',4,29),(15,'Peligro',0,'2021-11-14 07:58:57.900557','2021-11-14 07:58:57.900573',3,31),(16,'Peligro',0,'2021-11-14 07:59:00.118487','2021-11-14 07:59:00.118504',3,29),(17,'Peligro',-2000,'2021-11-18 12:31:34.658139','2021-11-22 16:02:12.643535',3,108),(18,'Peligro',0,'2021-11-18 12:31:36.544377','2021-11-29 10:51:15.162577',3,11),(19,'Peligro',-0.32,'2021-11-18 12:31:37.563058','2021-11-22 16:02:15.434778',3,38),(20,'Peligro',-0.2,'2021-11-18 12:31:38.549375','2021-11-22 16:02:16.591532',3,109),(21,'Peligro',-0.008,'2021-11-18 12:31:40.011885','2021-12-06 17:48:02.555522',3,107),(22,'Peligro',-6000,'2021-11-18 17:52:53.553234','2022-01-13 20:14:11.878677',4,108),(23,'Peligro',-4,'2021-11-18 17:52:54.857665','2022-01-13 20:14:11.895224',4,11),(24,'Peligro',-9.96,'2021-11-18 17:52:55.812378','2022-01-13 20:14:11.908934',4,38),(25,'Peligro',-16.417,'2021-11-18 17:52:56.760118','2022-01-13 20:14:11.920925',4,109),(26,'Peligro',-0.096,'2021-11-18 17:52:57.686362','2022-01-13 20:14:11.932655',4,107),(27,'Peligro',-2480,'2021-11-22 16:04:39.712956','2022-01-03 15:23:39.186337',2,108),(28,'Bien',12,'2021-11-22 16:04:40.697012','2021-12-06 18:50:09.942304',2,11),(29,'Peligro',-13.24,'2021-11-22 16:04:41.720703','2021-12-08 11:14:37.444598',2,38),(30,'Peligro',-16.2,'2021-11-22 16:04:42.702010','2021-12-06 18:50:09.966651',2,109),(31,'Peligro',-0.016,'2021-11-22 16:04:43.689849','2021-12-06 18:50:09.979984',2,107),(32,'Bien',15,'2021-11-25 09:14:05.430866','2022-01-20 14:47:06.669400',3,47),(33,'Peligro',0,'2021-11-25 09:25:21.594246','2021-11-25 09:29:41.952385',3,24),(34,'Peligro',-19.76,'2021-11-25 09:31:23.522865','2022-01-13 15:37:44.403413',4,47),(35,'Bien',11.641,'2021-11-25 09:31:24.407986','2022-01-13 15:34:13.197592',4,24),(36,'Peligro',0,'2021-11-26 15:27:17.698513','2021-11-26 15:27:19.493891',2,98),(37,'Peligro',1,'2021-11-26 15:27:20.427039','2021-11-26 15:27:21.332651',2,115),(38,'Peligro',0,'2021-11-26 15:27:22.243318','2021-11-26 15:27:23.095511',2,116),(39,'Peligro',0,'2021-11-28 23:27:30.029124','2021-11-28 23:27:30.029141',2,31),(41,'Peligro',0,'2021-11-28 23:27:32.833081','2021-11-28 23:27:32.833098',2,29),(42,'Peligro',0,'2021-11-29 10:50:59.420371','2021-11-29 10:51:12.337585',3,98),(43,'Peligro',-1,'2021-11-29 10:51:02.577639','2021-11-29 10:51:13.350722',3,115),(44,'Peligro',0,'2021-11-29 11:22:20.785528','2021-11-29 11:22:20.785559',2,117),(45,'Peligro',0,'2021-11-29 11:29:02.600615','2021-11-29 11:29:02.600648',2,118),(46,'Peligro',0,'2021-12-06 13:41:21.999808','2021-12-06 13:41:21.999840',4,118),(47,'Peligro',-5,'2021-12-06 13:41:22.154468','2022-01-13 20:25:57.922005',4,117),(48,'Bien',1500,'2021-12-06 14:01:34.845911','2021-12-06 14:01:34.848798',4,123),(49,'Bien',1000,'2021-12-06 18:50:10.012794','2021-12-06 18:50:10.017185',2,123),(50,'Peligro',8000,'2021-12-07 12:46:18.845621','2022-01-10 10:10:32.205962',3,6),(52,'Peligro',-400,'2021-12-08 08:27:15.722910','2022-01-13 15:36:13.061900',4,129),(53,'Bien',241.374,'2021-12-08 08:27:15.736449','2022-01-13 15:37:44.395885',4,21),(54,'Peligro',-7.291,'2021-12-08 08:27:15.754711','2022-01-13 15:37:44.419474',4,40),(55,'Bien',8.497,'2021-12-08 08:27:15.767865','2022-01-13 15:37:44.431000',4,76),(56,'Bien',73.341,'2021-12-08 08:27:15.778626','2022-01-13 15:36:13.088456',4,111),(57,'Peligro',-68.35,'2021-12-08 08:27:15.789346','2022-01-13 15:34:13.177552',4,112),(58,'Bien',24.589,'2021-12-08 08:27:15.814184','2022-01-13 15:37:44.445552',4,98),(60,'Peligro',0,'2021-12-08 08:27:28.659737','2021-12-08 11:14:37.431216',2,129),(61,'Peligro',25,'2021-12-08 08:27:28.669584','2022-01-03 11:23:06.581718',2,21),(62,'Peligro',0,'2021-12-08 08:27:28.679866','2021-12-08 08:27:28.679896',2,47),(63,'Peligro',0,'2021-12-08 08:27:28.690817','2021-12-08 08:27:28.690847',2,40),(64,'Peligro',0,'2021-12-08 08:27:28.700966','2021-12-08 08:27:28.700997',2,76),(65,'Peligro',0,'2021-12-08 08:27:28.714420','2022-01-07 17:55:12.382418',2,111),(66,'Peligro',0,'2021-12-08 08:27:28.725137','2021-12-08 08:27:28.725169',2,112),(67,'Peligro',0,'2021-12-08 08:27:28.733375','2021-12-08 08:27:28.733409',2,24),(68,'Peligro',-90,'2021-12-08 11:06:56.919150','2021-12-08 11:12:04.138453',4,35),(69,'Peligro',-10,'2021-12-08 11:06:56.984117','2021-12-08 12:07:50.748592',4,95),(70,'Peligro',-6,'2021-12-08 11:06:56.991679','2021-12-29 11:37:00.293188',4,59),(71,'Peligro',-9,'2021-12-08 11:06:56.999741','2021-12-08 11:12:04.176280',4,70),(72,'Peligro',-10080,'2021-12-08 11:12:41.875657','2021-12-08 11:14:37.457191',2,35),(73,'Peligro',-6,'2021-12-08 11:12:41.889181','2021-12-08 11:14:37.470495',2,95),(74,'Peligro',-3,'2021-12-08 11:12:41.897033','2021-12-08 11:14:37.483390',2,59),(75,'Peligro',-756,'2021-12-08 11:12:41.906721','2021-12-08 11:14:37.493560',2,70),(76,'Peligro',-1,'2021-12-08 12:06:45.090025','2021-12-08 12:07:50.736041',4,96),(77,'Bien',43,'2021-12-08 12:07:50.803827','2021-12-08 12:30:35.619873',4,131),(78,'Peligro',0,'2021-12-08 12:10:08.895847','2021-12-08 12:30:35.629859',4,34),(79,'Peligro',0,'2021-12-08 12:15:31.198362','2021-12-08 12:30:35.659696',4,14),(80,'Peligro',-8,'2021-12-08 12:28:06.178063','2021-12-08 12:30:35.673504',4,132),(81,'Peligro',0,'2021-12-08 12:42:43.227718','2021-12-08 12:42:43.227742',2,9),(82,'Peligro',0,'2021-12-08 12:42:43.241160','2021-12-08 12:42:43.241189',2,37),(83,'Peligro',0,'2021-12-08 12:42:43.249321','2021-12-08 12:42:43.249345',2,10),(84,'Peligro',0,'2021-12-08 12:42:43.260945','2021-12-08 12:42:43.260975',2,46),(85,'Peligro',0,'2021-12-08 12:42:47.077929','2021-12-08 12:42:47.077953',2,131),(86,'Peligro',0,'2021-12-08 12:42:47.087894','2021-12-08 12:42:47.087920',2,34),(87,'Peligro',0,'2021-12-08 12:42:47.108361','2021-12-08 12:42:47.108391',2,14),(88,'Peligro',0,'2021-12-08 12:42:47.119250','2021-12-08 12:42:47.119282',2,132),(89,'Peligro',1,'2021-12-09 16:37:27.312341','2021-12-09 16:51:11.124130',3,125),(90,'Peligro',1,'2021-12-09 16:45:02.782186','2021-12-13 13:47:23.152576',2,125),(91,'Peligro',0,'2021-12-09 17:11:19.414042','2021-12-09 17:11:19.430428',3,128),(92,'Bien',12000,'2021-12-09 17:33:03.938106','2022-01-10 11:08:37.888322',2,6),(93,'Peligro',1,'2021-12-09 18:17:06.724685','2022-01-07 14:21:10.625869',3,127),(94,'Peligro',0,'2021-12-09 18:17:06.751205','2021-12-09 18:21:57.665296',3,126),(95,'Peligro',1,'2021-12-09 18:24:34.859761','2021-12-09 18:24:39.043490',4,127),(96,'Bien',6,'2021-12-09 18:24:37.214756','2021-12-09 18:24:39.060061',4,126),(97,'Peligro',0,'2021-12-09 18:35:31.608716','2021-12-14 16:36:37.288455',3,129),(98,'Peligro',0,'2021-12-09 18:35:31.621967','2021-12-09 18:35:31.621994',3,131),(99,'Peligro',0,'2021-12-09 18:35:31.630445','2021-12-09 18:35:31.630470',3,34),(100,'Peligro',0,'2021-12-09 18:35:31.642687','2021-12-09 18:35:31.642711',3,14),(101,'Peligro',0,'2021-12-09 18:35:31.650304','2021-12-09 18:35:31.650333',3,132),(103,'Peligro',0,'2021-12-09 18:36:55.545044','2021-12-14 16:36:37.360414',3,40),(104,'Peligro',0,'2021-12-09 18:36:55.552858','2022-01-04 13:48:02.534199',3,76),(105,'Peligro',0,'2021-12-09 18:36:55.559941','2022-01-07 17:55:12.392321',3,111),(106,'Peligro',0,'2021-12-09 18:36:55.567576','2021-12-09 18:36:55.567670',3,112),(107,'Bien',1225560,'2021-12-10 10:21:34.606825','2022-01-11 11:27:22.198403',3,17),(108,'Peligro',1,'2021-12-10 11:06:19.122929','2021-12-10 11:06:19.141370',3,122),(109,'Peligro',0,'2021-12-13 11:10:39.617367','2021-12-17 16:50:47.519624',3,133),(110,'Peligro',0,'2021-12-13 13:47:05.486892','2021-12-13 13:47:05.486922',2,122),(111,'Bien',28800,'2021-12-13 15:13:04.963166','2021-12-16 10:20:26.059856',3,138),(112,'Bien',5160,'2021-12-13 15:13:04.990568','2022-01-17 09:08:16.237842',3,137),(113,'Bien',5700,'2021-12-13 15:13:05.017898','2021-12-16 10:20:26.079096',3,136),(114,'Bien',50,'2021-12-14 16:56:36.795193','2022-01-07 17:58:31.452022',3,110),(115,'Peligro',-16,'2021-12-15 12:02:09.134818','2021-12-15 14:42:15.038963',4,142),(116,'Peligro',0,'2021-12-15 13:02:02.623442','2021-12-15 13:14:13.573413',2,142),(117,'Bien',16,'2021-12-15 13:02:59.996529','2021-12-15 14:41:41.604960',3,142),(118,'Bien',9325,'2021-12-15 13:18:49.300000','2022-01-13 15:37:44.438206',4,141),(119,'Bien',10400,'2021-12-15 13:31:33.595585','2021-12-22 17:24:33.831747',4,57),(120,'Bien',440,'2021-12-15 13:40:03.449103','2022-01-13 15:37:44.495148',4,143),(121,'Peligro',0,'2021-12-15 14:21:57.389810','2021-12-15 14:21:57.389836',2,141),(122,'Bien',1075,'2021-12-15 18:55:51.847096','2022-01-18 09:12:38.265742',3,99),(123,'Bien',50,'2021-12-16 09:35:18.209969','2022-01-07 10:28:50.319055',3,72),(124,'Bien',5,'2021-12-17 16:42:12.373769','2022-01-04 18:52:13.658417',3,26),(125,'Bien',118,'2021-12-17 16:42:12.446849','2022-01-20 12:22:35.983429',3,25),(126,'Bien',3000,'2021-12-20 17:50:19.456826','2021-12-22 12:10:55.723178',3,121),(127,'Peligro',0,'2021-12-21 08:46:42.080138','2021-12-21 08:46:42.080165',4,9),(128,'Bien',12,'2021-12-21 08:46:42.099023','2021-12-29 11:37:00.286345',4,37),(129,'Peligro',0,'2021-12-21 08:46:42.107682','2021-12-21 08:46:42.107710',4,10),(130,'Bien',8,'2021-12-21 08:46:42.117301','2021-12-29 11:37:00.272629',4,46),(131,'Peligro',0,'2021-12-21 08:56:58.434620','2021-12-21 08:56:58.434650',2,99),(132,'Bien',5160,'2021-12-21 08:56:58.523154','2022-01-17 18:09:50.924366',2,137),(133,'Peligro',775,'2021-12-21 08:57:41.883797','2022-01-13 11:46:07.383204',4,99),(134,'Bien',51600,'2021-12-21 08:57:41.981014','2021-12-24 10:41:36.579751',4,137),(135,'Peligro',3,'2021-12-22 10:08:27.432116','2022-01-20 14:42:03.986855',3,59),(136,'Peligro',0,'2021-12-22 10:08:27.562036','2021-12-28 10:34:32.942693',3,48),(137,'Peligro',0,'2021-12-22 10:08:27.584299','2021-12-28 10:34:32.952712',3,46),(138,'Bien',25,'2021-12-22 10:33:09.704836','2021-12-22 10:33:09.716509',3,150),(139,'Peligro',0,'2021-12-22 11:49:52.807715','2021-12-22 11:49:52.807738',3,141),(140,'Peligro',0,'2021-12-22 12:15:22.663216','2021-12-22 12:15:22.663247',2,121),(141,'Bien',1000,'2021-12-22 14:31:11.286067','2021-12-22 14:31:11.297648',4,151),(142,'Bien',1000,'2021-12-22 14:31:11.304849','2021-12-22 14:31:11.311274',4,153),(143,'Peligro',-100,'2021-12-22 14:32:05.400898','2021-12-22 15:22:57.368503',3,143),(144,'Peligro',0,'2021-12-22 14:41:39.517743','2021-12-22 14:41:39.517767',2,143),(145,'Bien',636600,'2021-12-22 17:20:13.528510','2022-01-12 12:28:26.297662',3,43),(146,'Bien',636000,'2021-12-22 17:20:13.558762','2022-01-20 10:28:58.860899',3,42),(147,'Bien',10000,'2021-12-22 17:24:33.141895','2021-12-22 17:24:33.165656',4,102),(148,'Bien',10000,'2021-12-22 17:24:33.178175','2021-12-22 17:24:33.192740',4,101),(149,'Bien',10000,'2021-12-22 17:24:33.201616','2021-12-22 17:24:33.254892',4,97),(150,'Bien',10000,'2021-12-22 17:24:33.265381','2021-12-22 17:24:33.277625',4,94),(151,'Bien',10000,'2021-12-22 17:24:33.287306','2021-12-22 17:24:33.297394',4,93),(152,'Bien',10000,'2021-12-22 17:24:33.308007','2021-12-22 17:24:33.316075',4,92),(153,'Bien',10000,'2021-12-22 17:24:33.324544','2021-12-22 17:24:33.332912',4,91),(154,'Bien',10000,'2021-12-22 17:24:33.343446','2021-12-22 17:24:33.351943',4,90),(155,'Bien',10000,'2021-12-22 17:24:33.364354','2021-12-22 17:24:33.373586',4,89),(156,'Bien',10000,'2021-12-22 17:24:33.383180','2021-12-22 17:24:33.394184',4,88),(157,'Bien',10000,'2021-12-22 17:24:33.420023','2021-12-22 17:24:33.450676',4,87),(158,'Bien',10000,'2021-12-22 17:24:33.463952','2021-12-22 17:24:33.475319',4,81),(159,'Bien',10000,'2021-12-22 17:24:33.486505','2021-12-22 17:24:33.494534',4,79),(160,'Bien',10000,'2021-12-22 17:24:33.505888','2021-12-22 17:24:33.514888',4,78),(161,'Bien',10000,'2021-12-22 17:24:33.524578','2021-12-22 17:24:33.533723',4,77),(162,'Bien',10000,'2021-12-22 17:24:33.547408','2021-12-22 17:24:33.556002',4,75),(163,'Bien',10000,'2021-12-22 17:24:33.570157','2021-12-22 17:24:33.629446',4,66),(164,'Bien',10000,'2021-12-22 17:24:33.639610','2021-12-22 17:24:33.647737',4,65),(165,'Bien',10000,'2021-12-22 17:24:33.658321','2021-12-22 17:24:33.666737',4,64),(166,'Bien',10000,'2021-12-22 17:24:33.676405','2021-12-22 17:24:33.689835',4,63),(167,'Bien',10000,'2021-12-22 17:24:33.703114','2021-12-22 17:24:33.713396',4,62),(168,'Bien',10000,'2021-12-22 17:24:33.724058','2021-12-22 17:24:33.732845',4,61),(169,'Bien',10000,'2021-12-22 17:24:33.744136','2021-12-22 17:24:33.802556',4,60),(170,'Bien',10000,'2021-12-22 17:24:33.809796','2021-12-22 17:24:33.818193',4,58),(171,'Bien',10000,'2021-12-22 17:24:33.845031','2021-12-22 17:24:33.854740',4,56),(172,'Bien',10000,'2021-12-22 17:24:33.870518','2021-12-22 17:24:33.880653',4,55),(173,'Bien',10000,'2021-12-22 17:24:33.903768','2021-12-22 17:24:34.189946',4,54),(174,'Bien',10000,'2021-12-22 17:24:34.199790','2021-12-22 17:24:34.216184',4,53),(175,'Bien',10000,'2021-12-22 17:24:34.257086','2021-12-22 17:24:34.280945',4,52),(176,'Bien',10000,'2021-12-22 17:24:34.299814','2021-12-22 17:24:34.315277',4,51),(177,'Bien',10000,'2021-12-22 17:24:34.327977','2021-12-22 17:24:34.340698',4,49),(178,'Bien',126650,'2021-12-22 17:30:26.280839','2022-01-10 15:17:53.648045',4,67),(179,'Peligro',19020,'2021-12-23 09:23:25.406451','2022-01-13 11:46:07.410032',4,17),(180,'Bien',114,'2021-12-23 11:05:31.235685','2022-01-07 11:18:21.375465',3,148),(181,'Bien',48,'2021-12-23 11:05:31.265211','2022-01-19 15:27:36.726581',3,147),(182,'Peligro',10,'2021-12-23 11:16:20.140612','2022-01-20 12:32:07.731157',3,39),(183,'Bien',10,'2021-12-23 11:16:20.168726','2022-01-20 12:32:07.759144',3,37),(184,'Bien',10000,'2021-12-23 17:18:41.829280','2021-12-24 08:44:41.991087',4,144),(185,'Peligro',0,'2021-12-23 17:23:45.537405','2021-12-23 17:23:45.537427',3,35),(186,'Peligro',0,'2021-12-23 17:23:45.551310','2021-12-23 17:23:45.551339',3,9),(187,'Peligro',0,'2021-12-23 17:23:45.564010','2021-12-23 17:23:45.564040',3,10),(188,'Peligro',0,'2021-12-24 08:40:52.606527','2022-01-19 15:27:36.752375',3,144),(189,'Bien',394.88,'2021-12-24 09:00:21.790956','2022-01-13 16:02:50.382533',4,145),(190,'Peligro',0,'2021-12-24 09:01:13.078447','2021-12-24 09:01:13.078473',3,145),(191,'Peligro',0,'2021-12-24 09:04:18.653266','2021-12-24 09:04:18.653290',3,28),(192,'Bien',999.76,'2021-12-24 09:04:19.082368','2022-01-13 16:02:50.374205',4,28),(193,'Bien',50,'2021-12-24 10:02:16.584455','2022-01-07 17:58:31.453693',4,110),(194,'Peligro',10000,'2021-12-24 10:20:03.547257','2021-12-24 10:20:03.585423',4,44),(195,'Bien',12500,'2021-12-24 10:20:03.668426','2022-01-06 10:44:53.888151',4,41),(196,'Bien',54000,'2021-12-24 10:31:41.839462','2021-12-24 10:44:48.812265',4,50),(197,'Bien',10250,'2021-12-24 10:37:22.343899','2022-01-06 10:44:53.779102',4,100),(198,'Bien',20000,'2021-12-24 10:38:47.847937','2021-12-24 10:43:14.283635',4,120),(199,'Bien',20000,'2021-12-24 10:38:47.871662','2021-12-24 10:43:14.294188',4,119),(200,'Bien',2125,'2021-12-24 12:07:07.102420','2022-01-17 09:08:16.163689',3,100),(201,'Peligro',1,'2021-12-28 10:21:28.799316','2021-12-28 10:21:28.811595',2,149),(202,'Bien',300,'2021-12-28 18:31:53.263182','2021-12-28 18:31:53.275926',2,157),(203,'Bien',96,'2021-12-29 11:04:46.567307','2022-01-13 11:46:07.150847',4,25),(204,'Bien',48,'2021-12-29 11:04:46.596519','2021-12-29 12:31:23.611462',4,148),(205,'Bien',12,'2021-12-29 11:04:46.605653','2022-01-13 11:46:07.158158',4,147),(206,'Bien',8,'2021-12-29 11:05:56.501163','2021-12-29 11:37:00.264132',4,48),(207,'Bien',12,'2021-12-29 11:36:55.882865','2021-12-29 11:37:00.279495',4,39),(208,'Bien',725,'2021-12-29 15:57:44.862926','2022-01-14 14:46:51.196074',3,69),(209,'Bien',3000,'2021-12-29 16:05:48.940299','2022-01-18 09:12:38.271585',3,78),(210,'Peligro',2000,'2021-12-29 16:05:48.961200','2022-01-18 09:12:38.278510',3,77),(211,'Bien',50,'2021-12-30 14:27:15.960565','2022-01-04 13:48:02.595774',3,156),(212,'Peligro',0,'2021-12-30 16:42:48.414245','2022-01-03 08:52:20.125293',3,155),(213,'Peligro',0,'2021-12-30 17:10:33.574376','2021-12-30 17:10:33.574412',2,145),(214,'Peligro',0,'2021-12-30 17:10:33.637672','2021-12-30 17:10:33.637706',2,28),(215,'Peligro',475,'2022-01-03 11:20:05.559955','2022-01-17 18:09:51.050579',2,100),(216,'Bien',5,'2022-01-03 11:22:53.864413','2022-01-03 11:23:06.663530',2,155),(217,'Peligro',5000,'2022-01-03 12:20:23.667169','2022-01-04 13:48:02.641120',3,41),(218,'Peligro',0,'2022-01-04 14:28:25.675874','2022-01-04 18:52:13.673637',3,159),(219,'Peligro',0,'2022-01-04 14:28:25.704808','2022-01-04 18:52:13.701162',3,160),(220,'Bien',2600,'2022-01-04 14:45:08.664890','2022-01-17 09:08:16.220882',3,153),(221,'Peligro',2500,'2022-01-05 15:50:29.385046','2022-01-05 15:50:31.156914',2,41),(222,'Peligro',4,'2022-01-05 15:52:19.005347','2022-01-05 16:00:12.462025',2,26),(223,'Bien',40,'2022-01-05 15:52:19.020109','2022-01-05 16:00:12.489658',2,159),(224,'Bien',50,'2022-01-05 15:52:19.030436','2022-01-05 16:00:12.496908',2,160),(225,'Bien',1900,'2022-01-05 15:52:19.040393','2022-01-17 18:09:51.020028',2,153),(226,'Peligro',7800,'2022-01-06 09:10:45.657246','2022-01-13 11:46:07.364244',4,43),(227,'Peligro',20,'2022-01-06 09:22:59.507012','2022-01-06 10:44:53.819629',4,156),(228,'Peligro',100,'2022-01-06 09:33:14.610288','2022-01-06 10:44:53.910617',4,69),(229,'Peligro',0,'2022-01-06 10:47:11.406965','2022-01-06 10:47:11.406997',2,17),(230,'Peligro',0,'2022-01-06 10:47:11.430692','2022-01-06 10:47:11.430719',2,25),(231,'Peligro',0,'2022-01-06 10:47:11.444379','2022-01-06 10:47:11.444405',2,69),(232,'Peligro',0,'2022-01-06 10:47:11.466875','2022-01-06 10:47:11.466902',2,156),(233,'Peligro',0,'2022-01-06 10:47:11.477844','2022-01-06 10:47:11.477872',2,43),(234,'Peligro',0,'2022-01-06 18:50:27.403652','2022-01-07 17:58:31.455238',2,110),(235,'Peligro',0,'2022-01-06 18:50:27.446892','2022-01-06 18:50:27.446921',2,148),(236,'Peligro',0,'2022-01-06 18:50:27.457417','2022-01-06 18:50:27.457444',2,147),(237,'Peligro',0,'2022-01-07 11:18:21.353818','2022-01-17 09:08:16.252324',3,158),(238,'Peligro',0,'2022-01-07 13:01:32.630376','2022-01-07 13:01:32.630402',2,133),(239,'Peligro',0,'2022-01-07 13:08:09.337073','2022-01-07 13:08:09.337100',2,44),(240,'Bien',3000,'2022-01-07 13:08:09.349114','2022-01-17 18:09:50.916257',2,102),(241,'Bien',3000,'2022-01-07 13:08:09.357112','2022-01-17 18:09:50.932854',2,101),(242,'Peligro',0,'2022-01-07 13:08:09.364869','2022-01-07 13:08:09.364901',2,91),(243,'Peligro',1000,'2022-01-07 13:08:09.384811','2022-01-17 18:09:50.987294',2,60),(244,'Bien',1,'2022-01-07 14:21:10.605045','2022-01-07 14:21:10.616496',3,162),(245,'Peligro',0,'2022-01-10 10:05:47.917689','2022-01-10 10:05:47.917717',4,72),(246,'Peligro',2000,'2022-01-11 10:50:00.319471','2022-01-11 11:27:22.371587',3,119),(247,'Bien',3500,'2022-01-11 15:17:58.205679','2022-01-17 09:08:16.206895',3,151),(248,'Bien',15,'2022-01-12 11:04:25.464601','2022-01-12 11:04:25.477453',2,39),(249,'Peligro',0,'2022-01-13 10:06:39.254625','2022-01-13 10:06:39.254663',2,119),(250,'Peligro',0,'2022-01-13 10:06:54.572901','2022-01-13 10:06:54.572926',2,72),(251,'Peligro',0,'2022-01-13 15:22:39.132775','2022-01-13 15:22:39.132800',2,167),(252,'Bien',350,'2022-01-13 15:34:33.824578','2022-01-13 16:02:50.354816',4,167),(253,'Peligro',0,'2022-01-13 16:00:26.874901','2022-01-13 16:00:26.874926',3,167),(254,'Peligro',0,'2022-01-13 19:52:54.978444','2022-01-13 19:52:54.978472',2,168),(255,'Bien',160,'2022-01-13 19:53:22.892928','2022-01-13 20:25:57.948238',4,168),(256,'Peligro',0,'2022-01-14 10:01:00.495645','2022-01-14 10:01:00.495678',3,117),(257,'Peligro',0,'2022-01-14 10:01:00.517770','2022-01-14 10:01:00.517812',3,168),(258,'Peligro',500,'2022-01-14 13:19:57.660347','2022-01-17 18:09:51.038540',2,151),(259,'Bien',10320,'2022-01-14 13:19:57.677053','2022-01-17 18:09:50.908867',2,158),(260,'Bien',4000,'2022-01-14 13:19:57.698232','2022-01-17 18:09:50.967625',2,90),(261,'Peligro',0,'2022-01-14 13:19:57.706615','2022-01-14 13:19:57.706641',2,93),(262,'Peligro',1,'2022-01-14 14:23:22.946657','2022-01-14 14:23:22.958743',3,166),(263,'Peligro',2000,'2022-01-17 08:30:39.915339','2022-01-17 09:08:16.281256',3,102),(264,'Peligro',2000,'2022-01-17 08:30:39.946947','2022-01-17 09:08:16.301460',3,101),(265,'Peligro',1000,'2022-01-17 08:30:39.966300','2022-01-17 09:08:16.314343',3,90),(266,'Peligro',0,'2022-01-17 08:46:01.798425','2022-01-17 09:08:16.327420',3,60),(267,'Peligro',0,'2022-01-17 08:46:01.825347','2022-01-18 09:12:38.295688',3,52),(268,'Bien',5000,'2022-01-17 08:46:01.846608','2022-01-17 08:46:01.859939',3,49),(269,'Peligro',0,'2022-01-19 11:21:05.070631','2022-01-19 11:21:05.070658',2,178),(270,'Peligro',0,'2022-01-19 11:21:05.088265','2022-01-19 11:21:05.088292',2,104),(271,'Peligro',0,'2022-01-19 11:21:05.096994','2022-01-19 11:21:05.097022',2,71),(272,'Peligro',0,'2022-01-19 11:21:05.107615','2022-01-19 11:21:05.107648',2,33),(273,'Peligro',0,'2022-01-19 11:21:05.127880','2022-01-19 11:21:05.127906',2,12),(274,'Peligro',0,'2022-01-19 11:21:05.136161','2022-01-19 11:21:05.136187',2,7),(275,'Bien',24,'2022-01-19 15:27:36.699210','2022-01-19 15:27:36.713569',3,174),(276,'Peligro',0,'2022-01-19 16:04:41.787146','2022-01-19 16:04:41.787176',2,78),(277,'Peligro',0,'2022-01-19 16:04:41.803779','2022-01-19 16:04:41.803810',2,77),(278,'Peligro',0,'2022-01-19 16:04:41.821021','2022-01-19 16:04:41.821054',2,52),(279,'Peligro',1,'2022-01-20 14:40:55.310755','2022-01-20 14:42:03.949941',3,190),(280,'Peligro',4,'2022-01-20 14:40:55.345382','2022-01-20 14:42:03.971103',3,95);
/*!40000 ALTER TABLE `inventario_inventarioinsumo` ENABLE KEYS */;
UNLOCK TABLES;

--
-- Table structure for table `inventario_inventarioproducto`
--

DROP TABLE IF EXISTS `inventario_inventarioproducto`;
/*!40101 SET @saved_cs_client     = @@character_set_client */;
/*!40101 SET character_set_client = utf8 */;
CREATE TABLE `inventario_inventarioproducto` (
  `id` bigint(20) NOT NULL AUTO_INCREMENT,
  `cantidad` bigint(20) NOT NULL,
  `created` datetime(6) NOT NULL,
  `updated` datetime(6) NOT NULL,
  `bodega_id` bigint(20) NOT NULL,
  `producto_id` bigint(20) NOT NULL,
  PRIMARY KEY (`id`),
  UNIQUE KEY `inventario_inventariopro_bodega_id_producto_id_a8939745_uniq` (`bodega_id`,`producto_id`),
  KEY `inventario_inventari_producto_id_76404bef_fk_nucleo_pr` (`producto_id`),
  CONSTRAINT `inventario_inventari_bodega_id_6ba7a20d_fk_inventari` FOREIGN KEY (`bodega_id`) REFERENCES `inventario_bodega` (`id`),
  CONSTRAINT `inventario_inventari_producto_id_76404bef_fk_nucleo_pr` FOREIGN KEY (`producto_id`) REFERENCES `nucleo_producto` (`id`)
) ENGINE=InnoDB AUTO_INCREMENT=154 DEFAULT CHARSET=latin1;
/*!40101 SET character_set_client = @saved_cs_client */;

--
-- Dumping data for table `inventario_inventarioproducto`
--

LOCK TABLES `inventario_inventarioproducto` WRITE;
/*!40000 ALTER TABLE `inventario_inventarioproducto` DISABLE KEYS */;
INSERT INTO `inventario_inventarioproducto` VALUES (1,-155,'2021-11-10 09:06:40.260231','2021-11-24 17:09:53.299988',4,6),(2,-31,'2021-11-10 09:06:40.379281','2021-11-24 17:09:53.313750',4,36),(3,-44,'2021-11-10 09:06:40.467099','2021-11-25 09:13:48.983651',4,5),(4,-326,'2021-11-10 09:06:40.506674','2021-11-25 11:23:31.761133',4,4),(5,-87,'2021-11-10 09:06:40.567679','2021-11-24 17:09:53.307131',4,37),(6,-53,'2021-11-10 09:06:40.638215','2021-11-24 17:09:53.332431',4,25),(7,-19,'2021-11-10 09:06:40.698789','2021-11-24 17:09:53.338552',4,21),(8,-15,'2021-11-10 09:06:40.865471','2021-11-24 17:09:53.344633',4,20),(9,-60,'2021-11-10 09:06:40.926037','2022-01-13 16:06:35.771651',4,16),(10,33,'2021-11-10 09:06:41.011478','2021-12-09 18:39:04.475198',4,10),(11,-66,'2021-11-10 09:06:41.065637','2021-12-15 11:54:52.904047',4,26),(12,-48,'2021-11-10 09:06:41.156878','2021-12-15 11:54:52.898301',4,23),(13,-16,'2021-11-10 09:06:41.209294','2021-11-24 17:09:53.370745',4,22),(14,-368,'2021-11-10 09:06:41.249534','2021-11-24 13:30:47.927641',4,17),(15,0,'2021-11-10 09:06:41.283210','2021-11-10 09:06:41.283233',4,38),(16,12,'2021-11-10 09:06:41.317664','2021-12-08 11:56:10.913425',4,24),(17,-242,'2021-11-10 09:06:41.405557','2021-12-08 11:56:36.615796',4,19),(18,-442,'2021-11-10 09:06:41.451079','2022-01-13 16:06:50.679198',4,18),(19,-166,'2021-11-10 09:06:41.494682','2021-12-24 10:44:16.577167',4,15),(20,-169,'2021-11-10 09:06:41.574672','2021-11-17 18:46:22.895651',4,45),(21,-25,'2021-11-10 09:06:41.827168','2021-11-17 18:46:22.899547',4,44),(22,-120,'2021-11-10 09:06:41.942510','2021-11-17 18:46:22.903844',4,46),(23,-152,'2021-11-10 09:06:42.001231','2021-11-17 18:46:22.907586',4,42),(24,-25,'2021-11-10 09:06:42.128426','2021-11-17 18:46:22.913054',4,47),(25,-352,'2021-11-10 09:06:42.210048','2021-11-17 18:46:22.917402',4,43),(26,-54,'2021-11-10 09:06:42.267323','2021-11-24 16:52:43.885879',4,27),(27,0,'2021-11-10 09:06:42.328390','2021-11-10 09:06:42.328417',4,28),(28,0,'2021-11-10 09:06:42.440924','2021-11-10 09:06:42.440947',4,30),(29,0,'2021-11-10 09:06:42.528360','2021-11-10 09:06:42.528383',4,29),(30,20,'2021-11-10 09:06:42.657584','2021-12-08 12:32:20.991824',4,11),(31,19,'2021-11-10 09:06:42.711340','2021-12-08 12:31:01.383368',4,13),(32,-96,'2021-11-10 09:06:42.778773','2021-11-24 17:09:53.395367',4,7),(33,-163,'2021-11-10 09:06:42.873322','2021-11-24 17:09:53.402161',4,31),(34,-10,'2021-11-10 09:06:42.950638','2021-11-24 17:09:53.406486',4,35),(35,-58,'2021-11-10 09:06:43.010537','2021-11-24 17:09:53.412552',4,34),(36,-32,'2021-11-10 09:06:43.051924','2021-11-17 18:46:22.932475',4,41),(37,0,'2021-11-10 09:06:43.099280','2021-11-10 09:06:43.099331',4,39),(38,-5,'2021-11-10 09:06:43.140152','2021-11-17 18:42:41.560999',4,40),(39,0,'2021-11-10 10:36:53.741554','2021-11-12 15:46:48.256866',4,12),(40,0,'2021-11-10 10:36:54.080861','2021-11-10 10:36:54.080886',4,8),(41,0,'2021-11-10 10:36:54.158871','2021-11-10 10:36:54.158897',4,33),(42,0,'2021-11-10 10:36:54.183270','2021-11-10 10:36:54.183296',4,32),(43,40,'2021-11-10 10:36:54.357769','2021-12-08 12:09:55.786646',4,9),(44,-2,'2021-11-10 10:36:54.558556','2021-11-30 20:09:11.015998',4,14),(45,-1163,'2021-11-10 12:33:54.836769','2022-01-20 14:59:55.851316',3,4),(46,-780,'2021-11-10 12:33:54.872726','2022-01-18 17:52:45.085882',3,5),(47,-1200,'2021-11-10 12:33:54.940576','2022-01-19 17:50:39.695674',3,6),(48,-2280,'2021-11-10 12:33:54.972314','2022-01-20 14:59:55.871449',3,7),(49,0,'2021-11-10 12:33:55.014903','2021-11-10 12:33:55.014946',3,8),(50,-420,'2021-11-10 12:33:55.055930','2022-01-18 16:51:03.989104',3,9),(51,-1787,'2021-11-10 12:33:55.098541','2022-01-19 17:45:41.472227',3,10),(52,-2079,'2021-11-10 12:33:55.129695','2022-01-18 17:52:45.081369',3,11),(53,-35,'2021-11-10 12:33:55.215578','2022-01-11 14:05:29.481061',3,12),(54,0,'2021-11-10 12:33:55.256720','2021-11-10 12:33:55.256763',3,13),(55,-20,'2021-11-10 12:33:55.290362','2022-01-06 15:55:56.898615',3,14),(56,-361,'2021-11-10 12:33:55.332834','2022-01-20 15:01:12.674411',3,15),(57,-228,'2021-11-10 12:33:55.375391','2022-01-19 18:20:20.508740',3,16),(58,-202,'2021-11-10 12:33:55.416715','2022-01-19 17:56:41.316689',3,17),(59,-1438,'2021-11-10 12:33:55.459327','2022-01-20 15:02:46.442558',3,18),(60,-931,'2021-11-10 12:33:55.508793','2022-01-20 15:02:46.434408',3,19),(61,-340,'2021-11-10 12:33:55.561258','2022-01-20 15:02:46.405210',3,20),(62,-266,'2021-11-10 12:33:55.598294','2022-01-20 15:02:46.390960',3,21),(63,-834,'2021-11-10 12:33:55.639849','2022-01-20 15:02:46.426709',3,22),(64,-754,'2021-11-10 12:33:55.672494','2022-01-20 15:02:46.418487',3,23),(65,-1999,'2021-11-10 12:33:55.713525','2022-01-20 15:01:12.662945',3,24),(66,-1049,'2021-11-10 12:33:55.747444','2022-01-20 15:01:12.640260',3,25),(67,-816,'2021-11-10 12:33:55.792129','2022-01-20 15:01:12.651052',3,26),(68,-1140,'2021-11-10 12:33:55.822215','2022-01-20 15:02:46.463864',3,27),(69,0,'2021-11-10 12:33:55.863386','2021-11-10 12:33:55.863409',3,28),(70,0,'2021-11-10 12:33:55.933339','2021-11-10 12:33:55.933360',3,29),(71,0,'2021-11-10 12:33:55.979786','2021-11-10 12:33:55.979811',3,30),(72,-3982,'2021-11-10 12:33:56.004676','2022-01-20 15:02:46.470625',3,31),(73,-1056,'2021-11-10 12:33:56.031383','2022-01-18 16:51:04.047042',3,32),(74,-240,'2021-11-10 12:33:56.063519','2022-01-18 16:51:04.018674',3,33),(75,-2885,'2021-11-10 12:33:56.104004','2022-01-20 15:01:12.685404',3,34),(76,-266,'2021-11-10 12:33:56.130525','2022-01-19 17:41:00.108580',3,35),(77,-1084,'2021-11-10 12:33:56.164560','2022-01-20 15:02:46.377250',3,36),(78,-1069,'2021-11-10 12:33:56.206280','2022-01-20 15:02:46.356506',3,37),(79,0,'2021-11-10 12:33:56.246670','2021-11-10 12:33:56.246695',3,38),(80,-967,'2021-11-10 12:33:56.335657','2022-01-20 15:02:46.496370',3,39),(81,-1942,'2021-11-10 12:33:56.379235','2022-01-20 15:02:46.504647',3,40),(82,-2393,'2021-11-10 12:33:56.415935','2022-01-20 15:02:46.488903',3,41),(83,50,'2021-11-10 12:33:56.455213','2021-11-10 13:00:46.471877',3,42),(84,-5,'2021-11-10 12:33:56.488512','2022-01-20 15:02:46.458459',3,43),(85,0,'2021-11-10 12:33:56.522347','2022-01-20 15:02:46.450694',3,44),(86,0,'2021-11-10 12:33:56.565331','2021-11-10 12:33:56.565354',3,45),(87,0,'2021-11-10 12:33:56.605439','2021-11-10 12:33:56.605463',3,46),(88,0,'2021-11-10 12:33:56.639411','2021-11-10 12:33:56.639435',3,47),(89,0,'2021-11-10 12:33:56.680012','2021-11-10 12:33:56.680037',3,48),(90,-8,'2021-11-10 12:33:56.705502','2021-12-09 11:32:40.283915',3,49),(91,0,'2021-11-10 13:32:20.886557','2021-11-10 13:32:20.886588',4,48),(92,0,'2021-11-10 13:32:20.951535','2021-11-10 13:32:20.951573',4,49),(93,0,'2021-11-22 16:05:59.512250','2021-12-07 14:59:36.259912',2,34),(94,0,'2021-11-22 16:23:32.879240','2021-12-07 14:59:36.267970',2,31),(95,0,'2021-11-22 16:28:05.231716','2021-11-22 16:28:05.231741',2,4),(96,0,'2021-11-22 16:28:05.234646','2021-11-22 16:28:05.234670',2,5),(97,0,'2021-11-22 16:28:05.236881','2021-11-22 16:28:05.236903',2,6),(98,0,'2021-11-22 16:28:05.239296','2021-11-22 16:28:05.239318',2,7),(99,0,'2021-11-22 16:28:05.241792','2021-11-22 16:28:05.241813',2,8),(100,0,'2021-11-22 16:28:05.244255','2021-11-22 16:28:05.244278',2,9),(101,0,'2021-11-22 16:28:05.246738','2021-11-22 16:28:05.246766',2,10),(102,0,'2021-11-22 16:28:05.248939','2021-11-22 16:28:05.248959',2,11),(103,0,'2021-11-22 16:28:05.251508','2021-11-22 16:28:05.251530',2,12),(104,0,'2021-11-22 16:28:05.254164','2021-11-22 16:28:05.254192',2,13),(105,0,'2021-11-22 16:28:05.257807','2021-11-22 16:28:05.257831',2,14),(106,0,'2021-11-22 16:28:05.260050','2021-11-22 16:28:05.260078',2,15),(107,0,'2021-11-22 16:28:05.263337','2021-11-22 16:28:05.263360',2,16),(108,0,'2021-11-22 16:28:05.265970','2021-11-22 16:28:05.265993',2,17),(109,0,'2021-11-22 16:28:05.268403','2021-11-22 16:28:05.268430',2,18),(110,0,'2021-11-22 16:28:05.271289','2021-11-22 16:28:05.271313',2,19),(111,0,'2021-11-22 16:28:05.274079','2021-11-22 16:28:05.274102',2,20),(112,0,'2021-11-22 16:28:05.276354','2021-11-22 16:28:05.276375',2,21),(113,0,'2021-11-22 16:28:05.279192','2021-11-22 16:28:05.279215',2,22),(114,0,'2021-11-22 16:28:05.281891','2021-11-22 16:28:05.281914',2,23),(115,0,'2021-11-22 16:28:05.284379','2021-11-22 16:28:05.284402',2,24),(116,0,'2021-11-22 16:28:05.287041','2021-11-22 16:28:05.287069',2,25),(117,0,'2021-11-22 16:28:05.289402','2021-11-22 16:28:05.289424',2,26),(118,0,'2021-11-22 16:28:05.292043','2021-11-22 16:28:05.294564',2,27),(119,0,'2021-11-22 16:28:05.298184','2021-11-22 16:28:05.298214',2,28),(120,0,'2021-11-22 16:28:05.301241','2021-11-22 16:28:05.301267',2,29),(121,0,'2021-11-22 16:28:05.304073','2021-11-22 16:28:05.304109',2,30),(122,0,'2021-11-22 16:28:05.307726','2021-11-22 16:28:05.307750',2,32),(123,0,'2021-11-22 16:28:05.310479','2021-11-22 16:28:05.310504',2,33),(124,0,'2021-11-22 16:28:05.313948','2021-11-22 16:28:05.313971',2,35),(125,0,'2021-11-22 16:28:05.316549','2021-11-22 16:28:05.316572',2,36),(126,0,'2021-11-22 16:28:05.319147','2021-11-22 16:28:05.319170',2,37),(127,0,'2021-11-22 16:28:05.321350','2021-11-22 16:28:05.321371',2,38),(128,0,'2021-11-22 16:28:05.323723','2021-11-22 16:28:05.323744',2,39),(129,0,'2021-11-22 16:28:05.326218','2021-11-22 16:28:05.326250',2,40),(130,0,'2021-11-22 16:28:05.328457','2021-11-22 16:28:05.328479',2,41),(131,0,'2021-11-22 16:28:05.331023','2021-11-22 16:28:05.331047',2,42),(132,0,'2021-11-22 16:28:05.333407','2021-11-22 16:28:05.333430',2,43),(133,0,'2021-11-22 16:28:05.336118','2021-11-22 16:28:05.336140',2,44),(134,0,'2021-11-22 16:28:05.339025','2021-11-22 16:28:05.339049',2,45),(135,0,'2021-11-22 16:28:05.341602','2021-11-22 16:28:05.341626',2,46),(136,0,'2021-11-22 16:28:05.344204','2021-11-22 16:28:05.344228',2,47),(137,0,'2021-11-22 16:28:05.347005','2021-11-22 16:28:05.347028',2,48),(138,0,'2021-11-22 16:28:05.349252','2021-11-22 16:28:05.349273',2,49),(139,0,'2021-12-06 11:34:39.785650','2021-12-06 11:34:39.785675',4,50),(140,0,'2021-12-06 11:34:39.788723','2021-12-06 11:34:39.788744',4,51),(141,-57,'2021-12-09 11:28:38.356261','2022-01-11 17:44:49.353319',3,52),(142,0,'2021-12-09 13:30:14.264781','2021-12-09 13:30:14.264817',3,50),(143,0,'2021-12-09 13:30:14.267985','2021-12-09 13:30:14.268014',3,51),(144,0,'2021-12-09 13:30:14.271875','2021-12-09 13:30:14.271907',3,53),(145,0,'2021-12-09 13:30:14.275073','2021-12-09 13:30:14.275103',3,54),(146,0,'2021-12-21 11:08:31.708623','2021-12-21 11:08:31.708650',4,52),(147,0,'2021-12-21 11:08:31.712447','2021-12-21 11:08:31.712472',4,53),(148,0,'2021-12-21 11:08:31.715581','2021-12-21 11:08:31.715620',4,54),(149,0,'2021-12-26 20:06:52.514362','2021-12-26 20:06:52.514386',2,50),(150,0,'2021-12-26 20:06:52.519188','2021-12-26 20:06:52.519214',2,51),(151,0,'2021-12-26 20:06:52.521471','2021-12-26 20:06:52.521505',2,52),(152,0,'2021-12-26 20:06:52.523687','2021-12-26 20:06:52.523707',2,53),(153,0,'2021-12-26 20:06:52.525667','2021-12-26 20:06:52.525686',2,54);
/*!40000 ALTER TABLE `inventario_inventarioproducto` ENABLE KEYS */;
UNLOCK TABLES;

--
-- Table structure for table `inventario_supervisorbodega`
--

DROP TABLE IF EXISTS `inventario_supervisorbodega`;
/*!40101 SET @saved_cs_client     = @@character_set_client */;
/*!40101 SET character_set_client = utf8 */;
CREATE TABLE `inventario_supervisorbodega` (
  `id` bigint(20) NOT NULL AUTO_INCREMENT,
  `bodega_id` bigint(20) NOT NULL,
  `supervisor_id` int(11) DEFAULT NULL,
  PRIMARY KEY (`id`),
  KEY `inventario_superviso_bodega_id_5acd86a8_fk_inventari` (`bodega_id`),
  KEY `inventario_superviso_supervisor_id_9e5aa4a7_fk_auth_user` (`supervisor_id`),
  CONSTRAINT `inventario_superviso_bodega_id_5acd86a8_fk_inventari` FOREIGN KEY (`bodega_id`) REFERENCES `inventario_bodega` (`id`),
  CONSTRAINT `inventario_superviso_supervisor_id_9e5aa4a7_fk_auth_user` FOREIGN KEY (`supervisor_id`) REFERENCES `auth_user` (`id`)
) ENGINE=InnoDB AUTO_INCREMENT=7 DEFAULT CHARSET=utf8;
/*!40101 SET character_set_client = @saved_cs_client */;

--
-- Dumping data for table `inventario_supervisorbodega`
--

LOCK TABLES `inventario_supervisorbodega` WRITE;
/*!40000 ALTER TABLE `inventario_supervisorbodega` DISABLE KEYS */;
INSERT INTO `inventario_supervisorbodega` VALUES (1,4,40),(2,4,42),(3,3,41),(4,3,42),(5,2,41),(6,2,42);
/*!40000 ALTER TABLE `inventario_supervisorbodega` ENABLE KEYS */;
UNLOCK TABLES;

--
-- Table structure for table `logistica_envio`
--

DROP TABLE IF EXISTS `logistica_envio`;
/*!40101 SET @saved_cs_client     = @@character_set_client */;
/*!40101 SET character_set_client = utf8 */;
CREATE TABLE `logistica_envio` (
  `id` bigint(20) NOT NULL AUTO_INCREMENT,
  `fecha_envio` datetime(6) NOT NULL,
  `fecha_recepcion` datetime(6) DEFAULT NULL,
  `estado` tinyint(1) NOT NULL,
  `medio_transporte` varchar(255) NOT NULL,
  `numero_documento` varchar(255) NOT NULL,
  `created` datetime(6) NOT NULL,
  `updated` datetime(6) NOT NULL,
  `lugar_d_id` bigint(20) NOT NULL,
  `lugar_o_id` bigint(20) NOT NULL,
  `encargado_recepcion_id` int(11) DEFAULT NULL,
  `encargado_envio_id` int(11) DEFAULT NULL,
  PRIMARY KEY (`id`),
  KEY `logistica_envio_lugar_d_id_faf4062f_fk_inventario_bodega_id` (`lugar_d_id`),
  KEY `logistica_envio_lugar_o_id_d51f76ba_fk_inventario_bodega_id` (`lugar_o_id`),
  KEY `logistica_envio_encargado_recepcion_id_6ee00712_fk_auth_user_id` (`encargado_recepcion_id`),
  KEY `logistica_envio_encargado_envio_id_e47ff18d_fk_auth_user_id` (`encargado_envio_id`),
  CONSTRAINT `logistica_envio_encargado_envio_id_e47ff18d_fk_auth_user_id` FOREIGN KEY (`encargado_envio_id`) REFERENCES `auth_user` (`id`),
  CONSTRAINT `logistica_envio_encargado_recepcion_id_6ee00712_fk_auth_user_id` FOREIGN KEY (`encargado_recepcion_id`) REFERENCES `auth_user` (`id`),
  CONSTRAINT `logistica_envio_lugar_d_id_faf4062f_fk_inventario_bodega_id` FOREIGN KEY (`lugar_d_id`) REFERENCES `inventario_bodega` (`id`),
  CONSTRAINT `logistica_envio_lugar_o_id_d51f76ba_fk_inventario_bodega_id` FOREIGN KEY (`lugar_o_id`) REFERENCES `inventario_bodega` (`id`)
) ENGINE=InnoDB AUTO_INCREMENT=52 DEFAULT CHARSET=utf8;
/*!40101 SET character_set_client = @saved_cs_client */;

--
-- Dumping data for table `logistica_envio`
--

LOCK TABLES `logistica_envio` WRITE;
/*!40000 ALTER TABLE `logistica_envio` DISABLE KEYS */;
INSERT INTO `logistica_envio` VALUES (27,'2021-11-25 00:00:00.000000','2021-11-25 00:00:00.000000',1,'BUS NORTE','1','2021-11-25 09:29:40.795432','2021-11-25 09:31:23.510822',4,3,41,NULL),(28,'2021-11-29 00:00:00.000000',NULL,0,'Camioneta Hernan','Hernanzitos','2021-11-29 10:51:12.323474','2021-11-29 10:51:12.323485',2,3,NULL,NULL),(29,'2021-12-10 00:00:00.000000',NULL,0,'BUS NORTE','GUIA DESPACHO 10/12','2021-12-09 16:41:31.224444','2021-12-09 16:41:31.224456',4,3,NULL,NULL),(30,'2021-12-09 00:00:00.000000','2021-12-13 00:00:00.000000',1,'CAMIONETA','SG','2021-12-09 16:42:00.548864','2021-12-13 13:47:23.139291',2,3,41,NULL),(31,'2021-12-09 00:00:00.000000','2021-12-09 00:00:00.000000',1,'PRUEBA STGO','SGI 38 169','2021-12-09 16:43:10.923032','2021-12-09 16:45:08.283177',2,3,41,NULL),(32,'2021-12-09 00:00:00.000000','2021-12-09 00:00:00.000000',1,'CAMIONETA STGO/SEBA','SG','2021-12-09 16:50:43.791402','2021-12-09 16:51:11.102564',3,2,39,NULL),(33,'2021-12-09 00:00:00.000000','2021-12-09 00:00:00.000000',1,'CAMIONETA','SG','2021-12-09 17:32:13.927204','2021-12-09 17:34:36.260663',2,3,41,NULL),(34,'2021-12-09 00:00:00.000000','2021-12-09 00:00:00.000000',1,'BUS NORTE','GUIA DESPACHO 553','2021-12-09 18:21:57.635460','2021-12-09 18:24:39.032713',4,3,41,NULL),(35,'2021-12-16 00:00:00.000000','2021-12-21 00:00:00.000000',0,'Bus Norte','1336','2021-12-16 11:55:32.964425','2021-12-21 08:42:34.459137',4,3,37,39),(36,'2021-12-17 00:00:00.000000',NULL,0,'Camioneta Hernan Stgo chofer','1111','2021-12-17 16:50:47.501582','2021-12-17 16:50:47.501592',2,3,NULL,42),(37,'2021-12-21 00:00:00.000000','2021-12-23 00:00:00.000000',1,'Bus Norte','1338','2021-12-21 10:08:54.607558','2021-12-23 09:38:16.802613',4,3,37,39),(38,'2021-12-23 00:00:00.000000',NULL,0,'CAMIONETA','SG','2021-12-22 12:10:55.714049','2021-12-22 12:10:55.714060',2,3,NULL,39),(39,'2021-12-28 00:00:00.000000','2021-12-29 00:00:00.000000',1,'Bus Norte','1342','2021-12-28 09:56:15.569403','2021-12-29 12:31:23.440043',4,3,37,39),(41,'2021-12-28 00:00:00.000000','2021-12-29 00:00:00.000000',1,'Bus Norte','1345','2021-12-28 10:34:32.917241','2021-12-29 11:37:00.248659',4,3,37,39),(42,'2022-01-03 00:00:00.000000','2022-01-03 00:00:00.000000',1,'CAMIONETA HERNAN','1346','2022-01-03 08:52:20.027230','2022-01-03 11:23:06.541762',2,3,42,39),(43,'2022-01-03 00:00:00.000000','2022-01-05 00:00:00.000000',1,'Camioneta Paola','SD','2022-01-03 20:40:41.121924','2022-01-05 15:50:31.148294',2,3,47,39),(44,'2022-01-04 00:00:00.000000','2022-01-06 00:00:00.000000',1,'Bus Norte','1347','2022-01-04 13:48:02.458084','2022-01-06 10:44:53.593098',4,3,37,39),(45,'2022-01-04 00:00:00.000000','2022-01-05 00:00:00.000000',1,'Camioneta Paola','1348','2022-01-04 18:52:13.625350','2022-01-05 16:00:12.399676',2,3,47,39),(46,'2022-01-07 00:00:00.000000',NULL,0,'Bus Norte','1349, 1350','2022-01-07 10:28:50.262660','2022-01-07 10:28:50.262673',4,3,NULL,39),(47,'2022-01-10 00:00:00.000000','2022-01-10 00:00:00.000000',1,'CAMIONETA HERNAN','1351','2022-01-10 09:05:24.433059','2022-01-10 11:06:05.351070',2,3,51,39),(48,'2022-01-10 00:00:00.000000','2022-01-10 00:00:00.000000',1,'CAMIONETA HERNAN','1351','2022-01-10 10:10:32.147858','2022-01-10 11:08:37.776104',2,3,51,39),(49,'2022-01-11 00:00:00.000000','2022-01-13 00:00:00.000000',1,'Bus Norte','1352','2022-01-11 11:27:22.178498','2022-01-13 11:46:07.112820',4,3,37,39),(50,'2022-01-17 00:00:00.000000','2022-01-17 00:00:00.000000',1,'Camioneta Hernán','1355','2022-01-17 09:08:16.092714','2022-01-17 18:09:50.807503',2,3,47,39),(51,'2022-01-18 00:00:00.000000',NULL,0,'Bus norte','1357','2022-01-18 09:12:38.237155','2022-01-18 09:12:38.237166',4,3,NULL,39);
/*!40000 ALTER TABLE `logistica_envio` ENABLE KEYS */;
UNLOCK TABLES;

--
-- Table structure for table `logistica_insumoenvio`
--

DROP TABLE IF EXISTS `logistica_insumoenvio`;
/*!40101 SET @saved_cs_client     = @@character_set_client */;
/*!40101 SET character_set_client = utf8 */;
CREATE TABLE `logistica_insumoenvio` (
  `id` bigint(20) NOT NULL AUTO_INCREMENT,
  `envio_id` bigint(20) DEFAULT NULL,
  `insumobulto_id` bigint(20) NOT NULL,
  `recepcionado` tinyint(1) DEFAULT NULL,
  PRIMARY KEY (`id`),
  KEY `logistica_insumoenvio_envio_id_9b51aeb3_fk_logistica_envio_id` (`envio_id`),
  KEY `logistica_insumoenvi_insumobulto_id_36b6ec26_fk_inventari` (`insumobulto_id`),
  CONSTRAINT `logistica_insumoenvi_insumobulto_id_36b6ec26_fk_inventari` FOREIGN KEY (`insumobulto_id`) REFERENCES `inventario_insumobulto` (`id`),
  CONSTRAINT `logistica_insumoenvio_envio_id_9b51aeb3_fk_logistica_envio_id` FOREIGN KEY (`envio_id`) REFERENCES `logistica_envio` (`id`)
) ENGINE=InnoDB AUTO_INCREMENT=272 DEFAULT CHARSET=utf8;
/*!40101 SET character_set_client = @saved_cs_client */;

--
-- Dumping data for table `logistica_insumoenvio`
--

LOCK TABLES `logistica_insumoenvio` WRITE;
/*!40000 ALTER TABLE `logistica_insumoenvio` DISABLE KEYS */;
INSERT INTO `logistica_insumoenvio` VALUES (19,27,139,1),(20,27,140,1),(21,28,141,NULL),(22,28,142,NULL),(23,28,143,NULL),(24,29,171,NULL),(25,29,172,NULL),(26,30,170,1),(27,31,169,1),(28,32,169,1),(29,33,148,1),(30,34,174,1),(31,34,175,1),(32,35,260,0),(33,35,261,0),(34,35,262,0),(35,35,263,0),(36,35,264,0),(37,35,265,0),(38,35,266,0),(39,35,267,0),(40,35,268,0),(41,35,269,0),(42,35,270,0),(43,35,271,0),(44,35,272,0),(45,35,273,0),(46,35,274,0),(47,35,275,0),(48,35,276,0),(49,35,277,0),(50,35,278,0),(51,35,279,0),(52,35,280,0),(53,35,281,0),(54,35,282,0),(55,35,285,0),(56,35,303,0),(57,35,306,0),(58,35,311,0),(59,36,229,NULL),(60,36,230,NULL),(61,37,202,1),(62,37,203,1),(63,37,204,1),(64,37,206,1),(65,37,210,1),(66,37,216,1),(67,37,284,1),(68,37,286,1),(69,37,288,1),(70,37,292,1),(71,37,294,1),(72,37,297,1),(73,38,334,NULL),(74,38,345,NULL),(75,38,346,NULL),(76,39,205,1),(77,39,212,1),(78,39,217,1),(79,39,223,1),(80,39,225,1),(81,39,226,1),(82,39,291,1),(83,39,293,1),(84,39,295,1),(85,39,298,1),(86,39,299,1),(87,39,305,1),(88,39,307,1),(89,39,324,1),(90,39,328,1),(91,39,339,1),(92,39,341,1),(93,39,343,1),(94,39,344,1),(95,39,284446,1),(96,39,284449,1),(97,39,284483,1),(98,39,284487,1),(99,39,284499,1),(100,39,284507,1),(101,39,284509,1),(102,39,284515,1),(103,41,335,1),(104,41,336,1),(105,41,337,1),(106,41,284451,1),(107,41,284452,1),(108,42,284481,1),(109,42,284486,1),(110,42,284488,1),(111,42,284502,1),(112,42,284511,1),(113,42,284517,1),(114,42,284610,1),(115,42,284624,1),(116,42,284625,1),(117,42,284626,1),(118,42,284627,1),(119,42,284628,1),(120,43,284659,1),(121,44,176,1),(122,44,179,1),(123,44,180,1),(124,44,181,1),(125,44,304,1),(126,44,326,1),(127,44,327,1),(128,44,284450,1),(129,44,284532,1),(130,44,284534,1),(131,44,284540,1),(132,44,284543,1),(133,44,284613,1),(134,44,284614,1),(135,44,284618,1),(136,44,284619,1),(137,44,284633,1),(138,44,284635,1),(139,44,284643,1),(140,44,284645,1),(141,44,284646,1),(142,44,284648,1),(143,44,284661,1),(144,44,284671,1),(145,44,284678,1),(146,44,284683,1),(147,44,284684,1),(148,44,284694,1),(149,44,284696,1),(150,44,284697,1),(151,44,284699,1),(152,44,284700,1),(153,44,284701,1),(154,44,284702,1),(155,44,284703,1),(156,45,144,1),(157,45,329,1),(158,45,331,1),(159,45,284733,1),(160,45,284734,1),(161,45,284735,1),(162,45,284736,1),(163,45,284739,1),(164,46,177,NULL),(165,46,178,NULL),(166,46,182,NULL),(167,46,183,NULL),(168,46,186,NULL),(169,46,190,NULL),(170,46,191,NULL),(171,46,300,NULL),(172,46,284536,NULL),(173,46,284541,NULL),(174,46,284542,NULL),(175,46,284545,NULL),(176,46,284547,NULL),(177,46,284551,NULL),(178,46,284572,NULL),(179,46,284575,NULL),(180,46,284577,NULL),(181,46,284582,NULL),(182,46,284589,NULL),(183,46,284608,NULL),(184,46,284615,NULL),(185,46,284616,NULL),(186,46,284631,NULL),(187,46,284637,NULL),(188,46,284638,NULL),(189,46,284650,NULL),(190,46,284654,NULL),(191,46,284655,NULL),(192,46,284669,NULL),(193,46,284673,NULL),(194,46,284674,NULL),(195,46,284675,NULL),(196,46,284676,NULL),(197,46,284677,NULL),(198,46,284695,NULL),(199,46,284698,NULL),(200,46,284704,NULL),(201,46,284706,NULL),(202,46,284708,NULL),(203,46,284709,NULL),(204,46,284710,NULL),(205,46,284711,NULL),(206,46,284713,NULL),(207,46,284717,NULL),(208,46,284721,NULL),(209,46,284722,NULL),(210,46,284732,NULL),(211,47,284490,1),(212,47,284492,1),(213,47,284493,1),(214,47,284495,1),(215,47,284506,1),(216,47,284508,1),(217,48,145,1),(218,49,184,1),(219,49,185,1),(220,49,187,1),(221,49,323,1),(222,49,325,1),(223,49,284537,0),(224,49,284554,1),(225,49,284555,1),(226,49,284556,1),(227,49,284557,1),(228,49,284559,1),(229,49,284561,1),(230,49,284569,1),(231,49,284578,1),(232,49,284579,1),(233,49,284634,1),(234,49,284640,1),(235,49,284641,1),(236,49,284647,1),(237,49,284649,1),(238,49,284652,1),(239,49,284653,1),(240,49,284714,1),(241,49,284719,1),(242,49,284723,1),(243,49,284743,1),(244,49,284755,1),(245,49,284761,0),(246,50,284479,1),(247,50,284484,1),(248,50,284496,1),(249,50,284503,1),(250,50,284504,1),(251,50,284510,1),(252,50,284512,1),(253,50,284855,1),(254,50,284861,1),(255,50,284869,1),(256,50,284879,1),(257,50,284889,1),(258,50,284897,1),(259,50,284950,1),(260,50,285012,1),(261,50,285013,1),(262,50,285015,1),(263,50,285017,1),(264,50,285019,1),(265,51,284553,NULL),(266,51,284558,NULL),(267,51,284563,NULL),(268,51,284564,NULL),(269,51,284592,NULL),(270,51,284595,NULL),(271,51,285020,NULL);
/*!40000 ALTER TABLE `logistica_insumoenvio` ENABLE KEYS */;
UNLOCK TABLES;

--
-- Table structure for table `logistica_loteenvio`
--

DROP TABLE IF EXISTS `logistica_loteenvio`;
/*!40101 SET @saved_cs_client     = @@character_set_client */;
/*!40101 SET character_set_client = utf8 */;
CREATE TABLE `logistica_loteenvio` (
  `id` bigint(20) NOT NULL AUTO_INCREMENT,
  `recepcionado` tinyint(1) DEFAULT NULL,
  `envio_id` bigint(20) DEFAULT NULL,
  `cajalote_id` bigint(20) NOT NULL,
  PRIMARY KEY (`id`),
  KEY `logistica_loteenvio_envio_id_df47a676_fk_logistica_envio_id` (`envio_id`),
  KEY `logistica_loteenvio_cajalote_id_f8079c01_fk_produccio` (`cajalote_id`),
  CONSTRAINT `logistica_loteenvio_cajalote_id_f8079c01_fk_produccio` FOREIGN KEY (`cajalote_id`) REFERENCES `produccion_cajalote` (`id`),
  CONSTRAINT `logistica_loteenvio_envio_id_df47a676_fk_logistica_envio_id` FOREIGN KEY (`envio_id`) REFERENCES `logistica_envio` (`id`)
) ENGINE=InnoDB DEFAULT CHARSET=utf8;
/*!40101 SET character_set_client = @saved_cs_client */;

--
-- Dumping data for table `logistica_loteenvio`
--

LOCK TABLES `logistica_loteenvio` WRITE;
/*!40000 ALTER TABLE `logistica_loteenvio` DISABLE KEYS */;
/*!40000 ALTER TABLE `logistica_loteenvio` ENABLE KEYS */;
UNLOCK TABLES;

--
-- Table structure for table `logistica_pallet`
--

DROP TABLE IF EXISTS `logistica_pallet`;
/*!40101 SET @saved_cs_client     = @@character_set_client */;
/*!40101 SET character_set_client = utf8 */;
CREATE TABLE `logistica_pallet` (
  `id` bigint(20) NOT NULL AUTO_INCREMENT,
  `nombre` varchar(255) NOT NULL,
  `created` datetime(6) NOT NULL,
  `updated` datetime(6) NOT NULL,
  `envio_id` bigint(20) DEFAULT NULL,
  `lugar_id` bigint(20) DEFAULT NULL,
  PRIMARY KEY (`id`),
  UNIQUE KEY `nombre` (`nombre`),
  KEY `logistica_pallet_lugar_id_8cd7c9b3_fk_inventario_bodega_id` (`lugar_id`),
  KEY `logistica_pallet_envio_id_ffb4e3ce_fk_logistica_envio_id` (`envio_id`),
  CONSTRAINT `logistica_pallet_envio_id_ffb4e3ce_fk_logistica_envio_id` FOREIGN KEY (`envio_id`) REFERENCES `logistica_envio` (`id`),
  CONSTRAINT `logistica_pallet_lugar_id_8cd7c9b3_fk_inventario_bodega_id` FOREIGN KEY (`lugar_id`) REFERENCES `inventario_bodega` (`id`)
) ENGINE=InnoDB AUTO_INCREMENT=2 DEFAULT CHARSET=utf8;
/*!40101 SET character_set_client = @saved_cs_client */;

--
-- Dumping data for table `logistica_pallet`
--

LOCK TABLES `logistica_pallet` WRITE;
/*!40000 ALTER TABLE `logistica_pallet` DISABLE KEYS */;
INSERT INTO `logistica_pallet` VALUES (1,'Pallet 0','2021-11-10 16:23:28.929639','2021-11-30 20:08:49.288688',NULL,4);
/*!40000 ALTER TABLE `logistica_pallet` ENABLE KEYS */;
UNLOCK TABLES;

--
-- Table structure for table `logistica_registropallet`
--

DROP TABLE IF EXISTS `logistica_registropallet`;
/*!40101 SET @saved_cs_client     = @@character_set_client */;
/*!40101 SET character_set_client = utf8 */;
CREATE TABLE `logistica_registropallet` (
  `id` bigint(20) NOT NULL AUTO_INCREMENT,
  `completado` tinyint(1) NOT NULL,
  `envio_id` bigint(20) NOT NULL,
  `pallet_id` bigint(20) NOT NULL,
  PRIMARY KEY (`id`),
  KEY `logistica_registropallet_envio_id_a9ba0f1f_fk_logistica_envio_id` (`envio_id`),
  KEY `logistica_registropa_pallet_id_d9b9f715_fk_logistica` (`pallet_id`),
  CONSTRAINT `logistica_registropa_pallet_id_d9b9f715_fk_logistica` FOREIGN KEY (`pallet_id`) REFERENCES `logistica_pallet` (`id`),
  CONSTRAINT `logistica_registropallet_envio_id_a9ba0f1f_fk_logistica_envio_id` FOREIGN KEY (`envio_id`) REFERENCES `logistica_envio` (`id`)
) ENGINE=InnoDB DEFAULT CHARSET=utf8;
/*!40101 SET character_set_client = @saved_cs_client */;

--
-- Dumping data for table `logistica_registropallet`
--

LOCK TABLES `logistica_registropallet` WRITE;
/*!40000 ALTER TABLE `logistica_registropallet` DISABLE KEYS */;
/*!40000 ALTER TABLE `logistica_registropallet` ENABLE KEYS */;
UNLOCK TABLES;

--
-- Table structure for table `logistica_ruta`
--

DROP TABLE IF EXISTS `logistica_ruta`;
/*!40101 SET @saved_cs_client     = @@character_set_client */;
/*!40101 SET character_set_client = utf8 */;
CREATE TABLE `logistica_ruta` (
  `id` bigint(20) NOT NULL AUTO_INCREMENT,
  `nombre` varchar(255) NOT NULL,
  `created` datetime(6) NOT NULL,
  `updated` datetime(6) NOT NULL,
  `persona_id` int(11) NOT NULL,
  `estado` varchar(255) NOT NULL,
  `patente` varchar(10) NOT NULL,
  PRIMARY KEY (`id`),
  UNIQUE KEY `logistica_ruta_nombre_persona_id_196aa13e_uniq` (`nombre`,`persona_id`),
  KEY `logistica_ruta_persona_id_6f7c8925_fk_auth_user_id` (`persona_id`),
  CONSTRAINT `logistica_ruta_persona_id_6f7c8925_fk_auth_user_id` FOREIGN KEY (`persona_id`) REFERENCES `auth_user` (`id`)
) ENGINE=InnoDB AUTO_INCREMENT=31 DEFAULT CHARSET=utf8;
/*!40101 SET character_set_client = @saved_cs_client */;

--
-- Dumping data for table `logistica_ruta`
--

LOCK TABLES `logistica_ruta` WRITE;
/*!40000 ALTER TABLE `logistica_ruta` DISABLE KEYS */;
INSERT INTO `logistica_ruta` VALUES (2,'VITACURA/LO BARNECHEA','2021-11-24 13:44:26.126389','2021-11-25 09:33:20.164713',45,'Cerrado',''),(4,'Alexis 25/11/21','2021-11-24 17:02:06.771872','2021-11-25 16:27:33.090659',45,'Cerrado',''),(5,'Deya 25/11/21','2021-11-24 17:13:04.181712','2021-11-25 14:40:07.830339',39,'Cerrado',''),(7,'Deya 26/11/21','2021-11-25 16:52:15.281615','2021-11-29 11:48:27.236366',39,'Cerrado',''),(8,'ALEXIS 01/12/21','2021-12-01 13:22:30.509158','2021-12-09 11:49:07.699046',45,'Cerrado',''),(9,'ALEXIS 02/12/21','2021-12-01 16:31:38.258679','2021-12-02 14:33:10.407429',45,'Cerrado',''),(10,'ALEXIS 6/12/21','2021-12-06 11:58:35.276356','2021-12-09 11:48:42.016759',45,'Cerrado','FHFB84'),(11,'Alexis 9/12/21','2021-12-09 11:42:10.253501','2021-12-09 18:26:32.876759',45,'Cerrado','FHFB84'),(12,'ALEXIS 10/12','2021-12-10 11:32:03.556878','2021-12-13 10:10:07.731869',45,'Cerrado','FHFB84'),(13,'DEYA 10/12/21','2021-12-10 16:45:22.548552','2021-12-13 10:09:46.955218',39,'Cerrado',''),(15,'ALEXIS 13/12/21','2021-12-13 10:10:39.392155','2021-12-13 16:53:37.915727',45,'Cerrado','FHFB84'),(16,'TRANSPORTISTAS EXTERNOS','2022-01-04 17:46:34.791863','2022-01-05 10:51:08.077559',39,'Cerrado',''),(17,'ALEXIS 05/01/22','2022-01-05 10:15:16.761795','2022-01-05 17:06:09.699501',45,'Cerrado',''),(18,'TRANSPORTISTAS EXTERNOS.','2022-01-05 10:51:36.371537','2022-01-05 10:53:17.936433',39,'Cerrado',''),(20,'TRANSPORTISTAS EXTERNOS ..','2022-01-05 10:56:20.147111','2022-01-05 10:56:20.147142',39,'Abierto',''),(22,'TRANSPORTE EXTERNO(ALEXIS) 06/01/22','2022-01-05 17:35:36.892203','2022-01-06 16:04:24.917316',45,'Cerrado',''),(23,'ALEXIS(CAMIONETA HERNAN)','2022-01-06 16:59:59.248594','2022-01-07 09:03:13.251777',45,'Cerrado',''),(24,'ALEXIS (KM33) 07/01/22','2022-01-07 11:35:42.402823','2022-01-07 15:23:58.708770',45,'Cerrado',''),(25,'HERNAN','2022-01-11 17:19:48.101826','2022-01-11 17:19:48.101852',42,'Abierto',''),(26,'ALEXIS (CAMIONETA HERNAN)','2022-01-12 11:19:07.221627','2022-01-12 14:54:36.748307',45,'Cerrado',''),(27,'ruta jueves 13-01-2022','2022-01-12 16:51:09.514478','2022-01-14 10:41:30.143829',45,'Cerrado',''),(28,'ALEXIS  14/01/2022(CAMIONETA HERNAN)','2022-01-14 10:42:04.273678','2022-01-17 16:55:42.218079',45,'Cerrado',''),(29,'Ruta jueves 20 transporte externo','2022-01-19 17:07:07.506060','2022-01-19 17:07:07.506094',45,'Abierto',''),(30,'CAMIONETA HERNAN (CARLOS Y SANTIAGO)','2022-01-20 14:59:30.116956','2022-01-20 18:37:33.903115',48,'Cerrado','');
/*!40000 ALTER TABLE `logistica_ruta` ENABLE KEYS */;
UNLOCK TABLES;

--
-- Table structure for table `logistica_rutaov`
--

DROP TABLE IF EXISTS `logistica_rutaov`;
/*!40101 SET @saved_cs_client     = @@character_set_client */;
/*!40101 SET character_set_client = utf8 */;
CREATE TABLE `logistica_rutaov` (
  `id` bigint(20) NOT NULL AUTO_INCREMENT,
  `orden_id` bigint(20) NOT NULL,
  `ruta_id` bigint(20) NOT NULL,
  PRIMARY KEY (`id`),
  KEY `logistica_rutaov_orden_id_205b6c89_fk_ventas_ordendeventa_id` (`orden_id`),
  KEY `logistica_rutaov_ruta_id_ae4fd3fb_fk_logistica_ruta_id` (`ruta_id`),
  CONSTRAINT `logistica_rutaov_orden_id_205b6c89_fk_ventas_ordendeventa_id` FOREIGN KEY (`orden_id`) REFERENCES `ventas_ordendeventa` (`id`),
  CONSTRAINT `logistica_rutaov_ruta_id_ae4fd3fb_fk_logistica_ruta_id` FOREIGN KEY (`ruta_id`) REFERENCES `logistica_ruta` (`id`)
) ENGINE=InnoDB AUTO_INCREMENT=194 DEFAULT CHARSET=utf8;
/*!40101 SET character_set_client = @saved_cs_client */;

--
-- Dumping data for table `logistica_rutaov`
--

LOCK TABLES `logistica_rutaov` WRITE;
/*!40000 ALTER TABLE `logistica_rutaov` DISABLE KEYS */;
INSERT INTO `logistica_rutaov` VALUES (2,23,2),(3,24,2),(4,25,2),(5,26,2),(6,27,2),(7,28,2),(8,29,2),(9,30,4),(10,31,4),(11,32,4),(12,33,4),(13,34,4),(14,35,4),(15,36,4),(16,37,4),(17,38,4),(18,39,4),(19,40,4),(20,41,4),(22,43,4),(24,45,5),(25,46,5),(26,47,5),(27,48,4),(28,49,5),(29,44,4),(31,60,7),(32,59,7),(33,62,7),(34,61,7),(35,50,7),(36,65,8),(38,67,8),(39,68,8),(40,69,8),(41,70,8),(42,71,8),(43,66,9),(44,72,9),(45,74,9),(46,75,9),(47,73,9),(48,76,9),(49,77,9),(50,78,9),(51,79,9),(52,80,9),(53,81,10),(54,82,10),(55,83,10),(56,84,10),(57,85,11),(58,86,11),(59,87,11),(60,88,11),(61,89,11),(62,91,11),(63,92,11),(64,93,11),(65,94,11),(66,95,11),(67,96,11),(68,97,11),(69,98,11),(70,99,11),(71,100,11),(72,101,12),(73,102,12),(74,103,12),(75,104,12),(76,105,12),(77,106,12),(78,107,12),(79,108,13),(80,112,15),(81,113,15),(82,114,15),(83,115,15),(84,111,15),(85,119,16),(86,120,16),(87,150,17),(90,135,17),(91,145,17),(92,144,17),(93,142,17),(94,121,18),(96,139,20),(97,131,20),(98,130,20),(99,122,20),(100,149,22),(101,146,22),(102,140,22),(103,154,22),(105,147,22),(107,141,22),(108,136,22),(109,143,22),(110,128,22),(111,124,22),(112,123,22),(113,127,22),(114,133,22),(115,134,22),(116,155,22),(118,156,22),(119,137,22),(120,138,22),(121,129,20),(122,161,20),(123,165,20),(124,164,23),(125,163,23),(126,148,24),(127,167,24),(128,166,24),(129,132,24),(130,178,20),(131,179,20),(132,184,20),(133,169,20),(134,168,20),(135,170,25),(136,180,20),(137,181,20),(138,160,26),(139,194,26),(140,159,26),(141,174,26),(142,158,26),(143,192,20),(144,188,27),(145,176,27),(146,199,27),(147,173,27),(148,172,27),(149,171,27),(150,186,27),(151,182,27),(152,191,27),(153,185,27),(154,187,27),(155,204,27),(156,206,28),(157,205,28),(158,203,28),(159,202,28),(160,201,28),(161,200,28),(162,198,28),(163,196,28),(164,193,28),(165,183,20),(166,175,28),(167,195,20),(168,208,20),(169,209,20),(170,210,20),(171,220,20),(172,219,20),(173,189,20),(175,235,29),(176,227,29),(177,221,29),(178,232,29),(179,215,29),(180,211,29),(181,216,29),(182,58,20),(183,212,29),(184,218,29),(186,217,29),(188,214,29),(189,237,20),(190,239,30),(191,225,30),(192,238,30),(193,224,30);
/*!40000 ALTER TABLE `logistica_rutaov` ENABLE KEYS */;
UNLOCK TABLES;

--
-- Table structure for table `nucleo_insumo`
--

DROP TABLE IF EXISTS `nucleo_insumo`;
/*!40101 SET @saved_cs_client     = @@character_set_client */;
/*!40101 SET character_set_client = utf8 */;
CREATE TABLE `nucleo_insumo` (
  `id` bigint(20) NOT NULL AUTO_INCREMENT,
  `nombre` varchar(255) NOT NULL,
  `unidad` varchar(50) NOT NULL,
  `stock_critico` double NOT NULL,
  `created` datetime(6) NOT NULL,
  `updated` datetime(6) NOT NULL,
  `pip` tinyint(1) NOT NULL,
  PRIMARY KEY (`id`),
  UNIQUE KEY `nucleo_insumo_nombre_unidad_5f16b4c2_uniq` (`nombre`,`unidad`)
) ENGINE=InnoDB AUTO_INCREMENT=192 DEFAULT CHARSET=latin1;
/*!40101 SET character_set_client = @saved_cs_client */;

--
-- Dumping data for table `nucleo_insumo`
--

LOCK TABLES `nucleo_insumo` WRITE;
/*!40000 ALTER TABLE `nucleo_insumo` DISABLE KEYS */;
INSERT INTO `nucleo_insumo` VALUES (5,'N-Dulge','Kilogramo',50,'2021-10-22 10:27:38.388089','2021-10-22 10:27:38.391302',0),(6,'Bolsa Vacio 160x200x80 micras','Unidad',10000,'2021-10-25 17:21:48.728507','2021-10-25 17:21:48.734286',0),(7,'LACTOSA','Kilogramo',10,'2021-10-25 17:38:11.408050','2021-10-25 17:38:11.412223',0),(8,'SAL FUNDENTE ST-115','Kilogramo',5,'2021-10-25 17:38:31.377433','2021-10-25 17:44:07.617379',0),(9,'CULTIVO DVS-50 R-708','Unidad',8,'2021-10-26 13:59:06.284277','2021-10-26 13:59:06.287680',0),(10,'PC SAM3 LYO10','Unidad',10,'2021-10-26 14:00:00.087868','2021-10-26 14:00:00.091623',0),(11,'Cultivo R-704 Mesophilic','Unidad',10,'2021-10-26 14:00:45.203340','2021-11-18 12:18:47.462923',0),(12,'SAL FUNDENTE 1054','Kilogramo',10,'2021-10-26 14:06:08.126953','2021-10-26 14:06:08.131170',0),(13,'POTE 200/95 C/TAPA','Unidad',3000,'2021-10-27 10:14:52.886420','2021-10-27 10:14:52.890765',0),(14,'ACIDO CITRICO','Kilogramo',10,'2021-10-28 12:21:49.879362','2021-10-28 12:21:49.885907',0),(17,'TAPA CORONA','Unidad',25000,'2021-11-02 16:22:33.912460','2021-11-02 16:22:33.917750',0),(20,'POTE 40-12 FL * 540 UN','Unidad',5000,'2021-11-08 10:56:01.851915','2021-11-08 10:56:01.856850',0),(21,'LECHE EN POLVO DESCREMADA','Kilogramo',75,'2021-11-08 11:38:39.051909','2021-11-08 11:39:57.165123',0),(22,'AZUCAR','Kilogramo',50,'2021-11-08 11:38:52.416875','2021-11-08 11:38:52.420746',0),(24,'GELATINA 220-BLOOM','Kilogramo',5,'2021-11-09 09:27:19.630602','2021-11-09 09:27:19.630625',0),(25,'PAPEL TOALLA INTERFOLIADA','Unidad',3,'2021-11-09 10:17:10.953332','2021-11-09 10:17:10.953357',0),(26,'PAPEL TOALLA OVELLA 2X190 HS','Unidad',4,'2021-11-09 10:17:35.233369','2021-11-09 10:17:57.161619',0),(27,'RESMA PAPEL','Unidad',2,'2021-11-09 10:19:34.266799','2021-11-09 10:19:34.266824',0),(28,'SALSA FRUTILLA','Kilogramo',400,'2021-11-09 10:23:27.879616','2021-11-09 10:23:27.879636',0),(29,'SALSA DURAZNO','Kilogramo',400,'2021-11-09 10:23:47.520511','2021-11-09 10:23:47.520544',0),(30,'YF-L812','Unidad',4,'2021-11-09 17:38:04.549458','2021-11-09 17:38:04.549480',0),(31,'YO-MIX 499 LYO 250 DCU','Unidad',5,'2021-11-09 17:38:31.831463','2021-11-09 17:38:31.831486',0),(32,'CHOOZIT HELV A','Unidad',5,'2021-11-09 17:39:34.303039','2021-11-09 17:39:34.303061',0),(33,'CHOOZI RA 21 LYO 125 DCU','Unidad',5,'2021-11-09 17:40:04.778521','2021-11-09 17:40:04.778549',0),(34,'CREMA UHT','Litro',50,'2021-11-15 12:52:35.100426','2021-11-15 12:52:35.100454',0),(35,'Cuajo Liquido Chymo M200','Litro',1,'2021-11-17 20:41:09.546104','2021-11-17 20:41:09.546123',0),(36,'Cultivo DVS 50 YF-L812','Unidad',2,'2021-11-17 20:41:56.783626','2021-11-17 20:41:56.783637',0),(37,'Cultivo DVS 50 STI 12','Unidad',5,'2021-11-17 20:41:56.790279','2021-11-17 20:41:56.790292',0),(38,'Cloruro de Calcio 77%','Kilogramo',5,'2021-11-17 20:41:56.795721','2021-11-17 20:41:56.795732',0),(39,'Cultivo R-708 1N/A','Unidad',10,'2021-11-17 20:41:56.800859','2021-11-17 20:41:56.800870',0),(40,'Cultivo Yomix 495 LYO 250 dcu ','Unidad',5,'2021-11-18 11:44:01.025336','2021-11-18 11:44:01.025466',0),(41,'BOLSA VACIO 150X200 80u','Unidad',10000,'2021-11-18 11:44:01.035401','2021-11-18 11:44:01.035421',0),(42,'POTE 200G','Unidad',25000,'2021-11-18 11:44:01.041629','2021-11-18 11:44:01.041649',0),(43,'POTE 400G','Unidad',12000,'2021-11-18 11:44:01.046750','2021-11-18 11:44:01.046768',0),(44,'BOLSA VACIO 160X200 80u','Unidad',10000,'2021-11-18 11:44:01.051933','2021-11-18 11:44:01.051951',0),(45,'Crema para batir litro','Litro',200,'2021-11-18 11:44:01.059785','2021-11-18 11:44:01.059808',0),(46,'Cultivo Choozit PC VB LYO 10 D','Unidad',5,'2021-11-18 11:44:01.075649','2021-11-18 11:44:01.075677',0),(47,'Cultivo Yomix 499 LYO 250 DCU','Unidad',5,'2021-11-18 11:44:01.080555','2021-11-18 11:44:01.080572',0),(48,'Cultivo Choozit PC SAM 3 LYO 10 D','Unidad',5,'2021-11-18 11:44:01.088251','2021-11-18 11:44:01.088274',0),(49,'Etiqueta Camembert 63 mm','Unidad',2000,'2021-11-18 11:44:01.104197','2021-11-18 11:44:01.104217',0),(50,'Pote Transparente Tapa Plana 340 grs','Unidad',3000,'2021-11-18 11:44:01.108782','2021-11-18 11:44:01.108797',0),(51,'Etiqueta Cottage Estilo Americano 82 mm','Unidad',2000,'2021-11-18 11:44:01.114401','2021-11-18 11:44:01.114418',0),(52,'Etiqueta Brie 47 mm','Unidad',2000,'2021-11-18 11:44:01.120073','2021-11-18 11:44:01.120091',0),(53,'Etiqueta Cottage 82 mm','Unidad',2000,'2021-11-18 11:44:01.125432','2021-11-18 11:44:01.125452',0),(54,'Etiqueta Mascarpone 82 mm','Unidad',2000,'2021-11-18 11:44:01.130663','2021-11-18 11:44:01.130679',0),(55,'Etiqueta Camembert Pimienta 63 mm','Unidad',2000,'2021-11-18 11:44:01.135862','2021-11-18 11:44:01.135880',0),(56,'Etiqueta Yogur Cremoso Litro 78 mm','Unidad',2000,'2021-11-18 11:44:01.141705','2021-11-18 11:44:01.141722',0),(57,'Etiqueta Yogur Descremado Litro 78 mm','Unidad',2000,'2021-11-18 11:44:01.147232','2021-11-18 11:44:01.147254',0),(58,'Etiqueta Yogur Griego Litro 78 mm','Unidad',2000,'2021-11-18 11:44:01.152696','2021-11-18 11:44:01.152711',0),(59,'Cultivo Choozit Helv A','Unidad',5,'2021-11-18 11:44:01.158185','2021-11-18 11:44:01.158201',0),(60,'Etiqueta Provoleta','Unidad',2000,'2021-11-18 11:44:01.163320','2021-11-18 11:44:01.163336',0),(61,'Etiqueta Clasico Frutilla','Unidad',2000,'2021-11-18 11:44:01.172482','2021-11-18 11:44:01.172496',0),(62,'Etiqueta Clasico Durazno','Unidad',2000,'2021-11-18 11:44:01.179182','2021-11-18 11:44:01.179199',0),(63,'Etiqueta Griego Frutilla','Unidad',2000,'2021-11-18 11:44:01.184432','2021-11-18 11:44:01.184450',0),(64,'Etiqueta Griego Durazno','Unidad',2000,'2021-11-18 11:44:01.190243','2021-11-18 11:44:01.190261',0),(65,'Etiqueta Descremado Frutilla','Unidad',2000,'2021-11-18 11:44:01.205647','2021-11-18 11:44:01.205669',0),(66,'Etiqueta Descremado Durazno','Unidad',2000,'2021-11-18 11:44:01.217441','2021-11-18 11:44:01.217468',0),(67,'P. Poli Tapa Artifrut 270 mm V2.','Unidad',40000,'2021-11-18 11:44:01.229574','2022-01-10 15:17:53.641110',0),(68,'BOLSA VACIO 200X300 80u','Unidad',1000,'2021-11-18 11:44:01.258592','2021-11-18 11:44:01.258618',0),(69,'Caja Camembert/Brie 210x150x155','Unidad',300,'2021-11-18 11:44:01.265427','2021-11-18 11:44:01.265449',0),(70,'Colorante Nat Anato','Litro',1,'2021-11-18 11:44:01.280109','2021-11-18 11:44:01.280132',0),(71,'Azucar G2','Kilogramo',150,'2021-11-18 11:44:01.301350','2021-11-18 11:44:01.301366',0),(72,'Gelygum 8209','Kilogramo',10,'2021-11-18 11:44:01.310032','2021-11-18 11:44:01.310057',0),(73,'Sabor Vainilla Vaininol Sabores','Kilogramo',1,'2021-11-18 11:44:01.324035','2021-11-18 11:44:01.324054',0),(74,'Fosfato Tricalcico','Kilogramo',10,'2021-11-18 11:44:01.341741','2021-11-18 11:44:01.341765',0),(75,'Cabra Fresco 63 mm diam','Unidad',2000,'2021-11-18 11:44:01.353069','2021-12-01 15:46:18.316091',0),(76,'Lactasa Nola Fit 5500 DILACO','Litro',2,'2021-11-18 11:44:01.365068','2021-11-18 11:44:01.365091',0),(77,'Etiqueta Yogur Descremando 360 g','Unidad',2000,'2021-11-18 11:44:01.381598','2021-11-18 11:44:01.381621',0),(78,'Etiqueta Yogur Clasico 360 g','Unidad',2000,'2021-11-18 11:44:01.390823','2021-11-18 11:44:01.390841',0),(79,'Etiqueta Yogur Griego 360 g','Unidad',2000,'2021-11-18 11:44:01.403077','2021-11-18 11:44:01.403097',0),(80,'Etiqueta helados Frutos Rojos 94x225','Unidad',2000,'2021-11-18 11:44:01.426357','2021-11-18 11:44:01.426370',0),(81,'Cabra Ahumado 63 mm diam','Unidad',2000,'2021-11-18 11:44:01.437745','2021-12-01 15:46:05.118895',0),(82,'Etiqueta helados Choclate 64% 94x225','Unidad',2000,'2021-11-18 11:44:01.449729','2021-11-18 11:44:01.449753',0),(83,'Etiqueta helados Cookies and Cream 94x225','Unidad',2000,'2021-11-18 11:44:01.458912','2021-11-18 11:44:01.459097',0),(84,'Etiqueta helados Almendra Moka 94x225','Unidad',2000,'2021-11-18 11:44:01.471351','2021-11-18 11:44:01.471375',0),(85,'Etiqueta helados Avellana Choco 94x225','Unidad',2000,'2021-11-18 11:44:01.481751','2021-11-18 11:44:01.481772',0),(86,'Etiqueta helados Fior de Latte 94x225','Unidad',2000,'2021-11-18 11:44:01.498122','2021-11-18 11:44:01.498145',0),(87,'Etiqueta Vegurt Frutilla','Unidad',2000,'2021-11-18 11:44:01.509920','2021-11-18 11:44:01.509944',0),(88,'Etiqueta Vegurt Vainilla','Unidad',2000,'2021-11-18 11:44:01.516986','2021-11-18 11:44:01.517007',0),(89,'Etiqueta Vegurt Natural','Unidad',2000,'2021-11-18 11:44:01.522948','2021-11-18 11:44:01.522965',0),(90,'Cabra Natural 63 mm diam','Unidad',2000,'2021-11-18 11:44:01.528131','2021-12-01 15:45:51.552291',0),(91,'Cabra Oregano 63 mm diam','Unidad',2000,'2021-11-18 11:44:01.533340','2021-12-01 15:45:38.396081',0),(92,'Cabra Ciboulette 63 mm diam','Unidad',2000,'2021-11-18 11:44:01.538707','2021-12-01 15:45:23.035634',0),(93,'Cabra Feta 63 mm diam','Unidad',2000,'2021-11-18 11:44:01.544429','2021-12-01 15:45:10.224147',0),(94,'Helado Tapa Generica 83 mm diam','Unidad',2000,'2021-11-18 11:44:01.550030','2021-11-18 11:44:01.550049',0),(95,'Cultivo RA 21','Unidad',5,'2021-11-18 11:44:01.555358','2021-11-18 11:44:01.555374',0),(96,'Cultivo RA 22','Unidad',5,'2021-11-18 11:44:01.560611','2021-11-18 11:44:01.560631',0),(97,'Etiqueta Mantecoso','Unidad',2000,'2021-11-18 11:44:01.566076','2021-11-18 11:44:01.566093',0),(98,'Sorbato de potasio granular','Kilogramo',10,'2021-11-18 11:44:01.571287','2021-11-18 11:44:01.571303',0),(99,'Caja yogurt 400*200*125','Unidad',1000,'2021-11-18 11:44:01.576577','2021-12-16 10:50:24.641018',0),(100,'caja cott/mscrpone 240*240*155','Unidad',500,'2021-11-18 11:44:01.581599','2021-11-18 11:44:01.581614',0),(101,'Cabra Albahaca 63 mm diam','Unidad',2000,'2021-11-18 11:44:01.587142','2021-12-01 15:44:56.972601',0),(102,'Cabra Aceituna 63 mm diam','Unidad',2000,'2021-11-18 11:44:01.592613','2021-12-01 15:44:42.725551',0),(103,'Sal SFP 115','Kilogramo',3,'2021-11-18 11:44:01.601703','2021-11-18 11:44:01.601720',0),(104,'Prinamul','Kilogramo',3,'2021-11-18 11:44:01.608484','2021-11-18 11:44:01.608504',0),(105,'Humo Liquido','Kilogramo',3,'2021-11-18 11:44:01.614668','2021-11-18 11:44:01.614686',0),(106,'Globe 1024 JARABE GLUCOSA','Kilogramo',3,'2021-11-18 11:44:01.620406','2021-11-18 11:44:01.620426',0),(107,'Cuajo CHYMAX','Litro',2,'2021-11-18 11:44:01.636839','2021-12-06 17:48:02.550251',0),(108,'Leche de Cabra','Litro',100000000,'2021-11-18 11:49:48.501985','2021-11-18 11:49:48.502009',0),(109,'Sal gruesa','Kilogramo',100,'2021-11-18 12:22:21.746928','2021-11-18 12:22:21.746960',0),(110,'Proteina de Habas / vitessence 3602','Kilogramo',25,'2021-11-18 16:34:20.427925','2022-01-07 17:58:31.448051',0),(111,'Almidon ColFlow Waxy Snow Flakes 6420','Kilogramo',25,'2021-11-18 16:34:20.435575','2022-01-07 17:55:12.369311',1),(112,'Ndulge','Kilogramo',0,'2021-11-18 16:34:20.444905','2021-11-18 16:34:20.444919',0),(113,'Maltodrextina GL1911','Kilogramo',0,'2021-11-18 16:34:20.450832','2021-11-18 16:34:20.450848',0),(114,'Interruptor De Pedal','Unidad',1,'2021-11-19 17:09:35.623331','2021-11-19 17:09:35.623360',0),(115,'HIDROXIDO DE SODIO 0,1N','Litro',1,'2021-11-24 10:17:20.856456','2021-11-24 10:17:20.856485',0),(116,'FENOFTALEINA 2%','Litro',0.10000000149011612,'2021-11-24 12:07:07.829251','2021-11-24 12:07:07.829286',0),(117,'Oregano','Kilogramo',1,'2021-11-29 11:12:45.186629','2021-11-29 11:12:45.186665',0),(118,'Aceituna','Kilogramo',1,'2021-11-29 11:23:11.751465','2021-11-29 11:23:11.751498',0),(119,'Lamina plata','Unidad',3000,'2021-12-01 14:24:54.554882','2021-12-01 14:24:54.554919',0),(120,'Papel Antigrasa','Unidad',2000,'2021-12-01 14:25:14.988872','2021-12-01 14:25:14.988904',0),(121,'Bolsa 240x480 Termo','Unidad',500,'2021-12-02 09:24:53.667238','2021-12-02 09:24:53.667273',0),(122,'Huellero URU4500','N/A',1,'2021-12-03 05:40:40.106083','2021-12-03 05:40:40.106117',0),(123,'Suero Tina Queso Cabra Tradicional','Litro',1,'2021-12-06 13:46:45.129603','2021-12-06 13:46:45.129633',0),(124,'Despunte','Kilogramo',1,'2021-12-06 14:09:59.737185','2021-12-06 14:09:59.737211',0),(125,'Pistola Lector Codigos QR','N/A',1,'2021-12-07 09:40:25.439961','2021-12-07 09:40:25.439991',0),(126,'Adaptador Celular tipo C','Unidad',1,'2021-12-07 10:00:13.986036','2021-12-07 10:00:13.986069',0),(127,'Despacho a domicilio','Unidad',1,'2021-12-07 10:02:10.890820','2021-12-07 10:02:10.890850',0),(128,'Balanza 40 kilos','Unidad',1,'2021-12-07 12:37:20.239573','2021-12-07 12:37:20.239645',0),(129,'Leche fresca de Vaca','Litro',10,'2021-12-07 17:04:18.382004','2021-12-07 17:04:18.382031',0),(131,'Crema proveniente de Descremado','Kilogramo',10,'2021-12-08 11:28:13.279780','2021-12-08 11:28:13.279819',0),(132,'Agua','Litro',1,'2021-12-08 12:09:41.139317','2021-12-08 12:09:41.139353',0),(133,'HUMO MP','Kilogramo',5,'2021-12-10 11:55:00.128452','2021-12-10 11:55:00.128481',0),(136,'Etiqueta Termotransferencia 130x100 mm','Unidad',5000,'2021-12-11 06:01:20.894126','2021-12-11 06:04:09.562589',0),(137,'ETIQUETA TERMOTRANSFERENCIA 70x100 MM','Unidad',4300,'2021-12-13 14:37:57.403065','2021-12-13 14:37:57.403085',0),(138,'ETIQUETA TERMOTRANSFERENCIA 50x50 MM','Unidad',12000,'2021-12-13 14:38:48.149481','2021-12-13 14:38:48.149505',0),(139,'Plumon permanente','Unidad',2,'2021-12-13 17:06:27.646628','2021-12-13 17:06:27.646659',0),(140,'Cinta Termotransferencia (TTR)','Unidad',20,'2021-12-14 20:52:05.731313','2021-12-14 20:52:05.731343',0),(141,'Leche de Vaca con logistica','Litro',1000,'2021-12-15 11:57:48.728216','2021-12-15 11:57:48.728240',1),(142,'Richard - Transporte leche vaca','N/A',1,'2021-12-15 11:58:54.506996','2021-12-15 13:14:13.551819',0),(143,'YOGURT DESCREMADO PIP','Kilogramo',100,'2021-12-15 13:34:52.208690','2021-12-15 13:34:52.208722',1),(144,'Etiqueta Sato Motex fecha Vencimiento Lote','Unidad',5000,'2021-12-15 14:43:16.230568','2021-12-15 14:47:05.948646',0),(145,'YOGUR GRIEGO PIP','Kilogramo',100,'2021-12-15 15:01:43.564445','2021-12-15 15:01:43.564473',1),(147,'STRETCH FILM 1,8KG TRANSPARENTE','Unidad',6,'2021-12-21 09:16:10.071506','2021-12-21 09:16:10.071536',0),(148,'CINTA EMBALAJE CC','Unidad',20,'2021-12-21 09:25:40.561596','2021-12-21 09:25:40.561624',0),(149,'Mantencion Caldera San Felipe','N/A',1,'2021-12-21 11:58:05.289258','2021-12-21 11:58:05.289294',0),(150,'Acido Piedra Leche A-500','Litro',5,'2021-12-22 10:28:48.711250','2021-12-22 10:28:48.711278',0),(151,'BOTELLA LITRO BLANCA','Unidad',700,'2021-12-22 14:08:34.828498','2021-12-22 14:08:34.828525',0),(152,'BOTELLA LITRO TRANSPARENTE','Unidad',200,'2021-12-22 14:08:54.722212','2021-12-22 14:08:54.722241',0),(153,'TAPA BOTELLA LITRO BLANCA','Unidad',800,'2021-12-22 14:09:21.495424','2021-12-22 14:09:21.495449',0),(154,'Guante Stgo','Unidad',1,'2021-12-22 16:05:19.462034','2021-12-22 16:05:19.462062',0),(155,'Botas de Goma','Unidad',0,'2021-12-27 17:02:13.030443','2021-12-27 17:02:13.030479',0),(156,'ALMENDRAS PELADAS (W&B)','Kilogramo',30,'2021-12-28 12:11:52.230157','2021-12-28 12:11:52.230192',0),(157,'SAL LOBOS TIPO ARROZ','Kilogramo',75,'2021-12-28 18:28:48.584717','2021-12-28 18:28:48.584739',0),(158,'Etiqueta TERMOTRANSFERENCIA 70X50 B\'1','Unidad',5000,'2021-12-30 09:05:14.628896','2021-12-30 09:05:14.628925',0),(159,'MULTI-ALI','Kilogramo',5,'2021-12-30 10:56:18.352096','2021-12-30 10:56:18.352131',0),(160,'ALCIP','Kilogramo',25,'2021-12-30 10:58:07.868697','2021-12-30 10:58:07.868728',0),(161,'Lampara Atrapa Mosca','Unidad',0,'2022-01-05 09:38:00.633058','2022-01-05 09:38:00.633087',0),(162,'Cargador Computador portatil','N/A',0,'2022-01-05 10:05:49.533709','2022-01-05 10:05:49.533739',0),(163,'ETIQUETA HELADOS PINA RAPA NUI 94X225','Unidad',2000,'2022-01-05 11:40:33.375797','2022-01-05 11:40:33.375829',0),(164,'ETIQUETA HELADOS MANJAR ARTESANAL 94X225','Unidad',2000,'2022-01-05 11:41:09.302204','2022-01-05 11:41:09.302237',0),(165,'MATERIAL INOXIDABLE','Unidad',1,'2022-01-07 14:59:30.569110','2022-01-07 14:59:30.569140',0),(166,'Rodillo Tinta Motex 6600','Unidad',1,'2022-01-07 18:18:33.123062','2022-01-07 18:18:33.123100',0),(167,'Yogurt Clasico PIP','Kilogramo',1,'2022-01-13 15:17:52.777933','2022-01-13 15:17:52.777967',1),(168,'QUESO CABRA PIP','Kilogramo',1,'2022-01-13 16:44:38.921959','2022-01-13 16:44:38.921995',1),(169,'Retazo Queso Cabra Natural','Kilogramo',0,'2022-01-13 17:10:24.102253','2022-01-13 17:13:10.136072',1),(170,'Retazo Queso Cabra Oregano','Kilogramo',0,'2022-01-13 17:10:49.601398','2022-01-13 17:10:49.601428',1),(171,'Retazo Queso Cabra Ciboulette','Kilogramo',0,'2022-01-13 17:11:45.885828','2022-01-13 17:11:45.885858',1),(172,'Retazo Queso Cabra Albahaca','Kilogramo',0,'2022-01-13 17:12:12.075671','2022-01-13 17:12:12.075703',1),(173,'Retazo Queso Cabra Aceituna','Kilogramo',0,'2022-01-13 17:12:48.532809','2022-01-13 17:12:48.532836',1),(174,'CINTA TTR 110x360','Unidad',10,'2022-01-17 15:11:27.493657','2022-01-17 15:11:27.493685',0),(175,'Antena exterior interior 4g Conector Sma Router modem','Unidad',0,'2022-01-18 10:01:52.342726','2022-01-18 10:01:52.342754',0),(176,'Cable Extensor Pigtail Sma Rg174 Coaxial 10 metros.','Unidad',0,'2022-01-18 10:03:34.988520','2022-01-18 10:03:34.988549',0),(177,'GAS GRANEL','Litro',700,'2022-01-18 10:18:40.246421','2022-01-18 10:18:40.246458',0),(178,'ALBAHACA DESHIDRATADA PICADA','Kilogramo',2,'2022-01-18 12:49:06.436981','2022-01-18 12:49:06.437020',0),(179,'GUANTE QUIRUGICO TALLA M','Caja',2,'2022-01-19 10:56:49.849028','2022-01-19 10:57:29.719712',0),(180,'GUANTE QUIRURGICO TALLA L','Caja',2,'2022-01-19 10:57:15.632495','2022-01-19 10:57:15.632526',0),(181,'PECHERA PVC','Unidad',5,'2022-01-19 10:58:08.673383','2022-01-19 10:58:08.673418',0),(182,'COFIAS','Caja',1,'2022-01-19 10:58:27.496617','2022-01-19 10:58:27.496652',0),(183,'GUANTES LAVADO','Unidad',2,'2022-01-19 10:58:49.563355','2022-01-19 10:58:49.563392',0),(184,'PIMIENTA NEGRA MOLIDA','Kilogramo',1,'2022-01-19 12:41:00.129146','2022-01-19 12:41:06.062130',0),(185,'Petrifilm recuento de E.Coli','Unidad',30,'2022-01-19 12:56:37.938514','2022-01-19 12:56:37.938542',0),(186,'Petrifilm recuento de Enterobacterias','Unidad',30,'2022-01-19 12:58:18.893304','2022-01-19 12:58:18.893334',0),(187,'Petrifilm STX','Unidad',30,'2022-01-19 13:05:34.583054','2022-01-19 13:05:34.583084',0),(188,'CULTIVO DVS-50 FERMENTO LACTICO CO-03','Unidad',1,'2022-01-19 14:09:24.384933','2022-01-19 14:09:24.384962',0),(189,'CULTIVO DVS-50 FERMENTO LACTICO LD CH-N-19','Unidad',1,'2022-01-19 14:09:51.310810','2022-01-19 14:09:51.310839',0),(190,'Choozit BT 01 LYO 50 DCU','Unidad',1,'2022-01-19 14:24:48.049068','2022-01-19 14:24:48.049099',0),(191,'GAS CILINDRO','Kilogramo',45,'2022-01-19 16:46:58.192921','2022-01-19 16:48:14.086929',0);
/*!40000 ALTER TABLE `nucleo_insumo` ENABLE KEYS */;
UNLOCK TABLES;

--
-- Table structure for table `nucleo_insumodirectoproducto`
--

DROP TABLE IF EXISTS `nucleo_insumodirectoproducto`;
/*!40101 SET @saved_cs_client     = @@character_set_client */;
/*!40101 SET character_set_client = utf8 */;
CREATE TABLE `nucleo_insumodirectoproducto` (
  `id` bigint(20) NOT NULL AUTO_INCREMENT,
  `cantidad` int(11) NOT NULL,
  `detalle` varchar(255) NOT NULL,
  `created` datetime(6) NOT NULL,
  `updated` datetime(6) NOT NULL,
  `insumo_id` bigint(20) NOT NULL,
  `producto_id` bigint(20) NOT NULL,
  `porcentaje_uso` double NOT NULL,
  PRIMARY KEY (`id`),
  UNIQUE KEY `nucleo_insumodirectoproducto_producto_id_insumo_id_a6fde632_uniq` (`producto_id`,`insumo_id`),
  KEY `nucleo_insumodirecto_producto_id_a10036ad_fk_nucleo_pr` (`producto_id`),
  KEY `nucleo_insumodirecto_insumo_id_f737fb29_fk_nucleo_in` (`insumo_id`),
  CONSTRAINT `nucleo_insumodirecto_insumo_id_f737fb29_fk_nucleo_in` FOREIGN KEY (`insumo_id`) REFERENCES `nucleo_insumo` (`id`),
  CONSTRAINT `nucleo_insumodirecto_producto_id_a10036ad_fk_nucleo_pr` FOREIGN KEY (`producto_id`) REFERENCES `nucleo_producto` (`id`)
) ENGINE=InnoDB AUTO_INCREMENT=631 DEFAULT CHARSET=latin1;
/*!40101 SET character_set_client = @saved_cs_client */;

--
-- Dumping data for table `nucleo_insumodirectoproducto`
--

LOCK TABLES `nucleo_insumodirectoproducto` WRITE;
/*!40000 ALTER TABLE `nucleo_insumodirectoproducto` DISABLE KEYS */;
INSERT INTO `nucleo_insumodirectoproducto` VALUES (315,1,'18.44','2021-12-24 09:13:34.173014','2021-12-24 09:13:34.173043',17,26,100),(316,1,'63','2021-12-24 09:13:34.176497','2021-12-24 09:13:34.176521',43,26,100),(317,1,'19','2021-12-24 09:13:34.180121','2021-12-24 09:13:34.180151',67,26,100),(318,1,'42','2021-12-24 09:13:34.183936','2021-12-24 09:13:34.183959',77,26,100),(319,1,'440.00','2021-12-24 09:13:34.187649','2021-12-24 09:13:34.187672',99,26,12.5),(320,1,'9.50','2021-12-24 09:13:34.191844','2021-12-24 09:13:34.191873',136,26,100),(321,1,'0.00','2021-12-24 09:13:34.195560','2021-12-24 09:13:34.195584',140,26,0.12),(322,1,'1','2021-12-24 09:13:34.198990','2021-12-24 09:13:34.199020',144,26,0.014),(323,1,'1345.00','2021-12-24 09:13:34.203221','2021-12-24 09:13:34.203252',148,26,0.125),(324,1,'18.44','2021-12-24 09:14:54.224304','2021-12-24 09:14:54.224330',17,23,100),(325,1,'49.34','2021-12-24 09:14:54.234393','2021-12-24 09:14:54.234418',42,23,100),(326,1,'30.00','2021-12-24 09:14:54.244218','2021-12-24 09:14:54.244244',66,23,100),(327,1,'19.00','2021-12-24 09:14:54.253559','2021-12-24 09:14:54.253585',67,23,100),(328,1,'440.00','2021-12-24 09:14:54.260034','2021-12-24 09:14:54.260065',99,23,6.25),(329,1,'9.50','2021-12-24 09:14:54.266973','2021-12-24 09:14:54.266996',136,23,6.25),(330,1,'0.00','2021-12-24 09:14:54.277203','2021-12-24 09:14:54.277228',140,23,0.03),(331,1,'590.00','2021-12-24 09:14:54.283101','2021-12-24 09:14:54.283125',144,23,0.0014),(332,1,'1345.00','2021-12-24 09:14:54.289537','2021-12-24 09:14:54.289565',148,23,0.03),(333,1,'18.44','2021-12-24 09:15:32.018775','2021-12-24 09:15:32.018802',17,22,100),(334,1,'49.34','2021-12-24 09:15:32.022286','2021-12-24 09:15:32.022309',42,22,100),(335,1,'30.00','2021-12-24 09:15:32.026114','2021-12-24 09:15:32.026137',65,22,100),(336,1,'19.00','2021-12-24 09:15:32.030316','2021-12-24 09:15:32.030344',67,22,100),(337,1,'440.00','2021-12-24 09:15:32.034440','2021-12-24 09:15:32.034475',99,22,6.25),(338,1,'9.50','2021-12-24 09:15:32.038535','2021-12-24 09:15:32.038559',136,22,6.25),(339,1,'0.00','2021-12-24 09:15:32.042255','2021-12-24 09:15:32.042289',140,22,0.03),(340,1,'590.00','2021-12-24 09:15:32.046339','2021-12-24 09:15:32.046368',144,22,0.0014),(341,1,'1345.00','2021-12-24 09:15:32.050212','2021-12-24 09:15:32.050234',148,22,0.03),(346,1,'18.44','2021-12-24 10:05:38.729018','2021-12-24 10:05:38.729049',17,39,100),(347,1,'49.34','2021-12-24 10:05:38.735752','2021-12-24 10:05:38.735783',42,39,100),(348,1,'30.00','2021-12-24 10:05:38.740409','2021-12-24 10:05:38.740440',89,39,100),(349,1,'19.00','2021-12-24 10:05:38.745543','2021-12-24 10:05:38.745567',67,39,100),(350,1,'440.00','2021-12-24 10:05:38.749909','2021-12-24 10:05:38.749938',99,39,6.25),(351,1,'9.50','2021-12-24 10:05:38.755544','2021-12-24 10:05:38.755569',136,39,6.25),(352,1,'0.00','2021-12-24 10:05:38.760711','2021-12-24 10:05:38.760743',140,39,0.03),(353,1,'590.00','2021-12-24 10:05:38.765826','2021-12-24 10:05:38.765858',144,39,0.014),(354,1,'1345.00','2021-12-24 10:05:38.770536','2021-12-24 10:05:38.770565',148,39,0.03),(355,1,'18.44','2021-12-24 10:08:11.995517','2021-12-24 10:08:11.995533',17,40,100),(356,1,'49.34','2021-12-24 10:08:11.998444','2021-12-24 10:08:11.998461',42,40,100),(357,1,'30.00','2021-12-24 10:08:12.004029','2021-12-24 10:08:12.004053',88,40,100),(358,1,'19.00','2021-12-24 10:08:12.007277','2021-12-24 10:08:12.007293',67,40,100),(359,1,'440.00','2021-12-24 10:08:12.010492','2021-12-24 10:08:12.010524',99,40,6.25),(360,1,'9.50','2021-12-24 10:08:12.013717','2021-12-24 10:08:12.013738',136,40,6.25),(361,1,'0.00','2021-12-24 10:08:12.016991','2021-12-24 10:08:12.017007',140,40,0.03),(362,1,'590.00','2021-12-24 10:08:12.019754','2021-12-24 10:08:12.019770',144,40,0.014),(363,1,'1345.00','2021-12-24 10:08:12.022862','2021-12-24 10:08:12.022881',148,40,0.03),(364,1,'18.44','2021-12-24 10:10:59.515722','2021-12-24 10:10:59.515749',17,41,100),(365,1,'49.34','2021-12-24 10:10:59.519533','2021-12-24 10:10:59.519554',42,41,100),(366,1,'30.00','2021-12-24 10:10:59.522567','2021-12-24 10:10:59.522587',87,41,100),(367,1,'19.00','2021-12-24 10:10:59.526329','2021-12-24 10:10:59.526351',67,41,100),(368,1,'440.00','2021-12-24 10:10:59.531034','2021-12-24 10:10:59.531058',99,41,6.25),(369,1,'9.50','2021-12-24 10:10:59.534707','2021-12-24 10:10:59.534730',136,41,6.25),(370,1,'0.00','2021-12-24 10:10:59.538276','2021-12-24 10:10:59.538303',140,41,0.03),(371,1,'590.00','2021-12-24 10:10:59.541633','2021-12-24 10:10:59.541653',144,41,0.014),(372,1,'1345.00','2021-12-24 10:10:59.544760','2021-12-24 10:10:59.544779',148,41,0.03),(491,1,'18.44','2022-01-13 15:07:03.839406','2022-01-13 15:07:03.839436',17,19,100),(492,1,'49.34','2022-01-13 15:07:03.843288','2022-01-13 15:07:03.843328',42,19,100),(493,1,'30','2022-01-13 15:07:03.850399','2022-01-13 15:07:03.850429',64,19,100),(494,1,'19.46','2022-01-13 15:07:03.854998','2022-01-13 15:07:03.855028',67,19,100),(495,1,'440','2022-01-13 15:07:03.859462','2022-01-13 15:07:03.859491',99,19,6.25),(496,1,'9.5','2022-01-13 15:07:03.864514','2022-01-13 15:07:03.864542',136,19,6.25),(497,1,'0','2022-01-13 15:07:03.869047','2022-01-13 15:07:03.869076',140,19,0.03),(498,1,'4290','2022-01-13 15:07:03.873267','2022-01-13 15:07:03.873301',147,19,0.014),(499,1,'1345','2022-01-13 15:07:03.877132','2022-01-13 15:07:03.877166',148,19,0.03),(509,1,'18.44','2022-01-13 15:14:05.973425','2022-01-13 15:14:05.973453',17,24,100),(510,1,'60.17','2022-01-13 15:14:05.980054','2022-01-13 15:14:05.980083',43,24,100),(511,1,'19.46','2022-01-13 15:14:05.992367','2022-01-13 15:14:05.992395',67,24,100),(512,1,'42','2022-01-13 15:14:06.011896','2022-01-13 15:14:06.011922',79,24,100),(513,1,'440','2022-01-13 15:14:06.028022','2022-01-13 15:14:06.028047',99,24,6.25),(514,1,'9.5','2022-01-13 15:14:06.044869','2022-01-13 15:14:06.044896',136,24,6.25),(515,1,'0.84','2022-01-13 15:14:06.051338','2022-01-13 15:14:06.051364',144,24,100),(516,1,'1345','2022-01-13 15:14:06.063265','2022-01-13 15:14:06.063291',148,24,0.03),(543,1,'60.17','2022-01-13 15:22:36.295638','2022-01-13 15:22:36.295664',43,25,100),(544,1,'18.44','2022-01-13 15:22:36.299147','2022-01-13 15:22:36.299171',17,25,100),(545,1,'19.46','2022-01-13 15:22:36.302794','2022-01-13 15:22:36.302821',67,25,100),(546,1,'440','2022-01-13 15:22:36.306403','2022-01-13 15:22:36.306427',99,25,0.12),(547,1,'9.5','2022-01-13 15:22:36.310131','2022-01-13 15:22:36.310157',136,25,0.12),(548,1,'4290','2022-01-13 15:22:36.313812','2022-01-13 15:22:36.313839',147,25,0.03),(549,1,'1345','2022-01-13 15:22:36.317109','2022-01-13 15:22:36.317131',148,25,0.03),(550,1,'42','2022-01-13 15:22:36.319967','2022-01-13 15:22:36.319990',78,25,100),(551,1,'18.44','2022-01-13 15:23:47.719954','2022-01-13 15:23:47.719990',17,21,100),(552,1,'49.34','2022-01-13 15:23:47.723832','2022-01-13 15:23:47.723855',42,21,100),(553,1,'30','2022-01-13 15:23:47.727309','2022-01-13 15:23:47.727336',62,21,100),(554,1,'19.46','2022-01-13 15:23:47.730867','2022-01-13 15:23:47.730895',67,21,100),(555,1,'440','2022-01-13 15:23:47.734370','2022-01-13 15:23:47.734392',99,21,6.25),(556,1,'9.5','2022-01-13 15:23:47.738392','2022-01-13 15:23:47.738420',136,21,6.25),(557,1,'0','2022-01-13 15:23:47.741733','2022-01-13 15:23:47.741762',140,21,0.03),(558,1,'0.84','2022-01-13 15:23:47.745231','2022-01-13 15:23:47.745254',144,21,0.014),(559,1,'1345','2022-01-13 15:23:47.748860','2022-01-13 15:23:47.748883',148,21,0.03),(560,1,'18.44','2022-01-13 15:25:01.445152','2022-01-13 15:25:01.445188',17,20,100),(561,1,'49.34','2022-01-13 15:25:01.450261','2022-01-13 15:25:01.450296',42,20,100),(562,1,'30','2022-01-13 15:25:01.466362','2022-01-13 15:25:01.466401',61,20,100),(563,1,'19.46','2022-01-13 15:25:01.482893','2022-01-13 15:25:01.482930',67,20,100),(564,1,'440','2022-01-13 15:25:01.494841','2022-01-13 15:25:01.494878',99,20,6.25),(565,1,'9.5','2022-01-13 15:25:01.502554','2022-01-13 15:25:01.502589',136,20,6.25),(566,1,'0.84','2022-01-13 15:25:01.509259','2022-01-13 15:25:01.509291',144,20,0.015),(567,1,'1345','2022-01-13 15:25:01.518407','2022-01-13 15:25:01.518439',148,20,0.03),(568,1,'44','2022-01-13 15:27:57.398104','2022-01-13 15:27:57.398136',153,16,100),(569,1,'38','2022-01-13 15:27:57.402617','2022-01-13 15:27:57.402650',56,16,100),(570,1,'2.9','2022-01-13 15:27:57.407271','2022-01-13 15:27:57.407301',138,16,100),(571,1,'38.00','2022-01-13 15:29:01.532756','2022-01-13 15:29:01.532780',58,15,100),(572,1,'2.90','2022-01-13 15:29:01.536206','2022-01-13 15:29:01.536229',138,15,100),(573,1,'269.00','2022-01-13 15:29:01.542210','2022-01-13 15:29:01.542239',151,15,100),(574,1,'44.00','2022-01-13 15:29:01.548062','2022-01-13 15:29:01.548094',153,15,100),(575,1,'38.00','2022-01-13 15:29:41.631317','2022-01-13 15:29:41.631343',57,17,100),(576,1,'2.90','2022-01-13 15:29:41.634321','2022-01-13 15:29:41.634335',138,17,100),(577,1,'269.00','2022-01-13 15:29:41.637271','2022-01-13 15:29:41.637289',151,17,100),(578,1,'44.00','2022-01-13 15:29:41.640365','2022-01-13 15:29:41.640385',153,17,100),(579,1,'18.44','2022-01-13 15:32:11.580939','2022-01-13 15:32:11.580966',17,18,100),(580,1,'49.34','2022-01-13 15:32:11.584081','2022-01-13 15:32:11.584102',42,18,100),(581,1,'30','2022-01-13 15:32:11.587246','2022-01-13 15:32:11.587266',63,18,100),(582,1,'19.46','2022-01-13 15:32:11.590547','2022-01-13 15:32:11.590569',67,18,100),(583,1,'440','2022-01-13 15:32:11.594088','2022-01-13 15:32:11.594111',99,18,6.25),(584,1,'9.5','2022-01-13 15:32:11.597217','2022-01-13 15:32:11.597238',136,18,0.03),(585,1,'0','2022-01-13 15:32:11.600390','2022-01-13 15:32:11.600410',140,18,0.03),(586,1,'0.84','2022-01-13 15:32:11.603914','2022-01-13 15:32:11.603939',144,18,0.014),(587,1,'1345','2022-01-13 15:32:11.607675','2022-01-13 15:32:11.607706',148,18,0.03),(588,1,'27','2022-01-13 19:59:07.836736','2022-01-13 19:59:07.836755',6,35,100),(589,1,'12','2022-01-13 19:59:07.839951','2022-01-13 19:59:07.839973',92,35,100),(590,1,'3.5','2022-01-13 19:59:07.844015','2022-01-13 19:59:07.844040',158,35,100),(591,1,'400','2022-01-13 19:59:07.847632','2022-01-13 19:59:07.847658',100,35,4.17),(592,1,'6.6','2022-01-13 19:59:07.851196','2022-01-13 19:59:07.851218',137,35,4.17),(593,1,'1345','2022-01-13 19:59:07.854766','2022-01-13 19:59:07.854789',148,35,1),(600,1,'27','2022-01-13 20:05:10.460854','2022-01-13 20:05:10.460874',44,32,100),(601,1,'0','2022-01-13 20:05:10.463952','2022-01-13 20:05:10.463970',172,32,100),(602,1,'400','2022-01-13 20:05:10.467063','2022-01-13 20:05:10.467082',100,32,4.17),(603,1,'6.6','2022-01-13 20:05:10.472231','2022-01-13 20:05:10.472257',137,32,4.17),(604,1,'3.5','2022-01-13 20:05:10.475553','2022-01-13 20:05:10.475574',158,32,100),(605,1,'1345','2022-01-13 20:05:10.478623','2022-01-13 20:05:10.478639',148,32,1),(606,1,'27','2022-01-13 20:07:03.454740','2022-01-13 20:07:03.454767',44,33,100),(607,1,'12','2022-01-13 20:07:03.458754','2022-01-13 20:07:03.458787',102,33,100),(608,1,'400','2022-01-13 20:07:03.462760','2022-01-13 20:07:03.462791',100,33,4.17),(609,1,'3.5','2022-01-13 20:07:03.467145','2022-01-13 20:07:03.467173',158,33,100),(610,1,'6.6','2022-01-13 20:07:03.471195','2022-01-13 20:07:03.471229',137,33,4.17),(611,1,'1345','2022-01-13 20:07:03.475112','2022-01-13 20:07:03.475139',148,33,1),(612,1,'27','2022-01-13 20:09:55.025961','2022-01-13 20:09:55.025986',44,31,100),(613,1,'12','2022-01-13 20:09:55.032320','2022-01-13 20:09:55.032347',90,31,100),(614,1,'400','2022-01-13 20:09:55.036226','2022-01-13 20:09:55.036253',100,31,4.17),(615,1,'0','2022-01-13 20:09:55.040007','2022-01-13 20:09:55.040038',173,31,100),(616,1,'6.6','2022-01-13 20:09:55.044393','2022-01-13 20:09:55.044423',137,31,4.17),(617,1,'3.5','2022-01-13 20:09:55.048431','2022-01-13 20:09:55.048455',158,31,100),(618,1,'1345','2022-01-13 20:09:55.052242','2022-01-13 20:09:55.052269',148,31,1),(625,1,'27','2022-01-14 20:55:12.980569','2022-01-14 20:55:12.980589',44,34,100),(626,1,'12','2022-01-14 20:55:12.986327','2022-01-14 20:55:12.986351',91,34,100),(627,1,'400','2022-01-14 20:55:12.992319','2022-01-14 20:55:12.992339',100,34,4.17),(628,1,'6.6','2022-01-14 20:55:12.997586','2022-01-14 20:55:12.997603',137,34,4.17),(629,1,'1345','2022-01-14 20:55:13.003435','2022-01-14 20:55:13.003458',148,34,1),(630,1,'3.5','2022-01-14 20:55:13.009045','2022-01-14 20:55:13.009062',158,34,100);
/*!40000 ALTER TABLE `nucleo_insumodirectoproducto` ENABLE KEYS */;
UNLOCK TABLES;

--
-- Table structure for table `nucleo_insumoelaboracionproducto`
--

DROP TABLE IF EXISTS `nucleo_insumoelaboracionproducto`;
/*!40101 SET @saved_cs_client     = @@character_set_client */;
/*!40101 SET character_set_client = utf8 */;
CREATE TABLE `nucleo_insumoelaboracionproducto` (
  `id` bigint(20) NOT NULL AUTO_INCREMENT,
  `cantidad` double NOT NULL,
  `created` datetime(6) NOT NULL,
  `updated` datetime(6) NOT NULL,
  `insumo_id` bigint(20) NOT NULL,
  `producto_id` bigint(20) NOT NULL,
  PRIMARY KEY (`id`),
  UNIQUE KEY `nucleo_insumoelaboracion_producto_id_insumo_id_dba1fde1_uniq` (`producto_id`,`insumo_id`),
  KEY `nucleo_insumoelabora_insumo_id_24ba15d6_fk_nucleo_in` (`insumo_id`),
  CONSTRAINT `nucleo_insumoelabora_insumo_id_24ba15d6_fk_nucleo_in` FOREIGN KEY (`insumo_id`) REFERENCES `nucleo_insumo` (`id`),
  CONSTRAINT `nucleo_insumoelabora_producto_id_974e505e_fk_nucleo_pr` FOREIGN KEY (`producto_id`) REFERENCES `nucleo_producto` (`id`)
) ENGINE=InnoDB AUTO_INCREMENT=26 DEFAULT CHARSET=utf8;
/*!40101 SET character_set_client = @saved_cs_client */;

--
-- Dumping data for table `nucleo_insumoelaboracionproducto`
--

LOCK TABLES `nucleo_insumoelaboracionproducto` WRITE;
/*!40000 ALTER TABLE `nucleo_insumoelaboracionproducto` DISABLE KEYS */;
INSERT INTO `nucleo_insumoelaboracionproducto` VALUES (1,0.36,'2021-12-22 14:32:04.189363','2021-12-24 09:13:34.208911',143,26),(2,1,'2021-12-24 09:00:20.108517','2022-01-13 15:29:01.553913',145,15),(3,0.12,'2021-12-24 09:02:47.467118','2021-12-24 09:14:54.316613',143,23),(4,0.03,'2021-12-24 09:02:47.470779','2021-12-24 09:14:54.310986',29,23),(5,0.12,'2021-12-24 09:04:17.860444','2021-12-24 09:15:32.054935',143,22),(6,0.03,'2021-12-24 09:04:17.862556','2021-12-24 09:15:32.057241',28,22),(7,1,'2021-12-24 09:16:39.895203','2022-01-13 15:29:41.647294',143,17),(8,0.13,'2022-01-12 14:38:42.474052','2022-01-13 15:07:03.885391',145,19),(9,0.02,'2022-01-12 14:38:42.477296','2022-01-13 15:07:03.882715',29,19),(10,0.36,'2022-01-13 14:46:32.382605','2022-01-13 15:14:06.081097',145,24),(11,0.36,'2022-01-13 15:22:36.324435','2022-01-13 15:22:36.324456',167,25),(12,0.13,'2022-01-13 15:23:47.753443','2022-01-13 15:23:47.753488',167,21),(13,0.02,'2022-01-13 15:23:47.755912','2022-01-13 15:23:47.755932',29,21),(14,0.13,'2022-01-13 15:25:01.530205','2022-01-13 15:25:01.530239',167,20),(15,0.02,'2022-01-13 15:25:01.538272','2022-01-13 15:25:01.538306',28,20),(16,1,'2022-01-13 15:26:01.376822','2022-01-13 15:27:57.413300',167,16),(17,0.13,'2022-01-13 15:32:11.612148','2022-01-13 15:32:11.612171',145,18),(18,0.02,'2022-01-13 15:32:11.614252','2022-01-13 15:32:11.614270',28,18),(19,2.3,'2022-01-13 19:52:06.879665','2022-01-13 19:57:25.179192',168,54),(20,2.3,'2022-01-13 19:53:09.967546','2022-01-13 19:57:29.124983',168,53),(21,2.3,'2022-01-13 19:53:59.437168','2022-01-13 19:57:36.465151',168,51),(22,2.3,'2022-01-13 19:54:21.352159','2022-01-14 20:55:17.584150',168,50),(23,0.2,'2022-01-13 20:24:46.109257','2022-01-14 20:55:13.020336',168,34),(24,0.02,'2022-01-13 20:24:46.114076','2022-01-14 20:55:13.015358',117,34),(25,0.2,'2022-01-13 20:24:58.424886','2022-01-14 20:55:17.579666',117,50);
/*!40000 ALTER TABLE `nucleo_insumoelaboracionproducto` ENABLE KEYS */;
UNLOCK TABLES;

--
-- Table structure for table `nucleo_linea`
--

DROP TABLE IF EXISTS `nucleo_linea`;
/*!40101 SET @saved_cs_client     = @@character_set_client */;
/*!40101 SET character_set_client = utf8 */;
CREATE TABLE `nucleo_linea` (
  `id` bigint(20) NOT NULL AUTO_INCREMENT,
  `nombre` varchar(255) NOT NULL,
  `created` datetime(6) NOT NULL,
  `updated` datetime(6) NOT NULL,
  `rama_id` bigint(20) DEFAULT NULL,
  PRIMARY KEY (`id`),
  KEY `nucleo_linea_rama_id_e81a5497_fk_nucleo_rama_id` (`rama_id`),
  CONSTRAINT `nucleo_linea_rama_id_e81a5497_fk_nucleo_rama_id` FOREIGN KEY (`rama_id`) REFERENCES `nucleo_rama` (`id`)
) ENGINE=InnoDB AUTO_INCREMENT=8 DEFAULT CHARSET=utf8;
/*!40101 SET character_set_client = @saved_cs_client */;

--
-- Dumping data for table `nucleo_linea`
--

LOCK TABLES `nucleo_linea` WRITE;
/*!40000 ALTER TABLE `nucleo_linea` DISABLE KEYS */;
INSERT INTO `nucleo_linea` VALUES (1,'LINEA DESCREMADO','2021-12-22 13:44:49.143348','2022-01-13 10:21:18.875622',16),(2,'LINEA CLASICO','2021-12-22 13:44:49.144430','2022-01-13 10:21:18.872276',16),(3,'LINEA GRIEGO','2021-12-22 13:44:49.145499','2022-01-13 10:21:18.878318',16),(4,'Linea Vegurt','2021-12-24 10:02:57.516651','2021-12-24 10:02:57.516672',13),(5,'Linea Camembert','2022-01-12 14:19:18.551236','2022-01-13 10:21:24.970576',17),(6,'Linea Brie','2022-01-12 14:19:18.554121','2022-01-13 10:21:24.967396',17),(7,'Línea Cabra Tradicional Sabores','2022-01-13 16:55:54.337973','2022-01-13 18:15:12.279334',11);
/*!40000 ALTER TABLE `nucleo_linea` ENABLE KEYS */;
UNLOCK TABLES;

--
-- Table structure for table `nucleo_moneda`
--

DROP TABLE IF EXISTS `nucleo_moneda`;
/*!40101 SET @saved_cs_client     = @@character_set_client */;
/*!40101 SET character_set_client = utf8 */;
CREATE TABLE `nucleo_moneda` (
  `id` bigint(20) NOT NULL AUTO_INCREMENT,
  `nombre` varchar(255) NOT NULL,
  `valor` double NOT NULL,
  `fecha` varchar(255) NOT NULL,
  PRIMARY KEY (`id`),
  UNIQUE KEY `nombre` (`nombre`)
) ENGINE=InnoDB AUTO_INCREMENT=4 DEFAULT CHARSET=utf8;
/*!40101 SET character_set_client = @saved_cs_client */;

--
-- Dumping data for table `nucleo_moneda`
--

LOCK TABLES `nucleo_moneda` WRITE;
/*!40000 ALTER TABLE `nucleo_moneda` DISABLE KEYS */;
INSERT INTO `nucleo_moneda` VALUES (1,'USD',805.25,'21 Enero 2022'),(2,'EUR',912.46,'21 Enero 2022'),(3,'CLP',1,'15');
/*!40000 ALTER TABLE `nucleo_moneda` ENABLE KEYS */;
UNLOCK TABLES;

--
-- Table structure for table `nucleo_permiso`
--

DROP TABLE IF EXISTS `nucleo_permiso`;
/*!40101 SET @saved_cs_client     = @@character_set_client */;
/*!40101 SET character_set_client = utf8 */;
CREATE TABLE `nucleo_permiso` (
  `id` bigint(20) NOT NULL AUTO_INCREMENT,
  `nombre` varchar(255) NOT NULL,
  PRIMARY KEY (`id`)
) ENGINE=InnoDB DEFAULT CHARSET=latin1;
/*!40101 SET character_set_client = @saved_cs_client */;

--
-- Dumping data for table `nucleo_permiso`
--

LOCK TABLES `nucleo_permiso` WRITE;
/*!40000 ALTER TABLE `nucleo_permiso` DISABLE KEYS */;
/*!40000 ALTER TABLE `nucleo_permiso` ENABLE KEYS */;
UNLOCK TABLES;

--
-- Table structure for table `nucleo_producto`
--

DROP TABLE IF EXISTS `nucleo_producto`;
/*!40101 SET @saved_cs_client     = @@character_set_client */;
/*!40101 SET character_set_client = utf8 */;
CREATE TABLE `nucleo_producto` (
  `id` bigint(20) NOT NULL AUTO_INCREMENT,
  `nombre` varchar(255) NOT NULL,
  `codigo` varchar(255) NOT NULL,
  `presentacion` bigint(20) NOT NULL,
  `unidad` varchar(50) NOT NULL,
  `duracion` int(11) NOT NULL,
  `maduracion` bigint(20) NOT NULL,
  `stock_critico` bigint(20) NOT NULL,
  `id_comercio_net` varchar(255) DEFAULT NULL,
  `created` datetime(6) NOT NULL,
  `updated` datetime(6) NOT NULL,
  `unidades` int(11) NOT NULL,
  `dun14` varchar(14) NOT NULL,
  `conjunto_id` bigint(20) DEFAULT NULL,
  `sap` varchar(12) NOT NULL,
  `linea_id` bigint(20) DEFAULT NULL,
  `descripcion` longtext NOT NULL,
  `pautalinea_id` bigint(20) DEFAULT NULL,
  `pautapip_id` bigint(20) DEFAULT NULL,
  PRIMARY KEY (`id`),
  KEY `nucleo_producto_conjunto_id_165f0f7f_fk_estado_conjuntoestado_id` (`conjunto_id`),
  KEY `nucleo_producto_linea_id_14017544_fk_nucleo_linea_id` (`linea_id`),
  KEY `nucleo_producto_pautalinea_id_e163761c_fk_pauta_pauta_id` (`pautalinea_id`),
  KEY `nucleo_producto_pautapip_id_19ff2c01_fk_pauta_pauta_id` (`pautapip_id`),
  CONSTRAINT `nucleo_producto_conjunto_id_165f0f7f_fk_estado_conjuntoestado_id` FOREIGN KEY (`conjunto_id`) REFERENCES `estado_conjuntoestado` (`id`),
  CONSTRAINT `nucleo_producto_linea_id_14017544_fk_nucleo_linea_id` FOREIGN KEY (`linea_id`) REFERENCES `nucleo_linea` (`id`),
  CONSTRAINT `nucleo_producto_pautalinea_id_e163761c_fk_pauta_pauta_id` FOREIGN KEY (`pautalinea_id`) REFERENCES `pauta_pauta` (`id`),
  CONSTRAINT `nucleo_producto_pautapip_id_19ff2c01_fk_pauta_pauta_id` FOREIGN KEY (`pautapip_id`) REFERENCES `pauta_pauta` (`id`)
) ENGINE=InnoDB AUTO_INCREMENT=55 DEFAULT CHARSET=latin1;
/*!40101 SET character_set_client = @saved_cs_client */;

--
-- Dumping data for table `nucleo_producto`
--

LOCK TABLES `nucleo_producto` WRITE;
/*!40000 ALTER TABLE `nucleo_producto` DISABLE KEYS */;
INSERT INTO `nucleo_producto` VALUES (4,'Camembert','QUCA01',150,'gr',90,15,100,NULL,'2021-10-26 12:05:22.410074','2021-11-10 09:46:24.842618',20,'27804632980016',NULL,'987954',NULL,'',NULL,NULL),(5,'Camembert Pimienta','QUCA02',150,'gr',90,15,100,NULL,'2021-10-26 12:05:22.529045','2021-12-07 16:53:57.243953',20,'27804632980108',NULL,'1572119',NULL,'',NULL,NULL),(6,'Brie','QUBR01',120,'gr',90,15,100,NULL,'2021-10-26 12:05:22.532044','2021-11-10 09:44:47.190283',20,'27804632980009',NULL,'987955',NULL,'',NULL,NULL),(7,'Provoleta','QUPR01',115,'gr',90,15,100,NULL,'2021-10-26 12:05:22.535044','2021-11-10 09:44:27.531559',24,'17804632980316',NULL,'1726330',NULL,'',NULL,NULL),(8,'Provoleta','QUPR02',1,'kg',90,15,100,NULL,'2021-10-26 12:05:22.538044','2021-10-26 12:05:22.538044',1,'',NULL,'',NULL,'',NULL,NULL),(9,'Cottage Americano','QUCO01',250,'gr',60,1,100,NULL,'2021-10-26 12:05:22.541053','2021-11-10 09:47:02.843326',12,'17804632980279',NULL,'1671601',NULL,'',NULL,NULL),(10,'Cottage','QUCO02',250,'gr',60,1,100,NULL,'2021-10-26 12:05:22.543045','2021-11-10 09:46:59.049708',12,'17804632980026',NULL,'987956',NULL,'',NULL,NULL),(11,'Mascarpone','QUMA01',220,'gr',60,1,100,NULL,'2021-10-26 12:05:22.546044','2021-11-10 09:48:35.242344',12,'17804632980057',NULL,'1477047',NULL,'',NULL,NULL),(12,'Cottage','QUCO03',1,'kg',60,1,100,NULL,'2021-10-26 12:05:22.549044','2021-10-26 12:05:22.549044',5,'',NULL,'',NULL,'',NULL,NULL),(13,'Mascarpone','QUMA02',1,'kg',60,1,100,NULL,'2021-10-26 12:05:22.552044','2021-10-26 12:05:22.552044',5,'',NULL,'',NULL,'',NULL,NULL),(14,'Torta Brie','QUBR02',1,'kg',90,15,100,NULL,'2021-10-26 12:05:22.555044','2021-10-26 12:05:22.555044',2,'',NULL,'',NULL,'',NULL,NULL),(15,'Griego Litro Botella','YOGR01',1,'lt',60,1,100,NULL,'2021-10-26 12:05:22.558044','2022-01-13 15:29:01.558004',1,'11111111111113',NULL,'',3,'',16,5),(16,'Clasico Litro Botella','YOCL01',1,'lt',60,1,100,NULL,'2021-10-26 12:05:22.561044','2022-01-13 15:27:57.417069',1,'',NULL,'',2,'',16,8),(17,'Descremado Litro Botella','YODE01',1,'lt',60,1,100,NULL,'2021-10-26 12:05:22.564045','2022-01-13 15:29:41.651045',1,'11111111111113',NULL,'',1,'',16,7),(18,'Griego Frutilla','YOGR02',150,'gr',60,0,100,NULL,'2021-10-26 12:05:22.567045','2022-01-13 15:32:11.617448',16,'17804632980149',NULL,'1712583',3,'',16,5),(19,'Griego Durazno','YOGR03',150,'gr',60,0,100,NULL,'2021-10-26 12:05:22.570045','2022-01-13 15:07:03.889110',16,'17804632980194',NULL,'1712584',3,'',NULL,5),(20,'Clasico Frutilla','YOCL02',150,'gr',60,0,100,NULL,'2021-10-26 12:05:22.573044','2022-01-13 15:25:01.546109',16,'17804632980255',NULL,'1710570',2,'',16,8),(21,'Clasico Durazno','YOCL03',150,'gr',60,0,100,NULL,'2021-10-26 12:05:22.575045','2022-01-13 15:23:47.759056',16,'17804632980262',NULL,'1710571',2,'',16,8),(22,'Descremado Frutilla','YODE02',150,'gr',60,0,100,NULL,'2021-10-26 12:05:22.578044','2021-12-24 09:15:32.060950',16,'17804632980217',NULL,'1712585',1,'',16,7),(23,'Descremado Durazno','YODE03',150,'gr',60,0,100,NULL,'2021-10-26 12:05:22.581044','2021-12-24 09:14:54.322604',16,'17804632980248',NULL,'1710572',1,'',16,7),(24,'Griego 360g','YOGR04',360,'gr',60,1,100,NULL,'2021-10-26 12:05:22.584045','2022-01-13 15:14:06.097337',8,'17804632980286',NULL,'1792632',3,'',16,5),(25,'Clásico 360 g.','YOCL04',360,'gr',60,1,100,NULL,'2021-10-26 12:05:22.586045','2022-01-13 15:22:36.329176',8,'17804632980293',NULL,'1792633',2,'',16,NULL),(26,'Descremado 360','YODE04',360,'gr',60,1,100,NULL,'2021-10-26 12:05:22.589044','2021-12-24 09:13:34.212845',8,'17804632980309',NULL,'1792634',1,'',16,7),(27,'Mantecoso','QUMA01',250,'gr',90,15,100,NULL,'2021-10-26 12:05:22.592044','2021-11-10 09:48:24.117116',20,'17804632980569',NULL,'',NULL,'',NULL,NULL),(28,'Mantecoso','QUMA02',1,'kg',90,15,100,NULL,'2021-10-26 12:05:22.595045','2021-10-26 12:05:22.595045',1,'',NULL,'',NULL,'',NULL,NULL),(29,'Mantecoso Barra','QUMA03',3,'kg',90,15,100,NULL,'2021-10-26 12:05:22.597045','2021-10-26 12:05:22.597045',1,'',NULL,'',NULL,'',NULL,NULL),(30,'Mantecoso Barra','QUMA04',10,'kg',90,15,100,NULL,'2021-10-26 12:05:22.600044','2021-10-26 12:05:22.600044',1,'',NULL,'',NULL,'',NULL,NULL),(31,'Tradicional Natural 200 g','QUTR01',200,'gr',180,4,100,NULL,'2021-10-26 12:05:22.603044','2022-01-13 20:09:55.058438',24,'17804632980224',1,'1629045',7,'',21,3),(32,'Tradicional Albahaca 200 g.','QUTR02',200,'gr',180,4,100,NULL,'2021-10-26 12:05:22.606044','2022-01-13 20:05:10.483648',24,'17804632980552',1,'',7,'',22,3),(33,'Tradicional Aceituna 200 g.','QUTR03',200,'gr',180,4,100,NULL,'2021-10-26 12:05:22.608045','2022-01-13 20:07:03.480082',24,'17804632980545',1,'',7,'',19,19),(34,'Tradicional Oregano 200 g.','QUTR04',200,'gr',180,4,100,NULL,'2021-10-26 12:05:22.611664','2022-01-14 20:55:13.036476',24,'17804632980118',1,'1629046',7,'',18,3),(35,'Tradicional Ciboulette','QUTR05',200,'gr',180,4,100,NULL,'2021-10-26 12:05:22.613664','2022-01-13 19:59:07.859384',24,'17804632980132',1,'1629048',7,'',20,21),(36,'Cabra Feta','QUCA01',175,'gr',180,1,100,NULL,'2021-10-26 12:05:22.616664','2021-11-10 09:47:26.176739',24,'17804632980507',NULL,'1790757',NULL,'',NULL,NULL),(37,'Cabra Ahumado','QUCA02',250,'gr',180,0,100,NULL,'2021-10-26 12:05:22.619663','2021-11-18 11:47:06.151908',12,'17804632980514',NULL,'1790758',NULL,'',NULL,NULL),(38,'Fresco','QUFR01',270,'gr',18,0,100,NULL,'2021-10-26 12:05:22.622663','2021-11-10 09:47:43.477863',12,'17804632980491',NULL,'1790756',NULL,'',NULL,NULL),(39,'Vegurt Sin Sabor','VEVE01',150,'gr',60,0,100,NULL,'2021-10-26 12:05:22.624664','2021-12-24 10:05:38.776148',16,'17804632980361',NULL,'1803112001',4,'',NULL,NULL),(40,'Vegurt Vainilla','VEVE02',150,'gr',60,0,100,NULL,'2021-10-26 12:05:22.627664','2021-12-24 10:08:12.026732',16,'17804632980378',NULL,'1803112002',4,'',NULL,NULL),(41,'Vegurt Frutilla','VEVE03',150,'gr',60,0,100,NULL,'2021-10-26 12:05:22.630664','2021-12-24 10:10:59.548611',16,'17804632980408',NULL,'1803112003',4,'',NULL,NULL),(42,'Helado Cookies & Cream','HEHE01',476,'cc',365,0,100,NULL,'2021-10-26 12:05:22.633664','2021-11-10 09:39:13.237533',8,'17804632980460',NULL,'1800109',NULL,'',NULL,NULL),(43,'Helado Frutos Rojos','HEHE02',476,'cc',365,0,100,NULL,'2021-10-26 12:05:22.636663','2021-11-10 09:39:35.936874',8,'17804632980477',NULL,'1800110',NULL,'',NULL,NULL),(44,'Helado Avellana Choc','HEHE03',476,'cc',365,0,100,NULL,'2021-10-26 12:05:22.638664','2021-11-10 09:37:34.379871',8,'17804632980446',NULL,'1800107',NULL,'',NULL,NULL),(45,'Helado Almendra Moka','HEHE04',476,'cc',365,0,100,NULL,'2021-10-26 12:05:22.641665','2021-11-10 09:37:24.936952',8,'17804632980439',NULL,'1800106',NULL,'',NULL,NULL),(46,'Helado Chocolate','HEHE05',476,'cc',365,0,100,NULL,'2021-10-26 12:05:22.644664','2021-11-10 09:39:00.676395',8,'17804632980453',NULL,'1800108',NULL,'',NULL,NULL),(47,'Helado Fior De Latte','HEHE06',476,'cc',365,0,100,NULL,'2021-10-26 12:05:22.647663','2021-11-10 09:39:21.230066',8,'17804632980484',NULL,'1800111',NULL,'',NULL,NULL),(48,'Helado Manjar Artesanal','HEHE07',476,'cc',365,0,10,NULL,'2021-11-10 09:42:40.141494','2021-11-10 09:43:41.209116',8,'17804632980576',NULL,'1879608',NULL,'',NULL,NULL),(49,'Helado Piña Rapa Nui','HEHE08',476,'cc',365,0,5,NULL,'2021-11-10 09:43:23.554838','2021-11-10 09:43:37.652126',8,'17804632980583',NULL,'1879609',NULL,'',NULL,NULL),(50,'Lingote Cabra Tradicional Oregano','LILI01',2300,'gr',180,4,30,NULL,'2021-11-29 11:11:13.224744','2022-01-14 20:55:17.604665',2,'11111111111113',1,'',7,'',18,3),(51,'Lingote Cabra Tradicional Aceituna','LILI02',2300,'gr',180,4,100,NULL,'2021-11-29 11:22:15.517489','2022-01-13 19:57:36.468942',2,'11111111111113',1,'',7,'',19,3),(52,'Lingote Cabra Tradicional','LILI03',2300,'gr',180,4,5,NULL,'2021-12-06 13:38:48.373513','2022-01-13 19:57:32.430234',2,'11111111111113',1,'1660548',7,'',21,3),(53,'Lingote Cabra Tradicional Albahaca','LILI04',2300,'gr',180,4,100,NULL,'2021-12-06 13:39:14.534477','2022-01-13 19:57:29.128660',2,'11111111111113',1,'',7,'',22,3),(54,'Lingote Cabra Tradicional Ciboulette','LILI05',2300,'gr',180,4,100,NULL,'2021-12-06 13:39:57.848338','2022-01-13 19:57:25.182464',2,'11111111111113',1,'',7,'',20,3);
/*!40000 ALTER TABLE `nucleo_producto` ENABLE KEYS */;
UNLOCK TABLES;

--
-- Table structure for table `nucleo_rama`
--

DROP TABLE IF EXISTS `nucleo_rama`;
/*!40101 SET @saved_cs_client     = @@character_set_client */;
/*!40101 SET character_set_client = utf8 */;
CREATE TABLE `nucleo_rama` (
  `id` bigint(20) NOT NULL AUTO_INCREMENT,
  `nombre` varchar(255) NOT NULL,
  `created` datetime(6) NOT NULL,
  `updated` datetime(6) NOT NULL,
  PRIMARY KEY (`id`),
  UNIQUE KEY `nombre` (`nombre`)
) ENGINE=InnoDB AUTO_INCREMENT=18 DEFAULT CHARSET=latin1;
/*!40101 SET character_set_client = @saved_cs_client */;

--
-- Dumping data for table `nucleo_rama`
--

LOCK TABLES `nucleo_rama` WRITE;
/*!40000 ALTER TABLE `nucleo_rama` DISABLE KEYS */;
INSERT INTO `nucleo_rama` VALUES (3,'Queso Provolota','2021-10-26 11:49:09.629010','2021-10-26 11:49:09.632901'),(4,'Queso Cottage','2021-10-26 11:49:14.972575','2021-10-26 11:49:14.976251'),(5,'Queso Mascarpone','2021-10-26 11:49:20.316910','2021-10-26 11:49:20.320435'),(9,'Queso Mantecoso','2021-10-26 11:49:49.432995','2021-10-26 11:49:49.437319'),(10,'Queso Tradicional','2021-10-26 11:50:10.577850','2021-10-26 11:50:10.580159'),(11,'Queso Cabra','2021-10-26 11:50:17.208082','2022-01-13 18:15:12.283725'),(12,'Queso Fresco','2021-10-26 11:50:23.246968','2021-10-26 11:50:23.250705'),(13,'Vegurt','2021-10-26 11:50:27.716110','2021-12-24 10:02:57.525724'),(14,'Helado','2021-10-26 11:50:31.444001','2021-10-26 11:50:31.446359'),(15,'Lingotes','2021-11-29 11:07:23.590192','2021-11-29 11:07:23.593466'),(16,'YOGUR','2021-12-22 13:44:49.141845','2022-01-13 10:21:18.882331'),(17,'CAMBRIE','2022-01-12 14:19:18.548793','2022-01-13 10:21:24.976497');
/*!40000 ALTER TABLE `nucleo_rama` ENABLE KEYS */;
UNLOCK TABLES;

--
-- Table structure for table `ordendecompra_archivo`
--

DROP TABLE IF EXISTS `ordendecompra_archivo`;
/*!40101 SET @saved_cs_client     = @@character_set_client */;
/*!40101 SET character_set_client = utf8 */;
CREATE TABLE `ordendecompra_archivo` (
  `id` bigint(20) NOT NULL AUTO_INCREMENT,
  `archivo` varchar(100) NOT NULL,
  `orden_id` bigint(20) NOT NULL,
  PRIMARY KEY (`id`),
  KEY `ordendecompra_archiv_orden_id_d3f7e4af_fk_ordendeco` (`orden_id`),
  CONSTRAINT `ordendecompra_archiv_orden_id_d3f7e4af_fk_ordendeco` FOREIGN KEY (`orden_id`) REFERENCES `ordendecompra_ordendecompra` (`id`)
) ENGINE=InnoDB AUTO_INCREMENT=7 DEFAULT CHARSET=latin1;
/*!40101 SET character_set_client = @saved_cs_client */;

--
-- Dumping data for table `ordendecompra_archivo`
--

LOCK TABLES `ordendecompra_archivo` WRITE;
/*!40000 ALTER TABLE `ordendecompra_archivo` DISABLE KEYS */;
INSERT INTO `ordendecompra_archivo` VALUES (1,'ordendecompra/adjuntos/EST-017126.pdf',43),(2,'ordendecompra/adjuntos/5080653688.pdf',45),(3,'ordendecompra/adjuntos/NC_5543_PRIMEC.pdf',47),(4,'ordendecompra/adjuntos/GOURMET_LTDA.doc',79),(5,'ordendecompra/adjuntos/GOURMET_899.doc',103),(6,'ordendecompra/adjuntos/mipeDisplayPDF_Gourmet.pdf',79);
/*!40000 ALTER TABLE `ordendecompra_archivo` ENABLE KEYS */;
UNLOCK TABLES;

--
-- Table structure for table `ordendecompra_historicalordendecompra`
--

DROP TABLE IF EXISTS `ordendecompra_historicalordendecompra`;
/*!40101 SET @saved_cs_client     = @@character_set_client */;
/*!40101 SET character_set_client = utf8 */;
CREATE TABLE `ordendecompra_historicalordendecompra` (
  `id` bigint(20) NOT NULL,
  `numero` bigint(20) NOT NULL,
  `condiciones` longtext,
  `estado` varchar(50) NOT NULL,
  `fecha` date NOT NULL,
  `total_neto` double NOT NULL,
  `guia_despacho` varchar(50) DEFAULT NULL,
  `numero_factura` varchar(50) DEFAULT NULL,
  `fecha_recepcion` date DEFAULT NULL,
  `fecha_facturacion` date DEFAULT NULL,
  `fecha_pago` date DEFAULT NULL,
  `pago` varchar(100) DEFAULT NULL,
  `created` datetime(6) NOT NULL,
  `updated` datetime(6) NOT NULL,
  `history_id` int(11) NOT NULL AUTO_INCREMENT,
  `history_date` datetime(6) NOT NULL,
  `history_change_reason` varchar(100) DEFAULT NULL,
  `history_type` varchar(1) NOT NULL,
  `bodega_id` bigint(20) DEFAULT NULL,
  `history_user_id` int(11) DEFAULT NULL,
  `proveedor_id` bigint(20) DEFAULT NULL,
  `pagada` tinyint(1) NOT NULL,
  PRIMARY KEY (`history_id`),
  KEY `ordendecompra_histor_history_user_id_7ec07ab8_fk_auth_user` (`history_user_id`),
  KEY `ordendecompra_historicalordendecompra_id_ffd280a2` (`id`),
  KEY `ordendecompra_historicalordendecompra_numero_9c95a5b3` (`numero`),
  KEY `ordendecompra_historicalordendecompra_bodega_id_272082f3` (`bodega_id`),
  KEY `ordendecompra_historicalordendecompra_proveedor_id_9ee6cacb` (`proveedor_id`),
  CONSTRAINT `ordendecompra_histor_history_user_id_7ec07ab8_fk_auth_user` FOREIGN KEY (`history_user_id`) REFERENCES `auth_user` (`id`)
) ENGINE=InnoDB AUTO_INCREMENT=1081 DEFAULT CHARSET=latin1;
/*!40101 SET character_set_client = @saved_cs_client */;

--
-- Dumping data for table `ordendecompra_historicalordendecompra`
--

LOCK TABLES `ordendecompra_historicalordendecompra` WRITE;
/*!40000 ALTER TABLE `ordendecompra_historicalordendecompra` DISABLE KEYS */;
INSERT INTO `ordendecompra_historicalordendecompra` VALUES (1,0,'','Inicial','2021-08-31',15000,NULL,NULL,NULL,NULL,NULL,NULL,'2021-08-31 10:01:56.413968','2021-08-31 16:09:10.713201',1,'2021-08-31 16:09:10.738841',NULL,'~',1,1,1,0),(1,0,'','Validada','2021-08-31',22500,NULL,NULL,NULL,NULL,NULL,NULL,'2021-08-31 10:01:56.413968','2021-08-31 16:09:10.890022',2,'2021-08-31 16:09:10.905937',NULL,'~',1,1,1,0),(1,0,'','Inicial','2021-08-31',22500,NULL,NULL,NULL,NULL,NULL,NULL,'2021-08-31 10:01:56.413968','2021-08-31 16:09:37.171460',3,'2021-08-31 16:09:37.196334',NULL,'~',1,1,1,0),(1,0,'','Inicial','2021-08-31',22500,NULL,NULL,NULL,NULL,NULL,NULL,'2021-08-31 10:01:56.413968','2021-08-31 16:09:55.684224',4,'2021-08-31 16:09:55.705133',NULL,'~',1,1,1,0),(1,0,'','Validada','2021-08-31',22500,NULL,NULL,NULL,NULL,NULL,NULL,'2021-08-31 10:01:56.413968','2021-08-31 16:09:55.854878',5,'2021-08-31 16:09:55.870970',NULL,'~',1,1,1,0),(2,1,'','Inicial','2021-09-07',0,NULL,NULL,NULL,NULL,NULL,NULL,'2021-09-07 11:53:09.528700','2021-09-07 11:53:09.528718',6,'2021-09-07 11:53:09.688995',NULL,'+',3,1,1,0),(2,1,'','Inicial','2021-09-07',3750,NULL,NULL,NULL,NULL,NULL,NULL,'2021-09-07 11:53:09.528700','2021-09-07 11:53:22.016285',7,'2021-09-07 11:53:22.037572',NULL,'~',3,1,1,0),(2,1,'','Inicial','2021-09-07',3750,NULL,NULL,NULL,NULL,NULL,NULL,'2021-09-07 11:53:09.528700','2021-09-07 11:53:26.340472',8,'2021-09-07 11:53:26.362847',NULL,'~',3,1,1,0),(2,1,'','Validada','2021-09-07',3750,NULL,NULL,NULL,NULL,NULL,NULL,'2021-09-07 11:53:09.528700','2021-09-07 11:53:26.504562',9,'2021-09-07 11:53:26.562499',NULL,'~',3,1,1,0),(2,1,'','Validada','2021-09-07',3750,NULL,'123','2021-09-07',NULL,NULL,NULL,'2021-09-07 11:53:09.528700','2021-09-07 11:53:33.022461',10,'2021-09-07 11:53:33.086773',NULL,'~',3,1,1,0),(2,1,'','Recepcionada','2021-09-07',3750,NULL,'123','2021-09-07',NULL,NULL,NULL,'2021-09-07 11:53:09.528700','2021-09-07 11:53:44.689903',11,'2021-09-07 11:53:44.713096',NULL,'~',3,1,1,0),(3,2,'','Inicial','2021-09-21',0,NULL,NULL,NULL,NULL,NULL,NULL,'2021-09-21 19:12:30.331166','2021-09-21 19:12:30.331188',12,'2021-09-21 19:12:30.335723',NULL,'+',3,1,1,0),(3,2,'','Inicial','2021-09-21',7500,NULL,NULL,NULL,NULL,NULL,NULL,'2021-09-21 19:12:30.331166','2021-09-21 19:12:31.351649',13,'2021-09-21 19:12:31.395493',NULL,'~',3,1,1,0),(3,2,'','Inicial','2021-09-21',7500,NULL,NULL,NULL,NULL,NULL,NULL,'2021-09-21 19:12:30.331166','2021-09-21 19:12:42.459297',14,'2021-09-21 19:12:42.461335',NULL,'~',3,1,1,0),(3,2,'','Validada','2021-09-21',7500,NULL,NULL,NULL,NULL,NULL,NULL,'2021-09-21 19:12:30.331166','2021-09-21 19:12:42.482280',15,'2021-09-21 19:12:42.486163',NULL,'~',3,1,1,0),(3,2,'','Validada','2021-09-21',7500,NULL,'679','2021-09-21',NULL,NULL,NULL,'2021-09-21 19:12:30.331166','2021-09-21 19:13:03.895620',16,'2021-09-21 19:13:03.898551',NULL,'~',3,1,1,0),(3,2,'','Recepcionada','2021-09-21',7500,NULL,'679','2021-09-21',NULL,NULL,NULL,'2021-09-21 19:12:30.331166','2021-09-21 19:13:03.915655',17,'2021-09-21 19:13:03.917742',NULL,'~',3,1,1,0),(4,3,'Favor incluir siguiente código en factura: CORFO\r\n19IR-LR-121872','Inicial','2021-10-22',0,NULL,NULL,NULL,NULL,NULL,NULL,'2021-10-22 10:12:54.960601','2021-10-22 10:12:54.960616',18,'2021-10-22 10:12:54.962716',NULL,'+',3,41,1,0),(4,3,'Favor incluir siguiente código en factura: CORFO\r\n19IR-LR-121872','Inicial','2021-10-22',140000,NULL,NULL,NULL,NULL,NULL,NULL,'2021-10-22 10:12:54.960601','2021-10-22 10:12:56.575545',19,'2021-10-22 10:12:56.577733',NULL,'~',3,41,1,0),(4,3,'Favor incluir siguiente código en factura: CORFO\r\n19IR-LR-121872','Inicial','2021-10-22',140000,NULL,NULL,NULL,NULL,NULL,NULL,'2021-10-22 10:12:54.960601','2021-10-22 10:19:44.553319',20,'2021-10-22 10:19:44.555057',NULL,'~',3,41,1,0),(4,3,'Favor incluir siguiente código en factura: CORFO\r\n19IR-LR-121872','Validada','2021-10-22',140000,NULL,NULL,NULL,NULL,NULL,NULL,'2021-10-22 10:12:54.960601','2021-10-22 10:19:44.564124',21,'2021-10-22 10:19:44.565551',NULL,'~',3,41,1,0),(4,3,'Favor incluir siguiente código en factura: CORFO\r\n19IR-LR-121872','Rechazada','2021-10-22',140000,NULL,NULL,NULL,NULL,NULL,NULL,'2021-10-22 10:12:54.960601','2021-10-22 10:20:18.468274',22,'2021-10-22 10:20:18.470296',NULL,'~',3,41,1,0),(4,3,'Favor incluir siguiente código en factura: CORFO\r\n19IR-LR-121872','Validada','2021-10-22',140000,NULL,NULL,NULL,NULL,NULL,NULL,'2021-10-22 10:12:54.960601','2021-10-22 10:20:35.224708',23,'2021-10-22 10:20:35.226533',NULL,'~',3,41,1,0),(5,4,'Por favor incluir la siguiente glosa en la factura: DESARROLLO\r\nDE PORTAFOLIO DE POSTRES VEGETALES A BASE DE\r\nALMENDRA Y DESECHOS DE SU PRODUCCIÓN”, código\r\n19IR-LR-121872','Inicial','2021-10-25',0,NULL,NULL,NULL,NULL,NULL,NULL,'2021-10-25 17:25:00.654670','2021-10-25 17:25:00.654687',24,'2021-10-25 17:25:00.657760',NULL,'+',3,41,2,0),(5,4,'Por favor incluir la siguiente glosa en la factura: DESARROLLO\r\nDE PORTAFOLIO DE POSTRES VEGETALES A BASE DE\r\nALMENDRA Y DESECHOS DE SU PRODUCCIÓN”, código\r\n19IR-LR-121872','Inicial','2021-10-25',540000,NULL,NULL,NULL,NULL,NULL,NULL,'2021-10-25 17:25:00.654670','2021-10-25 17:25:02.706667',25,'2021-10-25 17:25:02.709348',NULL,'~',3,41,2,0),(6,5,'Por favor incluir la siguiente glosa en la factura: DESARROLLO\r\nDE PORTAFOLIO DE POSTRES VEGETALES A BASE DE\r\nALMENDRA Y DESECHOS DE SU PRODUCCIÓN”, código\r\n19IR-LR-121872','Inicial','2021-10-25',0,NULL,NULL,NULL,NULL,NULL,NULL,'2021-10-25 17:43:41.294093','2021-10-25 17:43:41.294108',26,'2021-10-25 17:43:41.295798',NULL,'+',3,41,3,0),(6,5,'Por favor incluir la siguiente glosa en la factura: DESARROLLO\r\nDE PORTAFOLIO DE POSTRES VEGETALES A BASE DE\r\nALMENDRA Y DESECHOS DE SU PRODUCCIÓN”, código\r\n19IR-LR-121872','Inicial','2021-10-25',110325,NULL,NULL,NULL,NULL,NULL,NULL,'2021-10-25 17:43:41.294093','2021-10-25 17:43:42.791796',27,'2021-10-25 17:43:42.795277',NULL,'~',3,41,3,0),(6,5,'Por favor incluir la siguiente glosa en la factura: DESARROLLO\r\nDE PORTAFOLIO DE POSTRES VEGETALES A BASE DE\r\nALMENDRA Y DESECHOS DE SU PRODUCCIÓN”, código\r\n19IR-LR-121872','Inicial','2021-10-25',110325,NULL,NULL,NULL,NULL,NULL,NULL,'2021-10-25 17:43:41.294093','2021-10-25 17:45:25.863971',28,'2021-10-25 17:45:25.865662',NULL,'~',3,41,3,0),(6,5,'Por favor incluir la siguiente glosa en la factura: DESARROLLO\r\nDE PORTAFOLIO DE POSTRES VEGETALES A BASE DE\r\nALMENDRA Y DESECHOS DE SU PRODUCCIÓN”, código\r\n19IR-LR-121872','Validada','2021-10-25',110325,NULL,NULL,NULL,NULL,NULL,NULL,'2021-10-25 17:43:41.294093','2021-10-25 17:45:25.878525',29,'2021-10-25 17:45:25.880091',NULL,'~',3,41,3,0),(7,6,'','Inicial','2021-10-26',0,NULL,NULL,NULL,NULL,NULL,NULL,'2021-10-26 16:18:08.942939','2021-10-26 16:18:08.942959',30,'2021-10-26 16:18:08.946139',NULL,'+',3,41,3,0),(7,6,'','Inicial','2021-10-26',137500,NULL,NULL,NULL,NULL,NULL,NULL,'2021-10-26 16:18:08.942939','2021-10-26 16:18:10.419897',31,'2021-10-26 16:18:10.422031',NULL,'~',3,41,3,0),(8,7,'Por favor incluir la siguiente glosa en la factura: DESARROLLO DE PORTAFOLIO DE POSTRES VEGETALES A BASE DE ALMENDRA Y DESECHOS DE SU PRODUCCIÓN”, código 19IR-LR-121872','Inicial','2021-10-27',0,NULL,NULL,NULL,NULL,NULL,NULL,'2021-10-27 10:16:05.452138','2021-10-27 10:16:05.452163',32,'2021-10-27 10:16:05.454197',NULL,'+',3,41,5,0),(8,7,'Por favor incluir la siguiente glosa en la factura: DESARROLLO DE PORTAFOLIO DE POSTRES VEGETALES A BASE DE ALMENDRA Y DESECHOS DE SU PRODUCCIÓN”, código 19IR-LR-121872','Inicial','2021-10-27',478800,NULL,NULL,NULL,NULL,NULL,NULL,'2021-10-27 10:16:05.452138','2021-10-27 10:16:07.546809',33,'2021-10-27 10:16:07.549960',NULL,'~',3,41,5,0),(9,8,'Por favor incluir la siguiente glosa en la factura: DESARROLLO DE PORTAFOLIO DE POSTRES VEGETALES A BASE DE ALMENDRA Y DESECHOS DE SU PRODUCCIÓN”, código 19IR-LR-121872','Inicial','2021-10-28',0,NULL,NULL,NULL,NULL,NULL,NULL,'2021-10-28 12:22:44.476260','2021-10-28 12:22:44.476273',34,'2021-10-28 12:22:44.479421',NULL,'+',3,41,3,0),(9,8,'Por favor incluir la siguiente glosa en la factura: DESARROLLO DE PORTAFOLIO DE POSTRES VEGETALES A BASE DE ALMENDRA Y DESECHOS DE SU PRODUCCIÓN”, código 19IR-LR-121872','Inicial','2021-10-28',33750,NULL,NULL,NULL,NULL,NULL,NULL,'2021-10-28 12:22:44.476260','2021-10-28 12:22:46.248093',35,'2021-10-28 12:22:46.250810',NULL,'~',3,41,3,0),(4,3,'Favor incluir siguiente código en factura: CORFO\r\n19IR-LR-121872','Validada','2021-10-22',140000,NULL,'67689','2021-10-28',NULL,NULL,NULL,'2021-10-22 10:12:54.960601','2021-10-28 12:27:13.561293',36,'2021-10-28 12:27:13.563074',NULL,'~',3,41,1,0),(4,3,'Favor incluir siguiente código en factura: CORFO\r\n19IR-LR-121872','Recepcionada','2021-10-22',140000,NULL,'67689','2021-10-28',NULL,NULL,NULL,'2021-10-22 10:12:54.960601','2021-10-28 12:27:14.758518',37,'2021-10-28 12:27:14.760317',NULL,'~',3,41,1,0),(4,3,'Favor incluir siguiente código en factura: CORFO\r\n19IR-LR-121872','Recepcionada','2021-10-22',140000,NULL,'67689','2021-10-28','2021-10-26','2021-10-28','transferencia','2021-10-22 10:12:54.960601','2021-10-28 12:28:07.476108',38,'2021-10-28 12:28:07.478586',NULL,'~',3,41,1,0),(4,3,'Favor incluir siguiente código en factura: CORFO\r\n19IR-LR-121872','Pagada','2021-10-22',140000,NULL,'67689','2021-10-28','2021-10-26','2021-10-28','transferencia','2021-10-22 10:12:54.960601','2021-10-28 12:28:07.482643',39,'2021-10-28 12:28:07.485372',NULL,'~',3,41,1,0),(9,8,'Por favor incluir la siguiente glosa en la factura: DESARROLLO DE PORTAFOLIO DE POSTRES VEGETALES A BASE DE ALMENDRA Y DESECHOS DE SU PRODUCCIÓN”, código 19IR-LR-121872','Inicial','2021-10-28',33750,NULL,NULL,NULL,NULL,NULL,NULL,'2021-10-28 12:22:44.476260','2021-10-29 08:33:42.977628',40,'2021-10-29 08:33:42.980787',NULL,'~',3,41,3,0),(9,8,'Por favor incluir la siguiente glosa en la factura: DESARROLLO DE PORTAFOLIO DE POSTRES VEGETALES A BASE DE ALMENDRA Y DESECHOS DE SU PRODUCCIÓN”, código 19IR-LR-121872','Validada','2021-10-28',58750,NULL,NULL,NULL,NULL,NULL,NULL,'2021-10-28 12:22:44.476260','2021-10-29 08:33:42.997161',41,'2021-10-29 08:33:42.999143',NULL,'~',3,41,3,0),(7,6,'','Inicial','2021-10-26',137500,NULL,NULL,NULL,NULL,NULL,NULL,'2021-10-26 16:18:08.942939','2021-11-02 15:09:29.489600',42,'2021-11-02 15:09:29.491940',NULL,'~',3,39,3,0),(7,6,'','Validada','2021-10-26',137500,NULL,NULL,NULL,NULL,NULL,NULL,'2021-10-26 16:18:08.942939','2021-11-02 15:09:29.504858',43,'2021-11-02 15:09:29.506329',NULL,'~',3,39,3,0),(7,6,'','Semi-Recepcionada','2021-10-26',137500,NULL,'284506','2021-11-02',NULL,NULL,NULL,'2021-10-26 16:18:08.942939','2021-11-02 15:11:03.821116',44,'2021-11-02 15:11:03.823118',NULL,'~',3,39,3,0),(7,6,'','Recepcionada','2021-10-26',137500,NULL,'284506','2021-11-02',NULL,NULL,NULL,'2021-10-26 16:18:08.942939','2021-11-02 15:21:53.621376',45,'2021-11-02 15:21:53.623275',NULL,'~',3,39,3,0),(3,2,'','Rechazada','2021-09-21',7500,NULL,'679','2021-09-21',NULL,NULL,NULL,'2021-09-21 19:12:30.331166','2021-11-02 15:29:04.837412',46,'2021-11-02 15:29:04.843353',NULL,'~',3,41,1,0),(2,1,'','Validada','2021-09-07',3750,NULL,'123','2021-09-07',NULL,NULL,NULL,'2021-09-07 11:53:09.528700','2021-11-02 15:29:22.297381',47,'2021-11-02 15:29:22.300297',NULL,'~',3,41,1,0),(2,1,'','Inicial','2021-09-07',3750,NULL,'123','2021-09-07',NULL,NULL,NULL,'2021-09-07 11:53:09.528700','2021-11-02 15:29:28.062879',48,'2021-11-02 15:29:28.065564',NULL,'~',3,41,1,0),(3,2,'','Recepcionada','2021-09-21',7500,NULL,'679','2021-09-21',NULL,NULL,NULL,'2021-09-21 19:12:30.331166','2021-11-02 15:29:40.979972',49,'2021-11-02 15:29:40.982786',NULL,'~',3,41,1,0),(3,2,'','Rechazada','2021-09-21',7500,NULL,'679','2021-09-21',NULL,NULL,NULL,'2021-09-21 19:12:30.331166','2021-11-02 15:29:52.120504',50,'2021-11-02 15:29:52.122212',NULL,'~',3,41,1,0),(2,1,'','Rechazada','2021-09-07',3750,NULL,'123','2021-09-07',NULL,NULL,NULL,'2021-09-07 11:53:09.528700','2021-11-02 15:30:01.024670',51,'2021-11-02 15:30:01.026468',NULL,'~',3,41,1,0),(1,0,'','Rechazada','2021-08-31',22500,NULL,NULL,NULL,NULL,NULL,NULL,'2021-08-31 10:01:56.413968','2021-11-02 15:30:15.636500',52,'2021-11-02 15:30:15.638918',NULL,'~',NULL,41,1,0),(8,7,'Por favor incluir la siguiente glosa en la factura: DESARROLLO DE PORTAFOLIO DE POSTRES VEGETALES A BASE DE ALMENDRA Y DESECHOS DE SU PRODUCCIÓN”, código 19IR-LR-121872','Inicial','2021-10-27',478800,NULL,NULL,NULL,NULL,NULL,NULL,'2021-10-27 10:16:05.452138','2021-11-02 15:35:03.268000',53,'2021-11-02 15:35:03.270087',NULL,'~',3,41,5,0),(8,7,'Por favor incluir la siguiente glosa en la factura: DESARROLLO DE PORTAFOLIO DE POSTRES VEGETALES A BASE DE ALMENDRA Y DESECHOS DE SU PRODUCCIÓN”, código 19IR-LR-121872','Validada','2021-10-27',478800,NULL,NULL,NULL,NULL,NULL,NULL,'2021-10-27 10:16:05.452138','2021-11-02 15:35:03.283420',54,'2021-11-02 15:35:03.285236',NULL,'~',3,41,5,0),(6,5,'Por favor incluir la siguiente glosa en la factura: DESARROLLO\r\nDE PORTAFOLIO DE POSTRES VEGETALES A BASE DE\r\nALMENDRA Y DESECHOS DE SU PRODUCCIÓN”, código\r\n19IR-LR-121872','Recepcionada','2021-10-25',110325,NULL,'284507','2021-11-02',NULL,NULL,NULL,'2021-10-25 17:43:41.294093','2021-11-02 15:35:55.743627',55,'2021-11-02 15:35:55.745848',NULL,'~',3,41,3,0),(10,9,'Por favor incluir la siguiente glosa en la factura: DESARROLLO DE PORTAFOLIO DE POSTRES VEGETALES A BASE DE ALMENDRA Y DESECHOS DE SU PRODUCCIÓN”, código 19IR-LR-121872','Inicial','2021-11-02',0,NULL,NULL,NULL,NULL,NULL,NULL,'2021-11-02 16:44:28.639158','2021-11-02 16:44:28.639217',56,'2021-11-02 16:44:28.643646',NULL,'+',3,41,6,0),(11,10,'Por favor incluir la siguiente glosa en la factura: DESARROLLO DE PORTAFOLIO DE POSTRES VEGETALES A BASE DE ALMENDRA Y DESECHOS DE SU PRODUCCIÓN”, código 19IR-LR-121872','Inicial','2021-11-02',0,NULL,NULL,NULL,NULL,NULL,NULL,'2021-11-02 16:46:46.257416','2021-11-02 16:46:46.257430',57,'2021-11-02 16:46:46.259125',NULL,'+',NULL,1,6,0),(12,11,'Por favor incluir la siguiente glosa en la factura: DESARROLLO DE PORTAFOLIO DE POSTRES VEGETALES A BASE DE ALMENDRA Y DESECHOS DE SU PRODUCCIÓN”, código 19IR-LR-121872','Inicial','2021-11-02',0,NULL,NULL,NULL,NULL,NULL,NULL,'2021-11-02 16:48:05.292265','2021-11-02 16:48:05.292278',58,'2021-11-02 16:48:05.294284',NULL,'+',NULL,1,6,0),(12,11,'Por favor incluir la siguiente glosa en la factura: DESARROLLO DE PORTAFOLIO DE POSTRES VEGETALES A BASE DE ALMENDRA Y DESECHOS DE SU PRODUCCIÓN”, código 19IR-LR-121872','Inicial','2021-11-02',18,NULL,NULL,NULL,NULL,NULL,NULL,'2021-11-02 16:48:05.292265','2021-11-02 16:48:06.479611',59,'2021-11-02 16:48:06.482808',NULL,'~',NULL,1,6,0),(12,11,'Por favor incluir la siguiente glosa en la factura: DESARROLLO DE PORTAFOLIO DE POSTRES VEGETALES A BASE DE ALMENDRA Y DESECHOS DE SU PRODUCCIÓN”, código 19IR-LR-121872','Inicial','2021-11-02',18,NULL,NULL,NULL,NULL,NULL,NULL,'2021-11-02 16:48:05.292265','2021-11-02 16:54:03.858077',60,'2021-11-02 16:54:03.860832',NULL,'~',NULL,1,6,0),(12,11,'Por favor incluir la siguiente glosa en la factura: DESARROLLO DE PORTAFOLIO DE POSTRES VEGETALES A BASE DE ALMENDRA Y DESECHOS DE SU PRODUCCIÓN”, código 19IR-LR-121872','Validada','2021-11-02',18.4,NULL,NULL,NULL,NULL,NULL,NULL,'2021-11-02 16:48:05.292265','2021-11-02 16:54:03.883001',61,'2021-11-02 16:54:03.885126',NULL,'~',NULL,1,6,0),(9,8,'Por favor incluir la siguiente glosa en la factura: DESARROLLO DE PORTAFOLIO DE POSTRES VEGETALES A BASE DE ALMENDRA Y DESECHOS DE SU PRODUCCIÓN”, código 19IR-LR-121872','Validada','2021-10-28',58750,NULL,NULL,NULL,NULL,NULL,NULL,'2021-10-28 12:22:44.476260','2021-10-29 08:33:42.997161',62,'2021-11-02 16:54:28.330149',NULL,'-',3,1,3,0),(10,9,'Por favor incluir la siguiente glosa en la factura: DESARROLLO DE PORTAFOLIO DE POSTRES VEGETALES A BASE DE ALMENDRA Y DESECHOS DE SU PRODUCCIÓN”, código 19IR-LR-121872','Inicial','2021-11-02',0,NULL,NULL,NULL,NULL,NULL,NULL,'2021-11-02 16:44:28.639158','2021-11-02 16:44:28.639217',63,'2021-11-02 16:58:13.846505',NULL,'-',3,1,6,0),(11,10,'Por favor incluir la siguiente glosa en la factura: DESARROLLO DE PORTAFOLIO DE POSTRES VEGETALES A BASE DE ALMENDRA Y DESECHOS DE SU PRODUCCIÓN”, código 19IR-LR-121872','Inicial','2021-11-02',0,NULL,NULL,NULL,NULL,NULL,NULL,'2021-11-02 16:46:46.257416','2021-11-02 16:46:46.257430',64,'2021-11-02 16:58:18.319561',NULL,'-',NULL,1,6,0),(12,11,'Por favor incluir la siguiente glosa en la factura: DESARROLLO DE PORTAFOLIO DE POSTRES VEGETALES A BASE DE ALMENDRA Y DESECHOS DE SU PRODUCCIÓN”, código 19IR-LR-121872','Validada','2021-11-02',18.4,NULL,NULL,NULL,NULL,NULL,NULL,'2021-11-02 16:48:05.292265','2021-11-02 16:54:03.883001',65,'2021-11-02 16:58:22.558672',NULL,'-',NULL,1,6,0),(13,8,'Por favor incluir la siguiente glosa en la factura: DESARROLLO DE PORTAFOLIO DE POSTRES VEGETALES A BASE DE ALMENDRA Y DESECHOS DE SU PRODUCCIÓN”, código 19IR-LR-121872','Inicial','2021-11-02',0,NULL,NULL,NULL,NULL,NULL,NULL,'2021-11-02 16:58:34.115975','2021-11-02 16:58:34.115990',66,'2021-11-02 16:58:34.119136',NULL,'+',4,1,6,0),(13,8,'Por favor incluir la siguiente glosa en la factura: DESARROLLO DE PORTAFOLIO DE POSTRES VEGETALES A BASE DE ALMENDRA Y DESECHOS DE SU PRODUCCIÓN”, código 19IR-LR-121872','Inicial','2021-11-02',55.199999999999996,NULL,NULL,NULL,NULL,NULL,NULL,'2021-11-02 16:58:34.115975','2021-11-02 16:58:35.531828',67,'2021-11-02 16:58:35.534244',NULL,'~',4,1,6,0),(13,8,'Por favor incluir la siguiente glosa en la factura: DESARROLLO DE PORTAFOLIO DE POSTRES VEGETALES A BASE DE ALMENDRA Y DESECHOS DE SU PRODUCCIÓN”, código 19IR-LR-121872','Inicial','2021-11-02',55.199999999999996,NULL,NULL,NULL,NULL,NULL,NULL,'2021-11-02 16:58:34.115975','2021-11-02 16:58:35.531828',68,'2021-11-02 16:58:42.331599',NULL,'-',4,1,6,0),(14,8,'Por favor incluir la siguiente glosa en la factura: DESARROLLO DE PORTAFOLIO DE POSTRES VEGETALES A BASE DE ALMENDRA Y DESECHOS DE SU PRODUCCIÓN”, código 19IR-LR-121872','Inicial','2021-11-02',0,NULL,NULL,NULL,NULL,NULL,NULL,'2021-11-02 17:00:44.386784','2021-11-02 17:00:44.386797',69,'2021-11-02 17:00:44.390315',NULL,'+',3,41,6,0),(14,8,'Por favor incluir la siguiente glosa en la factura: DESARROLLO DE PORTAFOLIO DE POSTRES VEGETALES A BASE DE ALMENDRA Y DESECHOS DE SU PRODUCCIÓN”, código 19IR-LR-121872','Inicial','2021-11-02',663840,NULL,NULL,NULL,NULL,NULL,NULL,'2021-11-02 17:00:44.386784','2021-11-02 17:00:45.553724',70,'2021-11-02 17:00:45.556268',NULL,'~',3,41,6,0),(15,9,'Por favor incluir la siguiente glosa en la factura: DESARROLLO DE PORTAFOLIO DE POSTRES VEGETALES A BASE DE ALMENDRA Y DESECHOS DE SU PRODUCCIÓN”, código 19IR-LR-121872','Inicial','2021-11-08',0,NULL,NULL,NULL,NULL,NULL,NULL,'2021-11-08 10:58:38.953299','2021-11-08 10:58:38.953314',71,'2021-11-08 10:58:38.955453',NULL,'+',3,41,8,0),(15,9,'Por favor incluir la siguiente glosa en la factura: DESARROLLO DE PORTAFOLIO DE POSTRES VEGETALES A BASE DE ALMENDRA Y DESECHOS DE SU PRODUCCIÓN”, código 19IR-LR-121872','Inicial','2021-11-08',220140,NULL,NULL,NULL,NULL,NULL,NULL,'2021-11-08 10:58:38.953299','2021-11-08 10:58:40.194705',72,'2021-11-08 10:58:40.197056',NULL,'~',3,41,8,0),(16,10,'Por favor incluir la siguiente glosa en la factura: DESARROLLO DE PORTAFOLIO DE POSTRES VEGETALES A BASE DE ALMENDRA Y DESECHOS DE SU PRODUCCIÓN”, código 19IR-LR-121872','Inicial','2021-11-08',0,NULL,NULL,NULL,NULL,NULL,NULL,'2021-11-08 11:47:30.815447','2021-11-08 11:47:30.815463',73,'2021-11-08 11:47:30.817848',NULL,'+',3,41,9,0),(16,10,'Por favor incluir la siguiente glosa en la factura: DESARROLLO DE PORTAFOLIO DE POSTRES VEGETALES A BASE DE ALMENDRA Y DESECHOS DE SU PRODUCCIÓN”, código 19IR-LR-121872','Inicial','2021-11-08',509350,NULL,NULL,NULL,NULL,NULL,NULL,'2021-11-08 11:47:30.815447','2021-11-08 11:47:32.667692',74,'2021-11-08 11:47:32.669756',NULL,'~',3,41,9,0),(16,10,'Por favor incluir la siguiente glosa en la factura: DESARROLLO DE PORTAFOLIO DE POSTRES VEGETALES A BASE DE ALMENDRA Y DESECHOS DE SU PRODUCCIÓN”, código 19IR-LR-121872','Inicial','2021-11-08',509350,NULL,NULL,NULL,NULL,NULL,NULL,'2021-11-08 11:47:30.815447','2021-11-08 12:12:20.167835',75,'2021-11-08 12:12:20.169908',NULL,'~',3,41,9,0),(16,10,'Por favor incluir la siguiente glosa en la factura: DESARROLLO DE PORTAFOLIO DE POSTRES VEGETALES A BASE DE ALMENDRA Y DESECHOS DE SU PRODUCCIÓN”, código 19IR-LR-121872','Validada','2021-11-08',519750,NULL,NULL,NULL,NULL,NULL,NULL,'2021-11-08 11:47:30.815447','2021-11-08 12:12:20.190407',76,'2021-11-08 12:12:20.192728',NULL,'~',3,41,9,0),(17,11,'Por favor incluir la siguiente glosa en la factura: DESARROLLO DE PORTAFOLIO DE POSTRES VEGETALES A BASE DE ALMENDRA Y DESECHOS DE SU PRODUCCIÓN”, código 19IR-LR-121872','Inicial','2021-11-09',0,NULL,NULL,NULL,NULL,NULL,NULL,'2021-11-09 09:28:33.763747','2021-11-09 09:28:33.763760',77,'2021-11-09 09:28:33.766301',NULL,'+',3,41,10,0),(17,11,'Por favor incluir la siguiente glosa en la factura: DESARROLLO DE PORTAFOLIO DE POSTRES VEGETALES A BASE DE ALMENDRA Y DESECHOS DE SU PRODUCCIÓN”, código 19IR-LR-121872','Inicial','2021-11-09',167679.5,NULL,NULL,NULL,NULL,NULL,NULL,'2021-11-09 09:28:33.763747','2021-11-09 09:28:35.345373',78,'2021-11-09 09:28:35.347682',NULL,'~',3,41,10,0),(17,11,'Por favor incluir la siguiente glosa en la factura: DESARROLLO DE PORTAFOLIO DE POSTRES VEGETALES A BASE DE ALMENDRA Y DESECHOS DE SU PRODUCCIÓN”, código 19IR-LR-121872','Inicial','2021-11-09',167679.5,NULL,NULL,NULL,NULL,NULL,NULL,'2021-11-09 09:28:33.763747','2021-11-09 10:48:15.635263',79,'2021-11-09 10:48:15.637381',NULL,'~',3,41,10,0),(17,11,'Por favor incluir la siguiente glosa en la factura: DESARROLLO DE PORTAFOLIO DE POSTRES VEGETALES A BASE DE ALMENDRA Y DESECHOS DE SU PRODUCCIÓN”, código 19IR-LR-121872','Validada','2021-11-09',175437.75,NULL,NULL,NULL,NULL,NULL,NULL,'2021-11-09 09:28:33.763747','2021-11-09 10:48:15.653914',80,'2021-11-09 10:48:15.656213',NULL,'~',3,41,10,0),(15,9,'Por favor incluir la siguiente glosa en la factura: DESARROLLO DE PORTAFOLIO DE POSTRES VEGETALES A BASE DE ALMENDRA Y DESECHOS DE SU PRODUCCIÓN”, código 19IR-LR-121872','Inicial','2021-11-08',220140,NULL,NULL,NULL,NULL,NULL,NULL,'2021-11-08 10:58:38.953299','2021-11-09 16:32:28.500892',81,'2021-11-09 16:32:28.503383',NULL,'~',3,42,8,0),(15,9,'Por favor incluir la siguiente glosa en la factura: DESARROLLO DE PORTAFOLIO DE POSTRES VEGETALES A BASE DE ALMENDRA Y DESECHOS DE SU PRODUCCIÓN”, código 19IR-LR-121872','Validada','2021-11-08',220140,NULL,NULL,NULL,NULL,NULL,NULL,'2021-11-08 10:58:38.953299','2021-11-09 16:32:28.517393',82,'2021-11-09 16:32:28.519505',NULL,'~',3,42,8,0),(16,10,'Por favor incluir la siguiente glosa en la factura: DESARROLLO DE PORTAFOLIO DE POSTRES VEGETALES A BASE DE ALMENDRA Y DESECHOS DE SU PRODUCCIÓN”, código 19IR-LR-121872','Semi-Recepcionada','2021-11-08',519750,NULL,'48348','2021-11-09',NULL,NULL,NULL,'2021-11-08 11:47:30.815447','2021-11-09 17:15:28.281254',83,'2021-11-09 17:15:28.283875',NULL,'~',3,41,9,0),(16,10,'Por favor incluir la siguiente glosa en la factura: DESARROLLO DE PORTAFOLIO DE POSTRES VEGETALES A BASE DE ALMENDRA Y DESECHOS DE SU PRODUCCIÓN”, código 19IR-LR-121872','Semi-Recepcionada','2021-11-08',519750,NULL,'48348','2021-11-09',NULL,NULL,NULL,'2021-11-08 11:47:30.815447','2021-11-09 17:17:31.710315',84,'2021-11-09 17:17:31.712604',NULL,'~',3,41,9,0),(18,12,'Por favor incluir la siguiente glosa en la factura: DESARROLLO DE PORTAFOLIO DE POSTRES VEGETALES A BASE DE ALMENDRA Y DESECHOS DE SU PRODUCCIÓN”, código 19IR-LR-121872','Inicial','2021-11-10',0,NULL,NULL,NULL,NULL,NULL,NULL,'2021-11-10 17:47:28.093072','2021-11-10 17:47:28.093089',85,'2021-11-10 17:47:28.179935',NULL,'+',NULL,1,12,0),(18,12,'Por favor incluir la siguiente glosa en la factura: DESARROLLO DE PORTAFOLIO DE POSTRES VEGETALES A BASE DE ALMENDRA Y DESECHOS DE SU PRODUCCIÓN”, código 19IR-LR-121872','Inicial','2021-11-10',12950,NULL,NULL,NULL,NULL,NULL,NULL,'2021-11-10 17:47:28.093072','2021-11-10 17:47:33.172205',86,'2021-11-10 17:47:33.222454',NULL,'~',NULL,1,12,0),(18,12,'Por favor incluir la siguiente glosa en la factura: DESARROLLO DE PORTAFOLIO DE POSTRES VEGETALES A BASE DE ALMENDRA Y DESECHOS DE SU PRODUCCIÓN”, código 19IR-LR-121872','Inicial','2021-11-10',12950,NULL,NULL,NULL,NULL,NULL,NULL,'2021-11-10 17:47:28.093072','2021-11-10 17:47:39.920900',87,'2021-11-10 17:47:40.079998',NULL,'~',NULL,1,12,0),(18,12,'Por favor incluir la siguiente glosa en la factura: DESARROLLO DE PORTAFOLIO DE POSTRES VEGETALES A BASE DE ALMENDRA Y DESECHOS DE SU PRODUCCIÓN”, código 19IR-LR-121872','Validada','2021-11-10',12950,NULL,NULL,NULL,NULL,NULL,NULL,'2021-11-10 17:47:28.093072','2021-11-10 17:47:40.538887',88,'2021-11-10 17:47:40.580782',NULL,'~',NULL,1,12,0),(19,13,'Por favor incluir la siguiente glosa en la factura: DESARROLLO DE PORTAFOLIO DE POSTRES VEGETALES A BASE DE ALMENDRA Y DESECHOS DE SU PRODUCCIÓN”, código 19IR-LR-121872','Inicial','2021-11-11',0,NULL,NULL,NULL,NULL,NULL,NULL,'2021-11-11 09:50:47.321001','2021-11-11 09:50:47.321013',89,'2021-11-11 09:50:47.322396',NULL,'+',2,1,5,0),(19,13,'Por favor incluir la siguiente glosa en la factura: DESARROLLO DE PORTAFOLIO DE POSTRES VEGETALES A BASE DE ALMENDRA Y DESECHOS DE SU PRODUCCIÓN”, código 19IR-LR-121872','Inicial','2021-11-11',399000,NULL,NULL,NULL,NULL,NULL,NULL,'2021-11-11 09:50:47.321001','2021-11-11 09:50:50.143008',90,'2021-11-11 09:50:50.144913',NULL,'~',2,1,5,0),(20,14,'Por favor incluir la siguiente glosa en la factura: DESARROLLO DE PORTAFOLIO DE POSTRES VEGETALES A BASE DE ALMENDRA Y DESECHOS DE SU PRODUCCIÓN”, código 19IR-LR-121872','Inicial','2021-11-11',0,NULL,NULL,NULL,NULL,NULL,NULL,'2021-11-11 09:50:59.361075','2021-11-11 09:50:59.361087',91,'2021-11-11 09:50:59.362431',NULL,'+',2,1,5,0),(20,14,'Por favor incluir la siguiente glosa en la factura: DESARROLLO DE PORTAFOLIO DE POSTRES VEGETALES A BASE DE ALMENDRA Y DESECHOS DE SU PRODUCCIÓN”, código 19IR-LR-121872','Inicial','2021-11-11',417500,NULL,NULL,NULL,NULL,NULL,NULL,'2021-11-11 09:50:59.361075','2021-11-11 09:51:01.387467',92,'2021-11-11 09:51:01.389146',NULL,'~',2,1,5,0),(21,15,'Por favor incluir la siguiente glosa en la factura: DESARROLLO DE PORTAFOLIO DE POSTRES VEGETALES A BASE DE ALMENDRA Y DESECHOS DE SU PRODUCCIÓN”, código 19IR-LR-121872','Inicial','2021-11-11',0,NULL,NULL,NULL,NULL,NULL,NULL,'2021-11-11 10:00:59.170653','2021-11-11 10:00:59.170666',93,'2021-11-11 10:00:59.172190',NULL,'+',2,1,5,0),(21,15,'Por favor incluir la siguiente glosa en la factura: DESARROLLO DE PORTAFOLIO DE POSTRES VEGETALES A BASE DE ALMENDRA Y DESECHOS DE SU PRODUCCIÓN”, código 19IR-LR-121872','Inicial','2021-11-11',515700,NULL,NULL,NULL,NULL,NULL,NULL,'2021-11-11 10:00:59.170653','2021-11-11 10:01:01.399271',94,'2021-11-11 10:01:01.401164',NULL,'~',2,1,5,0),(21,15,'Por favor incluir la siguiente glosa en la factura: DESARROLLO DE PORTAFOLIO DE POSTRES VEGETALES A BASE DE ALMENDRA Y DESECHOS DE SU PRODUCCIÓN”, código 19IR-LR-121872','Inicial','2021-11-11',515700,NULL,NULL,NULL,NULL,NULL,NULL,'2021-11-11 10:00:59.170653','2021-11-11 10:10:09.384756',95,'2021-11-11 10:10:09.386445',NULL,'~',2,1,5,0),(21,15,'Por favor incluir la siguiente glosa en la factura: DESARROLLO DE PORTAFOLIO DE POSTRES VEGETALES A BASE DE ALMENDRA Y DESECHOS DE SU PRODUCCIÓN”, código 19IR-LR-121872','Validada','2021-11-11',515700,NULL,NULL,NULL,NULL,NULL,NULL,'2021-11-11 10:00:59.170653','2021-11-11 10:10:09.396705',96,'2021-11-11 10:10:09.397963',NULL,'~',2,1,5,0),(21,15,'Por favor incluir la siguiente glosa en la factura: DESARROLLO DE PORTAFOLIO DE POSTRES VEGETALES A BASE DE ALMENDRA Y DESECHOS DE SU PRODUCCIÓN”, código 19IR-LR-121872','Semi-Recepcionada','2021-11-11',515700,NULL,'123123','2021-11-11','2021-11-11',NULL,NULL,'2021-11-11 10:00:59.170653','2021-11-11 10:49:39.128264',97,'2021-11-11 10:49:39.129545',NULL,'~',2,1,5,0),(21,15,'Por favor incluir la siguiente glosa en la factura: DESARROLLO DE PORTAFOLIO DE POSTRES VEGETALES A BASE DE ALMENDRA Y DESECHOS DE SU PRODUCCIÓN”, código 19IR-LR-121872','Semi-Recepcionada','2021-11-11',515700,NULL,'123123','2021-11-11','2021-11-11',NULL,NULL,'2021-11-11 10:00:59.170653','2021-11-11 10:50:06.639357',98,'2021-11-11 10:50:06.640789',NULL,'~',2,1,5,0),(21,15,'Por favor incluir la siguiente glosa en la factura: DESARROLLO DE PORTAFOLIO DE POSTRES VEGETALES A BASE DE ALMENDRA Y DESECHOS DE SU PRODUCCIÓN”, código 19IR-LR-121872','Recepcionada','2021-11-11',515700,NULL,'123123','2021-11-11','2021-11-11',NULL,NULL,'2021-11-11 10:00:59.170653','2021-11-11 10:54:35.381417',99,'2021-11-11 10:54:35.383632',NULL,'~',2,1,5,0),(21,15,'Por favor incluir la siguiente glosa en la factura: DESARROLLO DE PORTAFOLIO DE POSTRES VEGETALES A BASE DE ALMENDRA Y DESECHOS DE SU PRODUCCIÓN”, código 19IR-LR-121872','Recepcionada','2021-11-11',515700,NULL,'123123','2021-11-11','2021-11-11',NULL,NULL,'2021-11-11 10:00:59.170653','2021-11-11 11:09:31.783884',100,'2021-11-11 11:09:31.785521',NULL,'~',2,1,5,0),(21,15,'Por favor incluir la siguiente glosa en la factura: DESARROLLO DE PORTAFOLIO DE POSTRES VEGETALES A BASE DE ALMENDRA Y DESECHOS DE SU PRODUCCIÓN”, código 19IR-LR-121872','Recepcionada','2021-11-11',515700,NULL,'123123','2021-11-11','2021-11-11',NULL,NULL,'2021-11-11 10:00:59.170653','2021-11-11 12:05:48.953500',101,'2021-11-11 12:05:48.955361',NULL,'~',2,1,5,0),(21,15,'Por favor incluir la siguiente glosa en la factura: DESARROLLO DE PORTAFOLIO DE POSTRES VEGETALES A BASE DE ALMENDRA Y DESECHOS DE SU PRODUCCIÓN”, código 19IR-LR-121872','Etiquetado','2021-11-11',515700,NULL,'123123','2021-11-11','2021-11-11',NULL,NULL,'2021-11-11 10:00:59.170653','2021-11-11 12:25:14.471849',102,'2021-11-11 12:25:14.473330',NULL,'~',2,1,5,0),(21,15,'Por favor incluir la siguiente glosa en la factura: DESARROLLO DE PORTAFOLIO DE POSTRES VEGETALES A BASE DE ALMENDRA Y DESECHOS DE SU PRODUCCIÓN”, código 19IR-LR-121872','Etiquetada','2021-11-11',515700,NULL,'123123','2021-11-11','2021-11-11',NULL,NULL,'2021-11-11 10:00:59.170653','2021-11-11 15:05:57.129441',103,'2021-11-11 15:05:57.130705',NULL,'~',2,1,5,0),(21,15,'Por favor incluir la siguiente glosa en la factura: DESARROLLO DE PORTAFOLIO DE POSTRES VEGETALES A BASE DE ALMENDRA Y DESECHOS DE SU PRODUCCIÓN”, código 19IR-LR-121872','Recepcionada','2021-11-11',515700,NULL,'123123','2021-11-11','2021-11-11',NULL,NULL,'2021-11-11 10:00:59.170653','2021-11-11 15:08:24.922909',104,'2021-11-11 15:08:24.924559',NULL,'~',2,1,5,0),(21,15,'Por favor incluir la siguiente glosa en la factura: DESARROLLO DE PORTAFOLIO DE POSTRES VEGETALES A BASE DE ALMENDRA Y DESECHOS DE SU PRODUCCIÓN”, código 19IR-LR-121872','Validada','2021-11-11',515700,NULL,'123123','2021-11-11','2021-11-11',NULL,NULL,'2021-11-11 10:00:59.170653','2021-11-11 15:09:10.596233',105,'2021-11-11 15:09:10.598461',NULL,'~',2,1,5,0),(21,15,'Por favor incluir la siguiente glosa en la factura: DESARROLLO DE PORTAFOLIO DE POSTRES VEGETALES A BASE DE ALMENDRA Y DESECHOS DE SU PRODUCCIÓN”, código 19IR-LR-121872','Semi-Recepcionada','2021-11-11',515700,NULL,'123123','2021-11-11','2021-11-11',NULL,NULL,'2021-11-11 10:00:59.170653','2021-11-11 15:12:07.988141',106,'2021-11-11 15:12:07.989437',NULL,'~',2,1,5,0),(21,15,'Por favor incluir la siguiente glosa en la factura: DESARROLLO DE PORTAFOLIO DE POSTRES VEGETALES A BASE DE ALMENDRA Y DESECHOS DE SU PRODUCCIÓN”, código 19IR-LR-121872','Validada','2021-11-11',515700,NULL,'123123','2021-11-11','2021-11-11',NULL,NULL,'2021-11-11 10:00:59.170653','2021-11-11 15:12:23.013062',107,'2021-11-11 15:12:23.015099',NULL,'~',2,1,5,0),(21,15,'Por favor incluir la siguiente glosa en la factura: DESARROLLO DE PORTAFOLIO DE POSTRES VEGETALES A BASE DE ALMENDRA Y DESECHOS DE SU PRODUCCIÓN”, código 19IR-LR-121872','Semi-Recepcionada','2021-11-11',515700,NULL,'123123','2021-11-11','2021-11-11',NULL,NULL,'2021-11-11 10:00:59.170653','2021-11-11 15:17:27.028508',108,'2021-11-11 15:17:27.029794',NULL,'~',2,1,5,0),(21,15,'Por favor incluir la siguiente glosa en la factura: DESARROLLO DE PORTAFOLIO DE POSTRES VEGETALES A BASE DE ALMENDRA Y DESECHOS DE SU PRODUCCIÓN”, código 19IR-LR-121872','Validada','2021-11-11',515700,NULL,'123123','2021-11-11','2021-11-11',NULL,NULL,'2021-11-11 10:00:59.170653','2021-11-11 15:18:25.898071',109,'2021-11-11 15:18:25.900543',NULL,'~',2,1,5,0),(21,15,'Por favor incluir la siguiente glosa en la factura: DESARROLLO DE PORTAFOLIO DE POSTRES VEGETALES A BASE DE ALMENDRA Y DESECHOS DE SU PRODUCCIÓN”, código 19IR-LR-121872','Semi-Recepcionada','2021-11-11',515700,NULL,'123123','2021-11-11','2021-11-11',NULL,NULL,'2021-11-11 10:00:59.170653','2021-11-11 15:18:37.154858',110,'2021-11-11 15:18:37.156196',NULL,'~',2,1,5,0),(21,15,'Por favor incluir la siguiente glosa en la factura: DESARROLLO DE PORTAFOLIO DE POSTRES VEGETALES A BASE DE ALMENDRA Y DESECHOS DE SU PRODUCCIÓN”, código 19IR-LR-121872','Validada','2021-11-11',515700,NULL,'123123','2021-11-11','2021-11-11',NULL,NULL,'2021-11-11 10:00:59.170653','2021-11-11 15:18:47.605686',111,'2021-11-11 15:18:47.607520',NULL,'~',2,1,5,0),(21,15,'Por favor incluir la siguiente glosa en la factura: DESARROLLO DE PORTAFOLIO DE POSTRES VEGETALES A BASE DE ALMENDRA Y DESECHOS DE SU PRODUCCIÓN”, código 19IR-LR-121872','Semi-Recepcionada','2021-11-11',515700,NULL,'123123','2021-11-11','2021-11-11',NULL,NULL,'2021-11-11 10:00:59.170653','2021-11-11 15:18:51.873242',112,'2021-11-11 15:18:51.874557',NULL,'~',2,1,5,0),(21,15,'Por favor incluir la siguiente glosa en la factura: DESARROLLO DE PORTAFOLIO DE POSTRES VEGETALES A BASE DE ALMENDRA Y DESECHOS DE SU PRODUCCIÓN”, código 19IR-LR-121872','Etiquetada','2021-11-11',515700,NULL,'123123','2021-11-11','2021-11-11',NULL,NULL,'2021-11-11 10:00:59.170653','2021-11-11 15:42:13.729515',113,'2021-11-11 15:42:13.730813',NULL,'~',2,1,5,0),(21,15,'Por favor incluir la siguiente glosa en la factura: DESARROLLO DE PORTAFOLIO DE POSTRES VEGETALES A BASE DE ALMENDRA Y DESECHOS DE SU PRODUCCIÓN”, código 19IR-LR-121872','Semi-Recepcionada','2021-11-11',515700,NULL,'123123','2021-11-11','2021-11-11',NULL,NULL,'2021-11-11 10:00:59.170653','2021-11-11 15:43:13.665774',114,'2021-11-11 15:43:13.667824',NULL,'~',2,1,5,0),(21,15,'Por favor incluir la siguiente glosa en la factura: DESARROLLO DE PORTAFOLIO DE POSTRES VEGETALES A BASE DE ALMENDRA Y DESECHOS DE SU PRODUCCIÓN”, código 19IR-LR-121872','Etiquetada','2021-11-11',515700,NULL,'123123','2021-11-11','2021-11-11',NULL,NULL,'2021-11-11 10:00:59.170653','2021-11-11 15:52:01.027472',115,'2021-11-11 15:52:01.028773',NULL,'~',2,1,5,0),(21,15,'Por favor incluir la siguiente glosa en la factura: DESARROLLO DE PORTAFOLIO DE POSTRES VEGETALES A BASE DE ALMENDRA Y DESECHOS DE SU PRODUCCIÓN”, código 19IR-LR-121872','Semi-Recepcionada','2021-11-11',515700,NULL,'123123','2021-11-11','2021-11-11',NULL,NULL,'2021-11-11 10:00:59.170653','2021-11-11 15:53:11.785364',116,'2021-11-11 15:53:11.787048',NULL,'~',2,1,5,0),(21,15,'Por favor incluir la siguiente glosa en la factura: DESARROLLO DE PORTAFOLIO DE POSTRES VEGETALES A BASE DE ALMENDRA Y DESECHOS DE SU PRODUCCIÓN”, código 19IR-LR-121872','Etiquetada','2021-11-11',515700,NULL,'123123','2021-11-11','2021-11-11',NULL,NULL,'2021-11-11 10:00:59.170653','2021-11-11 15:53:14.051071',117,'2021-11-11 15:53:14.052879',NULL,'~',2,1,5,0),(21,15,'Por favor incluir la siguiente glosa en la factura: DESARROLLO DE PORTAFOLIO DE POSTRES VEGETALES A BASE DE ALMENDRA Y DESECHOS DE SU PRODUCCIÓN”, código 19IR-LR-121872','Semi-Recepcionada','2021-11-11',515700,NULL,'123123','2021-11-11','2021-11-11',NULL,NULL,'2021-11-11 10:00:59.170653','2021-11-11 15:53:15.804240',118,'2021-11-11 15:53:15.805736',NULL,'~',2,1,5,0),(21,15,'Por favor incluir la siguiente glosa en la factura: DESARROLLO DE PORTAFOLIO DE POSTRES VEGETALES A BASE DE ALMENDRA Y DESECHOS DE SU PRODUCCIÓN”, código 19IR-LR-121872','Validada','2021-11-11',515700,NULL,'123123','2021-11-11','2021-11-11',NULL,NULL,'2021-11-11 10:00:59.170653','2021-11-11 15:53:19.688807',119,'2021-11-11 15:53:19.691150',NULL,'~',2,1,5,0),(21,15,'Por favor incluir la siguiente glosa en la factura: DESARROLLO DE PORTAFOLIO DE POSTRES VEGETALES A BASE DE ALMENDRA Y DESECHOS DE SU PRODUCCIÓN”, código 19IR-LR-121872','Semi-Recepcionada','2021-11-11',515700,NULL,'123123','2021-11-11','2021-11-11',NULL,NULL,'2021-11-11 10:00:59.170653','2021-11-11 15:53:24.923541',120,'2021-11-11 15:53:24.924818',NULL,'~',2,1,5,0),(21,15,'Por favor incluir la siguiente glosa en la factura: DESARROLLO DE PORTAFOLIO DE POSTRES VEGETALES A BASE DE ALMENDRA Y DESECHOS DE SU PRODUCCIÓN”, código 19IR-LR-121872','Semi-Recepcionada','2021-11-11',515700,NULL,'123123','2021-11-11','2021-11-11',NULL,NULL,'2021-11-11 10:00:59.170653','2021-11-11 15:54:03.540635',121,'2021-11-11 15:54:03.541876',NULL,'~',2,1,5,0),(21,15,'Por favor incluir la siguiente glosa en la factura: DESARROLLO DE PORTAFOLIO DE POSTRES VEGETALES A BASE DE ALMENDRA Y DESECHOS DE SU PRODUCCIÓN”, código 19IR-LR-121872','Semi-Recepcionada','2021-11-11',515700,NULL,'123123','2021-11-11','2021-11-11',NULL,NULL,'2021-11-11 10:00:59.170653','2021-11-11 15:54:15.138782',122,'2021-11-11 15:54:15.141054',NULL,'~',2,1,5,0),(21,15,'Por favor incluir la siguiente glosa en la factura: DESARROLLO DE PORTAFOLIO DE POSTRES VEGETALES A BASE DE ALMENDRA Y DESECHOS DE SU PRODUCCIÓN”, código 19IR-LR-121872','Semi-Recepcionada','2021-11-11',515700,NULL,'123123','2021-11-11','2021-11-11',NULL,NULL,'2021-11-11 10:00:59.170653','2021-11-11 15:55:15.427402',123,'2021-11-11 15:55:15.428534',NULL,'~',2,1,5,0),(21,15,'Por favor incluir la siguiente glosa en la factura: DESARROLLO DE PORTAFOLIO DE POSTRES VEGETALES A BASE DE ALMENDRA Y DESECHOS DE SU PRODUCCIÓN”, código 19IR-LR-121872','Etiquetada','2021-11-11',515700,NULL,'123123','2021-11-11','2021-11-11',NULL,NULL,'2021-11-11 10:00:59.170653','2021-11-11 15:55:32.743498',124,'2021-11-11 15:55:32.744927',NULL,'~',2,1,5,0),(21,15,'Por favor incluir la siguiente glosa en la factura: DESARROLLO DE PORTAFOLIO DE POSTRES VEGETALES A BASE DE ALMENDRA Y DESECHOS DE SU PRODUCCIÓN”, código 19IR-LR-121872','Semi-Recepcionada','2021-11-11',515700,NULL,'123123','2021-11-11','2021-11-11',NULL,NULL,'2021-11-11 10:00:59.170653','2021-11-11 16:01:18.225878',125,'2021-11-11 16:01:18.227977',NULL,'~',2,1,5,0),(21,15,'Por favor incluir la siguiente glosa en la factura: DESARROLLO DE PORTAFOLIO DE POSTRES VEGETALES A BASE DE ALMENDRA Y DESECHOS DE SU PRODUCCIÓN”, código 19IR-LR-121872','Etiquetada','2021-11-11',515700,NULL,'123123','2021-11-11','2021-11-11',NULL,NULL,'2021-11-11 10:00:59.170653','2021-11-11 16:01:41.590401',126,'2021-11-11 16:01:41.591621',NULL,'~',2,1,5,0),(21,15,'Por favor incluir la siguiente glosa en la factura: DESARROLLO DE PORTAFOLIO DE POSTRES VEGETALES A BASE DE ALMENDRA Y DESECHOS DE SU PRODUCCIÓN”, código 19IR-LR-121872','Semi-Recepcionada','2021-11-11',515700,NULL,'123123','2021-11-11','2021-11-11',NULL,NULL,'2021-11-11 10:00:59.170653','2021-11-11 16:01:46.046840',127,'2021-11-11 16:01:46.048503',NULL,'~',2,1,5,0),(21,15,'Por favor incluir la siguiente glosa en la factura: DESARROLLO DE PORTAFOLIO DE POSTRES VEGETALES A BASE DE ALMENDRA Y DESECHOS DE SU PRODUCCIÓN”, código 19IR-LR-121872','Etiquetada','2021-11-11',515700,NULL,'123123','2021-11-11','2021-11-11',NULL,NULL,'2021-11-11 10:00:59.170653','2021-11-11 16:07:08.023630',128,'2021-11-11 16:07:08.024875',NULL,'~',2,1,5,0),(21,15,'Por favor incluir la siguiente glosa en la factura: DESARROLLO DE PORTAFOLIO DE POSTRES VEGETALES A BASE DE ALMENDRA Y DESECHOS DE SU PRODUCCIÓN”, código 19IR-LR-121872','Semi-Recepcionada','2021-11-11',515700,NULL,'123123','2021-11-11','2021-11-11',NULL,NULL,'2021-11-11 10:00:59.170653','2021-11-11 16:07:11.456750',129,'2021-11-11 16:07:11.458414',NULL,'~',2,1,5,0),(21,15,'Por favor incluir la siguiente glosa en la factura: DESARROLLO DE PORTAFOLIO DE POSTRES VEGETALES A BASE DE ALMENDRA Y DESECHOS DE SU PRODUCCIÓN”, código 19IR-LR-121872','Etiquetada','2021-11-11',515700,NULL,'123123','2021-11-11','2021-11-11',NULL,NULL,'2021-11-11 10:00:59.170653','2021-11-11 16:08:01.737728',130,'2021-11-11 16:08:01.739077',NULL,'~',2,1,5,0),(21,15,'Por favor incluir la siguiente glosa en la factura: DESARROLLO DE PORTAFOLIO DE POSTRES VEGETALES A BASE DE ALMENDRA Y DESECHOS DE SU PRODUCCIÓN”, código 19IR-LR-121872','Semi-Recepcionada','2021-11-11',515700,NULL,'123123','2021-11-11','2021-11-11',NULL,NULL,'2021-11-11 10:00:59.170653','2021-11-11 16:08:48.650269',131,'2021-11-11 16:08:48.653072',NULL,'~',2,1,5,0),(21,15,'Por favor incluir la siguiente glosa en la factura: DESARROLLO DE PORTAFOLIO DE POSTRES VEGETALES A BASE DE ALMENDRA Y DESECHOS DE SU PRODUCCIÓN”, código 19IR-LR-121872','Etiquetada','2021-11-11',515700,NULL,'123123','2021-11-11','2021-11-11',NULL,NULL,'2021-11-11 10:00:59.170653','2021-11-11 16:23:20.380307',132,'2021-11-11 16:23:20.381790',NULL,'~',2,1,5,0),(21,15,'Por favor incluir la siguiente glosa en la factura: DESARROLLO DE PORTAFOLIO DE POSTRES VEGETALES A BASE DE ALMENDRA Y DESECHOS DE SU PRODUCCIÓN”, código 19IR-LR-121872','Semi-Recepcionada','2021-11-11',515700,NULL,'123123','2021-11-11','2021-11-11',NULL,NULL,'2021-11-11 10:00:59.170653','2021-11-11 16:23:27.614550',133,'2021-11-11 16:23:27.616557',NULL,'~',2,1,5,0),(21,15,'Por favor incluir la siguiente glosa en la factura: DESARROLLO DE PORTAFOLIO DE POSTRES VEGETALES A BASE DE ALMENDRA Y DESECHOS DE SU PRODUCCIÓN”, código 19IR-LR-121872','Semi-Recepcionada','2021-11-11',515700,NULL,'123123','2021-11-11','2021-11-11',NULL,NULL,'2021-11-11 10:00:59.170653','2021-11-11 16:28:25.603577',134,'2021-11-11 16:28:25.605174',NULL,'~',2,1,5,0),(21,15,'Por favor incluir la siguiente glosa en la factura: DESARROLLO DE PORTAFOLIO DE POSTRES VEGETALES A BASE DE ALMENDRA Y DESECHOS DE SU PRODUCCIÓN”, código 19IR-LR-121872','Semi-Recepcionada','2021-11-11',515700,NULL,'123123','2021-11-11','2021-11-11',NULL,NULL,'2021-11-11 10:00:59.170653','2021-11-11 16:29:04.144950',135,'2021-11-11 16:29:04.146450',NULL,'~',2,1,5,0),(21,15,'Por favor incluir la siguiente glosa en la factura: DESARROLLO DE PORTAFOLIO DE POSTRES VEGETALES A BASE DE ALMENDRA Y DESECHOS DE SU PRODUCCIÓN”, código 19IR-LR-121872','Semi-Recepcionada','2021-11-11',515700,NULL,'123123','2021-11-11','2021-11-11',NULL,NULL,'2021-11-11 10:00:59.170653','2021-11-11 16:29:37.363880',136,'2021-11-11 16:29:37.365039',NULL,'~',2,1,5,0),(21,15,'Por favor incluir la siguiente glosa en la factura: DESARROLLO DE PORTAFOLIO DE POSTRES VEGETALES A BASE DE ALMENDRA Y DESECHOS DE SU PRODUCCIÓN”, código 19IR-LR-121872','Etiquetada','2021-11-11',515700,NULL,'123123','2021-11-11','2021-11-11',NULL,NULL,'2021-11-11 10:00:59.170653','2021-11-11 16:30:56.500511',137,'2021-11-11 16:30:56.502063',NULL,'~',2,1,5,0),(21,15,'Por favor incluir la siguiente glosa en la factura: DESARROLLO DE PORTAFOLIO DE POSTRES VEGETALES A BASE DE ALMENDRA Y DESECHOS DE SU PRODUCCIÓN”, código 19IR-LR-121872','Etiquetada','2021-11-11',515700,NULL,'123123','2021-11-11','2021-11-11',NULL,NULL,'2021-11-11 10:00:59.170653','2021-11-11 16:34:32.500181',138,'2021-11-11 16:34:32.501638',NULL,'~',2,1,5,0),(21,15,'Por favor incluir la siguiente glosa en la factura: DESARROLLO DE PORTAFOLIO DE POSTRES VEGETALES A BASE DE ALMENDRA Y DESECHOS DE SU PRODUCCIÓN”, código 19IR-LR-121872','Semi-Recepcionada','2021-11-11',515700,NULL,'123123','2021-11-11','2021-11-11',NULL,NULL,'2021-11-11 10:00:59.170653','2021-11-11 16:34:37.769343',139,'2021-11-11 16:34:37.770891',NULL,'~',2,1,5,0),(21,15,'Por favor incluir la siguiente glosa en la factura: DESARROLLO DE PORTAFOLIO DE POSTRES VEGETALES A BASE DE ALMENDRA Y DESECHOS DE SU PRODUCCIÓN”, código 19IR-LR-121872','Etiquetada','2021-11-11',515700,NULL,'123123','2021-11-11','2021-11-11',NULL,NULL,'2021-11-11 10:00:59.170653','2021-11-11 16:34:41.874836',140,'2021-11-11 16:34:41.876033',NULL,'~',2,1,5,0),(21,15,'Por favor incluir la siguiente glosa en la factura: DESARROLLO DE PORTAFOLIO DE POSTRES VEGETALES A BASE DE ALMENDRA Y DESECHOS DE SU PRODUCCIÓN”, código 19IR-LR-121872','Etiquetada','2021-11-11',515700,NULL,'123123','2021-11-11','2021-11-11',NULL,NULL,'2021-11-11 10:00:59.170653','2021-11-11 16:34:53.497213',141,'2021-11-11 16:34:53.498785',NULL,'~',2,1,5,0),(21,15,'Por favor incluir la siguiente glosa en la factura: DESARROLLO DE PORTAFOLIO DE POSTRES VEGETALES A BASE DE ALMENDRA Y DESECHOS DE SU PRODUCCIÓN”, código 19IR-LR-121872','Semi-Recepcionada','2021-11-11',515700,NULL,'123123','2021-11-11','2021-11-11',NULL,NULL,'2021-11-11 10:00:59.170653','2021-11-11 16:35:02.140539',142,'2021-11-11 16:35:02.142075',NULL,'~',2,1,5,0),(21,15,'Por favor incluir la siguiente glosa en la factura: DESARROLLO DE PORTAFOLIO DE POSTRES VEGETALES A BASE DE ALMENDRA Y DESECHOS DE SU PRODUCCIÓN”, código 19IR-LR-121872','Etiquetada','2021-11-11',515700,NULL,'123123','2021-11-11','2021-11-11',NULL,NULL,'2021-11-11 10:00:59.170653','2021-11-11 16:35:08.649509',143,'2021-11-11 16:35:08.650933',NULL,'~',2,1,5,0),(21,15,'Por favor incluir la siguiente glosa en la factura: DESARROLLO DE PORTAFOLIO DE POSTRES VEGETALES A BASE DE ALMENDRA Y DESECHOS DE SU PRODUCCIÓN”, código 19IR-LR-121872','Etiquetada','2021-11-11',515700,NULL,'123123','2021-11-11','2021-11-11',NULL,NULL,'2021-11-11 10:00:59.170653','2021-11-11 16:36:22.549448',144,'2021-11-11 16:36:22.550695',NULL,'~',2,1,5,0),(21,15,'Por favor incluir la siguiente glosa en la factura: DESARROLLO DE PORTAFOLIO DE POSTRES VEGETALES A BASE DE ALMENDRA Y DESECHOS DE SU PRODUCCIÓN”, código 19IR-LR-121872','Etiquetada','2021-11-11',515700,NULL,'123123','2021-11-11','2021-11-11',NULL,NULL,'2021-11-11 10:00:59.170653','2021-11-11 16:36:35.621338',145,'2021-11-11 16:36:35.622551',NULL,'~',2,1,5,0),(21,15,'Por favor incluir la siguiente glosa en la factura: DESARROLLO DE PORTAFOLIO DE POSTRES VEGETALES A BASE DE ALMENDRA Y DESECHOS DE SU PRODUCCIÓN”, código 19IR-LR-121872','Etiquetada','2021-11-11',515700,NULL,'123123','2021-11-11','2021-11-11',NULL,NULL,'2021-11-11 10:00:59.170653','2021-11-11 16:37:39.033886',146,'2021-11-11 16:37:39.035136',NULL,'~',2,1,5,0),(21,15,'Por favor incluir la siguiente glosa en la factura: DESARROLLO DE PORTAFOLIO DE POSTRES VEGETALES A BASE DE ALMENDRA Y DESECHOS DE SU PRODUCCIÓN”, código 19IR-LR-121872','Etiquetada','2021-11-11',515700,NULL,'123123','2021-11-11','2021-11-11',NULL,NULL,'2021-11-11 10:00:59.170653','2021-11-11 16:38:15.132174',147,'2021-11-11 16:38:15.133537',NULL,'~',2,1,5,0),(21,15,'Por favor incluir la siguiente glosa en la factura: DESARROLLO DE PORTAFOLIO DE POSTRES VEGETALES A BASE DE ALMENDRA Y DESECHOS DE SU PRODUCCIÓN”, código 19IR-LR-121872','Etiquetada','2021-11-11',515700,NULL,'123123','2021-11-11','2021-11-11',NULL,NULL,'2021-11-11 10:00:59.170653','2021-11-11 16:44:35.350194',148,'2021-11-11 16:44:35.351416',NULL,'~',2,1,5,0),(21,15,'Por favor incluir la siguiente glosa en la factura: DESARROLLO DE PORTAFOLIO DE POSTRES VEGETALES A BASE DE ALMENDRA Y DESECHOS DE SU PRODUCCIÓN”, código 19IR-LR-121872','Etiquetada','2021-11-11',515700,NULL,'123123','2021-11-11','2021-11-11',NULL,NULL,'2021-11-11 10:00:59.170653','2021-11-11 16:45:40.261514',149,'2021-11-11 16:45:40.262737',NULL,'~',2,1,5,0),(21,15,'Por favor incluir la siguiente glosa en la factura: DESARROLLO DE PORTAFOLIO DE POSTRES VEGETALES A BASE DE ALMENDRA Y DESECHOS DE SU PRODUCCIÓN”, código 19IR-LR-121872','Semi-Recepcionada','2021-11-11',515700,NULL,'123123','2021-11-11','2021-11-11',NULL,NULL,'2021-11-11 10:00:59.170653','2021-11-11 16:46:59.455470',150,'2021-11-11 16:46:59.457467',NULL,'~',2,1,5,0),(21,15,'Por favor incluir la siguiente glosa en la factura: DESARROLLO DE PORTAFOLIO DE POSTRES VEGETALES A BASE DE ALMENDRA Y DESECHOS DE SU PRODUCCIÓN”, código 19IR-LR-121872','Semi-Recepcionada','2021-11-11',515700,NULL,'123123','2021-11-11','2021-11-11',NULL,NULL,'2021-11-11 10:00:59.170653','2021-11-11 16:48:06.393091',151,'2021-11-11 16:48:06.394504',NULL,'~',2,1,5,0),(21,15,'Por favor incluir la siguiente glosa en la factura: DESARROLLO DE PORTAFOLIO DE POSTRES VEGETALES A BASE DE ALMENDRA Y DESECHOS DE SU PRODUCCIÓN”, código 19IR-LR-121872','Etiquetada','2021-11-11',515700,NULL,'123123','2021-11-11','2021-11-11',NULL,NULL,'2021-11-11 10:00:59.170653','2021-11-11 16:54:52.056645',152,'2021-11-11 16:54:52.057909',NULL,'~',2,1,5,0),(21,15,'Por favor incluir la siguiente glosa en la factura: DESARROLLO DE PORTAFOLIO DE POSTRES VEGETALES A BASE DE ALMENDRA Y DESECHOS DE SU PRODUCCIÓN”, código 19IR-LR-121872','Semi-Recepcionada','2021-11-11',515700,NULL,'123123','2021-11-11','2021-11-11',NULL,NULL,'2021-11-11 10:00:59.170653','2021-11-11 17:00:26.696018',153,'2021-11-11 17:00:26.698061',NULL,'~',2,1,5,0),(21,15,'Por favor incluir la siguiente glosa en la factura: DESARROLLO DE PORTAFOLIO DE POSTRES VEGETALES A BASE DE ALMENDRA Y DESECHOS DE SU PRODUCCIÓN”, código 19IR-LR-121872','Etiquetada','2021-11-11',515700,NULL,'123123','2021-11-11','2021-11-11',NULL,NULL,'2021-11-11 10:00:59.170653','2021-11-11 17:00:29.038546',154,'2021-11-11 17:00:29.040136',NULL,'~',2,1,5,0),(22,16,'Por favor incluir la siguiente glosa en la factura: DESARROLLO DE PORTAFOLIO DE POSTRES VEGETALES A BASE DE ALMENDRA Y DESECHOS DE SU PRODUCCIÓN”, código 19IR-LR-121872','Inicial','2021-11-12',0,NULL,NULL,NULL,NULL,NULL,NULL,'2021-11-12 11:33:17.656010','2021-11-12 11:33:17.656022',155,'2021-11-12 11:33:17.657881',NULL,'+',4,1,5,0),(22,16,'Por favor incluir la siguiente glosa en la factura: DESARROLLO DE PORTAFOLIO DE POSTRES VEGETALES A BASE DE ALMENDRA Y DESECHOS DE SU PRODUCCIÓN”, código 19IR-LR-121872','Inicial','2021-11-12',429750000,NULL,NULL,NULL,NULL,NULL,NULL,'2021-11-12 11:33:17.656010','2021-11-12 11:33:19.935610',156,'2021-11-12 11:33:19.937334',NULL,'~',4,1,5,0),(22,16,'Por favor incluir la siguiente glosa en la factura: DESARROLLO DE PORTAFOLIO DE POSTRES VEGETALES A BASE DE ALMENDRA Y DESECHOS DE SU PRODUCCIÓN”, código 19IR-LR-121872','Inicial','2021-11-12',429750000,NULL,NULL,NULL,NULL,NULL,NULL,'2021-11-12 11:33:17.656010','2021-11-12 11:33:24.777603',157,'2021-11-12 11:33:24.779285',NULL,'~',4,1,5,0),(22,16,'Por favor incluir la siguiente glosa en la factura: DESARROLLO DE PORTAFOLIO DE POSTRES VEGETALES A BASE DE ALMENDRA Y DESECHOS DE SU PRODUCCIÓN”, código 19IR-LR-121872','Validada','2021-11-12',429750000,NULL,NULL,NULL,NULL,NULL,NULL,'2021-11-12 11:33:17.656010','2021-11-12 11:33:24.789595',158,'2021-11-12 11:33:24.790889',NULL,'~',4,1,5,0),(22,16,'Por favor incluir la siguiente glosa en la factura: DESARROLLO DE PORTAFOLIO DE POSTRES VEGETALES A BASE DE ALMENDRA Y DESECHOS DE SU PRODUCCIÓN”, código 19IR-LR-121872','Recepcionada','2021-11-12',429750000,NULL,'123','2021-11-12','2021-11-12',NULL,NULL,'2021-11-12 11:33:17.656010','2021-11-12 11:33:34.907436',159,'2021-11-12 11:33:34.908813',NULL,'~',4,1,5,0),(22,16,'Por favor incluir la siguiente glosa en la factura: DESARROLLO DE PORTAFOLIO DE POSTRES VEGETALES A BASE DE ALMENDRA Y DESECHOS DE SU PRODUCCIÓN”, código 19IR-LR-121872','Etiquetada','2021-11-12',429750000,NULL,'123','2021-11-12','2021-11-12',NULL,NULL,'2021-11-12 11:33:17.656010','2021-11-12 11:34:10.387675',160,'2021-11-12 11:34:10.389037',NULL,'~',4,1,5,0),(19,13,'Por favor incluir la siguiente glosa en la factura: DESARROLLO DE PORTAFOLIO DE POSTRES VEGETALES A BASE DE ALMENDRA Y DESECHOS DE SU PRODUCCIÓN”, código 19IR-LR-121872','Inicial','2021-11-11',399000,NULL,NULL,NULL,NULL,NULL,NULL,'2021-11-11 09:50:47.321001','2021-11-11 09:50:50.143008',161,'2021-11-14 10:47:20.265220',NULL,'-',2,1,5,0),(20,14,'Por favor incluir la siguiente glosa en la factura: DESARROLLO DE PORTAFOLIO DE POSTRES VEGETALES A BASE DE ALMENDRA Y DESECHOS DE SU PRODUCCIÓN”, código 19IR-LR-121872','Inicial','2021-11-11',417500,NULL,NULL,NULL,NULL,NULL,NULL,'2021-11-11 09:50:59.361075','2021-11-11 09:51:01.387467',162,'2021-11-14 10:47:25.268865',NULL,'-',2,1,5,0),(21,15,'Por favor incluir la siguiente glosa en la factura: DESARROLLO DE PORTAFOLIO DE POSTRES VEGETALES A BASE DE ALMENDRA Y DESECHOS DE SU PRODUCCIÓN”, código 19IR-LR-121872','Etiquetada','2021-11-11',515700,NULL,'123123','2021-11-11','2021-11-11',NULL,NULL,'2021-11-11 10:00:59.170653','2021-11-11 17:00:29.038546',163,'2021-11-14 10:47:33.179745',NULL,'-',2,1,5,0),(22,16,'Por favor incluir la siguiente glosa en la factura: DESARROLLO DE PORTAFOLIO DE POSTRES VEGETALES A BASE DE ALMENDRA Y DESECHOS DE SU PRODUCCIÓN”, código 19IR-LR-121872','Etiquetada','2021-11-12',429750000,NULL,'123','2021-11-12','2021-11-12',NULL,NULL,'2021-11-12 11:33:17.656010','2021-11-12 11:34:10.387675',164,'2021-11-14 10:47:41.516447',NULL,'-',4,1,5,0),(19,13,'Por favor incluir la siguiente glosa en la factura: DESARROLLO DE PORTAFOLIO DE POSTRES VEGETALES A BASE DE ALMENDRA Y DESECHOS DE SU PRODUCCIÓN”, código 19IR-LR-121872','Inicial','2021-11-15',0,NULL,NULL,NULL,NULL,NULL,NULL,'2021-11-15 12:54:41.649995','2021-11-15 12:54:41.650020',165,'2021-11-15 12:54:41.653478',NULL,'+',4,41,13,0),(19,13,'Por favor incluir la siguiente glosa en la factura: DESARROLLO DE PORTAFOLIO DE POSTRES VEGETALES A BASE DE ALMENDRA Y DESECHOS DE SU PRODUCCIÓN”, código 19IR-LR-121872','Inicial','2021-11-15',864120,NULL,NULL,NULL,NULL,NULL,NULL,'2021-11-15 12:54:41.649995','2021-11-15 12:54:42.895066',166,'2021-11-15 12:54:42.897479',NULL,'~',4,41,13,0),(20,14,'Por favor incluir la siguiente glosa en la factura: DESARROLLO DE PORTAFOLIO DE POSTRES VEGETALES A BASE DE ALMENDRA Y DESECHOS DE SU PRODUCCIÓN”, código 19IR-LR-121872','Inicial','2021-11-15',0,NULL,NULL,NULL,NULL,NULL,NULL,'2021-11-15 13:46:33.689656','2021-11-15 13:46:33.689678',167,'2021-11-15 13:46:33.690904',NULL,'+',3,41,7,0),(20,14,'Por favor incluir la siguiente glosa en la factura: DESARROLLO DE PORTAFOLIO DE POSTRES VEGETALES A BASE DE ALMENDRA Y DESECHOS DE SU PRODUCCIÓN”, código 19IR-LR-121872','Inicial','2021-11-15',1252000,NULL,NULL,NULL,NULL,NULL,NULL,'2021-11-15 13:46:33.689656','2021-11-15 13:46:34.692980',168,'2021-11-15 13:46:34.694790',NULL,'~',3,41,7,0),(20,14,'Por favor incluir la siguiente glosa en la factura: DESARROLLO DE PORTAFOLIO DE POSTRES VEGETALES A BASE DE ALMENDRA Y DESECHOS DE SU PRODUCCIÓN”, código 19IR-LR-121872','Inicial','2021-11-15',1252000,NULL,NULL,NULL,NULL,NULL,NULL,'2021-11-15 13:46:33.689656','2021-11-16 14:01:37.027091',169,'2021-11-16 14:01:37.030157',NULL,'~',3,41,7,0),(20,14,'Por favor incluir la siguiente glosa en la factura: DESARROLLO DE PORTAFOLIO DE POSTRES VEGETALES A BASE DE ALMENDRA Y DESECHOS DE SU PRODUCCIÓN”, código 19IR-LR-121872','Validada','2021-11-15',626000,NULL,NULL,NULL,NULL,NULL,NULL,'2021-11-15 13:46:33.689656','2021-11-16 14:01:37.044560',170,'2021-11-16 14:01:37.046626',NULL,'~',3,41,7,0),(19,13,'Por favor incluir la siguiente glosa en la factura: DESARROLLO DE PORTAFOLIO DE POSTRES VEGETALES A BASE DE ALMENDRA Y DESECHOS DE SU PRODUCCIÓN”, código 19IR-LR-121872','Inicial','2021-11-15',864120,NULL,NULL,NULL,NULL,NULL,NULL,'2021-11-15 12:54:41.649995','2021-11-16 14:03:35.449950',171,'2021-11-16 14:03:35.452065',NULL,'~',4,42,13,0),(19,13,'Por favor incluir la siguiente glosa en la factura: DESARROLLO DE PORTAFOLIO DE POSTRES VEGETALES A BASE DE ALMENDRA Y DESECHOS DE SU PRODUCCIÓN”, código 19IR-LR-121872','Validada','2021-11-15',864120,NULL,NULL,NULL,NULL,NULL,NULL,'2021-11-15 12:54:41.649995','2021-11-16 14:03:35.462661',172,'2021-11-16 14:03:35.463621',NULL,'~',4,42,13,0),(21,15,'Por favor incluir la siguiente glosa en la factura: DESARROLLO DE PORTAFOLIO DE POSTRES VEGETALES A BASE DE ALMENDRA Y DESECHOS DE SU PRODUCCIÓN”, código 19IR-LR-121872','Inicial','2021-11-16',0,NULL,NULL,NULL,NULL,NULL,NULL,'2021-11-16 14:39:45.706543','2021-11-16 14:39:45.706560',173,'2021-11-16 14:39:45.708042',NULL,'+',3,42,1,0),(21,15,'Por favor incluir la siguiente glosa en la factura: DESARROLLO DE PORTAFOLIO DE POSTRES VEGETALES A BASE DE ALMENDRA Y DESECHOS DE SU PRODUCCIÓN”, código 19IR-LR-121872','Inicial','2021-11-16',14000,NULL,NULL,NULL,NULL,NULL,NULL,'2021-11-16 14:39:45.706543','2021-11-16 14:39:47.491320',174,'2021-11-16 14:39:47.493775',NULL,'~',3,42,1,0),(21,15,'Por favor incluir la siguiente glosa en la factura: DESARROLLO DE PORTAFOLIO DE POSTRES VEGETALES A BASE DE ALMENDRA Y DESECHOS DE SU PRODUCCIÓN”, código 19IR-LR-121872','Inicial','2021-11-16',14000,NULL,NULL,NULL,NULL,NULL,NULL,'2021-11-16 14:39:45.706543','2021-11-16 14:39:56.780334',175,'2021-11-16 14:39:56.782150',NULL,'~',3,42,1,0),(21,15,'Por favor incluir la siguiente glosa en la factura: DESARROLLO DE PORTAFOLIO DE POSTRES VEGETALES A BASE DE ALMENDRA Y DESECHOS DE SU PRODUCCIÓN”, código 19IR-LR-121872','Validada','2021-11-16',14000,NULL,NULL,NULL,NULL,NULL,NULL,'2021-11-16 14:39:45.706543','2021-11-16 14:39:56.796910',176,'2021-11-16 14:39:56.798119',NULL,'~',3,42,1,0),(21,15,'Por favor incluir la siguiente glosa en la factura: DESARROLLO DE PORTAFOLIO DE POSTRES VEGETALES A BASE DE ALMENDRA Y DESECHOS DE SU PRODUCCIÓN”, código 19IR-LR-121872','Recepcionada','2021-11-16',14000,NULL,'1','2021-11-16','2021-11-16',NULL,NULL,'2021-11-16 14:39:45.706543','2021-11-16 14:40:47.249339',177,'2021-11-16 14:40:47.252688',NULL,'~',3,42,1,0),(21,15,'Por favor incluir la siguiente glosa en la factura: DESARROLLO DE PORTAFOLIO DE POSTRES VEGETALES A BASE DE ALMENDRA Y DESECHOS DE SU PRODUCCIÓN”, código 19IR-LR-121872','Recepcionada','2021-11-16',14000,NULL,'1','2021-11-16','2021-11-16',NULL,NULL,'2021-11-16 14:39:45.706543','2021-11-16 14:42:08.929347',178,'2021-11-16 14:42:08.930188',NULL,'~',3,42,1,0),(21,15,'Por favor incluir la siguiente glosa en la factura: DESARROLLO DE PORTAFOLIO DE POSTRES VEGETALES A BASE DE ALMENDRA Y DESECHOS DE SU PRODUCCIÓN”, código 19IR-LR-121872','Validada','2021-11-16',14000,NULL,'1','2021-11-16','2021-11-16',NULL,NULL,'2021-11-16 14:39:45.706543','2021-11-16 14:46:49.246892',179,'2021-11-16 14:46:49.249761',NULL,'~',3,42,1,0),(21,15,'Por favor incluir la siguiente glosa en la factura: DESARROLLO DE PORTAFOLIO DE POSTRES VEGETALES A BASE DE ALMENDRA Y DESECHOS DE SU PRODUCCIÓN”, código 19IR-LR-121872','Inicial','2021-11-16',14000,NULL,'1','2021-11-16','2021-11-16',NULL,NULL,'2021-11-16 14:39:45.706543','2021-11-16 14:47:16.366681',180,'2021-11-16 14:47:16.368461',NULL,'~',3,42,1,0),(21,15,'Por favor incluir la siguiente glosa en la factura: DESARROLLO DE PORTAFOLIO DE POSTRES VEGETALES A BASE DE ALMENDRA Y DESECHOS DE SU PRODUCCIÓN”, código 19IR-LR-121872','Inicial','2021-11-16',14000,NULL,'1','2021-11-16','2021-11-16',NULL,NULL,'2021-11-16 14:39:45.706543','2021-11-16 14:47:59.392487',181,'2021-11-16 14:47:59.395840',NULL,'~',3,42,1,0),(21,15,'Por favor incluir la siguiente glosa en la factura: DESARROLLO DE PORTAFOLIO DE POSTRES VEGETALES A BASE DE ALMENDRA Y DESECHOS DE SU PRODUCCIÓN”, código 19IR-LR-121872','Validada','2021-11-16',5600,NULL,'1','2021-11-16','2021-11-16',NULL,NULL,'2021-11-16 14:39:45.706543','2021-11-16 14:47:59.407547',182,'2021-11-16 14:47:59.408632',NULL,'~',3,42,1,0),(21,15,'Por favor incluir la siguiente glosa en la factura: DESARROLLO DE PORTAFOLIO DE POSTRES VEGETALES A BASE DE ALMENDRA Y DESECHOS DE SU PRODUCCIÓN”, código 19IR-LR-121872','Semi-Recepcionada','2021-11-16',5600,NULL,'1','2021-11-16','2021-11-16',NULL,NULL,'2021-11-16 14:39:45.706543','2021-11-16 14:50:31.307613',183,'2021-11-16 14:50:31.311864',NULL,'~',3,42,1,0),(21,15,'Por favor incluir la siguiente glosa en la factura: DESARROLLO DE PORTAFOLIO DE POSTRES VEGETALES A BASE DE ALMENDRA Y DESECHOS DE SU PRODUCCIÓN”, código 19IR-LR-121872','Validada','2021-11-16',5600,NULL,'1','2021-11-16','2021-11-16',NULL,NULL,'2021-11-16 14:39:45.706543','2021-11-16 14:51:01.679177',184,'2021-11-16 14:51:01.681236',NULL,'~',3,42,1,0),(21,15,'Por favor incluir la siguiente glosa en la factura: DESARROLLO DE PORTAFOLIO DE POSTRES VEGETALES A BASE DE ALMENDRA Y DESECHOS DE SU PRODUCCIÓN”, código 19IR-LR-121872','Semi-Recepcionada','2021-11-16',5600,NULL,'1','2021-11-16','2021-11-16',NULL,NULL,'2021-11-16 14:39:45.706543','2021-11-16 14:51:31.171891',185,'2021-11-16 14:51:31.173116',NULL,'~',3,42,1,0),(21,15,'Por favor incluir la siguiente glosa en la factura: DESARROLLO DE PORTAFOLIO DE POSTRES VEGETALES A BASE DE ALMENDRA Y DESECHOS DE SU PRODUCCIÓN”, código 19IR-LR-121872','Semi-Recepcionada','2021-11-16',5600,NULL,'1','2021-11-16','2021-11-16',NULL,NULL,'2021-11-16 14:39:45.706543','2021-11-16 14:51:31.171891',186,'2021-11-16 14:52:07.935759',NULL,'-',3,42,1,0),(22,15,'Por favor incluir la siguiente glosa en la factura: DESARROLLO DE PORTAFOLIO DE POSTRES VEGETALES A BASE DE ALMENDRA Y DESECHOS DE SU PRODUCCIÓN”, código 19IR-LR-121872','Inicial','2021-11-16',0,NULL,NULL,NULL,NULL,NULL,NULL,'2021-11-16 14:54:17.463117','2021-11-16 14:54:17.463135',187,'2021-11-16 14:54:17.464072',NULL,'+',3,42,9,0),(22,15,'Por favor incluir la siguiente glosa en la factura: DESARROLLO DE PORTAFOLIO DE POSTRES VEGETALES A BASE DE ALMENDRA Y DESECHOS DE SU PRODUCCIÓN”, código 19IR-LR-121872','Inicial','2021-11-16',266840,NULL,NULL,NULL,NULL,NULL,NULL,'2021-11-16 14:54:17.463117','2021-11-16 14:54:18.569081',188,'2021-11-16 14:54:18.571198',NULL,'~',3,42,9,0),(22,15,'Por favor incluir la siguiente glosa en la factura: DESARROLLO DE PORTAFOLIO DE POSTRES VEGETALES A BASE DE ALMENDRA Y DESECHOS DE SU PRODUCCIÓN”, código 19IR-LR-121872','Inicial','2021-11-16',266840,NULL,NULL,NULL,NULL,NULL,NULL,'2021-11-16 14:54:17.463117','2021-11-16 14:54:33.834358',189,'2021-11-16 14:54:33.836044',NULL,'~',3,42,9,0),(22,15,'Por favor incluir la siguiente glosa en la factura: DESARROLLO DE PORTAFOLIO DE POSTRES VEGETALES A BASE DE ALMENDRA Y DESECHOS DE SU PRODUCCIÓN”, código 19IR-LR-121872','Validada','2021-11-16',266840,NULL,NULL,NULL,NULL,NULL,NULL,'2021-11-16 14:54:17.463117','2021-11-16 14:54:33.862681',190,'2021-11-16 14:54:33.863815',NULL,'~',3,42,9,0),(22,15,'Por favor incluir la siguiente glosa en la factura: DESARROLLO DE PORTAFOLIO DE POSTRES VEGETALES A BASE DE ALMENDRA Y DESECHOS DE SU PRODUCCIÓN”, código 19IR-LR-121872','Semi-Recepcionada','2021-11-16',266840,NULL,'1','2021-11-16','2021-11-16',NULL,NULL,'2021-11-16 14:54:17.463117','2021-11-16 14:56:29.847285',191,'2021-11-16 14:56:29.848293',NULL,'~',3,42,9,0),(22,15,'Por favor incluir la siguiente glosa en la factura: DESARROLLO DE PORTAFOLIO DE POSTRES VEGETALES A BASE DE ALMENDRA Y DESECHOS DE SU PRODUCCIÓN”, código 19IR-LR-121872','Semi-Recepcionada','2021-11-16',266840,NULL,'1','2021-11-16','2021-11-16',NULL,NULL,'2021-11-16 14:54:17.463117','2021-11-16 15:09:30.935924',192,'2021-11-16 15:09:30.936965',NULL,'~',3,42,9,0),(22,15,'Por favor incluir la siguiente glosa en la factura: DESARROLLO DE PORTAFOLIO DE POSTRES VEGETALES A BASE DE ALMENDRA Y DESECHOS DE SU PRODUCCIÓN”, código 19IR-LR-121872','Validada','2021-11-16',266840,NULL,'1','2021-11-16','2021-11-16',NULL,NULL,'2021-11-16 14:54:17.463117','2021-11-16 15:32:25.870139',193,'2021-11-16 15:32:25.871033',NULL,'~',3,42,9,0),(22,15,'Por favor incluir la siguiente glosa en la factura: DESARROLLO DE PORTAFOLIO DE POSTRES VEGETALES A BASE DE ALMENDRA Y DESECHOS DE SU PRODUCCIÓN”, código 19IR-LR-121872','Inicial','2021-11-16',266840,NULL,'1','2021-11-16','2021-11-16',NULL,NULL,'2021-11-16 14:54:17.463117','2021-11-16 15:32:35.456785',194,'2021-11-16 15:32:35.458196',NULL,'~',3,42,9,0),(22,15,'Por favor incluir la siguiente glosa en la factura: DESARROLLO DE PORTAFOLIO DE POSTRES VEGETALES A BASE DE ALMENDRA Y DESECHOS DE SU PRODUCCIÓN”, código 19IR-LR-121872','Inicial','2021-11-16',266840,NULL,'1','2021-11-16','2021-11-16',NULL,NULL,'2021-11-16 14:54:17.463117','2021-11-16 15:32:57.166475',195,'2021-11-16 15:32:57.167860',NULL,'~',3,42,9,0),(22,15,'Por favor incluir la siguiente glosa en la factura: DESARROLLO DE PORTAFOLIO DE POSTRES VEGETALES A BASE DE ALMENDRA Y DESECHOS DE SU PRODUCCIÓN”, código 19IR-LR-121872','Validada','2021-11-16',266840,NULL,'1','2021-11-16','2021-11-16',NULL,NULL,'2021-11-16 14:54:17.463117','2021-11-16 15:32:57.204549',196,'2021-11-16 15:32:57.205372',NULL,'~',3,42,9,0),(22,15,'Por favor incluir la siguiente glosa en la factura: DESARROLLO DE PORTAFOLIO DE POSTRES VEGETALES A BASE DE ALMENDRA Y DESECHOS DE SU PRODUCCIÓN”, código 19IR-LR-121872','Semi-Recepcionada','2021-11-16',266840,NULL,'1','2021-11-16','2021-11-16',NULL,NULL,'2021-11-16 14:54:17.463117','2021-11-16 15:33:53.793366',197,'2021-11-16 15:33:53.794194',NULL,'~',3,42,9,0),(22,15,'Por favor incluir la siguiente glosa en la factura: DESARROLLO DE PORTAFOLIO DE POSTRES VEGETALES A BASE DE ALMENDRA Y DESECHOS DE SU PRODUCCIÓN”, código 19IR-LR-121872','Validada','2021-11-16',266840,NULL,'1','2021-11-16','2021-11-16',NULL,NULL,'2021-11-16 14:54:17.463117','2021-11-16 15:38:44.559758',198,'2021-11-16 15:38:44.560880',NULL,'~',3,42,9,0),(22,15,'Por favor incluir la siguiente glosa en la factura: DESARROLLO DE PORTAFOLIO DE POSTRES VEGETALES A BASE DE ALMENDRA Y DESECHOS DE SU PRODUCCIÓN”, código 19IR-LR-121872','Semi-Recepcionada','2021-11-16',266840,NULL,'1','2021-11-16','2021-11-16',NULL,NULL,'2021-11-16 14:54:17.463117','2021-11-16 15:54:50.881139',199,'2021-11-16 15:54:50.882133',NULL,'~',3,42,9,0),(22,15,'Por favor incluir la siguiente glosa en la factura: DESARROLLO DE PORTAFOLIO DE POSTRES VEGETALES A BASE DE ALMENDRA Y DESECHOS DE SU PRODUCCIÓN”, código 19IR-LR-121872','Validada','2021-11-16',266840,NULL,'1','2021-11-16','2021-11-16',NULL,NULL,'2021-11-16 14:54:17.463117','2021-11-16 16:32:05.010325',200,'2021-11-16 16:32:05.012106',NULL,'~',3,1,9,0),(22,15,'Por favor incluir la siguiente glosa en la factura: DESARROLLO DE PORTAFOLIO DE POSTRES VEGETALES A BASE DE ALMENDRA Y DESECHOS DE SU PRODUCCIÓN”, código 19IR-LR-121872','Semi-Recepcionada','2021-11-16',266840,NULL,'1','2021-11-16','2021-11-16',NULL,NULL,'2021-11-16 14:54:17.463117','2021-11-16 16:32:18.947157',201,'2021-11-16 16:32:18.948018',NULL,'~',3,1,9,0),(22,15,'Por favor incluir la siguiente glosa en la factura: DESARROLLO DE PORTAFOLIO DE POSTRES VEGETALES A BASE DE ALMENDRA Y DESECHOS DE SU PRODUCCIÓN”, código 19IR-LR-121872','Validada','2021-11-16',266840,NULL,'1','2021-11-16','2021-11-16',NULL,NULL,'2021-11-16 14:54:17.463117','2021-11-16 16:32:26.712876',202,'2021-11-16 16:32:26.714120',NULL,'~',3,1,9,0),(22,15,'Por favor incluir la siguiente glosa en la factura: DESARROLLO DE PORTAFOLIO DE POSTRES VEGETALES A BASE DE ALMENDRA Y DESECHOS DE SU PRODUCCIÓN”, código 19IR-LR-121872','Recepcionada','2021-11-16',266840,NULL,'1','2021-11-16','2021-11-16',NULL,NULL,'2021-11-16 14:54:17.463117','2021-11-16 16:33:26.496363',203,'2021-11-16 16:33:26.497097',NULL,'~',3,42,9,0),(22,15,'Por favor incluir la siguiente glosa en la factura: DESARROLLO DE PORTAFOLIO DE POSTRES VEGETALES A BASE DE ALMENDRA Y DESECHOS DE SU PRODUCCIÓN”, código 19IR-LR-121872','Validada','2021-11-16',266840,NULL,'1','2021-11-16','2021-11-16',NULL,NULL,'2021-11-16 14:54:17.463117','2021-11-16 17:01:39.554947',204,'2021-11-16 17:01:39.555863',NULL,'~',3,1,9,0),(22,15,'Por favor incluir la siguiente glosa en la factura: DESARROLLO DE PORTAFOLIO DE POSTRES VEGETALES A BASE DE ALMENDRA Y DESECHOS DE SU PRODUCCIÓN”, código 19IR-LR-121872','Recepcionada','2021-11-16',266840,NULL,'1','2021-11-16','2021-11-16',NULL,NULL,'2021-11-16 14:54:17.463117','2021-11-16 17:01:47.399508',205,'2021-11-16 17:01:47.401192',NULL,'~',3,1,9,0),(22,15,'Por favor incluir la siguiente glosa en la factura: DESARROLLO DE PORTAFOLIO DE POSTRES VEGETALES A BASE DE ALMENDRA Y DESECHOS DE SU PRODUCCIÓN”, código 19IR-LR-121872','Validada','2021-11-16',266840,NULL,'1','2021-11-16','2021-11-16',NULL,NULL,'2021-11-16 14:54:17.463117','2021-11-16 17:02:26.586599',206,'2021-11-16 17:02:26.587343',NULL,'~',3,1,9,0),(22,15,'Por favor incluir la siguiente glosa en la factura: DESARROLLO DE PORTAFOLIO DE POSTRES VEGETALES A BASE DE ALMENDRA Y DESECHOS DE SU PRODUCCIÓN”, código 19IR-LR-121872','Recepcionada','2021-11-16',266840,NULL,'1','2021-11-16','2021-11-16',NULL,NULL,'2021-11-16 14:54:17.463117','2021-11-16 17:02:35.751524',207,'2021-11-16 17:02:35.752541',NULL,'~',3,1,9,0),(22,15,'Por favor incluir la siguiente glosa en la factura: DESARROLLO DE PORTAFOLIO DE POSTRES VEGETALES A BASE DE ALMENDRA Y DESECHOS DE SU PRODUCCIÓN”, código 19IR-LR-121872','Validada','2021-11-16',266840,NULL,'1','2021-11-16','2021-11-16',NULL,NULL,'2021-11-16 14:54:17.463117','2021-11-16 17:05:17.101200',208,'2021-11-16 17:05:17.102242',NULL,'~',3,1,9,0),(22,15,'Por favor incluir la siguiente glosa en la factura: DESARROLLO DE PORTAFOLIO DE POSTRES VEGETALES A BASE DE ALMENDRA Y DESECHOS DE SU PRODUCCIÓN”, código 19IR-LR-121872','Recepcionada','2021-11-16',266840,NULL,'1','2021-11-16','2021-11-16',NULL,NULL,'2021-11-16 14:54:17.463117','2021-11-16 17:05:43.700474',209,'2021-11-16 17:05:43.701233',NULL,'~',3,1,9,0),(22,15,'Por favor incluir la siguiente glosa en la factura: DESARROLLO DE PORTAFOLIO DE POSTRES VEGETALES A BASE DE ALMENDRA Y DESECHOS DE SU PRODUCCIÓN”, código 19IR-LR-121872','Etiquetada','2021-11-16',266840,NULL,'1','2021-11-16','2021-11-16',NULL,NULL,'2021-11-16 14:54:17.463117','2021-11-16 17:07:59.681035',210,'2021-11-16 17:07:59.681923',NULL,'~',3,1,9,0),(22,15,'Por favor incluir la siguiente glosa en la factura: DESARROLLO DE PORTAFOLIO DE POSTRES VEGETALES A BASE DE ALMENDRA Y DESECHOS DE SU PRODUCCIÓN”, código 19IR-LR-121872','Recepcionada','2021-11-16',266840,NULL,'1','2021-11-16','2021-11-16',NULL,NULL,'2021-11-16 14:54:17.463117','2021-11-16 17:08:22.490459',211,'2021-11-16 17:08:22.492069',NULL,'~',3,1,9,0),(22,15,'Por favor incluir la siguiente glosa en la factura: DESARROLLO DE PORTAFOLIO DE POSTRES VEGETALES A BASE DE ALMENDRA Y DESECHOS DE SU PRODUCCIÓN”, código 19IR-LR-121872','Etiquetada','2021-11-16',266840,NULL,'1','2021-11-16','2021-11-16',NULL,NULL,'2021-11-16 14:54:17.463117','2021-11-16 17:08:53.010343',212,'2021-11-16 17:08:53.011648',NULL,'~',3,1,9,0),(22,15,'Por favor incluir la siguiente glosa en la factura: DESARROLLO DE PORTAFOLIO DE POSTRES VEGETALES A BASE DE ALMENDRA Y DESECHOS DE SU PRODUCCIÓN”, código 19IR-LR-121872','Recepcionada','2021-11-16',266840,NULL,'1','2021-11-16','2021-11-16',NULL,NULL,'2021-11-16 14:54:17.463117','2021-11-16 17:10:24.181512',213,'2021-11-16 17:10:24.182761',NULL,'~',3,1,9,0),(22,15,'Por favor incluir la siguiente glosa en la factura: DESARROLLO DE PORTAFOLIO DE POSTRES VEGETALES A BASE DE ALMENDRA Y DESECHOS DE SU PRODUCCIÓN”, código 19IR-LR-121872','Etiquetada','2021-11-16',266840,NULL,'1','2021-11-16','2021-11-16',NULL,NULL,'2021-11-16 14:54:17.463117','2021-11-16 17:10:34.761824',214,'2021-11-16 17:10:34.762621',NULL,'~',3,1,9,0),(22,15,'Por favor incluir la siguiente glosa en la factura: DESARROLLO DE PORTAFOLIO DE POSTRES VEGETALES A BASE DE ALMENDRA Y DESECHOS DE SU PRODUCCIÓN”, código 19IR-LR-121872','Recepcionada','2021-11-16',266840,NULL,'1','2021-11-16','2021-11-16',NULL,NULL,'2021-11-16 14:54:17.463117','2021-11-16 17:11:10.070816',215,'2021-11-16 17:11:10.072579',NULL,'~',3,42,9,0),(22,15,'Por favor incluir la siguiente glosa en la factura: DESARROLLO DE PORTAFOLIO DE POSTRES VEGETALES A BASE DE ALMENDRA Y DESECHOS DE SU PRODUCCIÓN”, código 19IR-LR-121872','Validada','2021-11-16',266840,NULL,'1','2021-11-16','2021-11-16',NULL,NULL,'2021-11-16 14:54:17.463117','2021-11-16 17:11:15.198408',216,'2021-11-16 17:11:15.199314',NULL,'~',3,42,9,0),(22,15,'Por favor incluir la siguiente glosa en la factura: DESARROLLO DE PORTAFOLIO DE POSTRES VEGETALES A BASE DE ALMENDRA Y DESECHOS DE SU PRODUCCIÓN”, código 19IR-LR-121872','Inicial','2021-11-16',266840,NULL,'1','2021-11-16','2021-11-16',NULL,NULL,'2021-11-16 14:54:17.463117','2021-11-16 17:11:18.968649',217,'2021-11-16 17:11:18.969997',NULL,'~',3,42,9,0),(22,15,'Por favor incluir la siguiente glosa en la factura: DESARROLLO DE PORTAFOLIO DE POSTRES VEGETALES A BASE DE ALMENDRA Y DESECHOS DE SU PRODUCCIÓN”, código 19IR-LR-121872','Inicial','2021-11-16',266840,NULL,'1','2021-11-16','2021-11-16',NULL,NULL,'2021-11-16 14:54:17.463117','2021-11-16 17:11:43.488087',218,'2021-11-16 17:11:43.489566',NULL,'~',3,42,9,0),(22,15,'Por favor incluir la siguiente glosa en la factura: DESARROLLO DE PORTAFOLIO DE POSTRES VEGETALES A BASE DE ALMENDRA Y DESECHOS DE SU PRODUCCIÓN”, código 19IR-LR-121872','Validada','2021-11-16',266840,NULL,'1','2021-11-16','2021-11-16',NULL,NULL,'2021-11-16 14:54:17.463117','2021-11-16 17:11:43.506597',219,'2021-11-16 17:11:43.507389',NULL,'~',3,42,9,0),(22,15,'Por favor incluir la siguiente glosa en la factura: DESARROLLO DE PORTAFOLIO DE POSTRES VEGETALES A BASE DE ALMENDRA Y DESECHOS DE SU PRODUCCIÓN”, código 19IR-LR-121872','Recepcionada','2021-11-16',266840,NULL,'1','2021-11-16','2021-11-16',NULL,NULL,'2021-11-16 14:54:17.463117','2021-11-16 17:12:38.209340',220,'2021-11-16 17:12:38.210449',NULL,'~',3,42,9,0),(22,15,'Por favor incluir la siguiente glosa en la factura: DESARROLLO DE PORTAFOLIO DE POSTRES VEGETALES A BASE DE ALMENDRA Y DESECHOS DE SU PRODUCCIÓN”, código 19IR-LR-121872','Etiquetada','2021-11-16',266840,NULL,'1','2021-11-16','2021-11-16',NULL,NULL,'2021-11-16 14:54:17.463117','2021-11-16 17:20:54.253838',221,'2021-11-16 17:20:54.254628',NULL,'~',3,42,9,0),(23,16,'Por favor incluir la siguiente glosa en la factura: DESARROLLO DE PORTAFOLIO DE POSTRES VEGETALES A BASE DE ALMENDRA Y DESECHOS DE SU PRODUCCIÓN”, código 19IR-LR-121872','Inicial','2021-11-18',0,NULL,NULL,NULL,NULL,NULL,NULL,'2021-11-18 15:34:58.870240','2021-11-18 15:34:58.870258',222,'2021-11-18 15:34:58.872232',NULL,'+',3,41,16,0),(23,16,'Por favor incluir la siguiente glosa en la factura: DESARROLLO DE PORTAFOLIO DE POSTRES VEGETALES A BASE DE ALMENDRA Y DESECHOS DE SU PRODUCCIÓN”, código 19IR-LR-121872','Inicial','2021-11-18',1451800,NULL,NULL,NULL,NULL,NULL,NULL,'2021-11-18 15:34:58.870240','2021-11-18 15:34:59.902476',223,'2021-11-18 15:34:59.904030',NULL,'~',3,41,16,0),(24,17,'Por favor incluir la siguiente glosa en la factura: DESARROLLO DE PORTAFOLIO DE POSTRES VEGETALES A BASE DE ALMENDRA Y DESECHOS DE SU PRODUCCIÓN”, código 19IR-LR-121872','Inicial','2021-11-19',0,NULL,NULL,NULL,NULL,NULL,NULL,'2021-11-19 13:33:11.571178','2021-11-19 13:33:11.571195',224,'2021-11-19 13:33:11.573208',NULL,'+',3,41,13,0),(24,17,'Por favor incluir la siguiente glosa en la factura: DESARROLLO DE PORTAFOLIO DE POSTRES VEGETALES A BASE DE ALMENDRA Y DESECHOS DE SU PRODUCCIÓN”, código 19IR-LR-121872','Inicial','2021-11-19',864120,NULL,NULL,NULL,NULL,NULL,NULL,'2021-11-19 13:33:11.571178','2021-11-19 13:33:13.953587',225,'2021-11-19 13:33:13.955380',NULL,'~',3,41,13,0),(25,18,'Comprobante de Compra #20211119170128 en Rhona.cl\r\nOrden de Compra ya fue pagada por internet, solo recibir.\r\n\r\nNombre Cliente:	Hernan Vigil Cruz\r\nContacto:	/ 76484626\r\nNº Orden de Compra:	20211119170128\r\nFecha de pago:	19/11/2021 a las 17:04:47\r\nEstado Compra:	Pago Aprobado / Envio Pendiente\r\nMonto:	$10.038 (pesos)\r\nEnviar productos a:	Presidente Eduardo Frei Montalva 9950, , , Quilicura, XIII Metropolitana de Santiago, Chile','Inicial','2021-11-19',0,NULL,NULL,NULL,NULL,NULL,NULL,'2021-11-19 17:15:25.552781','2021-11-19 17:15:25.552803',226,'2021-11-19 17:15:25.554111',NULL,'+',2,42,23,0),(25,18,'Comprobante de Compra #20211119170128 en Rhona.cl\r\nOrden de Compra ya fue pagada por internet, solo recibir.\r\n\r\nNombre Cliente:	Hernan Vigil Cruz\r\nContacto:	/ 76484626\r\nNº Orden de Compra:	20211119170128\r\nFecha de pago:	19/11/2021 a las 17:04:47\r\nEstado Compra:	Pago Aprobado / Envio Pendiente\r\nMonto:	$10.038 (pesos)\r\nEnviar productos a:	Presidente Eduardo Frei Montalva 9950, , , Quilicura, XIII Metropolitana de Santiago, Chile','Inicial','2021-11-19',7302,NULL,NULL,NULL,NULL,NULL,NULL,'2021-11-19 17:15:25.552781','2021-11-19 17:15:27.199039',227,'2021-11-19 17:15:27.200739',NULL,'~',2,42,23,0),(25,18,'Comprobante de Compra #20211119170128 en Rhona.cl\r\nOrden de Compra ya fue pagada por internet, solo recibir.\r\n\r\nNombre Cliente:	Hernan Vigil Cruz\r\nContacto:	/ 76484626\r\nNº Orden de Compra:	20211119170128\r\nFecha de pago:	19/11/2021 a las 17:04:47\r\nEstado Compra:	Pago Aprobado / Envio Pendiente\r\nMonto:	$10.038 (pesos)\r\nEnviar productos a:	Presidente Eduardo Frei Montalva 9950, , , Quilicura, XIII Metropolitana de Santiago, Chile','Inicial','2021-11-19',7302,NULL,NULL,NULL,NULL,NULL,NULL,'2021-11-19 17:15:25.552781','2021-11-19 17:15:49.568715',228,'2021-11-19 17:15:49.570183',NULL,'~',2,42,23,0),(25,18,'Comprobante de Compra #20211119170128 en Rhona.cl\r\nOrden de Compra ya fue pagada por internet, solo recibir.\r\n\r\nNombre Cliente:	Hernan Vigil Cruz\r\nContacto:	/ 76484626\r\nNº Orden de Compra:	20211119170128\r\nFecha de pago:	19/11/2021 a las 17:04:47\r\nEstado Compra:	Pago Aprobado / Envio Pendiente\r\nMonto:	$10.038 (pesos)\r\nEnviar productos a:	Presidente Eduardo Frei Montalva 9950, , , Quilicura, XIII Metropolitana de Santiago, Chile','Validada','2021-11-19',7302,NULL,NULL,NULL,NULL,NULL,NULL,'2021-11-19 17:15:25.552781','2021-11-19 17:15:49.579037',229,'2021-11-19 17:15:49.580427',NULL,'~',2,42,23,0),(26,19,'Por favor incluir la siguiente glosa en la factura: DESARROLLO DE PORTAFOLIO DE POSTRES VEGETALES A BASE DE ALMENDRA Y DESECHOS DE SU PRODUCCIÓN”, código 19IR-LR-121872','Inicial','2021-11-22',0,NULL,NULL,NULL,NULL,NULL,NULL,'2021-11-22 10:10:07.007940','2021-11-22 10:10:07.007956',230,'2021-11-22 10:10:07.013999',NULL,'+',3,41,14,0),(26,19,'Por favor incluir la siguiente glosa en la factura: DESARROLLO DE PORTAFOLIO DE POSTRES VEGETALES A BASE DE ALMENDRA Y DESECHOS DE SU PRODUCCIÓN”, código 19IR-LR-121872','Inicial','2021-11-22',360433.5,NULL,NULL,NULL,NULL,NULL,NULL,'2021-11-22 10:10:07.007940','2021-11-22 10:10:08.581129',231,'2021-11-22 10:10:08.583168',NULL,'~',3,41,14,0),(27,20,'Por favor incluir la siguiente glosa en la factura: DESARROLLO DE PORTAFOLIO DE POSTRES VEGETALES A BASE DE ALMENDRA Y DESECHOS DE SU PRODUCCIÓN”, código 19IR-LR-121872','Inicial','2021-11-22',0,NULL,NULL,NULL,NULL,NULL,NULL,'2021-11-22 10:21:47.242521','2021-11-22 10:21:47.242537',232,'2021-11-22 10:21:47.243789',NULL,'+',3,41,22,0),(27,20,'Por favor incluir la siguiente glosa en la factura: DESARROLLO DE PORTAFOLIO DE POSTRES VEGETALES A BASE DE ALMENDRA Y DESECHOS DE SU PRODUCCIÓN”, código 19IR-LR-121872','Inicial','2021-11-22',300000,NULL,NULL,NULL,NULL,NULL,NULL,'2021-11-22 10:21:47.242521','2021-11-22 10:21:48.883973',233,'2021-11-22 10:21:48.886268',NULL,'~',3,41,22,0),(28,21,'Por favor incluir la siguiente glosa en la factura: DESARROLLO DE PORTAFOLIO DE POSTRES VEGETALES A BASE DE ALMENDRA Y DESECHOS DE SU PRODUCCIÓN”, código 19IR-LR-121872','Inicial','2021-11-22',0,NULL,NULL,NULL,NULL,NULL,NULL,'2021-11-22 11:53:17.247057','2021-11-22 11:53:17.247073',234,'2021-11-22 11:53:17.248085',NULL,'+',3,41,21,0),(28,21,'Por favor incluir la siguiente glosa en la factura: DESARROLLO DE PORTAFOLIO DE POSTRES VEGETALES A BASE DE ALMENDRA Y DESECHOS DE SU PRODUCCIÓN”, código 19IR-LR-121872','Inicial','2021-11-22',635450,NULL,NULL,NULL,NULL,NULL,NULL,'2021-11-22 11:53:17.247057','2021-11-22 11:53:18.713293',235,'2021-11-22 11:53:18.715134',NULL,'~',3,41,21,0),(18,12,'Por favor incluir la siguiente glosa en la factura: DESARROLLO DE PORTAFOLIO DE POSTRES VEGETALES A BASE DE ALMENDRA Y DESECHOS DE SU PRODUCCIÓN”, código 19IR-LR-121872','Rechazada','2021-11-10',12950,NULL,NULL,NULL,NULL,NULL,NULL,'2021-11-10 17:47:28.093072','2021-11-22 14:58:33.762432',236,'2021-11-22 14:58:33.763744',NULL,'~',NULL,41,12,0),(29,22,'Por favor incluir la siguiente glosa en la factura: DESARROLLO DE PORTAFOLIO DE POSTRES VEGETALES A BASE DE ALMENDRA Y DESECHOS DE SU PRODUCCIÓN”, código 19IR-LR-121872','Inicial','2021-11-22',0,NULL,NULL,NULL,NULL,NULL,NULL,'2021-11-22 14:59:05.107327','2021-11-22 14:59:05.107343',237,'2021-11-22 14:59:05.108940',NULL,'+',3,41,12,0),(29,22,'Por favor incluir la siguiente glosa en la factura: DESARROLLO DE PORTAFOLIO DE POSTRES VEGETALES A BASE DE ALMENDRA Y DESECHOS DE SU PRODUCCIÓN”, código 19IR-LR-121872','Inicial','2021-11-22',3700000,NULL,NULL,NULL,NULL,NULL,NULL,'2021-11-22 14:59:05.107327','2021-11-22 14:59:07.053595',238,'2021-11-22 14:59:07.055324',NULL,'~',3,41,12,0),(30,23,'Por favor incluir la siguiente glosa en la factura: DESARROLLO DE PORTAFOLIO DE POSTRES VEGETALES A BASE DE ALMENDRA Y DESECHOS DE SU PRODUCCIÓN”, código 19IR-LR-121872','Inicial','2021-11-24',0,NULL,NULL,NULL,NULL,NULL,NULL,'2021-11-24 10:29:00.469948','2021-11-24 10:29:00.469969',239,'2021-11-24 10:29:00.474465',NULL,'+',3,41,9,0),(30,23,'Por favor incluir la siguiente glosa en la factura: DESARROLLO DE PORTAFOLIO DE POSTRES VEGETALES A BASE DE ALMENDRA Y DESECHOS DE SU PRODUCCIÓN”, código 19IR-LR-121872','Inicial','2021-11-24',518000,NULL,NULL,NULL,NULL,NULL,NULL,'2021-11-24 10:29:00.469948','2021-11-24 10:29:01.713555',240,'2021-11-24 10:29:01.715568',NULL,'~',3,41,9,0),(31,24,'Por favor incluir la siguiente glosa en la factura: DESARROLLO DE PORTAFOLIO DE POSTRES VEGETALES A BASE DE ALMENDRA Y DESECHOS DE SU PRODUCCIÓN”, código 19IR-LR-121872','Inicial','2021-11-24',0,NULL,NULL,NULL,NULL,NULL,NULL,'2021-11-24 12:14:08.113731','2021-11-24 12:14:08.113754',241,'2021-11-24 12:14:08.114998',NULL,'+',2,41,4,0),(31,24,'Por favor incluir la siguiente glosa en la factura: DESARROLLO DE PORTAFOLIO DE POSTRES VEGETALES A BASE DE ALMENDRA Y DESECHOS DE SU PRODUCCIÓN”, código 19IR-LR-121872','Inicial','2021-11-24',179400,NULL,NULL,NULL,NULL,NULL,NULL,'2021-11-24 12:14:08.113731','2021-11-24 12:14:09.730396',242,'2021-11-24 12:14:09.732074',NULL,'~',2,41,4,0),(32,25,'Por favor incluir la siguiente glosa en la factura: DESARROLLO DE PORTAFOLIO DE POSTRES VEGETALES A BASE DE ALMENDRA Y DESECHOS DE SU PRODUCCIÓN”, código 19IR-LR-121872','Inicial','2021-11-24',0,NULL,NULL,NULL,NULL,NULL,NULL,'2021-11-24 12:26:30.606328','2021-11-24 12:26:30.606351',243,'2021-11-24 12:26:30.607871',NULL,'+',2,41,4,0),(32,25,'Por favor incluir la siguiente glosa en la factura: DESARROLLO DE PORTAFOLIO DE POSTRES VEGETALES A BASE DE ALMENDRA Y DESECHOS DE SU PRODUCCIÓN”, código 19IR-LR-121872','Inicial','2021-11-24',139800,NULL,NULL,NULL,NULL,NULL,NULL,'2021-11-24 12:26:30.606328','2021-11-24 12:26:31.799685',244,'2021-11-24 12:26:31.801785',NULL,'~',2,41,4,0),(33,26,'Por favor incluir la siguiente glosa en la factura: DESARROLLO DE PORTAFOLIO DE POSTRES VEGETALES A BASE DE ALMENDRA Y DESECHOS DE SU PRODUCCIÓN”, código 19IR-LR-121872','Inicial','2021-11-24',0,NULL,NULL,NULL,NULL,NULL,NULL,'2021-11-24 12:32:39.939001','2021-11-24 12:32:39.939018',245,'2021-11-24 12:32:39.940975',NULL,'+',3,41,18,0),(33,26,'Por favor incluir la siguiente glosa en la factura: DESARROLLO DE PORTAFOLIO DE POSTRES VEGETALES A BASE DE ALMENDRA Y DESECHOS DE SU PRODUCCIÓN”, código 19IR-LR-121872','Inicial','2021-11-24',709507.4400000001,NULL,NULL,NULL,NULL,NULL,NULL,'2021-11-24 12:32:39.939001','2021-11-24 12:32:40.972448',246,'2021-11-24 12:32:40.974807',NULL,'~',3,41,18,0),(34,27,'Por favor incluir la siguiente glosa en la factura: DESARROLLO DE PORTAFOLIO DE POSTRES VEGETALES A BASE DE ALMENDRA Y DESECHOS DE SU PRODUCCIÓN”, código 19IR-LR-121872','Inicial','2021-11-24',0,NULL,NULL,NULL,NULL,NULL,NULL,'2021-11-24 15:07:16.055397','2021-11-24 15:07:16.055413',247,'2021-11-24 15:07:16.056516',NULL,'+',3,41,21,0),(34,27,'Por favor incluir la siguiente glosa en la factura: DESARROLLO DE PORTAFOLIO DE POSTRES VEGETALES A BASE DE ALMENDRA Y DESECHOS DE SU PRODUCCIÓN”, código 19IR-LR-121872','Inicial','2021-11-24',455174.80000000005,NULL,NULL,NULL,NULL,NULL,NULL,'2021-11-24 15:07:16.055397','2021-11-24 15:07:17.785731',248,'2021-11-24 15:07:17.787347',NULL,'~',3,41,21,0),(29,22,'Por favor incluir la siguiente glosa en la factura: DESARROLLO DE PORTAFOLIO DE POSTRES VEGETALES A BASE DE ALMENDRA Y DESECHOS DE SU PRODUCCIÓN”, código 19IR-LR-121872','Inicial','2021-11-22',3700000,NULL,NULL,NULL,NULL,NULL,NULL,'2021-11-22 14:59:05.107327','2021-11-25 09:00:28.911836',249,'2021-11-25 09:00:28.915000',NULL,'~',3,41,12,0),(29,22,'Por favor incluir la siguiente glosa en la factura: DESARROLLO DE PORTAFOLIO DE POSTRES VEGETALES A BASE DE ALMENDRA Y DESECHOS DE SU PRODUCCIÓN”, código 19IR-LR-121872','Validada','2021-11-22',3700000,NULL,NULL,NULL,NULL,NULL,NULL,'2021-11-22 14:59:05.107327','2021-11-25 09:00:28.935268',250,'2021-11-25 09:00:28.936648',NULL,'~',3,41,12,0),(30,23,'Por favor incluir la siguiente glosa en la factura: DESARROLLO DE PORTAFOLIO DE POSTRES VEGETALES A BASE DE ALMENDRA Y DESECHOS DE SU PRODUCCIÓN”, código 19IR-LR-121872','Inicial','2021-11-24',518000,NULL,NULL,NULL,NULL,NULL,NULL,'2021-11-24 10:29:00.469948','2021-11-25 09:00:51.895675',251,'2021-11-25 09:00:51.897173',NULL,'~',3,41,9,0),(30,23,'Por favor incluir la siguiente glosa en la factura: DESARROLLO DE PORTAFOLIO DE POSTRES VEGETALES A BASE DE ALMENDRA Y DESECHOS DE SU PRODUCCIÓN”, código 19IR-LR-121872','Validada','2021-11-24',518000,NULL,NULL,NULL,NULL,NULL,NULL,'2021-11-24 10:29:00.469948','2021-11-25 09:00:51.912009',252,'2021-11-25 09:00:51.913808',NULL,'~',3,41,9,0),(32,25,'Por favor incluir la siguiente glosa en la factura: DESARROLLO DE PORTAFOLIO DE POSTRES VEGETALES A BASE DE ALMENDRA Y DESECHOS DE SU PRODUCCIÓN”, código 19IR-LR-121872','Inicial','2021-11-24',139800,NULL,NULL,NULL,NULL,NULL,NULL,'2021-11-24 12:26:30.606328','2021-11-25 09:01:40.954702',253,'2021-11-25 09:01:40.956472',NULL,'~',2,41,4,0),(32,25,'Por favor incluir la siguiente glosa en la factura: DESARROLLO DE PORTAFOLIO DE POSTRES VEGETALES A BASE DE ALMENDRA Y DESECHOS DE SU PRODUCCIÓN”, código 19IR-LR-121872','Validada','2021-11-24',139800,NULL,NULL,NULL,NULL,NULL,NULL,'2021-11-24 12:26:30.606328','2021-11-25 09:01:41.002494',254,'2021-11-25 09:01:41.003473',NULL,'~',2,41,4,0),(26,19,'Por favor incluir la siguiente glosa en la factura: DESARROLLO DE PORTAFOLIO DE POSTRES VEGETALES A BASE DE ALMENDRA Y DESECHOS DE SU PRODUCCIÓN”, código 19IR-LR-121872','Inicial','2021-11-22',360433.5,NULL,NULL,NULL,NULL,NULL,NULL,'2021-11-22 10:10:07.007940','2021-11-25 09:13:16.057783',255,'2021-11-25 09:13:16.060116',NULL,'~',3,41,14,0),(26,19,'Por favor incluir la siguiente glosa en la factura: DESARROLLO DE PORTAFOLIO DE POSTRES VEGETALES A BASE DE ALMENDRA Y DESECHOS DE SU PRODUCCIÓN”, código 19IR-LR-121872','Validada','2021-11-22',322125,NULL,NULL,NULL,NULL,NULL,NULL,'2021-11-22 10:10:07.007940','2021-11-25 09:13:16.075087',256,'2021-11-25 09:13:16.076979',NULL,'~',3,41,14,0),(26,19,'Por favor incluir la siguiente glosa en la factura: DESARROLLO DE PORTAFOLIO DE POSTRES VEGETALES A BASE DE ALMENDRA Y DESECHOS DE SU PRODUCCIÓN”, código 19IR-LR-121872','Recepcionada','2021-11-22',322125,NULL,'10100','2021-11-25','2021-11-23',NULL,NULL,'2021-11-22 10:10:07.007940','2021-11-25 09:14:07.088625',257,'2021-11-25 09:14:07.089574',NULL,'~',3,41,14,0),(26,19,'Por favor incluir la siguiente glosa en la factura: DESARROLLO DE PORTAFOLIO DE POSTRES VEGETALES A BASE DE ALMENDRA Y DESECHOS DE SU PRODUCCIÓN”, código 19IR-LR-121872','Etiquetada','2021-11-22',322125,NULL,'10100','2021-11-25','2021-11-23',NULL,NULL,'2021-11-22 10:10:07.007940','2021-11-25 09:14:36.193883',258,'2021-11-25 09:14:36.195160',NULL,'~',3,41,14,0),(17,11,'Por favor incluir la siguiente glosa en la factura: DESARROLLO DE PORTAFOLIO DE POSTRES VEGETALES A BASE DE ALMENDRA Y DESECHOS DE SU PRODUCCIÓN”, código 19IR-LR-121872','Recepcionada','2021-11-09',175437.75,NULL,'81182','2021-11-25','2021-11-12',NULL,NULL,'2021-11-09 09:28:33.763747','2021-11-25 09:25:23.136699',259,'2021-11-25 09:25:23.138028',NULL,'~',3,41,10,0),(17,11,'Por favor incluir la siguiente glosa en la factura: DESARROLLO DE PORTAFOLIO DE POSTRES VEGETALES A BASE DE ALMENDRA Y DESECHOS DE SU PRODUCCIÓN”, código 19IR-LR-121872','Etiquetada','2021-11-09',175437.75,NULL,'81182','2021-11-25','2021-11-12',NULL,NULL,'2021-11-09 09:28:33.763747','2021-11-25 09:25:29.707367',260,'2021-11-25 09:25:29.708436',NULL,'~',3,41,10,0),(32,25,'Por favor incluir la siguiente glosa en la factura: DESARROLLO DE PORTAFOLIO DE POSTRES VEGETALES A BASE DE ALMENDRA Y DESECHOS DE SU PRODUCCIÓN”, código 19IR-LR-121872','Semi-Recepcionada','2021-11-24',139800,NULL,'125591','2021-11-26','2021-11-26',NULL,NULL,'2021-11-24 12:26:30.606328','2021-11-26 15:27:23.978177',261,'2021-11-26 15:27:23.980080',NULL,'~',2,41,4,0),(32,25,'Por favor incluir la siguiente glosa en la factura: DESARROLLO DE PORTAFOLIO DE POSTRES VEGETALES A BASE DE ALMENDRA Y DESECHOS DE SU PRODUCCIÓN”, código 19IR-LR-121872','Etiquetada','2021-11-24',139800,NULL,'125591','2021-11-26','2021-11-26',NULL,NULL,'2021-11-24 12:26:30.606328','2021-11-26 15:27:28.860636',262,'2021-11-26 15:27:28.861783',NULL,'~',2,41,4,0),(35,28,'Por favor incluir la siguiente glosa en la factura: DESARROLLO DE PORTAFOLIO DE POSTRES VEGETALES A BASE DE ALMENDRA Y DESECHOS DE SU PRODUCCIÓN”, código 19IR-LR-121872','Inicial','2021-11-29',0,NULL,NULL,NULL,NULL,NULL,NULL,'2021-11-29 13:11:21.535197','2021-11-29 13:11:21.535214',263,'2021-11-29 13:11:21.537035',NULL,'+',4,41,13,0),(35,28,'Por favor incluir la siguiente glosa en la factura: DESARROLLO DE PORTAFOLIO DE POSTRES VEGETALES A BASE DE ALMENDRA Y DESECHOS DE SU PRODUCCIÓN”, código 19IR-LR-121872','Inicial','2021-11-29',1227960,NULL,NULL,NULL,NULL,NULL,NULL,'2021-11-29 13:11:21.535197','2021-11-29 13:11:22.848380',264,'2021-11-29 13:11:22.850084',NULL,'~',4,41,13,0),(36,29,'Por favor incluir la siguiente glosa en la factura: DESARROLLO DE PORTAFOLIO DE POSTRES VEGETALES A BASE DE ALMENDRA Y DESECHOS DE SU PRODUCCIÓN”, código 19IR-LR-121872','Inicial','2021-11-30',0,NULL,NULL,NULL,NULL,NULL,NULL,'2021-11-30 09:40:42.706686','2021-11-30 09:40:42.706706',265,'2021-11-30 09:40:42.709017',NULL,'+',3,41,17,0),(36,29,'Por favor incluir la siguiente glosa en la factura: DESARROLLO DE PORTAFOLIO DE POSTRES VEGETALES A BASE DE ALMENDRA Y DESECHOS DE SU PRODUCCIÓN”, código 19IR-LR-121872','Inicial','2021-11-30',440000,NULL,NULL,NULL,NULL,NULL,NULL,'2021-11-30 09:40:42.706686','2021-11-30 09:40:44.526091',266,'2021-11-30 09:40:44.528144',NULL,'~',3,41,17,0),(36,29,'Por favor incluir la siguiente glosa en la factura: DESARROLLO DE PORTAFOLIO DE POSTRES VEGETALES A BASE DE ALMENDRA Y DESECHOS DE SU PRODUCCIÓN”, código 19IR-LR-121872','Inicial','2021-11-30',440000,NULL,NULL,NULL,NULL,NULL,NULL,'2021-11-30 09:40:42.706686','2021-11-30 09:40:56.021690',267,'2021-11-30 09:40:56.023351',NULL,'~',3,41,17,0),(36,29,'Por favor incluir la siguiente glosa en la factura: DESARROLLO DE PORTAFOLIO DE POSTRES VEGETALES A BASE DE ALMENDRA Y DESECHOS DE SU PRODUCCIÓN”, código 19IR-LR-121872','Validada','2021-11-30',440000,NULL,NULL,NULL,NULL,NULL,NULL,'2021-11-30 09:40:42.706686','2021-11-30 09:40:56.034322',268,'2021-11-30 09:40:56.035323',NULL,'~',3,41,17,0),(37,30,'Por favor incluir la siguiente glosa en la factura: DESARROLLO DE PORTAFOLIO DE POSTRES VEGETALES A BASE DE ALMENDRA Y DESECHOS DE SU PRODUCCIÓN”, código 19IR-LR-121872','Inicial','2021-12-01',0,NULL,NULL,NULL,NULL,NULL,NULL,'2021-12-01 14:29:38.298946','2021-12-01 14:29:38.298962',269,'2021-12-01 14:29:38.301240',NULL,'+',3,41,24,0),(37,30,'Por favor incluir la siguiente glosa en la factura: DESARROLLO DE PORTAFOLIO DE POSTRES VEGETALES A BASE DE ALMENDRA Y DESECHOS DE SU PRODUCCIÓN”, código 19IR-LR-121872','Inicial','2021-12-01',336000,NULL,NULL,NULL,NULL,NULL,NULL,'2021-12-01 14:29:38.298946','2021-12-01 14:29:39.302423',270,'2021-12-01 14:29:39.304170',NULL,'~',3,41,24,0),(37,30,'Por favor incluir la siguiente glosa en la factura: DESARROLLO DE PORTAFOLIO DE POSTRES VEGETALES A BASE DE ALMENDRA Y DESECHOS DE SU PRODUCCIÓN”, código 19IR-LR-121872','Inicial','2021-12-01',336000,NULL,NULL,NULL,NULL,NULL,NULL,'2021-12-01 14:29:38.298946','2021-12-01 14:30:43.063731',271,'2021-12-01 14:30:43.065378',NULL,'~',3,41,24,0),(37,30,'Por favor incluir la siguiente glosa en la factura: DESARROLLO DE PORTAFOLIO DE POSTRES VEGETALES A BASE DE ALMENDRA Y DESECHOS DE SU PRODUCCIÓN”, código 19IR-LR-121872','Validada','2021-12-01',280000,NULL,NULL,NULL,NULL,NULL,NULL,'2021-12-01 14:29:38.298946','2021-12-01 14:30:43.081773',272,'2021-12-01 14:30:43.083026',NULL,'~',3,41,24,0),(38,31,'Por favor incluir la siguiente glosa en la factura: DESARROLLO DE PORTAFOLIO DE POSTRES VEGETALES A BASE DE ALMENDRA Y DESECHOS DE SU PRODUCCIÓN”, código 19IR-LR-121872','Inicial','2021-12-01',0,NULL,NULL,NULL,NULL,NULL,NULL,'2021-12-01 14:42:37.549516','2021-12-01 14:42:37.549539',273,'2021-12-01 14:42:37.550761',NULL,'+',3,41,3,0),(38,31,'Por favor incluir la siguiente glosa en la factura: DESARROLLO DE PORTAFOLIO DE POSTRES VEGETALES A BASE DE ALMENDRA Y DESECHOS DE SU PRODUCCIÓN”, código 19IR-LR-121872','Inicial','2021-12-01',33750,NULL,NULL,NULL,NULL,NULL,NULL,'2021-12-01 14:42:37.549516','2021-12-01 14:42:38.911228',274,'2021-12-01 14:42:38.913012',NULL,'~',3,41,3,0),(38,31,'Por favor incluir la siguiente glosa en la factura: DESARROLLO DE PORTAFOLIO DE POSTRES VEGETALES A BASE DE ALMENDRA Y DESECHOS DE SU PRODUCCIÓN”, código 19IR-LR-121872','Inicial','2021-12-01',33750,NULL,NULL,NULL,NULL,NULL,NULL,'2021-12-01 14:42:37.549516','2021-12-01 15:16:40.953211',275,'2021-12-01 15:16:40.956341',NULL,'~',3,41,3,0),(38,31,'Por favor incluir la siguiente glosa en la factura: DESARROLLO DE PORTAFOLIO DE POSTRES VEGETALES A BASE DE ALMENDRA Y DESECHOS DE SU PRODUCCIÓN”, código 19IR-LR-121872','Validada','2021-12-01',58750,NULL,NULL,NULL,NULL,NULL,NULL,'2021-12-01 14:42:37.549516','2021-12-01 15:16:40.973036',276,'2021-12-01 15:16:40.974364',NULL,'~',3,41,3,0),(39,32,'Por favor incluir la siguiente glosa en la factura: DESARROLLO DE PORTAFOLIO DE POSTRES VEGETALES A BASE DE ALMENDRA Y DESECHOS DE SU PRODUCCIÓN”, código 19IR-LR-121872','Inicial','2021-12-01',0,NULL,NULL,NULL,NULL,NULL,NULL,'2021-12-01 15:51:33.194515','2021-12-01 15:51:33.194533',277,'2021-12-01 15:51:33.195733',NULL,'+',3,41,22,0),(39,32,'Por favor incluir la siguiente glosa en la factura: DESARROLLO DE PORTAFOLIO DE POSTRES VEGETALES A BASE DE ALMENDRA Y DESECHOS DE SU PRODUCCIÓN”, código 19IR-LR-121872','Inicial','2021-12-01',300000,NULL,NULL,NULL,NULL,NULL,NULL,'2021-12-01 15:51:33.194515','2021-12-01 15:51:34.752227',278,'2021-12-01 15:51:34.754343',NULL,'~',3,41,22,0),(40,33,'Por favor incluir la siguiente glosa en la factura: DESARROLLO DE PORTAFOLIO DE POSTRES VEGETALES A BASE DE ALMENDRA Y DESECHOS DE SU PRODUCCIÓN”, código 19IR-LR-121872','Inicial','2021-12-02',0,NULL,NULL,NULL,NULL,NULL,NULL,'2021-12-02 09:35:20.901901','2021-12-02 09:35:20.901927',279,'2021-12-02 09:35:20.903796',NULL,'+',3,41,25,0),(40,33,'Por favor incluir la siguiente glosa en la factura: DESARROLLO DE PORTAFOLIO DE POSTRES VEGETALES A BASE DE ALMENDRA Y DESECHOS DE SU PRODUCCIÓN”, código 19IR-LR-121872','Inicial','2021-12-02',482440,NULL,NULL,NULL,NULL,NULL,NULL,'2021-12-02 09:35:20.901901','2021-12-02 09:35:22.646429',280,'2021-12-02 09:35:22.649502',NULL,'~',3,41,25,0),(41,34,'Por favor incluir la siguiente glosa en la factura: DESARROLLO DE PORTAFOLIO DE POSTRES VEGETALES A BASE DE ALMENDRA Y DESECHOS DE SU PRODUCCIÓN”, código 19IR-LR-121872','Inicial','2021-12-02',0,NULL,NULL,NULL,NULL,NULL,NULL,'2021-12-02 09:37:56.112053','2021-12-02 09:37:56.112073',281,'2021-12-02 09:37:56.114045',NULL,'+',3,41,15,0),(41,34,'Por favor incluir la siguiente glosa en la factura: DESARROLLO DE PORTAFOLIO DE POSTRES VEGETALES A BASE DE ALMENDRA Y DESECHOS DE SU PRODUCCIÓN”, código 19IR-LR-121872','Inicial','2021-12-02',158400,NULL,NULL,NULL,NULL,NULL,NULL,'2021-12-02 09:37:56.112053','2021-12-02 09:37:57.016754',282,'2021-12-02 09:37:57.018908',NULL,'~',3,41,15,0),(42,35,'Por favor incluir la siguiente glosa en la factura: DESARROLLO DE PORTAFOLIO DE POSTRES VEGETALES A BASE DE ALMENDRA Y DESECHOS DE SU PRODUCCIÓN”, código 19IR-LR-121872','Inicial','2021-12-02',0,NULL,NULL,NULL,NULL,NULL,NULL,'2021-12-02 10:38:00.433104','2021-12-02 10:38:00.433122',283,'2021-12-02 10:38:00.434659',NULL,'+',3,41,2,0),(42,35,'Por favor incluir la siguiente glosa en la factura: DESARROLLO DE PORTAFOLIO DE POSTRES VEGETALES A BASE DE ALMENDRA Y DESECHOS DE SU PRODUCCIÓN”, código 19IR-LR-121872','Inicial','2021-12-02',230000,NULL,NULL,NULL,NULL,NULL,NULL,'2021-12-02 10:38:00.433104','2021-12-02 10:38:01.926581',284,'2021-12-02 10:38:01.928450',NULL,'~',3,41,2,0),(42,35,'Por favor incluir la siguiente glosa en la factura: DESARROLLO DE PORTAFOLIO DE POSTRES VEGETALES A BASE DE ALMENDRA Y DESECHOS DE SU PRODUCCIÓN”, código 19IR-LR-121872','Inicial','2021-12-02',230000,NULL,NULL,NULL,NULL,NULL,NULL,'2021-12-02 10:38:00.433104','2021-12-02 13:48:33.716716',285,'2021-12-02 13:48:33.718226',NULL,'~',3,41,2,0),(42,35,'Por favor incluir la siguiente glosa en la factura: DESARROLLO DE PORTAFOLIO DE POSTRES VEGETALES A BASE DE ALMENDRA Y DESECHOS DE SU PRODUCCIÓN”, código 19IR-LR-121872','Validada','2021-12-02',300000,NULL,NULL,NULL,NULL,NULL,NULL,'2021-12-02 10:38:00.433104','2021-12-02 13:48:33.730831',286,'2021-12-02 13:48:33.732533',NULL,'~',3,41,2,0),(43,36,'Por favor incluir la siguiente glosa en la factura: DESARROLLO DE PORTAFOLIO DE POSTRES VEGETALES A BASE DE ALMENDRA Y DESECHOS DE SU PRODUCCIÓN”, código 19IR-LR-121872\r\nEsto es para destino san felipe','Inicial','2021-12-03',0,NULL,NULL,NULL,NULL,NULL,NULL,'2021-12-03 05:45:59.201703','2021-12-03 05:45:59.201723',287,'2021-12-03 05:45:59.203262',NULL,'+',3,42,26,0),(43,36,'Por favor incluir la siguiente glosa en la factura: DESARROLLO DE PORTAFOLIO DE POSTRES VEGETALES A BASE DE ALMENDRA Y DESECHOS DE SU PRODUCCIÓN”, código 19IR-LR-121872\r\nEsto es para destino san felipe','Inicial','2021-12-03',92368,NULL,NULL,NULL,NULL,NULL,NULL,'2021-12-03 05:45:59.201703','2021-12-03 05:46:00.775697',288,'2021-12-03 05:46:00.778085',NULL,'~',3,42,26,0),(43,36,'Por favor incluir la siguiente glosa en la factura: DESARROLLO DE PORTAFOLIO DE POSTRES VEGETALES A BASE DE ALMENDRA Y DESECHOS DE SU PRODUCCIÓN”, código 19IR-LR-121872\r\nEsto es para destino san felipe','Inicial','2021-12-03',92368,NULL,NULL,NULL,NULL,NULL,NULL,'2021-12-03 05:45:59.201703','2021-12-03 05:48:21.048409',289,'2021-12-03 05:48:21.049916',NULL,'~',3,42,26,0),(43,36,'Por favor incluir la siguiente glosa en la factura: DESARROLLO DE PORTAFOLIO DE POSTRES VEGETALES A BASE DE ALMENDRA Y DESECHOS DE SU PRODUCCIÓN”, código 19IR-LR-121872\r\nEsto es para destino san felipe','Validada','2021-12-03',92368,NULL,NULL,NULL,NULL,NULL,NULL,'2021-12-03 05:45:59.201703','2021-12-03 05:48:21.065163',290,'2021-12-03 05:48:21.066948',NULL,'~',3,42,26,0),(44,37,'Por favor incluir la siguiente glosa en la factura: DESARROLLO DE PORTAFOLIO DE POSTRES VEGETALES A BASE DE ALMENDRA Y DESECHOS DE SU PRODUCCIÓN”, código 19IR-LR-121872','Inicial','2021-12-06',0,NULL,NULL,NULL,NULL,NULL,NULL,'2021-12-06 11:20:53.889948','2021-12-06 11:20:53.889971',291,'2021-12-06 11:20:53.891942',NULL,'+',4,41,13,0),(44,37,'Por favor incluir la siguiente glosa en la factura: DESARROLLO DE PORTAFOLIO DE POSTRES VEGETALES A BASE DE ALMENDRA Y DESECHOS DE SU PRODUCCIÓN”, código 19IR-LR-121872','Inicial','2021-12-06',659460,NULL,NULL,NULL,NULL,NULL,NULL,'2021-12-06 11:20:53.889948','2021-12-06 11:20:55.644829',292,'2021-12-06 11:20:55.646753',NULL,'~',4,41,13,0),(45,38,'Palabra clave para recibir tu compra\r\n\r\nINDUSTRIA','Inicial','2021-12-07',0,NULL,NULL,NULL,NULL,NULL,NULL,'2021-12-07 09:43:14.047791','2021-12-07 09:43:14.047809',293,'2021-12-07 09:43:14.048926',NULL,'+',3,42,27,0),(45,38,'Palabra clave para recibir tu compra\r\n\r\nINDUSTRIA','Inicial','2021-12-07',144540,NULL,NULL,NULL,NULL,NULL,NULL,'2021-12-07 09:43:14.047791','2021-12-07 09:43:15.689163',294,'2021-12-07 09:43:15.691038',NULL,'~',3,42,27,0),(45,38,'Palabra clave para recibir tu compra\r\n\r\nINDUSTRIA','Inicial','2021-12-07',144540,NULL,NULL,NULL,NULL,NULL,NULL,'2021-12-07 09:43:14.047791','2021-12-07 09:49:00.908555',295,'2021-12-07 09:49:00.910086',NULL,'~',3,42,27,0),(45,38,'Palabra clave para recibir tu compra\r\n\r\nINDUSTRIA','Validada','2021-12-07',144540,NULL,NULL,NULL,NULL,NULL,NULL,'2021-12-07 09:43:14.047791','2021-12-07 09:49:00.919175',296,'2021-12-07 09:49:00.920210',NULL,'~',3,42,27,0),(46,39,'Por favor incluir la siguiente glosa en la factura: DESARROLLO DE PORTAFOLIO DE POSTRES VEGETALES A BASE DE ALMENDRA Y DESECHOS DE SU PRODUCCIÓN”, código 19IR-LR-121872','Inicial','2021-12-07',0,NULL,NULL,NULL,NULL,NULL,NULL,'2021-12-07 09:50:35.548629','2021-12-07 09:50:35.548647',297,'2021-12-07 09:50:35.550521',NULL,'+',3,41,9,0),(46,39,'Por favor incluir la siguiente glosa en la factura: DESARROLLO DE PORTAFOLIO DE POSTRES VEGETALES A BASE DE ALMENDRA Y DESECHOS DE SU PRODUCCIÓN”, código 19IR-LR-121872','Inicial','2021-12-07',518000,NULL,NULL,NULL,NULL,NULL,NULL,'2021-12-07 09:50:35.548629','2021-12-07 09:50:36.637967',298,'2021-12-07 09:50:36.640016',NULL,'~',3,41,9,0),(47,40,'','Inicial','2021-12-07',0,NULL,NULL,NULL,NULL,NULL,NULL,'2021-12-07 09:56:53.955389','2021-12-07 09:56:53.955406',299,'2021-12-07 09:56:53.956674',NULL,'+',3,41,9,0),(47,40,'','Inicial','2021-12-07',509800,NULL,NULL,NULL,NULL,NULL,NULL,'2021-12-07 09:56:53.955389','2021-12-07 09:56:55.086437',300,'2021-12-07 09:56:55.088335',NULL,'~',3,41,9,0),(47,40,'Segun NC 5543 emitida por PRIMEC, monto bruto a pagar descontada NC es de 529.609','Inicial','2021-12-07',509800,NULL,NULL,NULL,NULL,NULL,NULL,'2021-12-07 09:56:53.955389','2021-12-07 09:58:24.640538',301,'2021-12-07 09:58:24.642095',NULL,'~',3,41,9,0),(47,40,'Segun NC 5543 emitida por PRIMEC, monto bruto a pagar descontada NC es de 529.609','Validada','2021-12-07',509800,NULL,NULL,NULL,NULL,NULL,NULL,'2021-12-07 09:56:53.955389','2021-12-07 09:58:24.654913',302,'2021-12-07 09:58:24.657069',NULL,'~',3,41,9,0),(48,41,'Por favor incluir la siguiente glosa en la factura: DESARROLLO DE PORTAFOLIO DE POSTRES VEGETALES A BASE DE ALMENDRA Y DESECHOS DE SU PRODUCCIÓN”, código 19IR-LR-121872','Inicial','2021-12-07',0,NULL,NULL,NULL,NULL,NULL,NULL,'2021-12-07 10:13:16.572325','2021-12-07 10:13:16.572345',303,'2021-12-07 10:13:16.573455',NULL,'+',3,42,27,0),(48,41,'Por favor incluir la siguiente glosa en la factura: DESARROLLO DE PORTAFOLIO DE POSTRES VEGETALES A BASE DE ALMENDRA Y DESECHOS DE SU PRODUCCIÓN”, código 19IR-LR-121872','Inicial','2021-12-07',8958.2,NULL,NULL,NULL,NULL,NULL,NULL,'2021-12-07 10:13:16.572325','2021-12-07 10:13:18.194968',304,'2021-12-07 10:13:18.197147',NULL,'~',3,42,27,0),(48,41,'Por favor incluir la siguiente glosa en la factura: DESARROLLO DE PORTAFOLIO DE POSTRES VEGETALES A BASE DE ALMENDRA Y DESECHOS DE SU PRODUCCIÓN”, código 19IR-LR-121872','Inicial','2021-12-07',8958.2,NULL,NULL,NULL,NULL,NULL,NULL,'2021-12-07 10:13:16.572325','2021-12-07 10:13:36.038588',305,'2021-12-07 10:13:36.039919',NULL,'~',3,42,27,0),(48,41,'Por favor incluir la siguiente glosa en la factura: DESARROLLO DE PORTAFOLIO DE POSTRES VEGETALES A BASE DE ALMENDRA Y DESECHOS DE SU PRODUCCIÓN”, código 19IR-LR-121872','Validada','2021-12-07',8958.2,NULL,NULL,NULL,NULL,NULL,NULL,'2021-12-07 10:13:16.572325','2021-12-07 10:13:36.054567',306,'2021-12-07 10:13:36.055494',NULL,'~',3,42,27,0),(49,42,'Por favor incluir la siguiente glosa en la factura: DESARROLLO DE PORTAFOLIO DE POSTRES VEGETALES A BASE DE ALMENDRA Y DESECHOS DE SU PRODUCCIÓN”, código 19IR-LR-121872','Inicial','2021-12-07',0,NULL,NULL,NULL,NULL,NULL,NULL,'2021-12-07 10:28:45.826773','2021-12-07 10:28:45.826791',307,'2021-12-07 10:28:45.828869',NULL,'+',3,41,17,0),(49,42,'Por favor incluir la siguiente glosa en la factura: DESARROLLO DE PORTAFOLIO DE POSTRES VEGETALES A BASE DE ALMENDRA Y DESECHOS DE SU PRODUCCIÓN”, código 19IR-LR-121872','Inicial','2021-12-07',580000,NULL,NULL,NULL,NULL,NULL,NULL,'2021-12-07 10:28:45.826773','2021-12-07 10:28:46.788412',308,'2021-12-07 10:28:46.790777',NULL,'~',3,41,17,0),(41,34,'Por favor incluir la siguiente glosa en la factura: DESARROLLO DE PORTAFOLIO DE POSTRES VEGETALES A BASE DE ALMENDRA Y DESECHOS DE SU PRODUCCIÓN”, código 19IR-LR-121872','Inicial','2021-12-02',158400,NULL,NULL,NULL,NULL,NULL,NULL,'2021-12-02 09:37:56.112053','2021-12-07 10:49:58.069432',309,'2021-12-07 10:49:58.071382',NULL,'~',3,41,15,0),(41,34,'Por favor incluir la siguiente glosa en la factura: DESARROLLO DE PORTAFOLIO DE POSTRES VEGETALES A BASE DE ALMENDRA Y DESECHOS DE SU PRODUCCIÓN”, código 19IR-LR-121872','Validada','2021-12-02',528000,NULL,NULL,NULL,NULL,NULL,NULL,'2021-12-02 09:37:56.112053','2021-12-07 10:49:58.085455',310,'2021-12-07 10:49:58.086921',NULL,'~',3,41,15,0),(50,43,'Por favor incluir la siguiente glosa en la factura: DESARROLLO DE PORTAFOLIO DE POSTRES VEGETALES A BASE DE ALMENDRA Y DESECHOS DE SU PRODUCCIÓN”, código 19IR-LR-121872','Inicial','2021-12-07',0,NULL,NULL,NULL,NULL,NULL,NULL,'2021-12-07 12:40:46.038961','2021-12-07 12:40:46.038983',311,'2021-12-07 12:40:46.040276',NULL,'+',3,42,27,0),(50,43,'Por favor incluir la siguiente glosa en la factura: DESARROLLO DE PORTAFOLIO DE POSTRES VEGETALES A BASE DE ALMENDRA Y DESECHOS DE SU PRODUCCIÓN”, código 19IR-LR-121872','Inicial','2021-12-07',20160,NULL,NULL,NULL,NULL,NULL,NULL,'2021-12-07 12:40:46.038961','2021-12-07 12:40:47.743983',312,'2021-12-07 12:40:47.745660',NULL,'~',3,42,27,0),(50,43,'Por favor incluir la siguiente glosa en la factura: DESARROLLO DE PORTAFOLIO DE POSTRES VEGETALES A BASE DE ALMENDRA Y DESECHOS DE SU PRODUCCIÓN”, código 19IR-LR-121872','Inicial','2021-12-07',20160,NULL,NULL,NULL,NULL,NULL,NULL,'2021-12-07 12:40:46.038961','2021-12-07 12:40:55.810454',313,'2021-12-07 12:40:55.812041',NULL,'~',3,42,27,0),(50,43,'Por favor incluir la siguiente glosa en la factura: DESARROLLO DE PORTAFOLIO DE POSTRES VEGETALES A BASE DE ALMENDRA Y DESECHOS DE SU PRODUCCIÓN”, código 19IR-LR-121872','Validada','2021-12-07',20160,NULL,NULL,NULL,NULL,NULL,NULL,'2021-12-07 12:40:46.038961','2021-12-07 12:40:55.835351',314,'2021-12-07 12:40:55.839860',NULL,'~',3,42,27,0),(5,4,'Por favor incluir la siguiente glosa en la factura: DESARROLLO\r\nDE PORTAFOLIO DE POSTRES VEGETALES A BASE DE\r\nALMENDRA Y DESECHOS DE SU PRODUCCIÓN”, código\r\n19IR-LR-121872','Inicial','2021-10-25',540000,NULL,NULL,NULL,NULL,NULL,NULL,'2021-10-25 17:25:00.654670','2021-12-07 12:45:42.631316',315,'2021-12-07 12:45:42.632867',NULL,'~',3,41,2,0),(5,4,'Por favor incluir la siguiente glosa en la factura: DESARROLLO\r\nDE PORTAFOLIO DE POSTRES VEGETALES A BASE DE\r\nALMENDRA Y DESECHOS DE SU PRODUCCIÓN”, código\r\n19IR-LR-121872','Validada','2021-10-25',540000,NULL,NULL,NULL,NULL,NULL,NULL,'2021-10-25 17:25:00.654670','2021-12-07 12:45:42.661055',316,'2021-12-07 12:45:42.667789',NULL,'~',3,41,2,0),(5,4,'Por favor incluir la siguiente glosa en la factura: DESARROLLO\r\nDE PORTAFOLIO DE POSTRES VEGETALES A BASE DE\r\nALMENDRA Y DESECHOS DE SU PRODUCCIÓN”, código\r\n19IR-LR-121872','Recepcionada','2021-10-25',540000,NULL,'224500','2021-12-07','2021-12-06',NULL,NULL,'2021-10-25 17:25:00.654670','2021-12-07 12:46:18.884513',317,'2021-12-07 12:46:18.885862',NULL,'~',3,41,2,0),(5,4,'Por favor incluir la siguiente glosa en la factura: DESARROLLO\r\nDE PORTAFOLIO DE POSTRES VEGETALES A BASE DE\r\nALMENDRA Y DESECHOS DE SU PRODUCCIÓN”, código\r\n19IR-LR-121872','Etiquetada','2021-10-25',540000,NULL,'224500','2021-12-07','2021-12-06',NULL,NULL,'2021-10-25 17:25:00.654670','2021-12-07 12:49:43.955718',318,'2021-12-07 12:49:43.956904',NULL,'~',3,41,2,0),(48,41,'Por favor incluir la siguiente glosa en la factura: DESARROLLO DE PORTAFOLIO DE POSTRES VEGETALES A BASE DE ALMENDRA Y DESECHOS DE SU PRODUCCIÓN”, código 19IR-LR-121872','Validada','2021-12-07',8958.2,NULL,NULL,NULL,NULL,NULL,NULL,'2021-12-07 10:13:16.572325','2021-12-08 01:23:28.893168',319,'2021-12-08 01:23:28.894677',NULL,'~',3,1,27,1),(50,43,'Por favor incluir la siguiente glosa en la factura: DESARROLLO DE PORTAFOLIO DE POSTRES VEGETALES A BASE DE ALMENDRA Y DESECHOS DE SU PRODUCCIÓN”, código 19IR-LR-121872','Validada','2021-12-07',20160,NULL,NULL,NULL,NULL,NULL,NULL,'2021-12-07 12:40:46.038961','2021-12-08 01:29:45.459381',320,'2021-12-08 01:29:45.461817',NULL,'~',3,1,27,1),(49,42,'Por favor incluir la siguiente glosa en la factura: DESARROLLO DE PORTAFOLIO DE POSTRES VEGETALES A BASE DE ALMENDRA Y DESECHOS DE SU PRODUCCIÓN”, código 19IR-LR-121872','Inicial','2021-12-07',580000,NULL,NULL,NULL,NULL,NULL,NULL,'2021-12-07 10:28:45.826773','2021-12-08 08:36:54.379230',321,'2021-12-08 08:36:54.381556',NULL,'~',3,1,17,1),(20,14,'Por favor incluir la siguiente glosa en la factura: DESARROLLO DE PORTAFOLIO DE POSTRES VEGETALES A BASE DE ALMENDRA Y DESECHOS DE SU PRODUCCIÓN”, código 19IR-LR-121872','Recepcionada','2021-11-15',626000,NULL,'12','2021-12-09','2021-12-01',NULL,NULL,'2021-11-15 13:46:33.689656','2021-12-09 16:25:27.969320',322,'2021-12-09 16:25:27.970870',NULL,'~',3,39,7,0),(20,14,'Por favor incluir la siguiente glosa en la factura: DESARROLLO DE PORTAFOLIO DE POSTRES VEGETALES A BASE DE ALMENDRA Y DESECHOS DE SU PRODUCCIÓN”, código 19IR-LR-121872','Etiquetada','2021-11-15',626000,NULL,'12','2021-12-09','2021-12-01',NULL,NULL,'2021-11-15 13:46:33.689656','2021-12-09 16:27:03.277436',323,'2021-12-09 16:27:03.278946',NULL,'~',3,39,7,0),(45,38,'Palabra clave para recibir tu compra\r\n\r\nINDUSTRIA','Recepcionada','2021-12-07',144540,NULL,'1','2021-12-09','2021-12-09',NULL,NULL,'2021-12-07 09:43:14.047791','2021-12-09 16:37:27.444155',324,'2021-12-09 16:37:27.446183',NULL,'~',3,39,27,0),(45,38,'Palabra clave para recibir tu compra\r\n\r\nINDUSTRIA','Etiquetada','2021-12-07',144540,NULL,'1','2021-12-09','2021-12-09',NULL,NULL,'2021-12-07 09:43:14.047791','2021-12-09 16:37:57.075604',325,'2021-12-09 16:37:57.076503',NULL,'~',3,39,27,0),(50,43,'Por favor incluir la siguiente glosa en la factura: DESARROLLO DE PORTAFOLIO DE POSTRES VEGETALES A BASE DE ALMENDRA Y DESECHOS DE SU PRODUCCIÓN”, código 19IR-LR-121872','Recepcionada','2021-12-07',20160,NULL,'12','2021-12-09','2021-12-09',NULL,NULL,'2021-12-07 12:40:46.038961','2021-12-09 17:11:19.441759',326,'2021-12-09 17:11:19.442880',NULL,'~',3,39,27,1),(50,43,'Por favor incluir la siguiente glosa en la factura: DESARROLLO DE PORTAFOLIO DE POSTRES VEGETALES A BASE DE ALMENDRA Y DESECHOS DE SU PRODUCCIÓN”, código 19IR-LR-121872','Etiquetada','2021-12-07',20160,NULL,'12','2021-12-09','2021-12-09',NULL,NULL,'2021-12-07 12:40:46.038961','2021-12-09 17:11:31.178944',327,'2021-12-09 17:11:31.180836',NULL,'~',3,39,27,1),(48,41,'Por favor incluir la siguiente glosa en la factura: DESARROLLO DE PORTAFOLIO DE POSTRES VEGETALES A BASE DE ALMENDRA Y DESECHOS DE SU PRODUCCIÓN”, código 19IR-LR-121872','Recepcionada','2021-12-07',8958.2,NULL,'1031','2021-12-09','2021-12-07',NULL,NULL,'2021-12-07 10:13:16.572325','2021-12-09 18:17:06.767311',328,'2021-12-09 18:17:06.768467',NULL,'~',3,39,27,1),(48,41,'Por favor incluir la siguiente glosa en la factura: DESARROLLO DE PORTAFOLIO DE POSTRES VEGETALES A BASE DE ALMENDRA Y DESECHOS DE SU PRODUCCIÓN”, código 19IR-LR-121872','Etiquetada','2021-12-07',8958.2,NULL,'1031','2021-12-09','2021-12-07',NULL,NULL,'2021-12-07 10:13:16.572325','2021-12-09 18:18:21.272138',329,'2021-12-09 18:18:21.273145',NULL,'~',3,39,27,1),(41,34,'Por favor incluir la siguiente glosa en la factura: DESARROLLO DE PORTAFOLIO DE POSTRES VEGETALES A BASE DE ALMENDRA Y DESECHOS DE SU PRODUCCIÓN”, código 19IR-LR-121872','Recepcionada','2021-12-02',528000,NULL,'17929','2021-12-10','2021-12-10',NULL,NULL,'2021-12-02 09:37:56.112053','2021-12-10 10:21:34.703703',330,'2021-12-10 10:21:34.705975',NULL,'~',3,39,15,0),(41,34,'Por favor incluir la siguiente glosa en la factura: DESARROLLO DE PORTAFOLIO DE POSTRES VEGETALES A BASE DE ALMENDRA Y DESECHOS DE SU PRODUCCIÓN”, código 19IR-LR-121872','Etiquetada','2021-12-02',528000,NULL,'17929','2021-12-10','2021-12-10',NULL,NULL,'2021-12-02 09:37:56.112053','2021-12-10 10:24:05.857746',331,'2021-12-10 10:24:05.859017',NULL,'~',3,39,15,0),(43,36,'Por favor incluir la siguiente glosa en la factura: DESARROLLO DE PORTAFOLIO DE POSTRES VEGETALES A BASE DE ALMENDRA Y DESECHOS DE SU PRODUCCIÓN”, código 19IR-LR-121872\r\nEsto es para destino san felipe','Recepcionada','2021-12-03',92368,NULL,'1','2021-12-10','2021-12-10',NULL,NULL,'2021-12-03 05:45:59.201703','2021-12-10 11:06:19.153538',332,'2021-12-10 11:06:19.154535',NULL,'~',3,39,26,0),(43,36,'Por favor incluir la siguiente glosa en la factura: DESARROLLO DE PORTAFOLIO DE POSTRES VEGETALES A BASE DE ALMENDRA Y DESECHOS DE SU PRODUCCIÓN”, código 19IR-LR-121872\r\nEsto es para destino san felipe','Etiquetada','2021-12-03',92368,NULL,'1','2021-12-10','2021-12-10',NULL,NULL,'2021-12-03 05:45:59.201703','2021-12-10 11:06:22.310456',333,'2021-12-10 11:06:22.311391',NULL,'~',3,39,26,0),(51,44,'Por favor incluir la siguiente glosa en la factura: DESARROLLO DE PORTAFOLIO DE POSTRES VEGETALES A BASE DE ALMENDRA Y DESECHOS DE SU PRODUCCIÓN”, código 19IR-LR-121872','Inicial','2021-12-10',0,NULL,NULL,NULL,NULL,NULL,NULL,'2021-12-10 11:39:09.043846','2021-12-10 11:39:09.043871',334,'2021-12-10 11:39:09.053886',NULL,'+',3,41,3,0),(51,44,'Por favor incluir la siguiente glosa en la factura: DESARROLLO DE PORTAFOLIO DE POSTRES VEGETALES A BASE DE ALMENDRA Y DESECHOS DE SU PRODUCCIÓN”, código 19IR-LR-121872','Inicial','2021-12-10',216000,NULL,NULL,NULL,NULL,NULL,NULL,'2021-12-10 11:39:09.043846','2021-12-10 11:39:10.994044',335,'2021-12-10 11:39:10.995790',NULL,'~',3,41,3,0),(52,45,'Por favor incluir la siguiente glosa en la factura: DESARROLLO DE PORTAFOLIO DE POSTRES VEGETALES A BASE DE ALMENDRA Y DESECHOS DE SU PRODUCCIÓN”, código 19IR-LR-121872','Inicial','2021-12-10',0,NULL,NULL,NULL,NULL,NULL,NULL,'2021-12-10 11:57:09.574696','2021-12-10 11:57:09.574713',336,'2021-12-10 11:57:09.575860',NULL,'+',3,41,3,0),(52,45,'Por favor incluir la siguiente glosa en la factura: DESARROLLO DE PORTAFOLIO DE POSTRES VEGETALES A BASE DE ALMENDRA Y DESECHOS DE SU PRODUCCIÓN”, código 19IR-LR-121872','Inicial','2021-12-10',27292,NULL,NULL,NULL,NULL,NULL,NULL,'2021-12-10 11:57:09.574696','2021-12-10 11:57:11.053411',337,'2021-12-10 11:57:11.055844',NULL,'~',3,41,3,0),(53,46,'Por favor incluir la siguiente glosa en la factura: DESARROLLO DE PORTAFOLIO DE POSTRES VEGETALES A BASE DE ALMENDRA Y DESECHOS DE SU PRODUCCIÓN”, código 19IR-LR-121872','Inicial','2021-12-10',0,NULL,NULL,NULL,NULL,NULL,NULL,'2021-12-10 11:59:46.834897','2021-12-10 11:59:46.834918',338,'2021-12-10 11:59:46.836155',NULL,'+',3,41,3,0),(53,46,'Por favor incluir la siguiente glosa en la factura: DESARROLLO DE PORTAFOLIO DE POSTRES VEGETALES A BASE DE ALMENDRA Y DESECHOS DE SU PRODUCCIÓN”, código 19IR-LR-121872','Inicial','2021-12-10',272920,NULL,NULL,NULL,NULL,NULL,NULL,'2021-12-10 11:59:46.834897','2021-12-10 11:59:47.922062',339,'2021-12-10 11:59:47.924011',NULL,'~',3,41,3,0),(54,47,'Por favor incluir la siguiente glosa en la factura: DESARROLLO DE PORTAFOLIO DE POSTRES VEGETALES A BASE DE ALMENDRA Y DESECHOS DE SU PRODUCCIÓN”, código 19IR-LR-121872','Inicial','2021-12-10',0,NULL,NULL,NULL,NULL,NULL,NULL,'2021-12-10 12:44:38.955033','2021-12-10 12:44:38.955056',340,'2021-12-10 12:44:38.958345',NULL,'+',3,41,17,0),(54,47,'Por favor incluir la siguiente glosa en la factura: DESARROLLO DE PORTAFOLIO DE POSTRES VEGETALES A BASE DE ALMENDRA Y DESECHOS DE SU PRODUCCIÓN”, código 19IR-LR-121872','Inicial','2021-12-10',400000,NULL,NULL,NULL,NULL,NULL,NULL,'2021-12-10 12:44:38.955033','2021-12-10 12:44:40.481891',341,'2021-12-10 12:44:40.483925',NULL,'~',3,41,17,0),(14,8,'Por favor incluir la siguiente glosa en la factura: DESARROLLO DE PORTAFOLIO DE POSTRES VEGETALES A BASE DE ALMENDRA Y DESECHOS DE SU PRODUCCIÓN”, código 19IR-LR-121872','Inicial','2021-11-02',663840,NULL,NULL,NULL,NULL,NULL,NULL,'2021-11-02 17:00:44.386784','2021-12-13 10:53:47.640086',342,'2021-12-13 10:53:47.642233',NULL,'~',3,39,6,0),(14,8,'Por favor incluir la siguiente glosa en la factura: DESARROLLO DE PORTAFOLIO DE POSTRES VEGETALES A BASE DE ALMENDRA Y DESECHOS DE SU PRODUCCIÓN”, código 19IR-LR-121872','Validada','2021-11-02',663840,NULL,NULL,NULL,NULL,NULL,NULL,'2021-11-02 17:00:44.386784','2021-12-13 10:53:47.657986',343,'2021-12-13 10:53:47.659142',NULL,'~',3,39,6,0),(14,8,'Por favor incluir la siguiente glosa en la factura: DESARROLLO DE PORTAFOLIO DE POSTRES VEGETALES A BASE DE ALMENDRA Y DESECHOS DE SU PRODUCCIÓN”, código 19IR-LR-121872','Recepcionada','2021-11-02',663840,NULL,'72379','2021-12-13','2021-12-13',NULL,NULL,'2021-11-02 17:00:44.386784','2021-12-13 10:56:16.703830',344,'2021-12-13 10:56:16.705539',NULL,'~',3,39,6,0),(14,8,'Por favor incluir la siguiente glosa en la factura: DESARROLLO DE PORTAFOLIO DE POSTRES VEGETALES A BASE DE ALMENDRA Y DESECHOS DE SU PRODUCCIÓN”, código 19IR-LR-121872','Etiquetada','2021-11-02',663840,NULL,'72379','2021-12-13','2021-12-13',NULL,NULL,'2021-11-02 17:00:44.386784','2021-12-13 11:07:26.465867',345,'2021-12-13 11:07:26.466692',NULL,'~',3,39,6,0),(53,46,'Por favor incluir la siguiente glosa en la factura: DESARROLLO DE PORTAFOLIO DE POSTRES VEGETALES A BASE DE ALMENDRA Y DESECHOS DE SU PRODUCCIÓN”, código 19IR-LR-121872','Inicial','2021-12-10',272920,NULL,NULL,NULL,NULL,NULL,NULL,'2021-12-10 11:59:46.834897','2021-12-13 11:09:50.997545',346,'2021-12-13 11:09:50.999030',NULL,'~',3,39,3,0),(53,46,'Por favor incluir la siguiente glosa en la factura: DESARROLLO DE PORTAFOLIO DE POSTRES VEGETALES A BASE DE ALMENDRA Y DESECHOS DE SU PRODUCCIÓN”, código 19IR-LR-121872','Validada','2021-12-10',272920,NULL,NULL,NULL,NULL,NULL,NULL,'2021-12-10 11:59:46.834897','2021-12-13 11:09:51.010269',347,'2021-12-13 11:09:51.011154',NULL,'~',3,39,3,0),(53,46,'Por favor incluir la siguiente glosa en la factura: DESARROLLO DE PORTAFOLIO DE POSTRES VEGETALES A BASE DE ALMENDRA Y DESECHOS DE SU PRODUCCIÓN”, código 19IR-LR-121872','Recepcionada','2021-12-10',272920,NULL,'291368','2021-12-13','2021-12-13',NULL,NULL,'2021-12-10 11:59:46.834897','2021-12-13 11:10:39.661443',348,'2021-12-13 11:10:39.662999',NULL,'~',3,39,3,0),(53,46,'Por favor incluir la siguiente glosa en la factura: DESARROLLO DE PORTAFOLIO DE POSTRES VEGETALES A BASE DE ALMENDRA Y DESECHOS DE SU PRODUCCIÓN”, código 19IR-LR-121872','Validada','2021-12-10',272920,NULL,'291368','2021-12-13','2021-12-13',NULL,NULL,'2021-12-10 11:59:46.834897','2021-12-13 11:11:34.376158',349,'2021-12-13 11:11:34.378812',NULL,'~',3,39,3,0),(53,46,'Por favor incluir la siguiente glosa en la factura: DESARROLLO DE PORTAFOLIO DE POSTRES VEGETALES A BASE DE ALMENDRA Y DESECHOS DE SU PRODUCCIÓN”, código 19IR-LR-121872','Recepcionada','2021-12-10',272920,NULL,'291368','2021-12-13','2021-12-13',NULL,NULL,'2021-12-10 11:59:46.834897','2021-12-13 11:13:55.038310',350,'2021-12-13 11:13:55.047510',NULL,'~',3,39,3,0),(53,46,'Por favor incluir la siguiente glosa en la factura: DESARROLLO DE PORTAFOLIO DE POSTRES VEGETALES A BASE DE ALMENDRA Y DESECHOS DE SU PRODUCCIÓN”, código 19IR-LR-121872','Etiquetada','2021-12-10',272920,NULL,'291368','2021-12-13','2021-12-13',NULL,NULL,'2021-12-10 11:59:46.834897','2021-12-13 11:16:11.366960',351,'2021-12-13 11:16:11.367786',NULL,'~',3,39,3,0),(55,48,'Por favor incluir la siguiente glosa en la factura: DESARROLLO DE PORTAFOLIO DE POSTRES VEGETALES A BASE DE ALMENDRA Y DESECHOS DE SU PRODUCCIÓN”, código 19IR-LR-121872','Inicial','2021-12-13',0,NULL,NULL,NULL,NULL,NULL,NULL,'2021-12-13 14:49:03.436376','2021-12-13 14:49:03.436395',352,'2021-12-13 14:49:03.438132',NULL,'+',3,39,29,0),(55,48,'Por favor incluir la siguiente glosa en la factura: DESARROLLO DE PORTAFOLIO DE POSTRES VEGETALES A BASE DE ALMENDRA Y DESECHOS DE SU PRODUCCIÓN”, código 19IR-LR-121872','Inicial','2021-12-13',190107,NULL,NULL,NULL,NULL,NULL,NULL,'2021-12-13 14:49:03.436376','2021-12-13 14:49:05.322558',353,'2021-12-13 14:49:05.324353',NULL,'~',3,39,29,0),(55,48,'Por favor incluir la siguiente glosa en la factura: DESARROLLO DE PORTAFOLIO DE POSTRES VEGETALES A BASE DE ALMENDRA Y DESECHOS DE SU PRODUCCIÓN”, código 19IR-LR-121872','Inicial','2021-12-13',190107,NULL,NULL,NULL,NULL,NULL,NULL,'2021-12-13 14:49:03.436376','2021-12-13 14:49:05.322558',354,'2021-12-13 14:50:41.321389',NULL,'-',3,39,29,0),(56,48,'Por favor incluir la siguiente glosa en la factura: DESARROLLO DE PORTAFOLIO DE POSTRES VEGETALES A BASE DE ALMENDRA Y DESECHOS DE SU PRODUCCIÓN”, código 19IR-LR-121872','Inicial','2021-12-13',0,NULL,NULL,NULL,NULL,NULL,NULL,'2021-12-13 15:10:56.312117','2021-12-13 15:10:56.312134',355,'2021-12-13 15:10:56.313385',NULL,'+',3,39,29,0),(56,48,'Por favor incluir la siguiente glosa en la factura: DESARROLLO DE PORTAFOLIO DE POSTRES VEGETALES A BASE DE ALMENDRA Y DESECHOS DE SU PRODUCCIÓN”, código 19IR-LR-121872','Inicial','2021-12-13',205782,NULL,NULL,NULL,NULL,NULL,NULL,'2021-12-13 15:10:56.312117','2021-12-13 15:10:57.588515',356,'2021-12-13 15:10:57.590358',NULL,'~',3,39,29,0),(56,48,'Por favor incluir la siguiente glosa en la factura: DESARROLLO DE PORTAFOLIO DE POSTRES VEGETALES A BASE DE ALMENDRA Y DESECHOS DE SU PRODUCCIÓN”, código 19IR-LR-121872','Inicial','2021-12-13',205782,NULL,NULL,NULL,NULL,NULL,NULL,'2021-12-13 15:10:56.312117','2021-12-13 15:11:35.194816',357,'2021-12-13 15:11:35.197166',NULL,'~',3,39,29,0),(56,48,'Por favor incluir la siguiente glosa en la factura: DESARROLLO DE PORTAFOLIO DE POSTRES VEGETALES A BASE DE ALMENDRA Y DESECHOS DE SU PRODUCCIÓN”, código 19IR-LR-121872','Validada','2021-12-13',205782,NULL,NULL,NULL,NULL,NULL,NULL,'2021-12-13 15:10:56.312117','2021-12-13 15:11:35.218100',358,'2021-12-13 15:11:35.218827',NULL,'~',3,39,29,0),(56,48,'Por favor incluir la siguiente glosa en la factura: DESARROLLO DE PORTAFOLIO DE POSTRES VEGETALES A BASE DE ALMENDRA Y DESECHOS DE SU PRODUCCIÓN”, código 19IR-LR-121872','Recepcionada','2021-12-13',205782,NULL,'0000127695','2021-12-13','2021-12-13',NULL,NULL,'2021-12-13 15:10:56.312117','2021-12-13 15:13:05.042293',359,'2021-12-13 15:13:05.043777',NULL,'~',3,39,29,0),(56,48,'Por favor incluir la siguiente glosa en la factura: DESARROLLO DE PORTAFOLIO DE POSTRES VEGETALES A BASE DE ALMENDRA Y DESECHOS DE SU PRODUCCIÓN”, código 19IR-LR-121872','Etiquetada','2021-12-13',205782,NULL,'0000127695','2021-12-13','2021-12-13',NULL,NULL,'2021-12-13 15:10:56.312117','2021-12-13 15:13:36.826243',360,'2021-12-13 15:13:36.827129',NULL,'~',3,39,29,0),(57,49,'Por favor incluir la siguiente glosa en la factura: DESARROLLO DE PORTAFOLIO DE POSTRES VEGETALES A BASE DE ALMENDRA Y DESECHOS DE SU PRODUCCIÓN”, código 19IR-LR-121872','Inicial','2021-12-13',0,NULL,NULL,NULL,NULL,NULL,NULL,'2021-12-13 17:10:19.378935','2021-12-13 17:10:19.378957',361,'2021-12-13 17:10:19.380863',NULL,'+',3,39,27,0),(57,49,'Por favor incluir la siguiente glosa en la factura: DESARROLLO DE PORTAFOLIO DE POSTRES VEGETALES A BASE DE ALMENDRA Y DESECHOS DE SU PRODUCCIÓN”, código 19IR-LR-121872','Inicial','2021-12-13',7690,NULL,NULL,NULL,NULL,NULL,NULL,'2021-12-13 17:10:19.378935','2021-12-13 17:10:20.958862',362,'2021-12-13 17:10:20.961581',NULL,'~',3,39,27,0),(34,27,'Por favor incluir la siguiente glosa en la factura: DESARROLLO DE PORTAFOLIO DE POSTRES VEGETALES A BASE DE ALMENDRA Y DESECHOS DE SU PRODUCCIÓN”, código 19IR-LR-121872','Inicial','2021-11-24',455174.80000000005,NULL,NULL,NULL,NULL,NULL,NULL,'2021-11-24 15:07:16.055397','2021-12-14 16:45:43.355131',363,'2021-12-14 16:45:43.357158',NULL,'~',3,39,21,0),(34,27,'Por favor incluir la siguiente glosa en la factura: DESARROLLO DE PORTAFOLIO DE POSTRES VEGETALES A BASE DE ALMENDRA Y DESECHOS DE SU PRODUCCIÓN”, código 19IR-LR-121872','Validada','2021-11-24',455174.80000000005,NULL,NULL,NULL,NULL,NULL,NULL,'2021-11-24 15:07:16.055397','2021-12-14 16:45:43.370404',364,'2021-12-14 16:45:43.371344',NULL,'~',3,39,21,0),(34,27,'Por favor incluir la siguiente glosa en la factura: DESARROLLO DE PORTAFOLIO DE POSTRES VEGETALES A BASE DE ALMENDRA Y DESECHOS DE SU PRODUCCIÓN”, código 19IR-LR-121872','Inicial','2021-11-24',455174.80000000005,NULL,NULL,NULL,NULL,NULL,NULL,'2021-11-24 15:07:16.055397','2021-12-14 16:46:14.942855',365,'2021-12-14 16:46:14.944406',NULL,'~',3,39,21,0),(34,27,'Por favor incluir la siguiente glosa en la factura: DESARROLLO DE PORTAFOLIO DE POSTRES VEGETALES A BASE DE ALMENDRA Y DESECHOS DE SU PRODUCCIÓN”, código 19IR-LR-121872','Inicial','2021-11-24',455174.80000000005,NULL,NULL,NULL,NULL,NULL,NULL,'2021-11-24 15:07:16.055397','2021-12-14 16:49:14.397732',366,'2021-12-14 16:49:14.399714',NULL,'~',3,39,21,0),(34,27,'Por favor incluir la siguiente glosa en la factura: DESARROLLO DE PORTAFOLIO DE POSTRES VEGETALES A BASE DE ALMENDRA Y DESECHOS DE SU PRODUCCIÓN”, código 19IR-LR-121872','Validada','2021-11-24',455174.80000000005,NULL,NULL,NULL,NULL,NULL,NULL,'2021-11-24 15:07:16.055397','2021-12-14 16:49:14.417413',367,'2021-12-14 16:49:14.418433',NULL,'~',3,39,21,0),(34,27,'Por favor incluir la siguiente glosa en la factura: DESARROLLO DE PORTAFOLIO DE POSTRES VEGETALES A BASE DE ALMENDRA Y DESECHOS DE SU PRODUCCIÓN”, código 19IR-LR-121872','Recepcionada','2021-11-24',475528.75,NULL,'68075','2021-12-14','2021-12-14',NULL,NULL,'2021-11-24 15:07:16.055397','2021-12-14 16:56:36.823406',368,'2021-12-14 16:56:36.824634',NULL,'~',3,39,21,0),(34,27,'Por favor incluir la siguiente glosa en la factura: DESARROLLO DE PORTAFOLIO DE POSTRES VEGETALES A BASE DE ALMENDRA Y DESECHOS DE SU PRODUCCIÓN”, código 19IR-LR-121872','Etiquetada','2021-11-24',475528.75,NULL,'68075','2021-12-14','2021-12-14',NULL,NULL,'2021-11-24 15:07:16.055397','2021-12-14 16:59:23.084394',369,'2021-12-14 16:59:23.085335',NULL,'~',3,39,21,0),(58,50,'Por favor incluir la siguiente glosa en la factura: DESARROLLO DE PORTAFOLIO DE POSTRES VEGETALES A BASE DE ALMENDRA Y DESECHOS DE SU PRODUCCIÓN”, código 19IR-LR-121872','Inicial','2021-12-15',0,NULL,NULL,NULL,NULL,NULL,NULL,'2021-12-15 12:01:00.063648','2021-12-15 12:01:00.063678',370,'2021-12-15 12:01:00.067419',NULL,'+',4,41,30,0),(58,50,'Por favor incluir la siguiente glosa en la factura: DESARROLLO DE PORTAFOLIO DE POSTRES VEGETALES A BASE DE ALMENDRA Y DESECHOS DE SU PRODUCCIÓN”, código 19IR-LR-121872','Inicial','2021-12-15',23400,NULL,NULL,NULL,NULL,NULL,NULL,'2021-12-15 12:01:00.063648','2021-12-15 12:01:02.240469',371,'2021-12-15 12:01:02.242742',NULL,'~',4,41,30,0),(58,50,'Por favor incluir la siguiente glosa en la factura: DESARROLLO DE PORTAFOLIO DE POSTRES VEGETALES A BASE DE ALMENDRA Y DESECHOS DE SU PRODUCCIÓN”, código 19IR-LR-121872','Inicial','2021-12-15',23400,NULL,NULL,NULL,NULL,NULL,NULL,'2021-12-15 12:01:00.063648','2021-12-15 12:01:14.940967',372,'2021-12-15 12:01:14.942738',NULL,'~',4,41,30,0),(58,50,'Por favor incluir la siguiente glosa en la factura: DESARROLLO DE PORTAFOLIO DE POSTRES VEGETALES A BASE DE ALMENDRA Y DESECHOS DE SU PRODUCCIÓN”, código 19IR-LR-121872','Validada','2021-12-15',23400,NULL,NULL,NULL,NULL,NULL,NULL,'2021-12-15 12:01:00.063648','2021-12-15 12:01:14.952568',373,'2021-12-15 12:01:14.953550',NULL,'~',4,41,30,0),(58,50,'Por favor incluir la siguiente glosa en la factura: DESARROLLO DE PORTAFOLIO DE POSTRES VEGETALES A BASE DE ALMENDRA Y DESECHOS DE SU PRODUCCIÓN”, código 19IR-LR-121872','Recepcionada','2021-12-15',23400,NULL,'1','2021-12-15','2021-12-15',NULL,NULL,'2021-12-15 12:01:00.063648','2021-12-15 12:02:09.166163',374,'2021-12-15 12:02:09.167348',NULL,'~',4,41,30,0),(58,50,'Por favor incluir la siguiente glosa en la factura: DESARROLLO DE PORTAFOLIO DE POSTRES VEGETALES A BASE DE ALMENDRA Y DESECHOS DE SU PRODUCCIÓN”, código 19IR-LR-121872','Etiquetada','2021-12-15',23400,NULL,'1','2021-12-15','2021-12-15',NULL,NULL,'2021-12-15 12:01:00.063648','2021-12-15 12:02:14.784603',375,'2021-12-15 12:02:14.785470',NULL,'~',4,41,30,0),(59,51,'Por favor incluir la siguiente glosa en la factura: DESARROLLO DE PORTAFOLIO DE POSTRES VEGETALES A BASE DE ALMENDRA Y DESECHOS DE SU PRODUCCIÓN”, código 19IR-LR-121872','Inicial','2021-12-15',0,NULL,NULL,NULL,NULL,NULL,NULL,'2021-12-15 12:03:01.894618','2021-12-15 12:03:01.894638',376,'2021-12-15 12:03:01.895857',NULL,'+',4,41,28,0),(59,51,'Por favor incluir la siguiente glosa en la factura: DESARROLLO DE PORTAFOLIO DE POSTRES VEGETALES A BASE DE ALMENDRA Y DESECHOS DE SU PRODUCCIÓN”, código 19IR-LR-121872','Inicial','2021-12-15',203750,NULL,NULL,NULL,NULL,NULL,NULL,'2021-12-15 12:03:01.894618','2021-12-15 12:03:03.086255',377,'2021-12-15 12:03:03.088185',NULL,'~',4,41,28,0),(59,51,'Por favor incluir la siguiente glosa en la factura: DESARROLLO DE PORTAFOLIO DE POSTRES VEGETALES A BASE DE ALMENDRA Y DESECHOS DE SU PRODUCCIÓN”, código 19IR-LR-121872','Inicial','2021-12-15',203750,NULL,NULL,NULL,NULL,NULL,NULL,'2021-12-15 12:03:01.894618','2021-12-15 12:03:15.245720',378,'2021-12-15 12:03:15.248622',NULL,'~',4,41,28,0),(59,51,'Por favor incluir la siguiente glosa en la factura: DESARROLLO DE PORTAFOLIO DE POSTRES VEGETALES A BASE DE ALMENDRA Y DESECHOS DE SU PRODUCCIÓN”, código 19IR-LR-121872','Validada','2021-12-15',203750,NULL,NULL,NULL,NULL,NULL,NULL,'2021-12-15 12:03:01.894618','2021-12-15 12:03:15.313209',379,'2021-12-15 12:03:15.315952',NULL,'~',4,41,28,0),(59,51,'Por favor incluir la siguiente glosa en la factura: DESARROLLO DE PORTAFOLIO DE POSTRES VEGETALES A BASE DE ALMENDRA Y DESECHOS DE SU PRODUCCIÓN”, código 19IR-LR-121872','Recepcionada','2021-12-15',203750,NULL,'1','2021-12-15','2021-12-15',NULL,NULL,'2021-12-15 12:03:01.894618','2021-12-15 12:03:29.637049',380,'2021-12-15 12:03:29.637877',NULL,'~',4,41,28,0),(59,51,'Por favor incluir la siguiente glosa en la factura: DESARROLLO DE PORTAFOLIO DE POSTRES VEGETALES A BASE DE ALMENDRA Y DESECHOS DE SU PRODUCCIÓN”, código 19IR-LR-121872','Etiquetada','2021-12-15',203750,NULL,'1','2021-12-15','2021-12-15',NULL,NULL,'2021-12-15 12:03:01.894618','2021-12-15 12:03:32.853029',381,'2021-12-15 12:03:32.853864',NULL,'~',4,41,28,0),(60,52,'Por favor incluir la siguiente glosa en la factura: DESARROLLO DE PORTAFOLIO DE POSTRES VEGETALES A BASE DE ALMENDRA Y DESECHOS DE SU PRODUCCIÓN”, código 19IR-LR-121872','Inicial','2021-12-15',0,NULL,NULL,NULL,NULL,NULL,NULL,'2021-12-15 12:19:34.399092','2021-12-15 12:19:34.399108',382,'2021-12-15 12:19:34.400133',NULL,'+',4,41,9,0),(60,52,'Por favor incluir la siguiente glosa en la factura: DESARROLLO DE PORTAFOLIO DE POSTRES VEGETALES A BASE DE ALMENDRA Y DESECHOS DE SU PRODUCCIÓN”, código 19IR-LR-121872','Inicial','2021-12-15',64750,NULL,NULL,NULL,NULL,NULL,NULL,'2021-12-15 12:19:34.399092','2021-12-15 12:19:36.127974',383,'2021-12-15 12:19:36.129996',NULL,'~',4,41,9,0),(60,52,'Por favor incluir la siguiente glosa en la factura: DESARROLLO DE PORTAFOLIO DE POSTRES VEGETALES A BASE DE ALMENDRA Y DESECHOS DE SU PRODUCCIÓN”, código 19IR-LR-121872','Inicial','2021-12-15',64750,NULL,NULL,NULL,NULL,NULL,NULL,'2021-12-15 12:19:34.399092','2021-12-15 12:19:47.343055',384,'2021-12-15 12:19:47.344448',NULL,'~',4,41,9,0),(60,52,'Por favor incluir la siguiente glosa en la factura: DESARROLLO DE PORTAFOLIO DE POSTRES VEGETALES A BASE DE ALMENDRA Y DESECHOS DE SU PRODUCCIÓN”, código 19IR-LR-121872','Validada','2021-12-15',64750,NULL,NULL,NULL,NULL,NULL,NULL,'2021-12-15 12:19:34.399092','2021-12-15 12:19:47.353086',385,'2021-12-15 12:19:47.353862',NULL,'~',4,41,9,0),(60,52,'Por favor incluir la siguiente glosa en la factura: DESARROLLO DE PORTAFOLIO DE POSTRES VEGETALES A BASE DE ALMENDRA Y DESECHOS DE SU PRODUCCIÓN”, código 19IR-LR-121872','Recepcionada','2021-12-15',64750,NULL,'1','2021-12-15','2021-12-15',NULL,NULL,'2021-12-15 12:19:34.399092','2021-12-15 12:20:02.639871',386,'2021-12-15 12:20:02.641260',NULL,'~',4,41,9,0),(60,52,'Por favor incluir la siguiente glosa en la factura: DESARROLLO DE PORTAFOLIO DE POSTRES VEGETALES A BASE DE ALMENDRA Y DESECHOS DE SU PRODUCCIÓN”, código 19IR-LR-121872','Etiquetada','2021-12-15',64750,NULL,'1','2021-12-15','2021-12-15',NULL,NULL,'2021-12-15 12:19:34.399092','2021-12-15 12:20:09.696598',387,'2021-12-15 12:20:09.697917',NULL,'~',4,41,9,0),(61,53,'Por favor incluir la siguiente glosa en la factura: DESARROLLO DE PORTAFOLIO DE POSTRES VEGETALES A BASE DE ALMENDRA Y DESECHOS DE SU PRODUCCIÓN”, código 19IR-LR-121872','Inicial','2021-12-15',0,NULL,NULL,NULL,NULL,NULL,NULL,'2021-12-15 12:22:00.031071','2021-12-15 12:22:00.031088',388,'2021-12-15 12:22:00.032049',NULL,'+',4,41,28,0),(61,53,'Por favor incluir la siguiente glosa en la factura: DESARROLLO DE PORTAFOLIO DE POSTRES VEGETALES A BASE DE ALMENDRA Y DESECHOS DE SU PRODUCCIÓN”, código 19IR-LR-121872','Inicial','2021-12-15',203750,NULL,NULL,NULL,NULL,NULL,NULL,'2021-12-15 12:22:00.031071','2021-12-15 12:22:01.237680',389,'2021-12-15 12:22:01.239749',NULL,'~',4,41,28,0),(61,53,'Por favor incluir la siguiente glosa en la factura: DESARROLLO DE PORTAFOLIO DE POSTRES VEGETALES A BASE DE ALMENDRA Y DESECHOS DE SU PRODUCCIÓN”, código 19IR-LR-121872','Inicial','2021-12-15',203750,NULL,NULL,NULL,NULL,NULL,NULL,'2021-12-15 12:22:00.031071','2021-12-15 12:22:09.315716',390,'2021-12-15 12:22:09.317327',NULL,'~',4,41,28,0),(61,53,'Por favor incluir la siguiente glosa en la factura: DESARROLLO DE PORTAFOLIO DE POSTRES VEGETALES A BASE DE ALMENDRA Y DESECHOS DE SU PRODUCCIÓN”, código 19IR-LR-121872','Validada','2021-12-15',203750,NULL,NULL,NULL,NULL,NULL,NULL,'2021-12-15 12:22:00.031071','2021-12-15 12:22:09.328408',391,'2021-12-15 12:22:09.329475',NULL,'~',4,41,28,0),(61,53,'Por favor incluir la siguiente glosa en la factura: DESARROLLO DE PORTAFOLIO DE POSTRES VEGETALES A BASE DE ALMENDRA Y DESECHOS DE SU PRODUCCIÓN”, código 19IR-LR-121872','Recepcionada','2021-12-15',203750,NULL,'1','2021-12-15','2021-12-15',NULL,NULL,'2021-12-15 12:22:00.031071','2021-12-15 12:22:24.473564',392,'2021-12-15 12:22:24.474446',NULL,'~',4,41,28,0),(61,53,'Por favor incluir la siguiente glosa en la factura: DESARROLLO DE PORTAFOLIO DE POSTRES VEGETALES A BASE DE ALMENDRA Y DESECHOS DE SU PRODUCCIÓN”, código 19IR-LR-121872','Etiquetada','2021-12-15',203750,NULL,'1','2021-12-15','2021-12-15',NULL,NULL,'2021-12-15 12:22:00.031071','2021-12-15 12:22:32.743901',393,'2021-12-15 12:22:32.744841',NULL,'~',4,41,28,0),(62,54,'Por favor incluir la siguiente glosa en la factura: DESARROLLO DE PORTAFOLIO DE POSTRES VEGETALES A BASE DE ALMENDRA Y DESECHOS DE SU PRODUCCIÓN”, código 19IR-LR-121872','Inicial','2021-12-15',0,NULL,NULL,NULL,NULL,NULL,NULL,'2021-12-15 12:23:36.898229','2021-12-15 12:23:36.898245',394,'2021-12-15 12:23:36.899342',NULL,'+',4,41,14,0),(62,54,'Por favor incluir la siguiente glosa en la factura: DESARROLLO DE PORTAFOLIO DE POSTRES VEGETALES A BASE DE ALMENDRA Y DESECHOS DE SU PRODUCCIÓN”, código 19IR-LR-121872','Inicial','2021-12-15',243308.30000000002,NULL,NULL,NULL,NULL,NULL,NULL,'2021-12-15 12:23:36.898229','2021-12-15 12:23:38.014152',395,'2021-12-15 12:23:38.016106',NULL,'~',4,41,14,0),(62,54,'Por favor incluir la siguiente glosa en la factura: DESARROLLO DE PORTAFOLIO DE POSTRES VEGETALES A BASE DE ALMENDRA Y DESECHOS DE SU PRODUCCIÓN”, código 19IR-LR-121872','Inicial','2021-12-15',243308.30000000002,NULL,NULL,NULL,NULL,NULL,NULL,'2021-12-15 12:23:36.898229','2021-12-15 12:23:45.362395',396,'2021-12-15 12:23:45.363891',NULL,'~',4,41,14,0),(62,54,'Por favor incluir la siguiente glosa en la factura: DESARROLLO DE PORTAFOLIO DE POSTRES VEGETALES A BASE DE ALMENDRA Y DESECHOS DE SU PRODUCCIÓN”, código 19IR-LR-121872','Validada','2021-12-15',243308.30000000002,NULL,NULL,NULL,NULL,NULL,NULL,'2021-12-15 12:23:36.898229','2021-12-15 12:23:45.371996',397,'2021-12-15 12:23:45.373450',NULL,'~',4,41,14,0),(62,54,'Por favor incluir la siguiente glosa en la factura: DESARROLLO DE PORTAFOLIO DE POSTRES VEGETALES A BASE DE ALMENDRA Y DESECHOS DE SU PRODUCCIÓN”, código 19IR-LR-121872','Recepcionada','2021-12-15',243308.30000000002,NULL,'1','2021-12-15','2021-12-08',NULL,NULL,'2021-12-15 12:23:36.898229','2021-12-15 12:23:59.014891',398,'2021-12-15 12:23:59.015769',NULL,'~',4,41,14,0),(62,54,'Por favor incluir la siguiente glosa en la factura: DESARROLLO DE PORTAFOLIO DE POSTRES VEGETALES A BASE DE ALMENDRA Y DESECHOS DE SU PRODUCCIÓN”, código 19IR-LR-121872','Etiquetada','2021-12-15',243308.30000000002,NULL,'1','2021-12-15','2021-12-08',NULL,NULL,'2021-12-15 12:23:36.898229','2021-12-15 12:24:03.148947',399,'2021-12-15 12:24:03.149802',NULL,'~',4,41,14,0),(63,55,'Por favor incluir la siguiente glosa en la factura: DESARROLLO DE PORTAFOLIO DE POSTRES VEGETALES A BASE DE ALMENDRA Y DESECHOS DE SU PRODUCCIÓN”, código 19IR-LR-121872','Inicial','2021-12-15',0,NULL,NULL,NULL,NULL,NULL,NULL,'2021-12-15 12:24:38.285328','2021-12-15 12:24:38.285344',400,'2021-12-15 12:24:38.323868',NULL,'+',4,41,4,0),(63,55,'Por favor incluir la siguiente glosa en la factura: DESARROLLO DE PORTAFOLIO DE POSTRES VEGETALES A BASE DE ALMENDRA Y DESECHOS DE SU PRODUCCIÓN”, código 19IR-LR-121872','Inicial','2021-12-15',71700,NULL,NULL,NULL,NULL,NULL,NULL,'2021-12-15 12:24:38.285328','2021-12-15 12:24:39.478181',401,'2021-12-15 12:24:39.480076',NULL,'~',4,41,4,0),(63,55,'Por favor incluir la siguiente glosa en la factura: DESARROLLO DE PORTAFOLIO DE POSTRES VEGETALES A BASE DE ALMENDRA Y DESECHOS DE SU PRODUCCIÓN”, código 19IR-LR-121872','Inicial','2021-12-15',71700,NULL,NULL,NULL,NULL,NULL,NULL,'2021-12-15 12:24:38.285328','2021-12-15 12:24:46.411885',402,'2021-12-15 12:24:46.413637',NULL,'~',4,41,4,0),(63,55,'Por favor incluir la siguiente glosa en la factura: DESARROLLO DE PORTAFOLIO DE POSTRES VEGETALES A BASE DE ALMENDRA Y DESECHOS DE SU PRODUCCIÓN”, código 19IR-LR-121872','Validada','2021-12-15',71700,NULL,NULL,NULL,NULL,NULL,NULL,'2021-12-15 12:24:38.285328','2021-12-15 12:24:46.423369',403,'2021-12-15 12:24:46.424851',NULL,'~',4,41,4,0),(63,55,'Por favor incluir la siguiente glosa en la factura: DESARROLLO DE PORTAFOLIO DE POSTRES VEGETALES A BASE DE ALMENDRA Y DESECHOS DE SU PRODUCCIÓN”, código 19IR-LR-121872','Recepcionada','2021-12-15',71700,NULL,'1','2021-12-15','2021-12-15',NULL,NULL,'2021-12-15 12:24:38.285328','2021-12-15 12:24:58.563256',404,'2021-12-15 12:24:58.564709',NULL,'~',4,41,4,0),(63,55,'Por favor incluir la siguiente glosa en la factura: DESARROLLO DE PORTAFOLIO DE POSTRES VEGETALES A BASE DE ALMENDRA Y DESECHOS DE SU PRODUCCIÓN”, código 19IR-LR-121872','Etiquetada','2021-12-15',71700,NULL,'1','2021-12-15','2021-12-15',NULL,NULL,'2021-12-15 12:24:38.285328','2021-12-15 12:25:00.884037',405,'2021-12-15 12:25:00.885566',NULL,'~',4,41,4,0),(64,56,'Por favor incluir la siguiente glosa en la factura: DESARROLLO DE PORTAFOLIO DE POSTRES VEGETALES A BASE DE ALMENDRA Y DESECHOS DE SU PRODUCCIÓN”, código 19IR-LR-121872','Inicial','2021-12-15',0,NULL,NULL,NULL,NULL,NULL,NULL,'2021-12-15 12:28:41.142012','2021-12-15 12:28:41.142027',406,'2021-12-15 12:28:41.148791',NULL,'+',4,41,22,0),(64,56,'Por favor incluir la siguiente glosa en la factura: DESARROLLO DE PORTAFOLIO DE POSTRES VEGETALES A BASE DE ALMENDRA Y DESECHOS DE SU PRODUCCIÓN”, código 19IR-LR-121872','Inicial','2021-12-15',15200,NULL,NULL,NULL,NULL,NULL,NULL,'2021-12-15 12:28:41.142012','2021-12-15 12:28:42.291268',407,'2021-12-15 12:28:42.293258',NULL,'~',4,41,22,0),(64,56,'Por favor incluir la siguiente glosa en la factura: DESARROLLO DE PORTAFOLIO DE POSTRES VEGETALES A BASE DE ALMENDRA Y DESECHOS DE SU PRODUCCIÓN”, código 19IR-LR-121872','Inicial','2021-12-15',15200,NULL,NULL,NULL,NULL,NULL,NULL,'2021-12-15 12:28:41.142012','2021-12-15 13:31:19.410613',408,'2021-12-15 13:31:19.412111',NULL,'~',4,41,22,0),(64,56,'Por favor incluir la siguiente glosa en la factura: DESARROLLO DE PORTAFOLIO DE POSTRES VEGETALES A BASE DE ALMENDRA Y DESECHOS DE SU PRODUCCIÓN”, código 19IR-LR-121872','Validada','2021-12-15',15200,NULL,NULL,NULL,NULL,NULL,NULL,'2021-12-15 12:28:41.142012','2021-12-15 13:31:19.423156',409,'2021-12-15 13:31:19.424730',NULL,'~',4,41,22,0),(64,56,'Por favor incluir la siguiente glosa en la factura: DESARROLLO DE PORTAFOLIO DE POSTRES VEGETALES A BASE DE ALMENDRA Y DESECHOS DE SU PRODUCCIÓN”, código 19IR-LR-121872','Recepcionada','2021-12-15',15200,NULL,'1','2021-12-15','2021-12-15',NULL,NULL,'2021-12-15 12:28:41.142012','2021-12-15 13:31:33.710066',410,'2021-12-15 13:31:33.710950',NULL,'~',4,41,22,0),(64,56,'Por favor incluir la siguiente glosa en la factura: DESARROLLO DE PORTAFOLIO DE POSTRES VEGETALES A BASE DE ALMENDRA Y DESECHOS DE SU PRODUCCIÓN”, código 19IR-LR-121872','Etiquetada','2021-12-15',15200,NULL,'1','2021-12-15','2021-12-15',NULL,NULL,'2021-12-15 12:28:41.142012','2021-12-15 13:31:36.138873',411,'2021-12-15 13:31:36.140316',NULL,'~',4,41,22,0),(60,52,'Por favor incluir la siguiente glosa en la factura: DESARROLLO DE PORTAFOLIO DE POSTRES VEGETALES A BASE DE ALMENDRA Y DESECHOS DE SU PRODUCCIÓN”, código 19IR-LR-121872','Recepcionada','2021-12-15',64750,NULL,'1','2021-12-15','2021-12-15',NULL,NULL,'2021-12-15 12:19:34.399092','2021-12-15 13:37:48.416807',412,'2021-12-15 13:37:48.418170',NULL,'~',4,41,9,0),(60,52,'Por favor incluir la siguiente glosa en la factura: DESARROLLO DE PORTAFOLIO DE POSTRES VEGETALES A BASE DE ALMENDRA Y DESECHOS DE SU PRODUCCIÓN”, código 19IR-LR-121872','Etiquetada','2021-12-15',64750,NULL,'1','2021-12-15','2021-12-15',NULL,NULL,'2021-12-15 12:19:34.399092','2021-12-15 13:38:03.861617',413,'2021-12-15 13:38:03.863022',NULL,'~',4,41,9,0),(65,57,'Por favor incluir la siguiente glosa en la factura: DESARROLLO DE PORTAFOLIO DE POSTRES VEGETALES A BASE DE ALMENDRA Y DESECHOS DE SU PRODUCCIÓN”, código 19IR-LR-121872','Inicial','2021-12-15',0,NULL,NULL,NULL,NULL,NULL,NULL,'2021-12-15 14:07:58.640630','2021-12-15 14:07:58.640648',414,'2021-12-15 14:07:58.641892',NULL,'+',4,41,20,0),(65,57,'Por favor incluir la siguiente glosa en la factura: DESARROLLO DE PORTAFOLIO DE POSTRES VEGETALES A BASE DE ALMENDRA Y DESECHOS DE SU PRODUCCIÓN”, código 19IR-LR-121872','Inicial','2021-12-15',130000,NULL,NULL,NULL,NULL,NULL,NULL,'2021-12-15 14:07:58.640630','2021-12-15 14:08:00.695702',415,'2021-12-15 14:08:00.697756',NULL,'~',4,41,20,0),(65,57,'Por favor incluir la siguiente glosa en la factura: DESARROLLO DE PORTAFOLIO DE POSTRES VEGETALES A BASE DE ALMENDRA Y DESECHOS DE SU PRODUCCIÓN”, código 19IR-LR-121872','Inicial','2021-12-15',130000,NULL,NULL,NULL,NULL,NULL,NULL,'2021-12-15 14:07:58.640630','2021-12-15 14:08:26.862995',416,'2021-12-15 14:08:26.864653',NULL,'~',4,41,20,0),(65,57,'Por favor incluir la siguiente glosa en la factura: DESARROLLO DE PORTAFOLIO DE POSTRES VEGETALES A BASE DE ALMENDRA Y DESECHOS DE SU PRODUCCIÓN”, código 19IR-LR-121872','Validada','2021-12-15',130000,NULL,NULL,NULL,NULL,NULL,NULL,'2021-12-15 14:07:58.640630','2021-12-15 14:08:26.874917',417,'2021-12-15 14:08:26.876059',NULL,'~',4,41,20,0),(65,57,'Por favor incluir la siguiente glosa en la factura: DESARROLLO DE PORTAFOLIO DE POSTRES VEGETALES A BASE DE ALMENDRA Y DESECHOS DE SU PRODUCCIÓN”, código 19IR-LR-121872','Recepcionada','2021-12-15',130000,NULL,'1','2021-12-15','2021-12-07',NULL,NULL,'2021-12-15 14:07:58.640630','2021-12-15 14:08:39.529658',418,'2021-12-15 14:08:39.530585',NULL,'~',4,41,20,0),(65,57,'Por favor incluir la siguiente glosa en la factura: DESARROLLO DE PORTAFOLIO DE POSTRES VEGETALES A BASE DE ALMENDRA Y DESECHOS DE SU PRODUCCIÓN”, código 19IR-LR-121872','Etiquetada','2021-12-15',130000,NULL,'1','2021-12-15','2021-12-07',NULL,NULL,'2021-12-15 14:07:58.640630','2021-12-15 14:08:45.226254',419,'2021-12-15 14:08:45.227112',NULL,'~',4,41,20,0),(65,57,'Por favor incluir la siguiente glosa en la factura: DESARROLLO DE PORTAFOLIO DE POSTRES VEGETALES A BASE DE ALMENDRA Y DESECHOS DE SU PRODUCCIÓN”, código 19IR-LR-121872','Semi-Recepcionada','2021-12-15',130000,NULL,'1','2021-12-15','2021-12-07',NULL,NULL,'2021-12-15 14:07:58.640630','2021-12-15 14:09:21.987544',420,'2021-12-15 14:09:21.989155',NULL,'~',4,41,20,0),(65,57,'Por favor incluir la siguiente glosa en la factura: DESARROLLO DE PORTAFOLIO DE POSTRES VEGETALES A BASE DE ALMENDRA Y DESECHOS DE SU PRODUCCIÓN”, código 19IR-LR-121872','Validada','2021-12-15',130000,NULL,'1','2021-12-15','2021-12-07',NULL,NULL,'2021-12-15 14:07:58.640630','2021-12-15 14:09:26.428499',421,'2021-12-15 14:09:26.430445',NULL,'~',4,41,20,0),(65,57,'Por favor incluir la siguiente glosa en la factura: DESARROLLO DE PORTAFOLIO DE POSTRES VEGETALES A BASE DE ALMENDRA Y DESECHOS DE SU PRODUCCIÓN”, código 19IR-LR-121872','Recepcionada','2021-12-15',130000,NULL,'1','2021-12-15','2021-12-07',NULL,NULL,'2021-12-15 14:07:58.640630','2021-12-15 14:10:21.075033',422,'2021-12-15 14:10:21.076684',NULL,'~',4,41,20,0),(65,57,'Por favor incluir la siguiente glosa en la factura: DESARROLLO DE PORTAFOLIO DE POSTRES VEGETALES A BASE DE ALMENDRA Y DESECHOS DE SU PRODUCCIÓN”, código 19IR-LR-121872','Etiquetada','2021-12-15',130000,NULL,'1','2021-12-15','2021-12-07',NULL,NULL,'2021-12-15 14:07:58.640630','2021-12-15 14:10:25.970588',423,'2021-12-15 14:10:25.971392',NULL,'~',4,41,20,0),(65,57,'Por favor incluir la siguiente glosa en la factura: DESARROLLO DE PORTAFOLIO DE POSTRES VEGETALES A BASE DE ALMENDRA Y DESECHOS DE SU PRODUCCIÓN”, código 19IR-LR-121872','Etiquetada','2021-12-15',130000,NULL,'1','2021-12-15','2021-12-07',NULL,NULL,'2021-12-15 14:07:58.640630','2021-12-15 14:10:25.970588',424,'2021-12-15 14:13:59.071137',NULL,'-',4,1,20,0),(66,57,'Por favor incluir la siguiente glosa en la factura: DESARROLLO DE PORTAFOLIO DE POSTRES VEGETALES A BASE DE ALMENDRA Y DESECHOS DE SU PRODUCCIÓN”, código 19IR-LR-121872','Inicial','2021-12-15',0,NULL,NULL,NULL,NULL,NULL,NULL,'2021-12-15 14:15:34.426931','2021-12-15 14:15:34.426945',425,'2021-12-15 14:15:34.435875',NULL,'+',4,1,20,0),(66,57,'Por favor incluir la siguiente glosa en la factura: DESARROLLO DE PORTAFOLIO DE POSTRES VEGETALES A BASE DE ALMENDRA Y DESECHOS DE SU PRODUCCIÓN”, código 19IR-LR-121872','Inicial','2021-12-15',130000,NULL,NULL,NULL,NULL,NULL,NULL,'2021-12-15 14:15:34.426931','2021-12-15 14:15:35.815022',426,'2021-12-15 14:15:35.816753',NULL,'~',4,1,20,0),(66,57,'Por favor incluir la siguiente glosa en la factura: DESARROLLO DE PORTAFOLIO DE POSTRES VEGETALES A BASE DE ALMENDRA Y DESECHOS DE SU PRODUCCIÓN”, código 19IR-LR-121872','Inicial','2021-12-15',130000,NULL,NULL,NULL,NULL,NULL,NULL,'2021-12-15 14:15:34.426931','2021-12-15 14:15:41.738790',427,'2021-12-15 14:15:41.740320',NULL,'~',4,1,20,0),(66,57,'Por favor incluir la siguiente glosa en la factura: DESARROLLO DE PORTAFOLIO DE POSTRES VEGETALES A BASE DE ALMENDRA Y DESECHOS DE SU PRODUCCIÓN”, código 19IR-LR-121872','Validada','2021-12-15',130000,NULL,NULL,NULL,NULL,NULL,NULL,'2021-12-15 14:15:34.426931','2021-12-15 14:15:41.749551',428,'2021-12-15 14:15:41.750442',NULL,'~',4,1,20,0),(66,57,'Por favor incluir la siguiente glosa en la factura: DESARROLLO DE PORTAFOLIO DE POSTRES VEGETALES A BASE DE ALMENDRA Y DESECHOS DE SU PRODUCCIÓN”, código 19IR-LR-121872','Recepcionada','2021-12-15',130000,NULL,'123','2021-12-15','2021-12-15',NULL,NULL,'2021-12-15 14:15:34.426931','2021-12-15 14:15:53.531471',429,'2021-12-15 14:15:53.532446',NULL,'~',4,1,20,0),(66,57,'Por favor incluir la siguiente glosa en la factura: DESARROLLO DE PORTAFOLIO DE POSTRES VEGETALES A BASE DE ALMENDRA Y DESECHOS DE SU PRODUCCIÓN”, código 19IR-LR-121872','Etiquetada','2021-12-15',130000,NULL,'123','2021-12-15','2021-12-15',NULL,NULL,'2021-12-15 14:15:34.426931','2021-12-15 14:15:58.553417',430,'2021-12-15 14:15:58.554600',NULL,'~',4,1,20,0),(67,58,'Por favor incluir la siguiente glosa en la factura: DESARROLLO DE PORTAFOLIO DE POSTRES VEGETALES A BASE DE ALMENDRA Y DESECHOS DE SU PRODUCCIÓN”, código 19IR-LR-121872','Inicial','2021-12-15',0,NULL,NULL,NULL,NULL,NULL,NULL,'2021-12-15 14:22:49.657602','2021-12-15 14:22:49.657621',431,'2021-12-15 14:22:49.658812',NULL,'+',4,41,9,0),(67,58,'Por favor incluir la siguiente glosa en la factura: DESARROLLO DE PORTAFOLIO DE POSTRES VEGETALES A BASE DE ALMENDRA Y DESECHOS DE SU PRODUCCIÓN”, código 19IR-LR-121872','Inicial','2021-12-15',323750,NULL,NULL,NULL,NULL,NULL,NULL,'2021-12-15 14:22:49.657602','2021-12-15 14:22:51.179822',432,'2021-12-15 14:22:51.181658',NULL,'~',4,41,9,0),(67,58,'Por favor incluir la siguiente glosa en la factura: DESARROLLO DE PORTAFOLIO DE POSTRES VEGETALES A BASE DE ALMENDRA Y DESECHOS DE SU PRODUCCIÓN”, código 19IR-LR-121872','Inicial','2021-12-15',323750,NULL,NULL,NULL,NULL,NULL,NULL,'2021-12-15 14:22:49.657602','2021-12-15 14:23:03.850998',433,'2021-12-15 14:23:03.852702',NULL,'~',4,41,9,0),(67,58,'Por favor incluir la siguiente glosa en la factura: DESARROLLO DE PORTAFOLIO DE POSTRES VEGETALES A BASE DE ALMENDRA Y DESECHOS DE SU PRODUCCIÓN”, código 19IR-LR-121872','Validada','2021-12-15',323750,NULL,NULL,NULL,NULL,NULL,NULL,'2021-12-15 14:22:49.657602','2021-12-15 14:23:03.864122',434,'2021-12-15 14:23:03.865685',NULL,'~',4,41,9,0),(67,58,'Por favor incluir la siguiente glosa en la factura: DESARROLLO DE PORTAFOLIO DE POSTRES VEGETALES A BASE DE ALMENDRA Y DESECHOS DE SU PRODUCCIÓN”, código 19IR-LR-121872','Recepcionada','2021-12-15',323750,NULL,'1','2021-12-15','2021-12-15',NULL,NULL,'2021-12-15 14:22:49.657602','2021-12-15 14:23:19.503438',435,'2021-12-15 14:23:19.504547',NULL,'~',4,41,9,0),(67,58,'Por favor incluir la siguiente glosa en la factura: DESARROLLO DE PORTAFOLIO DE POSTRES VEGETALES A BASE DE ALMENDRA Y DESECHOS DE SU PRODUCCIÓN”, código 19IR-LR-121872','Etiquetada','2021-12-15',323750,NULL,'1','2021-12-15','2021-12-15',NULL,NULL,'2021-12-15 14:22:49.657602','2021-12-15 14:25:23.430409',436,'2021-12-15 14:25:23.431489',NULL,'~',4,41,9,0),(68,59,'Por favor incluir la siguiente glosa en la factura: DESARROLLO DE PORTAFOLIO DE POSTRES VEGETALES A BASE DE ALMENDRA Y DESECHOS DE SU PRODUCCIÓN”, código 19IR-LR-121872','Inicial','2021-12-15',0,NULL,NULL,NULL,NULL,NULL,NULL,'2021-12-15 14:32:05.575773','2021-12-15 14:32:05.575798',437,'2021-12-15 14:32:05.577923',NULL,'+',4,41,4,0),(68,59,'Por favor incluir la siguiente glosa en la factura: DESARROLLO DE PORTAFOLIO DE POSTRES VEGETALES A BASE DE ALMENDRA Y DESECHOS DE SU PRODUCCIÓN”, código 19IR-LR-121872','Inicial','2021-12-15',358500,NULL,NULL,NULL,NULL,NULL,NULL,'2021-12-15 14:32:05.575773','2021-12-15 14:32:06.907410',438,'2021-12-15 14:32:06.909460',NULL,'~',4,41,4,0),(68,59,'Por favor incluir la siguiente glosa en la factura: DESARROLLO DE PORTAFOLIO DE POSTRES VEGETALES A BASE DE ALMENDRA Y DESECHOS DE SU PRODUCCIÓN”, código 19IR-LR-121872','Inicial','2021-12-15',358500,NULL,NULL,NULL,NULL,NULL,NULL,'2021-12-15 14:32:05.575773','2021-12-15 14:32:13.401213',439,'2021-12-15 14:32:13.442786',NULL,'~',4,41,4,0),(68,59,'Por favor incluir la siguiente glosa en la factura: DESARROLLO DE PORTAFOLIO DE POSTRES VEGETALES A BASE DE ALMENDRA Y DESECHOS DE SU PRODUCCIÓN”, código 19IR-LR-121872','Validada','2021-12-15',358500,NULL,NULL,NULL,NULL,NULL,NULL,'2021-12-15 14:32:05.575773','2021-12-15 14:32:13.581174',440,'2021-12-15 14:32:13.583953',NULL,'~',4,41,4,0),(68,59,'Por favor incluir la siguiente glosa en la factura: DESARROLLO DE PORTAFOLIO DE POSTRES VEGETALES A BASE DE ALMENDRA Y DESECHOS DE SU PRODUCCIÓN”, código 19IR-LR-121872','Recepcionada','2021-12-15',358500,NULL,'1','2021-12-15','2021-12-15',NULL,NULL,'2021-12-15 14:32:05.575773','2021-12-15 14:32:26.265997',441,'2021-12-15 14:32:26.266823',NULL,'~',4,41,4,0),(68,59,'Por favor incluir la siguiente glosa en la factura: DESARROLLO DE PORTAFOLIO DE POSTRES VEGETALES A BASE DE ALMENDRA Y DESECHOS DE SU PRODUCCIÓN”, código 19IR-LR-121872','Etiquetada','2021-12-15',358500,NULL,'1','2021-12-15','2021-12-15',NULL,NULL,'2021-12-15 14:32:05.575773','2021-12-15 14:32:36.156911',442,'2021-12-15 14:32:36.157919',NULL,'~',4,41,4,0),(69,60,'Por favor incluir la siguiente glosa en la factura: DESARROLLO DE PORTAFOLIO DE POSTRES VEGETALES A BASE DE ALMENDRA Y DESECHOS DE SU PRODUCCIÓN”, código 19IR-LR-121872','Inicial','2021-12-15',0,NULL,NULL,NULL,NULL,NULL,NULL,'2021-12-15 14:33:12.620784','2021-12-15 14:33:12.620801',443,'2021-12-15 14:33:12.622755',NULL,'+',4,41,28,0),(69,60,'Por favor incluir la siguiente glosa en la factura: DESARROLLO DE PORTAFOLIO DE POSTRES VEGETALES A BASE DE ALMENDRA Y DESECHOS DE SU PRODUCCIÓN”, código 19IR-LR-121872','Inicial','2021-12-15',3260000,NULL,NULL,NULL,NULL,NULL,NULL,'2021-12-15 14:33:12.620784','2021-12-15 14:33:13.769509',444,'2021-12-15 14:33:13.774230',NULL,'~',4,41,28,0),(69,60,'Por favor incluir la siguiente glosa en la factura: DESARROLLO DE PORTAFOLIO DE POSTRES VEGETALES A BASE DE ALMENDRA Y DESECHOS DE SU PRODUCCIÓN”, código 19IR-LR-121872','Inicial','2021-12-15',3260000,NULL,NULL,NULL,NULL,NULL,NULL,'2021-12-15 14:33:12.620784','2021-12-15 14:33:26.432992',445,'2021-12-15 14:33:26.434318',NULL,'~',4,41,28,0),(69,60,'Por favor incluir la siguiente glosa en la factura: DESARROLLO DE PORTAFOLIO DE POSTRES VEGETALES A BASE DE ALMENDRA Y DESECHOS DE SU PRODUCCIÓN”, código 19IR-LR-121872','Validada','2021-12-15',3260000,NULL,NULL,NULL,NULL,NULL,NULL,'2021-12-15 14:33:12.620784','2021-12-15 14:33:26.443879',446,'2021-12-15 14:33:26.444987',NULL,'~',4,41,28,0),(69,60,'Por favor incluir la siguiente glosa en la factura: DESARROLLO DE PORTAFOLIO DE POSTRES VEGETALES A BASE DE ALMENDRA Y DESECHOS DE SU PRODUCCIÓN”, código 19IR-LR-121872','Recepcionada','2021-12-15',3260000,NULL,'2','2021-12-15','2021-12-15',NULL,NULL,'2021-12-15 14:33:12.620784','2021-12-15 14:33:41.206334',447,'2021-12-15 14:33:41.207130',NULL,'~',4,41,28,0),(69,60,'Por favor incluir la siguiente glosa en la factura: DESARROLLO DE PORTAFOLIO DE POSTRES VEGETALES A BASE DE ALMENDRA Y DESECHOS DE SU PRODUCCIÓN”, código 19IR-LR-121872','Etiquetada','2021-12-15',3260000,NULL,'2','2021-12-15','2021-12-15',NULL,NULL,'2021-12-15 14:33:12.620784','2021-12-15 14:34:24.161452',448,'2021-12-15 14:34:24.162368',NULL,'~',4,41,28,0),(70,61,'Por favor incluir la siguiente glosa en la factura: DESARROLLO DE PORTAFOLIO DE POSTRES VEGETALES A BASE DE ALMENDRA Y DESECHOS DE SU PRODUCCIÓN”, código 19IR-LR-121872','Inicial','2021-12-15',0,NULL,NULL,NULL,NULL,NULL,NULL,'2021-12-15 14:40:48.167637','2021-12-15 14:40:48.167657',449,'2021-12-15 14:40:48.168971',NULL,'+',3,41,30,0),(70,61,'Por favor incluir la siguiente glosa en la factura: DESARROLLO DE PORTAFOLIO DE POSTRES VEGETALES A BASE DE ALMENDRA Y DESECHOS DE SU PRODUCCIÓN”, código 19IR-LR-121872','Inicial','2021-12-15',320000,NULL,NULL,NULL,NULL,NULL,NULL,'2021-12-15 14:40:48.167637','2021-12-15 14:40:49.260027',450,'2021-12-15 14:40:49.263346',NULL,'~',3,41,30,0),(70,61,'Por favor incluir la siguiente glosa en la factura: DESARROLLO DE PORTAFOLIO DE POSTRES VEGETALES A BASE DE ALMENDRA Y DESECHOS DE SU PRODUCCIÓN”, código 19IR-LR-121872','Inicial','2021-12-15',320000,NULL,NULL,NULL,NULL,NULL,NULL,'2021-12-15 14:40:48.167637','2021-12-15 14:41:31.004475',451,'2021-12-15 14:41:31.005790',NULL,'~',3,41,30,0),(70,61,'Por favor incluir la siguiente glosa en la factura: DESARROLLO DE PORTAFOLIO DE POSTRES VEGETALES A BASE DE ALMENDRA Y DESECHOS DE SU PRODUCCIÓN”, código 19IR-LR-121872','Validada','2021-12-15',320000,NULL,NULL,NULL,NULL,NULL,NULL,'2021-12-15 14:40:48.167637','2021-12-15 14:41:31.015703',452,'2021-12-15 14:41:31.016769',NULL,'~',3,41,30,0),(70,61,'Por favor incluir la siguiente glosa en la factura: DESARROLLO DE PORTAFOLIO DE POSTRES VEGETALES A BASE DE ALMENDRA Y DESECHOS DE SU PRODUCCIÓN”, código 19IR-LR-121872','Recepcionada','2021-12-15',320000,NULL,'1','2021-12-15','2021-12-15',NULL,NULL,'2021-12-15 14:40:48.167637','2021-12-15 14:41:41.618478',453,'2021-12-15 14:41:41.619736',NULL,'~',3,41,30,0),(70,61,'Por favor incluir la siguiente glosa en la factura: DESARROLLO DE PORTAFOLIO DE POSTRES VEGETALES A BASE DE ALMENDRA Y DESECHOS DE SU PRODUCCIÓN”, código 19IR-LR-121872','Etiquetada','2021-12-15',320000,NULL,'1','2021-12-15','2021-12-15',NULL,NULL,'2021-12-15 14:40:48.167637','2021-12-15 14:41:44.558502',454,'2021-12-15 14:41:44.559653',NULL,'~',3,41,30,0),(36,29,'Por favor incluir la siguiente glosa en la factura: DESARROLLO DE PORTAFOLIO DE POSTRES VEGETALES A BASE DE ALMENDRA Y DESECHOS DE SU PRODUCCIÓN”, código 19IR-LR-121872','Recepcionada','2021-11-30',440000,NULL,'2327','2021-12-15','2021-12-14',NULL,NULL,'2021-11-30 09:40:42.706686','2021-12-15 18:55:51.988196',455,'2021-12-15 18:55:51.989616',NULL,'~',3,39,17,0),(36,29,'Por favor incluir la siguiente glosa en la factura: DESARROLLO DE PORTAFOLIO DE POSTRES VEGETALES A BASE DE ALMENDRA Y DESECHOS DE SU PRODUCCIÓN”, código 19IR-LR-121872','Etiquetada','2021-11-30',440000,NULL,'2327','2021-12-15','2021-12-14',NULL,NULL,'2021-11-30 09:40:42.706686','2021-12-15 18:57:24.530717',456,'2021-12-15 18:57:24.531621',NULL,'~',3,39,17,0),(34,27,'Por favor incluir la siguiente glosa en la factura: DESARROLLO DE PORTAFOLIO DE POSTRES VEGETALES A BASE DE ALMENDRA Y DESECHOS DE SU PRODUCCIÓN”, código 19IR-LR-121872','Semi-Recepcionada','2021-11-24',475528.75,NULL,'68075','2021-12-14','2021-12-14',NULL,NULL,'2021-11-24 15:07:16.055397','2021-12-16 09:07:35.011739',457,'2021-12-16 09:07:35.023789',NULL,'~',3,39,21,0),(34,27,'Por favor incluir la siguiente glosa en la factura: DESARROLLO DE PORTAFOLIO DE POSTRES VEGETALES A BASE DE ALMENDRA Y DESECHOS DE SU PRODUCCIÓN”, código 19IR-LR-121872','Etiquetada','2021-11-24',475528.75,NULL,'68075','2021-12-14','2021-12-14',NULL,NULL,'2021-11-24 15:07:16.055397','2021-12-16 09:09:31.739145',458,'2021-12-16 09:09:31.740115',NULL,'~',3,39,21,0),(33,26,'Por favor incluir la siguiente glosa en la factura: DESARROLLO DE PORTAFOLIO DE POSTRES VEGETALES A BASE DE ALMENDRA Y DESECHOS DE SU PRODUCCIÓN”, código 19IR-LR-121872','Inicial','2021-11-24',709507.4400000001,NULL,NULL,NULL,NULL,NULL,NULL,'2021-11-24 12:32:39.939001','2021-12-16 09:33:36.885461',459,'2021-12-16 09:33:36.886949',NULL,'~',3,39,18,0),(33,26,'Por favor incluir la siguiente glosa en la factura: DESARROLLO DE PORTAFOLIO DE POSTRES VEGETALES A BASE DE ALMENDRA Y DESECHOS DE SU PRODUCCIÓN”, código 19IR-LR-121872','Validada','2021-11-24',732975,NULL,NULL,NULL,NULL,NULL,NULL,'2021-11-24 12:32:39.939001','2021-12-16 09:33:36.898736',460,'2021-12-16 09:33:36.900096',NULL,'~',3,39,18,0),(33,26,'Por favor incluir la siguiente glosa en la factura: DESARROLLO DE PORTAFOLIO DE POSTRES VEGETALES A BASE DE ALMENDRA Y DESECHOS DE SU PRODUCCIÓN”, código 19IR-LR-121872','Recepcionada','2021-11-24',732975,NULL,'1036931','2021-11-30','2021-11-30',NULL,NULL,'2021-11-24 12:32:39.939001','2021-12-16 09:35:18.252818',461,'2021-12-16 09:35:18.254531',NULL,'~',3,39,18,0),(33,26,'Por favor incluir la siguiente glosa en la factura: DESARROLLO DE PORTAFOLIO DE POSTRES VEGETALES A BASE DE ALMENDRA Y DESECHOS DE SU PRODUCCIÓN”, código 19IR-LR-121872','Etiquetada','2021-11-24',732975,NULL,'1036931','2021-11-30','2021-11-30',NULL,NULL,'2021-11-24 12:32:39.939001','2021-12-16 09:36:30.734053',462,'2021-12-16 09:36:30.735482',NULL,'~',3,39,18,0),(34,27,'Por favor incluir la siguiente glosa en la factura: DESARROLLO DE PORTAFOLIO DE POSTRES VEGETALES A BASE DE ALMENDRA Y DESECHOS DE SU PRODUCCIÓN”, código 19IR-LR-121872','Semi-Recepcionada','2021-11-24',475528.75,NULL,'68075','2021-12-14','2021-12-14',NULL,NULL,'2021-11-24 15:07:16.055397','2021-12-16 10:04:09.155712',463,'2021-12-16 10:04:09.157199',NULL,'~',3,39,21,0),(34,27,'Por favor incluir la siguiente glosa en la factura: DESARROLLO DE PORTAFOLIO DE POSTRES VEGETALES A BASE DE ALMENDRA Y DESECHOS DE SU PRODUCCIÓN”, código 19IR-LR-121872','Validada','2021-11-24',475528.75,NULL,'68075','2021-12-14','2021-12-14',NULL,NULL,'2021-11-24 15:07:16.055397','2021-12-16 10:04:20.498208',464,'2021-12-16 10:04:20.499747',NULL,'~',3,39,21,0),(34,27,'Por favor incluir la siguiente glosa en la factura: DESARROLLO DE PORTAFOLIO DE POSTRES VEGETALES A BASE DE ALMENDRA Y DESECHOS DE SU PRODUCCIÓN”, código 19IR-LR-121872','Recepcionada','2021-11-24',475528.75,NULL,'68074068075','2021-12-14','2021-12-14',NULL,NULL,'2021-11-24 15:07:16.055397','2021-12-16 10:15:51.610485',465,'2021-12-16 10:15:51.620878',NULL,'~',3,39,21,0),(34,27,'Por favor incluir la siguiente glosa en la factura: DESARROLLO DE PORTAFOLIO DE POSTRES VEGETALES A BASE DE ALMENDRA Y DESECHOS DE SU PRODUCCIÓN”, código 19IR-LR-121872','Etiquetada','2021-11-24',475528.75,NULL,'68074068075','2021-12-14','2021-12-14',NULL,NULL,'2021-11-24 15:07:16.055397','2021-12-16 10:18:09.853180',466,'2021-12-16 10:18:09.854253',NULL,'~',3,39,21,0),(56,48,'Por favor incluir la siguiente glosa en la factura: DESARROLLO DE PORTAFOLIO DE POSTRES VEGETALES A BASE DE ALMENDRA Y DESECHOS DE SU PRODUCCIÓN”, código 19IR-LR-121872','Recepcionada','2021-12-13',205782,NULL,'0000127695','2021-12-13','2021-12-13',NULL,NULL,'2021-12-13 15:10:56.312117','2021-12-16 10:18:37.072239',467,'2021-12-16 10:18:37.073854',NULL,'~',3,39,29,0),(56,48,'Por favor incluir la siguiente glosa en la factura: DESARROLLO DE PORTAFOLIO DE POSTRES VEGETALES A BASE DE ALMENDRA Y DESECHOS DE SU PRODUCCIÓN”, código 19IR-LR-121872','Validada','2021-12-13',205782,NULL,'0000127695','2021-12-13','2021-12-13',NULL,NULL,'2021-12-13 15:10:56.312117','2021-12-16 10:18:51.840362',468,'2021-12-16 10:18:51.842621',NULL,'~',3,39,29,0),(56,48,'Por favor incluir la siguiente glosa en la factura: DESARROLLO DE PORTAFOLIO DE POSTRES VEGETALES A BASE DE ALMENDRA Y DESECHOS DE SU PRODUCCIÓN”, código 19IR-LR-121872','Recepcionada','2021-12-13',205782,NULL,'0000127695','2021-12-13','2021-12-13',NULL,NULL,'2021-12-13 15:10:56.312117','2021-12-16 10:20:26.085479',469,'2021-12-16 10:20:26.086319',NULL,'~',3,39,29,0),(56,48,'Por favor incluir la siguiente glosa en la factura: DESARROLLO DE PORTAFOLIO DE POSTRES VEGETALES A BASE DE ALMENDRA Y DESECHOS DE SU PRODUCCIÓN”, código 19IR-LR-121872','Etiquetada','2021-12-13',205782,NULL,'0000127695','2021-12-13','2021-12-13',NULL,NULL,'2021-12-13 15:10:56.312117','2021-12-16 10:21:56.953625',470,'2021-12-16 10:21:56.954476',NULL,'~',3,39,29,0),(71,62,'Por favor incluir la siguiente glosa en la factura: DESARROLLO DE PORTAFOLIO DE POSTRES VEGETALES A BASE DE ALMENDRA Y DESECHOS DE SU PRODUCCIÓN”, código 19IR-LR-121872','Inicial','2021-12-16',0,NULL,NULL,NULL,NULL,NULL,NULL,'2021-12-16 10:51:32.886411','2021-12-16 10:51:32.886427',471,'2021-12-16 10:51:32.890767',NULL,'+',3,41,17,0),(71,62,'Por favor incluir la siguiente glosa en la factura: DESARROLLO DE PORTAFOLIO DE POSTRES VEGETALES A BASE DE ALMENDRA Y DESECHOS DE SU PRODUCCIÓN”, código 19IR-LR-121872','Inicial','2021-12-16',660000,NULL,NULL,NULL,NULL,NULL,NULL,'2021-12-16 10:51:32.886411','2021-12-16 10:51:34.009894',472,'2021-12-16 10:51:34.011471',NULL,'~',3,41,17,0),(72,63,'Por favor incluir la siguiente glosa en la factura: DESARROLLO DE PORTAFOLIO DE POSTRES VEGETALES A BASE DE ALMENDRA Y DESECHOS DE SU PRODUCCIÓN”, código 19IR-LR-121872','Inicial','2021-12-16',0,NULL,NULL,NULL,NULL,NULL,NULL,'2021-12-16 12:11:17.823421','2021-12-16 12:11:17.823436',473,'2021-12-16 12:11:17.825139',NULL,'+',3,41,11,0),(72,63,'Por favor incluir la siguiente glosa en la factura: DESARROLLO DE PORTAFOLIO DE POSTRES VEGETALES A BASE DE ALMENDRA Y DESECHOS DE SU PRODUCCIÓN”, código 19IR-LR-121872','Inicial','2021-12-16',123582,NULL,NULL,NULL,NULL,NULL,NULL,'2021-12-16 12:11:17.823421','2021-12-16 12:11:19.419879',474,'2021-12-16 12:11:19.421569',NULL,'~',3,41,11,0),(73,64,'Por favor incluir la siguiente glosa en la factura: DESARROLLO DE PORTAFOLIO DE POSTRES VEGETALES A BASE DE ALMENDRA Y DESECHOS DE SU PRODUCCIÓN”, código 19IR-LR-121872','Inicial','2021-12-17',0,NULL,NULL,NULL,NULL,NULL,NULL,'2021-12-17 15:04:29.195337','2021-12-17 15:04:29.195354',475,'2021-12-17 15:04:29.207792',NULL,'+',3,41,4,0),(73,64,'Por favor incluir la siguiente glosa en la factura: DESARROLLO DE PORTAFOLIO DE POSTRES VEGETALES A BASE DE ALMENDRA Y DESECHOS DE SU PRODUCCIÓN”, código 19IR-LR-121872','Inicial','2021-12-17',326800,NULL,NULL,NULL,NULL,NULL,NULL,'2021-12-17 15:04:29.195337','2021-12-17 15:04:30.883532',476,'2021-12-17 15:04:30.885658',NULL,'~',3,41,4,0),(72,63,'Por favor incluir la siguiente glosa en la factura: DESARROLLO DE PORTAFOLIO DE POSTRES VEGETALES A BASE DE ALMENDRA Y DESECHOS DE SU PRODUCCIÓN”, código 19IR-LR-121872','Inicial','2021-12-16',123582,NULL,NULL,NULL,NULL,NULL,NULL,'2021-12-16 12:11:17.823421','2021-12-17 16:40:44.250174',477,'2021-12-17 16:40:44.251838',NULL,'~',3,39,11,0),(72,63,'Por favor incluir la siguiente glosa en la factura: DESARROLLO DE PORTAFOLIO DE POSTRES VEGETALES A BASE DE ALMENDRA Y DESECHOS DE SU PRODUCCIÓN”, código 19IR-LR-121872','Validada','2021-12-16',123582,NULL,NULL,NULL,NULL,NULL,NULL,'2021-12-16 12:11:17.823421','2021-12-17 16:40:44.267342',478,'2021-12-17 16:40:44.268361',NULL,'~',3,39,11,0),(72,63,'Por favor incluir la siguiente glosa en la factura: DESARROLLO DE PORTAFOLIO DE POSTRES VEGETALES A BASE DE ALMENDRA Y DESECHOS DE SU PRODUCCIÓN”, código 19IR-LR-121872','Recepcionada','2021-12-16',123582,NULL,'278847','2021-12-17','2021-12-17',NULL,NULL,'2021-12-16 12:11:17.823421','2021-12-17 16:42:12.474137',479,'2021-12-17 16:42:12.474982',NULL,'~',3,39,11,0),(74,65,'Por favor incluir la siguiente glosa en la factura: DESARROLLO DE PORTAFOLIO DE POSTRES VEGETALES A BASE DE ALMENDRA Y DESECHOS DE SU PRODUCCIÓN”, código 19IR-LR-121872','Inicial','2021-12-20',0,NULL,NULL,NULL,NULL,NULL,NULL,'2021-12-20 09:30:58.944704','2021-12-20 09:30:58.944723',480,'2021-12-20 09:30:58.947452',NULL,'+',3,39,11,0),(74,65,'Por favor incluir la siguiente glosa en la factura: DESARROLLO DE PORTAFOLIO DE POSTRES VEGETALES A BASE DE ALMENDRA Y DESECHOS DE SU PRODUCCIÓN”, código 19IR-LR-121872','Inicial','2021-12-20',123582,NULL,NULL,NULL,NULL,NULL,NULL,'2021-12-20 09:30:58.944704','2021-12-20 09:31:00.781946',481,'2021-12-20 09:31:00.784234',NULL,'~',3,39,11,0),(72,63,'Por favor incluir la siguiente glosa en la factura: DESARROLLO DE PORTAFOLIO DE POSTRES VEGETALES A BASE DE ALMENDRA Y DESECHOS DE SU PRODUCCIÓN”, código 19IR-LR-121872','Validada','2021-12-16',123582,NULL,'278847','2021-12-17','2021-12-17',NULL,NULL,'2021-12-16 12:11:17.823421','2021-12-20 09:31:32.421589',482,'2021-12-20 09:31:32.423847',NULL,'~',3,39,11,0),(72,63,'Por favor incluir la siguiente glosa en la factura: DESARROLLO DE PORTAFOLIO DE POSTRES VEGETALES A BASE DE ALMENDRA Y DESECHOS DE SU PRODUCCIÓN”, código 19IR-LR-121872','Inicial','2021-12-16',123582,NULL,'278847','2021-12-17','2021-12-17',NULL,NULL,'2021-12-16 12:11:17.823421','2021-12-20 09:31:39.073228',483,'2021-12-20 09:31:39.074803',NULL,'~',3,39,11,0),(72,63,'Por favor incluir la siguiente glosa en la factura: DESARROLLO DE PORTAFOLIO DE POSTRES VEGETALES A BASE DE ALMENDRA Y DESECHOS DE SU PRODUCCIÓN”, código 19IR-LR-121872','Inicial','2021-12-16',123582,NULL,'278847','2021-12-17','2021-12-17',NULL,NULL,'2021-12-16 12:11:17.823421','2021-12-20 09:31:39.073228',484,'2021-12-20 09:32:01.583761',NULL,'-',3,39,11,0),(74,65,'Por favor incluir la siguiente glosa en la factura: DESARROLLO DE PORTAFOLIO DE POSTRES VEGETALES A BASE DE ALMENDRA Y DESECHOS DE SU PRODUCCIÓN”, código 19IR-LR-121872','Inicial','2021-12-20',123582,NULL,NULL,NULL,NULL,NULL,NULL,'2021-12-20 09:30:58.944704','2021-12-20 09:32:31.478635',485,'2021-12-20 09:32:31.488361',NULL,'~',3,39,11,0),(74,65,'Por favor incluir la siguiente glosa en la factura: DESARROLLO DE PORTAFOLIO DE POSTRES VEGETALES A BASE DE ALMENDRA Y DESECHOS DE SU PRODUCCIÓN”, código 19IR-LR-121872','Validada','2021-12-20',123582,NULL,NULL,NULL,NULL,NULL,NULL,'2021-12-20 09:30:58.944704','2021-12-20 09:32:31.564546',486,'2021-12-20 09:32:31.576384',NULL,'~',3,39,11,0),(74,65,'Por favor incluir la siguiente glosa en la factura: DESARROLLO DE PORTAFOLIO DE POSTRES VEGETALES A BASE DE ALMENDRA Y DESECHOS DE SU PRODUCCIÓN”, código 19IR-LR-121872','Recepcionada','2021-12-20',123581.95199999999,NULL,'278.847','2021-12-20','2021-12-17',NULL,NULL,'2021-12-20 09:30:58.944704','2021-12-20 09:34:25.561746',487,'2021-12-20 09:34:25.562776',NULL,'~',3,39,11,0),(74,65,'Por favor incluir la siguiente glosa en la factura: DESARROLLO DE PORTAFOLIO DE POSTRES VEGETALES A BASE DE ALMENDRA Y DESECHOS DE SU PRODUCCIÓN”, código 19IR-LR-121872','Etiquetada','2021-12-20',123581.95199999999,NULL,'278.847','2021-12-20','2021-12-17',NULL,NULL,'2021-12-20 09:30:58.944704','2021-12-20 09:35:33.709158',488,'2021-12-20 09:35:33.710271',NULL,'~',3,39,11,0),(75,66,'Por favor incluir la siguiente glosa en la factura: DESARROLLO DE PORTAFOLIO DE POSTRES VEGETALES A BASE DE ALMENDRA Y DESECHOS DE SU PRODUCCIÓN”, código 19IR-LR-121872','Inicial','2021-12-20',0,NULL,NULL,NULL,NULL,NULL,NULL,'2021-12-20 11:15:41.513381','2021-12-20 11:15:41.513399',489,'2021-12-20 11:15:41.521298',NULL,'+',3,41,4,0),(75,66,'Por favor incluir la siguiente glosa en la factura: DESARROLLO DE PORTAFOLIO DE POSTRES VEGETALES A BASE DE ALMENDRA Y DESECHOS DE SU PRODUCCIÓN”, código 19IR-LR-121872','Inicial','2021-12-20',349800,NULL,NULL,NULL,NULL,NULL,NULL,'2021-12-20 11:15:41.513381','2021-12-20 11:15:49.635655',490,'2021-12-20 11:15:49.637555',NULL,'~',3,41,4,0),(75,66,'Por favor incluir la siguiente glosa en la factura: DESARROLLO DE PORTAFOLIO DE POSTRES VEGETALES A BASE DE ALMENDRA Y DESECHOS DE SU PRODUCCIÓN”, código 19IR-LR-121872','Inicial','2021-12-20',349800,NULL,NULL,NULL,NULL,NULL,NULL,'2021-12-20 11:15:41.513381','2021-12-20 11:15:49.635655',491,'2021-12-20 11:17:10.354974',NULL,'-',3,41,4,0),(76,66,'Por favor incluir la siguiente glosa en la factura: DESARROLLO DE PORTAFOLIO DE POSTRES VEGETALES A BASE DE ALMENDRA Y DESECHOS DE SU PRODUCCIÓN”, código 19IR-LR-121872','Inicial','2021-12-20',0,NULL,NULL,NULL,NULL,NULL,NULL,'2021-12-20 11:18:14.837540','2021-12-20 11:18:14.837561',492,'2021-12-20 11:18:14.838667',NULL,'+',3,41,4,0),(76,66,'Por favor incluir la siguiente glosa en la factura: DESARROLLO DE PORTAFOLIO DE POSTRES VEGETALES A BASE DE ALMENDRA Y DESECHOS DE SU PRODUCCIÓN”, código 19IR-LR-121872','Inicial','2021-12-20',412800,NULL,NULL,NULL,NULL,NULL,NULL,'2021-12-20 11:18:14.837540','2021-12-20 11:18:15.815617',493,'2021-12-20 11:18:15.818192',NULL,'~',3,41,4,0),(77,67,'Por favor incluir la siguiente glosa en la factura: DESARROLLO DE PORTAFOLIO DE POSTRES VEGETALES A BASE DE ALMENDRA Y DESECHOS DE SU PRODUCCIÓN”, código 19IR-LR-121872','Inicial','2021-12-20',0,NULL,NULL,NULL,NULL,NULL,NULL,'2021-12-20 11:19:31.548612','2021-12-20 11:19:31.548630',494,'2021-12-20 11:19:31.550146',NULL,'+',3,41,14,0),(77,67,'Por favor incluir la siguiente glosa en la factura: DESARROLLO DE PORTAFOLIO DE POSTRES VEGETALES A BASE DE ALMENDRA Y DESECHOS DE SU PRODUCCIÓN”, código 19IR-LR-121872','Inicial','2021-12-20',346577.26999999996,NULL,NULL,NULL,NULL,NULL,NULL,'2021-12-20 11:19:31.548612','2021-12-20 11:19:32.541906',495,'2021-12-20 11:19:32.543887',NULL,'~',3,41,14,0),(40,33,'Por favor incluir la siguiente glosa en la factura: DESARROLLO DE PORTAFOLIO DE POSTRES VEGETALES A BASE DE ALMENDRA Y DESECHOS DE SU PRODUCCIÓN”, código 19IR-LR-121872','Inicial','2021-12-02',482440,NULL,NULL,NULL,NULL,NULL,NULL,'2021-12-02 09:35:20.901901','2021-12-20 17:48:14.367647',496,'2021-12-20 17:48:14.370195',NULL,'~',3,39,25,0),(40,33,'Por favor incluir la siguiente glosa en la factura: DESARROLLO DE PORTAFOLIO DE POSTRES VEGETALES A BASE DE ALMENDRA Y DESECHOS DE SU PRODUCCIÓN”, código 19IR-LR-121872','Validada','2021-12-02',526677.12,NULL,NULL,NULL,NULL,NULL,NULL,'2021-12-02 09:35:20.901901','2021-12-20 17:48:14.380736',497,'2021-12-20 17:48:14.381827',NULL,'~',3,39,25,0),(40,33,'Por favor incluir la siguiente glosa en la factura: DESARROLLO DE PORTAFOLIO DE POSTRES VEGETALES A BASE DE ALMENDRA Y DESECHOS DE SU PRODUCCIÓN”, código 19IR-LR-121872','Recepcionada','2021-12-02',526677.12,NULL,'18.383','2021-12-20','2021-12-20',NULL,NULL,'2021-12-02 09:35:20.901901','2021-12-20 17:50:19.602665',498,'2021-12-20 17:50:19.604319',NULL,'~',3,39,25,0),(40,33,'Por favor incluir la siguiente glosa en la factura: DESARROLLO DE PORTAFOLIO DE POSTRES VEGETALES A BASE DE ALMENDRA Y DESECHOS DE SU PRODUCCIÓN”, código 19IR-LR-121872','Etiquetada','2021-12-02',526677.12,NULL,'18.383','2021-12-20','2021-12-20',NULL,NULL,'2021-12-02 09:35:20.901901','2021-12-20 17:51:02.622554',499,'2021-12-20 17:51:02.624628',NULL,'~',3,39,25,0),(78,68,'Por favor incluir la siguiente glosa en la factura: DESARROLLO DE PORTAFOLIO DE POSTRES VEGETALES A BASE DE ALMENDRA Y DESECHOS DE SU PRODUCCIÓN”, código 19IR-LR-121872','Inicial','2021-12-21',0,NULL,NULL,NULL,NULL,NULL,NULL,'2021-12-21 09:30:47.518670','2021-12-21 09:30:47.518687',500,'2021-12-21 09:30:47.520560',NULL,'+',3,41,29,0),(78,68,'Por favor incluir la siguiente glosa en la factura: DESARROLLO DE PORTAFOLIO DE POSTRES VEGETALES A BASE DE ALMENDRA Y DESECHOS DE SU PRODUCCIÓN”, código 19IR-LR-121872','Inicial','2021-12-21',196740,NULL,NULL,NULL,NULL,NULL,NULL,'2021-12-21 09:30:47.518670','2021-12-21 09:30:49.138448',501,'2021-12-21 09:30:49.140706',NULL,'~',3,41,29,0),(79,69,'presupuesto TECH - 898 - 21','Inicial','2021-12-21',0,NULL,NULL,NULL,NULL,NULL,NULL,'2021-12-21 17:58:05.504977','2021-12-21 17:58:05.504994',502,'2021-12-21 17:58:05.506997',NULL,'+',2,42,31,0),(79,69,'presupuesto TECH - 898 - 21','Inicial','2021-12-21',480000,NULL,NULL,NULL,NULL,NULL,NULL,'2021-12-21 17:58:05.504977','2021-12-21 17:58:07.120909',503,'2021-12-21 17:58:07.123074',NULL,'~',2,42,31,0),(79,69,'presupuesto TECH - 898 - 21','Inicial','2021-12-21',480000,NULL,NULL,NULL,NULL,NULL,NULL,'2021-12-21 17:58:05.504977','2021-12-21 18:06:43.816012',504,'2021-12-21 18:06:43.817913',NULL,'~',2,42,31,0),(79,69,'presupuesto TECH - 898 - 21','Validada','2021-12-21',480000,NULL,NULL,NULL,NULL,NULL,NULL,'2021-12-21 17:58:05.504977','2021-12-21 18:06:43.834892',505,'2021-12-21 18:06:43.836718',NULL,'~',2,42,31,0),(79,69,'presupuesto TECH - 898 - 21','Inicial','2021-12-21',480000,NULL,NULL,NULL,NULL,NULL,NULL,'2021-12-21 17:58:05.504977','2021-12-21 18:19:30.031868',506,'2021-12-21 18:19:30.033225',NULL,'~',2,42,31,0),(79,69,'presupuesto TECH - 898 - 21','Inicial','2021-12-21',480000,NULL,NULL,NULL,NULL,NULL,NULL,'2021-12-21 17:58:05.504977','2021-12-21 18:20:13.049793',507,'2021-12-21 18:20:13.051220',NULL,'~',2,42,31,0),(79,69,'presupuesto TECH - 898 - 21','Validada','2021-12-21',480000,NULL,NULL,NULL,NULL,NULL,NULL,'2021-12-21 17:58:05.504977','2021-12-21 18:20:13.061421',508,'2021-12-21 18:20:13.062433',NULL,'~',2,42,31,0),(77,67,'Por favor incluir la siguiente glosa en la factura: DESARROLLO DE PORTAFOLIO DE POSTRES VEGETALES A BASE DE ALMENDRA Y DESECHOS DE SU PRODUCCIÓN”, código 19IR-LR-121872','Inicial','2021-12-20',346577.26999999996,NULL,NULL,NULL,NULL,NULL,NULL,'2021-12-20 11:19:31.548612','2021-12-22 10:07:03.419425',509,'2021-12-22 10:07:03.422582',NULL,'~',3,39,14,0),(77,67,'Por favor incluir la siguiente glosa en la factura: DESARROLLO DE PORTAFOLIO DE POSTRES VEGETALES A BASE DE ALMENDRA Y DESECHOS DE SU PRODUCCIÓN”, código 19IR-LR-121872','Validada','2021-12-20',322288,NULL,NULL,NULL,NULL,NULL,NULL,'2021-12-20 11:19:31.548612','2021-12-22 10:07:03.447816',510,'2021-12-22 10:07:03.449107',NULL,'~',3,39,14,0),(77,67,'Por favor incluir la siguiente glosa en la factura: DESARROLLO DE PORTAFOLIO DE POSTRES VEGETALES A BASE DE ALMENDRA Y DESECHOS DE SU PRODUCCIÓN”, código 19IR-LR-121872','Recepcionada','2021-12-20',322288,NULL,'10169','2021-12-22','2021-12-21',NULL,NULL,'2021-12-20 11:19:31.548612','2021-12-22 10:08:27.657187',511,'2021-12-22 10:08:27.658870',NULL,'~',3,39,14,0),(77,67,'Por favor incluir la siguiente glosa en la factura: DESARROLLO DE PORTAFOLIO DE POSTRES VEGETALES A BASE DE ALMENDRA Y DESECHOS DE SU PRODUCCIÓN”, código 19IR-LR-121872','Etiquetada','2021-12-20',322288,NULL,'10169','2021-12-22','2021-12-21',NULL,NULL,'2021-12-20 11:19:31.548612','2021-12-22 10:10:24.514310',512,'2021-12-22 10:10:24.516776',NULL,'~',3,39,14,0),(80,70,'Por favor incluir la siguiente glosa en la factura: DESARROLLO DE PORTAFOLIO DE POSTRES VEGETALES A BASE DE ALMENDRA Y DESECHOS DE SU PRODUCCIÓN”, código 19IR-LR-121872','Inicial','2021-12-22',0,NULL,NULL,NULL,NULL,NULL,NULL,'2021-12-22 10:32:29.618407','2021-12-22 10:32:29.618426',513,'2021-12-22 10:32:29.619868',NULL,'+',3,41,32,0),(80,70,'Por favor incluir la siguiente glosa en la factura: DESARROLLO DE PORTAFOLIO DE POSTRES VEGETALES A BASE DE ALMENDRA Y DESECHOS DE SU PRODUCCIÓN”, código 19IR-LR-121872','Inicial','2021-12-22',45900,NULL,NULL,NULL,NULL,NULL,NULL,'2021-12-22 10:32:29.618407','2021-12-22 10:32:29.663837',514,'2021-12-22 10:32:29.666648',NULL,'~',3,41,32,0),(80,70,'Por favor incluir la siguiente glosa en la factura: DESARROLLO DE PORTAFOLIO DE POSTRES VEGETALES A BASE DE ALMENDRA Y DESECHOS DE SU PRODUCCIÓN”, código 19IR-LR-121872','Inicial','2021-12-22',45900,NULL,NULL,NULL,NULL,NULL,NULL,'2021-12-22 10:32:29.618407','2021-12-22 10:32:42.643348',515,'2021-12-22 10:32:42.646567',NULL,'~',3,41,32,0),(80,70,'Por favor incluir la siguiente glosa en la factura: DESARROLLO DE PORTAFOLIO DE POSTRES VEGETALES A BASE DE ALMENDRA Y DESECHOS DE SU PRODUCCIÓN”, código 19IR-LR-121872','Validada','2021-12-22',45900,NULL,NULL,NULL,NULL,NULL,NULL,'2021-12-22 10:32:29.618407','2021-12-22 10:32:42.667960',516,'2021-12-22 10:32:42.670411',NULL,'~',3,41,32,0),(80,70,'Por favor incluir la siguiente glosa en la factura: DESARROLLO DE PORTAFOLIO DE POSTRES VEGETALES A BASE DE ALMENDRA Y DESECHOS DE SU PRODUCCIÓN”, código 19IR-LR-121872','Recepcionada','2021-12-22',45900,NULL,'1317','2021-12-22','2021-12-20',NULL,NULL,'2021-12-22 10:32:29.618407','2021-12-22 10:33:09.748050',517,'2021-12-22 10:33:09.750576',NULL,'~',3,41,32,0),(80,70,'Por favor incluir la siguiente glosa en la factura: DESARROLLO DE PORTAFOLIO DE POSTRES VEGETALES A BASE DE ALMENDRA Y DESECHOS DE SU PRODUCCIÓN”, código 19IR-LR-121872','Etiquetada','2021-12-22',45900,NULL,'1317','2021-12-22','2021-12-20',NULL,NULL,'2021-12-22 10:32:29.618407','2021-12-22 10:34:44.469179',518,'2021-12-22 10:34:44.470238',NULL,'~',3,41,32,0),(47,40,'Segun NC 5543 emitida por PRIMEC, monto bruto a pagar descontada NC es de 529.609','Recepcionada','2021-12-07',0,NULL,'48839','2021-12-22','2021-12-22',NULL,NULL,'2021-12-07 09:56:53.955389','2021-12-22 11:19:44.147076',519,'2021-12-22 11:19:44.150802',NULL,'~',3,39,9,0),(47,40,'Segun NC 5543 emitida por PRIMEC, monto bruto a pagar descontada NC es de 529.609','Etiquetada','2021-12-07',0,NULL,'48839','2021-12-22','2021-12-22',NULL,NULL,'2021-12-07 09:56:53.955389','2021-12-22 11:19:52.737953',520,'2021-12-22 11:19:52.739744',NULL,'~',3,39,9,0),(47,40,'Segun NC 5543 emitida por PRIMEC, monto bruto a pagar descontada NC es de 529.609','Recepcionada','2021-12-07',0,NULL,'48839','2021-12-22','2021-12-22',NULL,NULL,'2021-12-07 09:56:53.955389','2021-12-22 11:43:24.863653',521,'2021-12-22 11:43:24.866529',NULL,'~',3,41,9,0),(47,40,'Segun NC 5543 emitida por PRIMEC, monto bruto a pagar descontada NC es de 529.609','Validada','2021-12-07',0,NULL,'48839','2021-12-22','2021-12-22',NULL,NULL,'2021-12-07 09:56:53.955389','2021-12-22 11:43:33.735765',522,'2021-12-22 11:43:33.736993',NULL,'~',3,41,9,0),(47,40,'Segun NC 5543 emitida por PRIMEC, monto bruto a pagar descontada NC es de 529.609','Inicial','2021-12-07',0,NULL,'48839','2021-12-22','2021-12-22',NULL,NULL,'2021-12-07 09:56:53.955389','2021-12-22 11:43:47.102582',523,'2021-12-22 11:43:47.103835',NULL,'~',3,41,9,0),(47,40,'Segun NC 5543 emitida por PRIMEC, monto bruto a pagar descontada NC es de 529.609','Inicial','2021-12-07',0,NULL,'48839','2021-12-22','2021-12-22',NULL,NULL,'2021-12-07 09:56:53.955389','2021-12-22 11:47:11.975489',524,'2021-12-22 11:47:11.976929',NULL,'~',3,41,9,0),(47,40,'Segun NC 5543 emitida por PRIMEC, monto bruto a pagar descontada NC es de 529.609','Validada','2021-12-07',0,NULL,'48839','2021-12-22','2021-12-22',NULL,NULL,'2021-12-07 09:56:53.955389','2021-12-22 11:47:11.981412',525,'2021-12-22 11:47:11.982322',NULL,'~',3,41,9,0),(47,40,'Segun NC 5543 emitida por PRIMEC, monto bruto a pagar descontada NC es de 529.609','Inicial','2021-12-07',0,NULL,'48839','2021-12-22','2021-12-22',NULL,NULL,'2021-12-07 09:56:53.955389','2021-12-22 11:47:22.567858',526,'2021-12-22 11:47:22.569103',NULL,'~',3,41,9,0),(81,71,'Por favor incluir la siguiente glosa en la factura: DESARROLLO DE PORTAFOLIO DE POSTRES VEGETALES A BASE DE ALMENDRA Y DESECHOS DE SU PRODUCCIÓN”, código 19IR-LR-121872','Inicial','2021-12-22',0,NULL,NULL,NULL,NULL,NULL,NULL,'2021-12-22 11:54:01.461248','2021-12-22 11:54:01.461265',527,'2021-12-22 11:54:01.462770',NULL,'+',3,41,9,0),(81,71,'Por favor incluir la siguiente glosa en la factura: DESARROLLO DE PORTAFOLIO DE POSTRES VEGETALES A BASE DE ALMENDRA Y DESECHOS DE SU PRODUCCIÓN”, código 19IR-LR-121872','Inicial','2021-12-22',518000,NULL,NULL,NULL,NULL,NULL,NULL,'2021-12-22 11:54:01.461248','2021-12-22 11:54:01.562336',528,'2021-12-22 11:54:01.564856',NULL,'~',3,41,9,0),(81,71,'Por favor incluir la siguiente glosa en la factura: DESARROLLO DE PORTAFOLIO DE POSTRES VEGETALES A BASE DE ALMENDRA Y DESECHOS DE SU PRODUCCIÓN”, código 19IR-LR-121872','Inicial','2021-12-22',518000,NULL,NULL,NULL,NULL,NULL,NULL,'2021-12-22 11:54:01.461248','2021-12-22 11:55:52.227396',529,'2021-12-22 11:55:52.228806',NULL,'~',3,1,9,0),(81,71,'Por favor incluir la siguiente glosa en la factura: DESARROLLO DE PORTAFOLIO DE POSTRES VEGETALES A BASE DE ALMENDRA Y DESECHOS DE SU PRODUCCIÓN”, código 19IR-LR-121872','Validada','2021-12-22',518000,NULL,NULL,NULL,NULL,NULL,NULL,'2021-12-22 11:54:01.461248','2021-12-22 11:55:52.237854',530,'2021-12-22 11:55:52.238807',NULL,'~',3,1,9,0),(81,71,'Por favor incluir la siguiente glosa en la factura: DESARROLLO DE PORTAFOLIO DE POSTRES VEGETALES A BASE DE ALMENDRA Y DESECHOS DE SU PRODUCCIÓN”, código 19IR-LR-121872','Inicial','2021-12-22',518000,NULL,NULL,NULL,NULL,NULL,NULL,'2021-12-22 11:54:01.461248','2021-12-22 11:55:53.857841',531,'2021-12-22 11:55:53.859138',NULL,'~',3,1,9,0),(81,71,'Por favor incluir la siguiente glosa en la factura: DESARROLLO DE PORTAFOLIO DE POSTRES VEGETALES A BASE DE ALMENDRA Y DESECHOS DE SU PRODUCCIÓN”, código 19IR-LR-121872','Inicial','2021-12-22',518000,NULL,NULL,NULL,NULL,NULL,NULL,'2021-12-22 11:54:01.461248','2021-12-22 11:57:02.340248',532,'2021-12-22 11:57:02.344037',NULL,'~',3,39,9,0),(81,71,'Por favor incluir la siguiente glosa en la factura: DESARROLLO DE PORTAFOLIO DE POSTRES VEGETALES A BASE DE ALMENDRA Y DESECHOS DE SU PRODUCCIÓN”, código 19IR-LR-121872','Validada','2021-12-22',518000,NULL,NULL,NULL,NULL,NULL,NULL,'2021-12-22 11:54:01.461248','2021-12-22 11:57:02.361143',533,'2021-12-22 11:57:02.362556',NULL,'~',3,39,9,0),(81,71,'Por favor incluir la siguiente glosa en la factura: DESARROLLO DE PORTAFOLIO DE POSTRES VEGETALES A BASE DE ALMENDRA Y DESECHOS DE SU PRODUCCIÓN”, código 19IR-LR-121872','Inicial','2021-12-22',518000,NULL,NULL,NULL,NULL,NULL,NULL,'2021-12-22 11:54:01.461248','2021-12-22 12:00:38.590332',534,'2021-12-22 12:00:38.600678',NULL,'~',3,1,9,0),(81,71,'Por favor incluir la siguiente glosa en la factura: DESARROLLO DE PORTAFOLIO DE POSTRES VEGETALES A BASE DE ALMENDRA Y DESECHOS DE SU PRODUCCIÓN”, código 19IR-LR-121872','Inicial','2021-12-22',518000,NULL,NULL,NULL,NULL,NULL,NULL,'2021-12-22 11:54:01.461248','2021-12-22 12:01:06.696782',535,'2021-12-22 12:01:06.702260',NULL,'~',3,1,9,0),(81,71,'Por favor incluir la siguiente glosa en la factura: DESARROLLO DE PORTAFOLIO DE POSTRES VEGETALES A BASE DE ALMENDRA Y DESECHOS DE SU PRODUCCIÓN”, código 19IR-LR-121872','Validada','2021-12-22',518000,NULL,NULL,NULL,NULL,NULL,NULL,'2021-12-22 11:54:01.461248','2021-12-22 12:01:06.718255',536,'2021-12-22 12:01:06.720363',NULL,'~',3,1,9,0),(81,71,'Por favor incluir la siguiente glosa en la factura: DESARROLLO DE PORTAFOLIO DE POSTRES VEGETALES A BASE DE ALMENDRA Y DESECHOS DE SU PRODUCCIÓN”, código 19IR-LR-121872','Recepcionada','2021-12-22',518000,NULL,'48839','2021-12-22','2021-12-22',NULL,NULL,'2021-12-22 11:54:01.461248','2021-12-22 12:02:49.390655',537,'2021-12-22 12:02:49.392901',NULL,'~',3,39,9,0),(81,71,'Por favor incluir la siguiente glosa en la factura: DESARROLLO DE PORTAFOLIO DE POSTRES VEGETALES A BASE DE ALMENDRA Y DESECHOS DE SU PRODUCCIÓN”, código 19IR-LR-121872','Etiquetada','2021-12-22',518000,NULL,'48839','2021-12-22','2021-12-22',NULL,NULL,'2021-12-22 11:54:01.461248','2021-12-22 12:04:27.777760',538,'2021-12-22 12:04:27.780040',NULL,'~',3,39,9,0),(78,68,'Por favor incluir la siguiente glosa en la factura: DESARROLLO DE PORTAFOLIO DE POSTRES VEGETALES A BASE DE ALMENDRA Y DESECHOS DE SU PRODUCCIÓN”, código 19IR-LR-121872','Inicial','2021-12-21',196740,NULL,NULL,NULL,NULL,NULL,NULL,'2021-12-21 09:30:47.518670','2021-12-22 12:07:02.664170',539,'2021-12-22 12:07:02.666638',NULL,'~',3,1,29,0),(78,68,'Por favor incluir la siguiente glosa en la factura: DESARROLLO DE PORTAFOLIO DE POSTRES VEGETALES A BASE DE ALMENDRA Y DESECHOS DE SU PRODUCCIÓN”, código 19IR-LR-121872','Validada','2021-12-21',196740,NULL,NULL,NULL,NULL,NULL,NULL,'2021-12-21 09:30:47.518670','2021-12-22 12:07:02.703973',540,'2021-12-22 12:07:02.705587',NULL,'~',3,1,29,0),(78,68,'Por favor incluir la siguiente glosa en la factura: DESARROLLO DE PORTAFOLIO DE POSTRES VEGETALES A BASE DE ALMENDRA Y DESECHOS DE SU PRODUCCIÓN”, código 19IR-LR-121872','Inicial','2021-12-21',196740,NULL,NULL,NULL,NULL,NULL,NULL,'2021-12-21 09:30:47.518670','2021-12-22 12:07:07.318493',541,'2021-12-22 12:07:07.320012',NULL,'~',3,1,29,0),(78,68,'Por favor incluir la siguiente glosa en la factura: DESARROLLO DE PORTAFOLIO DE POSTRES VEGETALES A BASE DE ALMENDRA Y DESECHOS DE SU PRODUCCIÓN”, código 19IR-LR-121872','Rechazada','2021-12-21',196740,NULL,NULL,NULL,NULL,NULL,NULL,'2021-12-21 09:30:47.518670','2021-12-22 13:01:34.891847',542,'2021-12-22 13:01:34.894144',NULL,'~',3,42,29,0),(82,72,'Por favor incluir la siguiente glosa en la factura: DESARROLLO DE PORTAFOLIO DE POSTRES VEGETALES A BASE DE ALMENDRA Y DESECHOS DE SU PRODUCCIÓN”, código 19IR-LR-121872','Inicial','2021-12-22',0,NULL,NULL,NULL,NULL,NULL,NULL,'2021-12-22 14:30:32.045317','2021-12-22 14:30:32.045334',543,'2021-12-22 14:30:32.046408',NULL,'+',4,41,7,0),(82,72,'Por favor incluir la siguiente glosa en la factura: DESARROLLO DE PORTAFOLIO DE POSTRES VEGETALES A BASE DE ALMENDRA Y DESECHOS DE SU PRODUCCIÓN”, código 19IR-LR-121872','Inicial','2021-12-22',313000,NULL,NULL,NULL,NULL,NULL,NULL,'2021-12-22 14:30:32.045317','2021-12-22 14:30:32.163181',544,'2021-12-22 14:30:32.165114',NULL,'~',4,41,7,0),(82,72,'Por favor incluir la siguiente glosa en la factura: DESARROLLO DE PORTAFOLIO DE POSTRES VEGETALES A BASE DE ALMENDRA Y DESECHOS DE SU PRODUCCIÓN”, código 19IR-LR-121872','Inicial','2021-12-22',313000,NULL,NULL,NULL,NULL,NULL,NULL,'2021-12-22 14:30:32.045317','2021-12-22 14:30:50.519922',545,'2021-12-22 14:30:50.523757',NULL,'~',4,41,7,0),(82,72,'Por favor incluir la siguiente glosa en la factura: DESARROLLO DE PORTAFOLIO DE POSTRES VEGETALES A BASE DE ALMENDRA Y DESECHOS DE SU PRODUCCIÓN”, código 19IR-LR-121872','Validada','2021-12-22',313000,NULL,NULL,NULL,NULL,NULL,NULL,'2021-12-22 14:30:32.045317','2021-12-22 14:30:50.549281',546,'2021-12-22 14:30:50.550282',NULL,'~',4,41,7,0),(82,72,'Por favor incluir la siguiente glosa en la factura: DESARROLLO DE PORTAFOLIO DE POSTRES VEGETALES A BASE DE ALMENDRA Y DESECHOS DE SU PRODUCCIÓN”, código 19IR-LR-121872','Recepcionada','2021-12-22',313000,NULL,'1','2021-12-22','2021-12-22',NULL,NULL,'2021-12-22 14:30:32.045317','2021-12-22 14:31:11.361081',547,'2021-12-22 14:31:11.362725',NULL,'~',4,41,7,0),(82,72,'Por favor incluir la siguiente glosa en la factura: DESARROLLO DE PORTAFOLIO DE POSTRES VEGETALES A BASE DE ALMENDRA Y DESECHOS DE SU PRODUCCIÓN”, código 19IR-LR-121872','Etiquetada','2021-12-22',313000,NULL,'1','2021-12-22','2021-12-22',NULL,NULL,'2021-12-22 14:30:32.045317','2021-12-22 14:31:42.115043',548,'2021-12-22 14:31:42.116357',NULL,'~',4,41,7,0),(83,73,'Por favor incluir la siguiente glosa en la factura: DESARROLLO DE PORTAFOLIO DE POSTRES VEGETALES A BASE DE ALMENDRA Y DESECHOS DE SU PRODUCCIÓN”, código 19IR-LR-121872','Inicial','2021-12-22',0,NULL,NULL,NULL,NULL,NULL,NULL,'2021-12-22 16:19:11.898092','2021-12-22 16:19:11.898120',549,'2021-12-22 16:19:11.899969',NULL,'+',3,42,20,0),(83,73,'Por favor incluir la siguiente glosa en la factura: DESARROLLO DE PORTAFOLIO DE POSTRES VEGETALES A BASE DE ALMENDRA Y DESECHOS DE SU PRODUCCIÓN”, código 19IR-LR-121872','Inicial','2021-12-22',647000,NULL,NULL,NULL,NULL,NULL,NULL,'2021-12-22 16:19:11.898092','2021-12-22 16:19:11.944896',550,'2021-12-22 16:19:11.946698',NULL,'~',3,42,20,0),(83,73,'Por favor incluir la siguiente glosa en la factura: DESARROLLO DE PORTAFOLIO DE POSTRES VEGETALES A BASE DE ALMENDRA Y DESECHOS DE SU PRODUCCIÓN”, código 19IR-LR-121872','Inicial','2021-12-22',647000,NULL,NULL,NULL,NULL,NULL,NULL,'2021-12-22 16:19:11.898092','2021-12-22 16:19:20.661776',551,'2021-12-22 16:19:20.664017',NULL,'~',3,42,20,0),(83,73,'Por favor incluir la siguiente glosa en la factura: DESARROLLO DE PORTAFOLIO DE POSTRES VEGETALES A BASE DE ALMENDRA Y DESECHOS DE SU PRODUCCIÓN”, código 19IR-LR-121872','Validada','2021-12-22',647000,NULL,NULL,NULL,NULL,NULL,NULL,'2021-12-22 16:19:11.898092','2021-12-22 16:19:20.687407',552,'2021-12-22 16:19:20.689235',NULL,'~',3,42,20,0),(84,74,'Por favor incluir la siguiente glosa en la factura: DESARROLLO DE PORTAFOLIO DE POSTRES VEGETALES A BASE DE ALMENDRA Y DESECHOS DE SU PRODUCCIÓN”, código 19IR-LR-121872','Inicial','2021-12-22',0,NULL,NULL,NULL,NULL,NULL,NULL,'2021-12-22 17:17:07.384750','2021-12-22 17:17:07.384766',553,'2021-12-22 17:17:07.385834',NULL,'+',3,41,6,0),(84,74,'Por favor incluir la siguiente glosa en la factura: DESARROLLO DE PORTAFOLIO DE POSTRES VEGETALES A BASE DE ALMENDRA Y DESECHOS DE SU PRODUCCIÓN”, código 19IR-LR-121872','Inicial','2021-12-22',87834000,NULL,NULL,NULL,NULL,NULL,NULL,'2021-12-22 17:17:07.384750','2021-12-22 17:17:07.431747',554,'2021-12-22 17:17:07.433751',NULL,'~',3,41,6,0),(84,74,'Por favor incluir la siguiente glosa en la factura: DESARROLLO DE PORTAFOLIO DE POSTRES VEGETALES A BASE DE ALMENDRA Y DESECHOS DE SU PRODUCCIÓN”, código 19IR-LR-121872','Inicial','2021-12-22',87834000,NULL,NULL,NULL,NULL,NULL,NULL,'2021-12-22 17:17:07.384750','2021-12-22 17:17:25.495705',555,'2021-12-22 17:17:25.496968',NULL,'~',3,41,6,0),(84,74,'Por favor incluir la siguiente glosa en la factura: DESARROLLO DE PORTAFOLIO DE POSTRES VEGETALES A BASE DE ALMENDRA Y DESECHOS DE SU PRODUCCIÓN”, código 19IR-LR-121872','Validada','2021-12-22',87834000,NULL,NULL,NULL,NULL,NULL,NULL,'2021-12-22 17:17:07.384750','2021-12-22 17:17:25.519899',556,'2021-12-22 17:17:25.520852',NULL,'~',3,41,6,0),(84,74,'Por favor incluir la siguiente glosa en la factura: DESARROLLO DE PORTAFOLIO DE POSTRES VEGETALES A BASE DE ALMENDRA Y DESECHOS DE SU PRODUCCIÓN”, código 19IR-LR-121872','Recepcionada','2021-12-22',87834000,NULL,'1','2021-12-22','2021-12-22',NULL,NULL,'2021-12-22 17:17:07.384750','2021-12-22 17:20:13.677481',557,'2021-12-22 17:20:13.680292',NULL,'~',3,41,6,0),(85,75,'Por favor incluir la siguiente glosa en la factura: DESARROLLO DE PORTAFOLIO DE POSTRES VEGETALES A BASE DE ALMENDRA Y DESECHOS DE SU PRODUCCIÓN”, código 19IR-LR-121872','Inicial','2021-12-22',0,NULL,NULL,NULL,NULL,NULL,NULL,'2021-12-22 17:20:32.257102','2021-12-22 17:20:32.257121',558,'2021-12-22 17:20:32.258337',NULL,'+',4,48,22,0),(85,75,'Por favor incluir la siguiente glosa en la factura: DESARROLLO DE PORTAFOLIO DE POSTRES VEGETALES A BASE DE ALMENDRA Y DESECHOS DE SU PRODUCCIÓN”, código 19IR-LR-121872','Inicial','2021-12-22',8195000,NULL,NULL,NULL,NULL,NULL,NULL,'2021-12-22 17:20:32.257102','2021-12-22 17:20:32.766341',559,'2021-12-22 17:20:32.768678',NULL,'~',4,48,22,0),(84,74,'Por favor incluir la siguiente glosa en la factura: DESARROLLO DE PORTAFOLIO DE POSTRES VEGETALES A BASE DE ALMENDRA Y DESECHOS DE SU PRODUCCIÓN”, código 19IR-LR-121872','Rechazada','2021-12-22',87834000,NULL,'1','2021-12-22','2021-12-22',NULL,NULL,'2021-12-22 17:17:07.384750','2021-12-22 17:21:18.946900',560,'2021-12-22 17:21:18.950120',NULL,'~',3,41,6,0),(85,75,'Por favor incluir la siguiente glosa en la factura: DESARROLLO DE PORTAFOLIO DE POSTRES VEGETALES A BASE DE ALMENDRA Y DESECHOS DE SU PRODUCCIÓN”, código 19IR-LR-121872','Inicial','2021-12-22',8195000,NULL,NULL,NULL,NULL,NULL,NULL,'2021-12-22 17:20:32.257102','2021-12-22 17:21:31.962501',561,'2021-12-22 17:21:31.964839',NULL,'~',4,41,22,0),(85,75,'Por favor incluir la siguiente glosa en la factura: DESARROLLO DE PORTAFOLIO DE POSTRES VEGETALES A BASE DE ALMENDRA Y DESECHOS DE SU PRODUCCIÓN”, código 19IR-LR-121872','Validada','2021-12-22',8195000,NULL,NULL,NULL,NULL,NULL,NULL,'2021-12-22 17:20:32.257102','2021-12-22 17:21:32.333211',562,'2021-12-22 17:21:32.334806',NULL,'~',4,41,22,0),(85,75,'Por favor incluir la siguiente glosa en la factura: DESARROLLO DE PORTAFOLIO DE POSTRES VEGETALES A BASE DE ALMENDRA Y DESECHOS DE SU PRODUCCIÓN”, código 19IR-LR-121872','Rechazada','2021-12-22',8195000,NULL,NULL,NULL,NULL,NULL,NULL,'2021-12-22 17:20:32.257102','2021-12-22 17:22:01.300006',563,'2021-12-22 17:22:01.302712',NULL,'~',4,41,22,0),(85,75,'Por favor incluir la siguiente glosa en la factura: DESARROLLO DE PORTAFOLIO DE POSTRES VEGETALES A BASE DE ALMENDRA Y DESECHOS DE SU PRODUCCIÓN”, código 19IR-LR-121872','Validada','2021-12-22',8195000,NULL,NULL,NULL,NULL,NULL,NULL,'2021-12-22 17:20:32.257102','2021-12-22 17:23:10.136446',564,'2021-12-22 17:23:10.139666',NULL,'~',4,41,22,0),(85,75,'Por favor incluir la siguiente glosa en la factura: DESARROLLO DE PORTAFOLIO DE POSTRES VEGETALES A BASE DE ALMENDRA Y DESECHOS DE SU PRODUCCIÓN”, código 19IR-LR-121872','Recepcionada','2021-12-22',8195000,NULL,'1','2021-12-22','2021-12-22',NULL,NULL,'2021-12-22 17:20:32.257102','2021-12-22 17:24:34.586246',565,'2021-12-22 17:24:34.593945',NULL,'~',4,41,22,0),(84,74,'Por favor incluir la siguiente glosa en la factura: DESARROLLO DE PORTAFOLIO DE POSTRES VEGETALES A BASE DE ALMENDRA Y DESECHOS DE SU PRODUCCIÓN”, código 19IR-LR-121872','Recepcionada','2021-12-22',87834000,NULL,'1','2021-12-22','2021-12-22',NULL,NULL,'2021-12-22 17:17:07.384750','2021-12-22 17:26:21.493823',566,'2021-12-22 17:26:21.495580',NULL,'~',3,41,6,0),(86,76,'Por favor incluir la siguiente glosa en la factura: DESARROLLO DE PORTAFOLIO DE POSTRES VEGETALES A BASE DE ALMENDRA Y DESECHOS DE SU PRODUCCIÓN”, código 19IR-LR-121872','Inicial','2021-12-22',0,NULL,NULL,NULL,NULL,NULL,NULL,'2021-12-22 17:28:13.292735','2021-12-22 17:28:13.292752',567,'2021-12-22 17:28:13.297122',NULL,'+',4,48,16,0),(86,76,'Por favor incluir la siguiente glosa en la factura: DESARROLLO DE PORTAFOLIO DE POSTRES VEGETALES A BASE DE ALMENDRA Y DESECHOS DE SU PRODUCCIÓN”, código 19IR-LR-121872','Inicial','2021-12-22',2406350,NULL,NULL,NULL,NULL,NULL,NULL,'2021-12-22 17:28:13.292735','2021-12-22 17:28:13.404383',568,'2021-12-22 17:28:13.406824',NULL,'~',4,48,16,0),(86,76,'Por favor incluir la siguiente glosa en la factura: DESARROLLO DE PORTAFOLIO DE POSTRES VEGETALES A BASE DE ALMENDRA Y DESECHOS DE SU PRODUCCIÓN”, código 19IR-LR-121872','Inicial','2021-12-22',2406350,NULL,NULL,NULL,NULL,NULL,NULL,'2021-12-22 17:28:13.292735','2021-12-22 17:28:31.292905',569,'2021-12-22 17:28:31.294851',NULL,'~',4,48,16,0),(86,76,'Por favor incluir la siguiente glosa en la factura: DESARROLLO DE PORTAFOLIO DE POSTRES VEGETALES A BASE DE ALMENDRA Y DESECHOS DE SU PRODUCCIÓN”, código 19IR-LR-121872','Validada','2021-12-22',2406350,NULL,NULL,NULL,NULL,NULL,NULL,'2021-12-22 17:28:13.292735','2021-12-22 17:28:31.322858',570,'2021-12-22 17:28:31.326869',NULL,'~',4,48,16,0),(86,76,'Por favor incluir la siguiente glosa en la factura: DESARROLLO DE PORTAFOLIO DE POSTRES VEGETALES A BASE DE ALMENDRA Y DESECHOS DE SU PRODUCCIÓN”, código 19IR-LR-121872','Recepcionada','2021-12-22',2406350,'1','1','2021-12-22','2021-12-22',NULL,NULL,'2021-12-22 17:28:13.292735','2021-12-22 17:30:26.489488',571,'2021-12-22 17:30:26.493062',NULL,'~',4,48,16,0),(86,76,'Por favor incluir la siguiente glosa en la factura: DESARROLLO DE PORTAFOLIO DE POSTRES VEGETALES A BASE DE ALMENDRA Y DESECHOS DE SU PRODUCCIÓN”, código 19IR-LR-121872','Rechazada','2021-12-22',2406350,'1','1','2021-12-22','2021-12-22',NULL,NULL,'2021-12-22 17:28:13.292735','2021-12-22 17:35:04.635980',572,'2021-12-22 17:35:04.738663',NULL,'~',4,48,16,0),(86,76,'Por favor incluir la siguiente glosa en la factura: DESARROLLO DE PORTAFOLIO DE POSTRES VEGETALES A BASE DE ALMENDRA Y DESECHOS DE SU PRODUCCIÓN”, código 19IR-LR-121872','Rechazada','2021-12-22',2406350,'1','1','2021-12-22','2021-12-22',NULL,NULL,'2021-12-22 17:28:13.292735','2021-12-22 17:35:10.348503',573,'2021-12-22 17:35:10.765188',NULL,'~',4,48,16,0),(78,68,'Por favor incluir la siguiente glosa en la factura: DESARROLLO DE PORTAFOLIO DE POSTRES VEGETALES A BASE DE ALMENDRA Y DESECHOS DE SU PRODUCCIÓN”, código 19IR-LR-121872','Inicial','2021-12-21',196740,NULL,NULL,NULL,NULL,NULL,NULL,'2021-12-21 09:30:47.518670','2021-12-23 11:04:07.854861',574,'2021-12-23 11:04:07.857960',NULL,'~',3,39,29,0),(78,68,'Por favor incluir la siguiente glosa en la factura: DESARROLLO DE PORTAFOLIO DE POSTRES VEGETALES A BASE DE ALMENDRA Y DESECHOS DE SU PRODUCCIÓN”, código 19IR-LR-121872','Inicial','2021-12-21',196740,NULL,NULL,NULL,NULL,NULL,NULL,'2021-12-21 09:30:47.518670','2021-12-23 11:04:42.459929',575,'2021-12-23 11:04:42.461317',NULL,'~',3,39,29,0),(78,68,'Por favor incluir la siguiente glosa en la factura: DESARROLLO DE PORTAFOLIO DE POSTRES VEGETALES A BASE DE ALMENDRA Y DESECHOS DE SU PRODUCCIÓN”, código 19IR-LR-121872','Validada','2021-12-21',196740,NULL,NULL,NULL,NULL,NULL,NULL,'2021-12-21 09:30:47.518670','2021-12-23 11:04:42.503560',576,'2021-12-23 11:04:42.506691',NULL,'~',3,39,29,0),(78,68,'Por favor incluir la siguiente glosa en la factura: DESARROLLO DE PORTAFOLIO DE POSTRES VEGETALES A BASE DE ALMENDRA Y DESECHOS DE SU PRODUCCIÓN”, código 19IR-LR-121872','Recepcionada','2021-12-21',196740,NULL,'0000128244','2021-12-23','2021-12-23',NULL,NULL,'2021-12-21 09:30:47.518670','2021-12-23 11:05:31.328341',577,'2021-12-23 11:05:31.330698',NULL,'~',3,39,29,0),(78,68,'Por favor incluir la siguiente glosa en la factura: DESARROLLO DE PORTAFOLIO DE POSTRES VEGETALES A BASE DE ALMENDRA Y DESECHOS DE SU PRODUCCIÓN”, código 19IR-LR-121872','Etiquetada','2021-12-21',196740,NULL,'0000128244','2021-12-23','2021-12-23',NULL,NULL,'2021-12-21 09:30:47.518670','2021-12-23 11:05:54.141110',578,'2021-12-23 11:05:54.142905',NULL,'~',3,39,29,0),(76,66,'Por favor incluir la siguiente glosa en la factura: DESARROLLO DE PORTAFOLIO DE POSTRES VEGETALES A BASE DE ALMENDRA Y DESECHOS DE SU PRODUCCIÓN”, código 19IR-LR-121872','Inicial','2021-12-20',412800,NULL,NULL,NULL,NULL,NULL,NULL,'2021-12-20 11:18:14.837540','2021-12-23 11:15:24.024018',579,'2021-12-23 11:15:24.025604',NULL,'~',3,39,4,0),(76,66,'Por favor incluir la siguiente glosa en la factura: DESARROLLO DE PORTAFOLIO DE POSTRES VEGETALES A BASE DE ALMENDRA Y DESECHOS DE SU PRODUCCIÓN”, código 19IR-LR-121872','Validada','2021-12-20',412800,NULL,NULL,NULL,NULL,NULL,NULL,'2021-12-20 11:18:14.837540','2021-12-23 11:15:24.050436',580,'2021-12-23 11:15:24.051735',NULL,'~',3,39,4,0),(76,66,'Por favor incluir la siguiente glosa en la factura: DESARROLLO DE PORTAFOLIO DE POSTRES VEGETALES A BASE DE ALMENDRA Y DESECHOS DE SU PRODUCCIÓN”, código 19IR-LR-121872','Recepcionada','2021-12-20',412800,NULL,'126782','2021-12-23','2021-12-22',NULL,NULL,'2021-12-20 11:18:14.837540','2021-12-23 11:16:20.246692',581,'2021-12-23 11:16:20.249027',NULL,'~',3,39,4,0),(76,66,'Por favor incluir la siguiente glosa en la factura: DESARROLLO DE PORTAFOLIO DE POSTRES VEGETALES A BASE DE ALMENDRA Y DESECHOS DE SU PRODUCCIÓN”, código 19IR-LR-121872','Etiquetada','2021-12-20',412800,NULL,'126782','2021-12-23','2021-12-22',NULL,NULL,'2021-12-20 11:18:14.837540','2021-12-23 11:17:35.637098',582,'2021-12-23 11:17:35.638352',NULL,'~',3,39,4,0),(86,76,'Por favor incluir la siguiente glosa en la factura: DESARROLLO DE PORTAFOLIO DE POSTRES VEGETALES A BASE DE ALMENDRA Y DESECHOS DE SU PRODUCCIÓN”, código 19IR-LR-121872','Recepcionada','2021-12-22',2406350,'1','1','2021-12-22','2021-12-22',NULL,NULL,'2021-12-22 17:28:13.292735','2021-12-23 16:48:36.150106',583,'2021-12-23 16:48:36.152447',NULL,'~',4,41,16,0),(87,77,'Por favor incluir la siguiente glosa en la factura: DESARROLLO DE PORTAFOLIO DE POSTRES VEGETALES A BASE DE ALMENDRA Y DESECHOS DE SU PRODUCCIÓN”, código 19IR-LR-121872','Inicial','2021-12-23',0,NULL,NULL,NULL,NULL,NULL,NULL,'2021-12-23 16:59:07.764378','2021-12-23 16:59:07.764398',584,'2021-12-23 16:59:07.765953',NULL,'+',4,48,29,0),(87,77,'Por favor incluir la siguiente glosa en la factura: DESARROLLO DE PORTAFOLIO DE POSTRES VEGETALES A BASE DE ALMENDRA Y DESECHOS DE SU PRODUCCIÓN”, código 19IR-LR-121872','Inicial','2021-12-23',58999.5,NULL,NULL,NULL,NULL,NULL,NULL,'2021-12-23 16:59:07.764378','2021-12-23 16:59:07.799941',585,'2021-12-23 16:59:07.801517',NULL,'~',4,48,29,0),(87,77,'Por favor incluir la siguiente glosa en la factura: DESARROLLO DE PORTAFOLIO DE POSTRES VEGETALES A BASE DE ALMENDRA Y DESECHOS DE SU PRODUCCIÓN”, código 19IR-LR-121872','Inicial','2021-12-23',58999.5,NULL,NULL,NULL,NULL,NULL,NULL,'2021-12-23 16:59:07.764378','2021-12-23 17:00:18.101636',586,'2021-12-23 17:00:18.102936',NULL,'~',4,48,29,0),(87,77,'Por favor incluir la siguiente glosa en la factura: DESARROLLO DE PORTAFOLIO DE POSTRES VEGETALES A BASE DE ALMENDRA Y DESECHOS DE SU PRODUCCIÓN”, código 19IR-LR-121872','Validada','2021-12-23',58999.5,NULL,NULL,NULL,NULL,NULL,NULL,'2021-12-23 16:59:07.764378','2021-12-23 17:00:18.113210',587,'2021-12-23 17:00:18.114143',NULL,'~',4,48,29,0),(87,77,'Por favor incluir la siguiente glosa en la factura: DESARROLLO DE PORTAFOLIO DE POSTRES VEGETALES A BASE DE ALMENDRA Y DESECHOS DE SU PRODUCCIÓN”, código 19IR-LR-121872','Recepcionada','2021-12-23',58999.5,NULL,'132121','2021-12-23','2021-12-23',NULL,NULL,'2021-12-23 16:59:07.764378','2021-12-23 17:18:41.888894',588,'2021-12-23 17:18:41.890585',NULL,'~',4,48,29,0),(88,78,'Por favor incluir la siguiente glosa en la factura: DESARROLLO DE PORTAFOLIO DE POSTRES VEGETALES A BASE DE ALMENDRA Y DESECHOS DE SU PRODUCCIÓN”, código 19IR-LR-121872','Inicial','2021-12-24',0,NULL,NULL,NULL,NULL,NULL,NULL,'2021-12-24 08:40:30.603903','2021-12-24 08:40:30.603920',589,'2021-12-24 08:40:30.607620',NULL,'+',3,41,29,0),(88,78,'Por favor incluir la siguiente glosa en la factura: DESARROLLO DE PORTAFOLIO DE POSTRES VEGETALES A BASE DE ALMENDRA Y DESECHOS DE SU PRODUCCIÓN”, código 19IR-LR-121872','Inicial','2021-12-24',840,NULL,NULL,NULL,NULL,NULL,NULL,'2021-12-24 08:40:30.603903','2021-12-24 08:40:30.642668',590,'2021-12-24 08:40:30.644427',NULL,'~',3,41,29,0),(88,78,'Por favor incluir la siguiente glosa en la factura: DESARROLLO DE PORTAFOLIO DE POSTRES VEGETALES A BASE DE ALMENDRA Y DESECHOS DE SU PRODUCCIÓN”, código 19IR-LR-121872','Inicial','2021-12-24',840,NULL,NULL,NULL,NULL,NULL,NULL,'2021-12-24 08:40:30.603903','2021-12-24 08:40:39.615085',591,'2021-12-24 08:40:39.616372',NULL,'~',3,41,29,0),(88,78,'Por favor incluir la siguiente glosa en la factura: DESARROLLO DE PORTAFOLIO DE POSTRES VEGETALES A BASE DE ALMENDRA Y DESECHOS DE SU PRODUCCIÓN”, código 19IR-LR-121872','Validada','2021-12-24',840,NULL,NULL,NULL,NULL,NULL,NULL,'2021-12-24 08:40:30.603903','2021-12-24 08:40:39.625211',592,'2021-12-24 08:40:39.626175',NULL,'~',3,41,29,0),(88,78,'Por favor incluir la siguiente glosa en la factura: DESARROLLO DE PORTAFOLIO DE POSTRES VEGETALES A BASE DE ALMENDRA Y DESECHOS DE SU PRODUCCIÓN”, código 19IR-LR-121872','Recepcionada','2021-12-24',840,NULL,'1','2021-12-24','2021-12-24',NULL,NULL,'2021-12-24 08:40:30.603903','2021-12-24 08:40:52.676576',593,'2021-12-24 08:40:52.678291',NULL,'~',3,41,29,0),(88,78,'Por favor incluir la siguiente glosa en la factura: DESARROLLO DE PORTAFOLIO DE POSTRES VEGETALES A BASE DE ALMENDRA Y DESECHOS DE SU PRODUCCIÓN”, código 19IR-LR-121872','Etiquetada','2021-12-24',840,NULL,'1','2021-12-24','2021-12-24',NULL,NULL,'2021-12-24 08:40:30.603903','2021-12-24 08:41:11.931031',594,'2021-12-24 08:41:11.931974',NULL,'~',3,41,29,0),(88,78,'Por favor incluir la siguiente glosa en la factura: DESARROLLO DE PORTAFOLIO DE POSTRES VEGETALES A BASE DE ALMENDRA Y DESECHOS DE SU PRODUCCIÓN”, código 19IR-LR-121872','Recepcionada','2021-12-24',840,NULL,'1','2021-12-24','2021-12-24',NULL,NULL,'2021-12-24 08:40:30.603903','2021-12-24 08:43:38.055184',595,'2021-12-24 08:43:38.056696',NULL,'~',3,41,29,0),(88,78,'Por favor incluir la siguiente glosa en la factura: DESARROLLO DE PORTAFOLIO DE POSTRES VEGETALES A BASE DE ALMENDRA Y DESECHOS DE SU PRODUCCIÓN”, código 19IR-LR-121872','Validada','2021-12-24',840,NULL,'1','2021-12-24','2021-12-24',NULL,NULL,'2021-12-24 08:40:30.603903','2021-12-24 08:43:40.868707',596,'2021-12-24 08:43:40.870151',NULL,'~',3,41,29,0),(88,78,'Por favor incluir la siguiente glosa en la factura: DESARROLLO DE PORTAFOLIO DE POSTRES VEGETALES A BASE DE ALMENDRA Y DESECHOS DE SU PRODUCCIÓN”, código 19IR-LR-121872','Recepcionada','2021-12-24',840,NULL,'1','2021-12-24','2021-12-24',NULL,NULL,'2021-12-24 08:40:30.603903','2021-12-24 08:43:51.630972',597,'2021-12-24 08:43:51.632970',NULL,'~',3,41,29,0),(88,78,'Por favor incluir la siguiente glosa en la factura: DESARROLLO DE PORTAFOLIO DE POSTRES VEGETALES A BASE DE ALMENDRA Y DESECHOS DE SU PRODUCCIÓN”, código 19IR-LR-121872','Rechazada','2021-12-24',840,NULL,'1','2021-12-24','2021-12-24',NULL,NULL,'2021-12-24 08:40:30.603903','2021-12-24 08:44:02.541039',598,'2021-12-24 08:44:02.542660',NULL,'~',3,41,29,0),(89,79,'Por favor incluir la siguiente glosa en la factura: DESARROLLO DE PORTAFOLIO DE POSTRES VEGETALES A BASE DE ALMENDRA Y DESECHOS DE SU PRODUCCIÓN”, código 19IR-LR-121872','Inicial','2021-12-24',0,NULL,NULL,NULL,NULL,NULL,NULL,'2021-12-24 08:44:21.626131','2021-12-24 08:44:21.626148',599,'2021-12-24 08:44:21.627106',NULL,'+',4,41,29,0),(89,79,'Por favor incluir la siguiente glosa en la factura: DESARROLLO DE PORTAFOLIO DE POSTRES VEGETALES A BASE DE ALMENDRA Y DESECHOS DE SU PRODUCCIÓN”, código 19IR-LR-121872','Inicial','2021-12-24',8400,NULL,NULL,NULL,NULL,NULL,NULL,'2021-12-24 08:44:21.626131','2021-12-24 08:44:21.658702',600,'2021-12-24 08:44:21.660246',NULL,'~',4,41,29,0),(89,79,'Por favor incluir la siguiente glosa en la factura: DESARROLLO DE PORTAFOLIO DE POSTRES VEGETALES A BASE DE ALMENDRA Y DESECHOS DE SU PRODUCCIÓN”, código 19IR-LR-121872','Inicial','2021-12-24',8400,NULL,NULL,NULL,NULL,NULL,NULL,'2021-12-24 08:44:21.626131','2021-12-24 08:44:29.353875',601,'2021-12-24 08:44:29.355061',NULL,'~',4,41,29,0),(89,79,'Por favor incluir la siguiente glosa en la factura: DESARROLLO DE PORTAFOLIO DE POSTRES VEGETALES A BASE DE ALMENDRA Y DESECHOS DE SU PRODUCCIÓN”, código 19IR-LR-121872','Validada','2021-12-24',8400,NULL,NULL,NULL,NULL,NULL,NULL,'2021-12-24 08:44:21.626131','2021-12-24 08:44:29.362373',602,'2021-12-24 08:44:29.363118',NULL,'~',4,41,29,0),(89,79,'Por favor incluir la siguiente glosa en la factura: DESARROLLO DE PORTAFOLIO DE POSTRES VEGETALES A BASE DE ALMENDRA Y DESECHOS DE SU PRODUCCIÓN”, código 19IR-LR-121872','Recepcionada','2021-12-24',8400,NULL,'1','2021-12-24','2021-12-24',NULL,NULL,'2021-12-24 08:44:21.626131','2021-12-24 08:44:42.054917',603,'2021-12-24 08:44:42.056524',NULL,'~',4,41,29,0),(89,79,'Por favor incluir la siguiente glosa en la factura: DESARROLLO DE PORTAFOLIO DE POSTRES VEGETALES A BASE DE ALMENDRA Y DESECHOS DE SU PRODUCCIÓN”, código 19IR-LR-121872','Etiquetada','2021-12-24',8400,NULL,'1','2021-12-24','2021-12-24',NULL,NULL,'2021-12-24 08:44:21.626131','2021-12-24 08:44:48.701940',604,'2021-12-24 08:44:48.703308',NULL,'~',4,41,29,0),(90,80,'Por favor incluir la siguiente glosa en la factura: DESARROLLO DE PORTAFOLIO DE POSTRES VEGETALES A BASE DE ALMENDRA Y DESECHOS DE SU PRODUCCIÓN”, código 19IR-LR-121872','Inicial','2021-12-24',0,NULL,NULL,NULL,NULL,NULL,NULL,'2021-12-24 09:05:32.290856','2021-12-24 09:05:32.290873',605,'2021-12-24 09:05:32.294732',NULL,'+',4,41,12,0),(90,80,'Por favor incluir la siguiente glosa en la factura: DESARROLLO DE PORTAFOLIO DE POSTRES VEGETALES A BASE DE ALMENDRA Y DESECHOS DE SU PRODUCCIÓN”, código 19IR-LR-121872','Inicial','2021-12-24',3700000,NULL,NULL,NULL,NULL,NULL,NULL,'2021-12-24 09:05:32.290856','2021-12-24 09:05:32.549862',606,'2021-12-24 09:05:32.552422',NULL,'~',4,41,12,0),(90,80,'Por favor incluir la siguiente glosa en la factura: DESARROLLO DE PORTAFOLIO DE POSTRES VEGETALES A BASE DE ALMENDRA Y DESECHOS DE SU PRODUCCIÓN”, código 19IR-LR-121872','Inicial','2021-12-24',3700000,NULL,NULL,NULL,NULL,NULL,NULL,'2021-12-24 09:05:32.290856','2021-12-24 09:05:41.801252',607,'2021-12-24 09:05:41.802694',NULL,'~',4,41,12,0),(90,80,'Por favor incluir la siguiente glosa en la factura: DESARROLLO DE PORTAFOLIO DE POSTRES VEGETALES A BASE DE ALMENDRA Y DESECHOS DE SU PRODUCCIÓN”, código 19IR-LR-121872','Validada','2021-12-24',3700000,NULL,NULL,NULL,NULL,NULL,NULL,'2021-12-24 09:05:32.290856','2021-12-24 09:05:41.816892',608,'2021-12-24 09:05:41.818189',NULL,'~',4,41,12,0),(90,80,'Por favor incluir la siguiente glosa en la factura: DESARROLLO DE PORTAFOLIO DE POSTRES VEGETALES A BASE DE ALMENDRA Y DESECHOS DE SU PRODUCCIÓN”, código 19IR-LR-121872','Recepcionada','2021-12-24',3700000,NULL,'1','2021-12-24','2021-12-24',NULL,NULL,'2021-12-24 09:05:32.290856','2021-12-24 09:05:58.553286',609,'2021-12-24 09:05:58.555493',NULL,'~',4,41,12,0),(90,80,'Por favor incluir la siguiente glosa en la factura: DESARROLLO DE PORTAFOLIO DE POSTRES VEGETALES A BASE DE ALMENDRA Y DESECHOS DE SU PRODUCCIÓN”, código 19IR-LR-121872','Etiquetada','2021-12-24',3700000,NULL,'1','2021-12-24','2021-12-24',NULL,NULL,'2021-12-24 09:05:32.290856','2021-12-24 09:06:19.259012',610,'2021-12-24 09:06:19.260180',NULL,'~',4,41,12,0),(91,81,'Por favor incluir la siguiente glosa en la factura: DESARROLLO DE PORTAFOLIO DE POSTRES VEGETALES A BASE DE ALMENDRA Y DESECHOS DE SU PRODUCCIÓN”, código 19IR-LR-121872','Inicial','2021-12-24',0,NULL,NULL,NULL,NULL,NULL,NULL,'2021-12-24 10:01:17.685237','2021-12-24 10:01:17.685256',611,'2021-12-24 10:01:17.686400',NULL,'+',4,41,21,0),(91,81,'Por favor incluir la siguiente glosa en la factura: DESARROLLO DE PORTAFOLIO DE POSTRES VEGETALES A BASE DE ALMENDRA Y DESECHOS DE SU PRODUCCIÓN”, código 19IR-LR-121872','Inicial','2021-12-24',205434.2,NULL,NULL,NULL,NULL,NULL,NULL,'2021-12-24 10:01:17.685237','2021-12-24 10:01:17.734645',612,'2021-12-24 10:01:17.736230',NULL,'~',4,41,21,0),(91,81,'Por favor incluir la siguiente glosa en la factura: DESARROLLO DE PORTAFOLIO DE POSTRES VEGETALES A BASE DE ALMENDRA Y DESECHOS DE SU PRODUCCIÓN”, código 19IR-LR-121872','Inicial','2021-12-24',205434.2,NULL,NULL,NULL,NULL,NULL,NULL,'2021-12-24 10:01:17.685237','2021-12-24 10:01:54.690514',613,'2021-12-24 10:01:54.691876',NULL,'~',4,41,21,0),(91,81,'Por favor incluir la siguiente glosa en la factura: DESARROLLO DE PORTAFOLIO DE POSTRES VEGETALES A BASE DE ALMENDRA Y DESECHOS DE SU PRODUCCIÓN”, código 19IR-LR-121872','Validada','2021-12-24',205434.2,NULL,NULL,NULL,NULL,NULL,NULL,'2021-12-24 10:01:17.685237','2021-12-24 10:01:54.710735',614,'2021-12-24 10:01:54.712034',NULL,'~',4,41,21,0),(91,81,'Por favor incluir la siguiente glosa en la factura: DESARROLLO DE PORTAFOLIO DE POSTRES VEGETALES A BASE DE ALMENDRA Y DESECHOS DE SU PRODUCCIÓN”, código 19IR-LR-121872','Recepcionada','2021-12-24',205434.2,NULL,'1','2021-12-24','2021-12-24',NULL,NULL,'2021-12-24 10:01:17.685237','2021-12-24 10:02:16.643505',615,'2021-12-24 10:02:16.645275',NULL,'~',4,41,21,0),(92,82,'Por favor incluir la siguiente glosa en la factura: DESARROLLO DE PORTAFOLIO DE POSTRES VEGETALES A BASE DE ALMENDRA Y DESECHOS DE SU PRODUCCIÓN”, código 19IR-LR-121872','Inicial','2021-12-24',0,NULL,NULL,NULL,NULL,NULL,NULL,'2021-12-24 10:18:27.512128','2021-12-24 10:18:27.512148',616,'2021-12-24 10:18:27.514903',NULL,'+',4,48,2,0),(92,82,'Por favor incluir la siguiente glosa en la factura: DESARROLLO DE PORTAFOLIO DE POSTRES VEGETALES A BASE DE ALMENDRA Y DESECHOS DE SU PRODUCCIÓN”, código 19IR-LR-121872','Inicial','2021-12-24',570000,NULL,NULL,NULL,NULL,NULL,NULL,'2021-12-24 10:18:27.512128','2021-12-24 10:18:27.637171',617,'2021-12-24 10:18:27.641872',NULL,'~',4,48,2,0),(92,82,'Por favor incluir la siguiente glosa en la factura: DESARROLLO DE PORTAFOLIO DE POSTRES VEGETALES A BASE DE ALMENDRA Y DESECHOS DE SU PRODUCCIÓN”, código 19IR-LR-121872','Inicial','2021-12-24',570000,NULL,NULL,NULL,NULL,NULL,NULL,'2021-12-24 10:18:27.512128','2021-12-24 10:18:42.854332',618,'2021-12-24 10:18:42.855604',NULL,'~',4,48,2,0),(92,82,'Por favor incluir la siguiente glosa en la factura: DESARROLLO DE PORTAFOLIO DE POSTRES VEGETALES A BASE DE ALMENDRA Y DESECHOS DE SU PRODUCCIÓN”, código 19IR-LR-121872','Validada','2021-12-24',570000,NULL,NULL,NULL,NULL,NULL,NULL,'2021-12-24 10:18:27.512128','2021-12-24 10:18:42.869351',619,'2021-12-24 10:18:42.870333',NULL,'~',4,48,2,0),(92,82,'Por favor incluir la siguiente glosa en la factura: DESARROLLO DE PORTAFOLIO DE POSTRES VEGETALES A BASE DE ALMENDRA Y DESECHOS DE SU PRODUCCIÓN”, código 19IR-LR-121872','Recepcionada','2021-12-24',570000,'1432','54324','2021-12-24','2021-12-24',NULL,NULL,'2021-12-24 10:18:27.512128','2021-12-24 10:20:03.967709',620,'2021-12-24 10:20:03.974988',NULL,'~',4,48,2,0),(92,82,'Por favor incluir la siguiente glosa en la factura: DESARROLLO DE PORTAFOLIO DE POSTRES VEGETALES A BASE DE ALMENDRA Y DESECHOS DE SU PRODUCCIÓN”, código 19IR-LR-121872','Etiquetada','2021-12-24',570000,'1432','54324','2021-12-24','2021-12-24',NULL,NULL,'2021-12-24 10:18:27.512128','2021-12-24 10:21:08.177881',621,'2021-12-24 10:21:08.179333',NULL,'~',4,48,2,0),(93,83,'Por favor incluir la siguiente glosa en la factura: DESARROLLO DE PORTAFOLIO DE POSTRES VEGETALES A BASE DE ALMENDRA Y DESECHOS DE SU PRODUCCIÓN”, código 19IR-LR-121872','Inicial','2021-12-24',0,NULL,NULL,NULL,NULL,NULL,NULL,'2021-12-24 10:22:20.818560','2021-12-24 10:22:20.818574',622,'2021-12-24 10:22:20.819564',NULL,'+',4,48,8,0),(93,83,'Por favor incluir la siguiente glosa en la factura: DESARROLLO DE PORTAFOLIO DE POSTRES VEGETALES A BASE DE ALMENDRA Y DESECHOS DE SU PRODUCCIÓN”, código 19IR-LR-121872','Inicial','2021-12-24',841320,NULL,NULL,NULL,NULL,NULL,NULL,'2021-12-24 10:22:20.818560','2021-12-24 10:22:20.848374',623,'2021-12-24 10:22:20.849894',NULL,'~',4,48,8,0),(94,84,'Por favor incluir la siguiente glosa en la factura: DESARROLLO DE PORTAFOLIO DE POSTRES VEGETALES A BASE DE ALMENDRA Y DESECHOS DE SU PRODUCCIÓN”, código 19IR-LR-121872','Inicial','2021-12-24',0,NULL,NULL,NULL,NULL,NULL,NULL,'2021-12-24 10:30:58.367170','2021-12-24 10:30:58.367192',624,'2021-12-24 10:30:58.368571',NULL,'+',4,48,8,0),(94,84,'Por favor incluir la siguiente glosa en la factura: DESARROLLO DE PORTAFOLIO DE POSTRES VEGETALES A BASE DE ALMENDRA Y DESECHOS DE SU PRODUCCIÓN”, código 19IR-LR-121872','Inicial','2021-12-24',885600,NULL,NULL,NULL,NULL,NULL,NULL,'2021-12-24 10:30:58.367170','2021-12-24 10:30:58.437188',625,'2021-12-24 10:30:58.441792',NULL,'~',4,48,8,0),(94,84,'Por favor incluir la siguiente glosa en la factura: DESARROLLO DE PORTAFOLIO DE POSTRES VEGETALES A BASE DE ALMENDRA Y DESECHOS DE SU PRODUCCIÓN”, código 19IR-LR-121872','Inicial','2021-12-24',885600,NULL,NULL,NULL,NULL,NULL,NULL,'2021-12-24 10:30:58.367170','2021-12-24 10:31:10.060031',626,'2021-12-24 10:31:10.061569',NULL,'~',4,48,8,0),(94,84,'Por favor incluir la siguiente glosa en la factura: DESARROLLO DE PORTAFOLIO DE POSTRES VEGETALES A BASE DE ALMENDRA Y DESECHOS DE SU PRODUCCIÓN”, código 19IR-LR-121872','Validada','2021-12-24',885600,NULL,NULL,NULL,NULL,NULL,NULL,'2021-12-24 10:30:58.367170','2021-12-24 10:31:10.072602',627,'2021-12-24 10:31:10.074682',NULL,'~',4,48,8,0),(94,84,'Por favor incluir la siguiente glosa en la factura: DESARROLLO DE PORTAFOLIO DE POSTRES VEGETALES A BASE DE ALMENDRA Y DESECHOS DE SU PRODUCCIÓN”, código 19IR-LR-121872','Recepcionada','2021-12-24',885600,NULL,'1546','2021-12-24','2021-12-24',NULL,NULL,'2021-12-24 10:30:58.367170','2021-12-24 10:31:41.908556',628,'2021-12-24 10:31:41.910472',NULL,'~',4,48,8,0),(93,83,'Por favor incluir la siguiente glosa en la factura: DESARROLLO DE PORTAFOLIO DE POSTRES VEGETALES A BASE DE ALMENDRA Y DESECHOS DE SU PRODUCCIÓN”, código 19IR-LR-121872','Rechazada','2021-12-24',841320,NULL,NULL,NULL,NULL,NULL,NULL,'2021-12-24 10:22:20.818560','2021-12-24 10:34:57.018272',629,'2021-12-24 10:34:57.019422',NULL,'~',4,48,8,0),(95,85,'Por favor incluir la siguiente glosa en la factura: DESARROLLO DE PORTAFOLIO DE POSTRES VEGETALES A BASE DE ALMENDRA Y DESECHOS DE SU PRODUCCIÓN”, código 19IR-LR-121872','Inicial','2021-12-24',0,NULL,NULL,NULL,NULL,NULL,NULL,'2021-12-24 10:36:56.212969','2021-12-24 10:36:56.212986',630,'2021-12-24 10:36:56.214535',NULL,'+',4,48,17,0),(95,85,'Por favor incluir la siguiente glosa en la factura: DESARROLLO DE PORTAFOLIO DE POSTRES VEGETALES A BASE DE ALMENDRA Y DESECHOS DE SU PRODUCCIÓN”, código 19IR-LR-121872','Inicial','2021-12-24',4000000,NULL,NULL,NULL,NULL,NULL,NULL,'2021-12-24 10:36:56.212969','2021-12-24 10:36:56.247696',631,'2021-12-24 10:36:56.249510',NULL,'~',4,48,17,0),(95,85,'Por favor incluir la siguiente glosa en la factura: DESARROLLO DE PORTAFOLIO DE POSTRES VEGETALES A BASE DE ALMENDRA Y DESECHOS DE SU PRODUCCIÓN”, código 19IR-LR-121872','Inicial','2021-12-24',4000000,NULL,NULL,NULL,NULL,NULL,NULL,'2021-12-24 10:36:56.212969','2021-12-24 10:37:03.829204',632,'2021-12-24 10:37:03.830668',NULL,'~',4,48,17,0),(95,85,'Por favor incluir la siguiente glosa en la factura: DESARROLLO DE PORTAFOLIO DE POSTRES VEGETALES A BASE DE ALMENDRA Y DESECHOS DE SU PRODUCCIÓN”, código 19IR-LR-121872','Validada','2021-12-24',4000000,NULL,NULL,NULL,NULL,NULL,NULL,'2021-12-24 10:36:56.212969','2021-12-24 10:37:03.842521',633,'2021-12-24 10:37:03.843784',NULL,'~',4,48,17,0),(95,85,'Por favor incluir la siguiente glosa en la factura: DESARROLLO DE PORTAFOLIO DE POSTRES VEGETALES A BASE DE ALMENDRA Y DESECHOS DE SU PRODUCCIÓN”, código 19IR-LR-121872','Recepcionada','2021-12-24',4000000,NULL,'78960','2021-12-24','2021-12-24',NULL,NULL,'2021-12-24 10:36:56.212969','2021-12-24 10:37:22.401894',634,'2021-12-24 10:37:22.403482',NULL,'~',4,48,17,0),(95,85,'Por favor incluir la siguiente glosa en la factura: DESARROLLO DE PORTAFOLIO DE POSTRES VEGETALES A BASE DE ALMENDRA Y DESECHOS DE SU PRODUCCIÓN”, código 19IR-LR-121872','Etiquetada','2021-12-24',4000000,NULL,'78960','2021-12-24','2021-12-24',NULL,NULL,'2021-12-24 10:36:56.212969','2021-12-24 10:37:37.168028',635,'2021-12-24 10:37:37.177571',NULL,'~',4,48,17,0),(96,86,'Por favor incluir la siguiente glosa en la factura: DESARROLLO DE PORTAFOLIO DE POSTRES VEGETALES A BASE DE ALMENDRA Y DESECHOS DE SU PRODUCCIÓN”, código 19IR-LR-121872','Inicial','2021-12-24',0,NULL,NULL,NULL,NULL,NULL,NULL,'2021-12-24 10:38:16.721323','2021-12-24 10:38:16.721339',636,'2021-12-24 10:38:16.722397',NULL,'+',4,48,24,0),(96,86,'Por favor incluir la siguiente glosa en la factura: DESARROLLO DE PORTAFOLIO DE POSTRES VEGETALES A BASE DE ALMENDRA Y DESECHOS DE SU PRODUCCIÓN”, código 19IR-LR-121872','Inicial','2021-12-24',410000,NULL,NULL,NULL,NULL,NULL,NULL,'2021-12-24 10:38:16.721323','2021-12-24 10:38:16.761099',637,'2021-12-24 10:38:16.762804',NULL,'~',4,48,24,0),(96,86,'Por favor incluir la siguiente glosa en la factura: DESARROLLO DE PORTAFOLIO DE POSTRES VEGETALES A BASE DE ALMENDRA Y DESECHOS DE SU PRODUCCIÓN”, código 19IR-LR-121872','Inicial','2021-12-24',410000,NULL,NULL,NULL,NULL,NULL,NULL,'2021-12-24 10:38:16.721323','2021-12-24 10:38:28.620658',638,'2021-12-24 10:38:28.627505',NULL,'~',4,48,24,0),(96,86,'Por favor incluir la siguiente glosa en la factura: DESARROLLO DE PORTAFOLIO DE POSTRES VEGETALES A BASE DE ALMENDRA Y DESECHOS DE SU PRODUCCIÓN”, código 19IR-LR-121872','Validada','2021-12-24',410000,NULL,NULL,NULL,NULL,NULL,NULL,'2021-12-24 10:38:16.721323','2021-12-24 10:38:28.656174',639,'2021-12-24 10:38:28.657077',NULL,'~',4,48,24,0),(96,86,'Por favor incluir la siguiente glosa en la factura: DESARROLLO DE PORTAFOLIO DE POSTRES VEGETALES A BASE DE ALMENDRA Y DESECHOS DE SU PRODUCCIÓN”, código 19IR-LR-121872','Recepcionada','2021-12-24',410000,NULL,'454','2021-12-24','2021-12-24',NULL,NULL,'2021-12-24 10:38:16.721323','2021-12-24 10:38:47.922071',640,'2021-12-24 10:38:47.923613',NULL,'~',4,48,24,0),(97,87,'Por favor incluir la siguiente glosa en la factura: DESARROLLO DE PORTAFOLIO DE POSTRES VEGETALES A BASE DE ALMENDRA Y DESECHOS DE SU PRODUCCIÓN”, código 19IR-LR-121872','Inicial','2021-12-24',0,NULL,NULL,NULL,NULL,NULL,NULL,'2021-12-24 10:40:49.209755','2021-12-24 10:40:49.209776',641,'2021-12-24 10:40:49.212019',NULL,'+',4,48,29,0),(97,87,'Por favor incluir la siguiente glosa en la factura: DESARROLLO DE PORTAFOLIO DE POSTRES VEGETALES A BASE DE ALMENDRA Y DESECHOS DE SU PRODUCCIÓN”, código 19IR-LR-121872','Inicial','2021-12-24',340560,NULL,NULL,NULL,NULL,NULL,NULL,'2021-12-24 10:40:49.209755','2021-12-24 10:40:49.250553',642,'2021-12-24 10:40:49.252381',NULL,'~',4,48,29,0),(97,87,'Por favor incluir la siguiente glosa en la factura: DESARROLLO DE PORTAFOLIO DE POSTRES VEGETALES A BASE DE ALMENDRA Y DESECHOS DE SU PRODUCCIÓN”, código 19IR-LR-121872','Inicial','2021-12-24',340560,NULL,NULL,NULL,NULL,NULL,NULL,'2021-12-24 10:40:49.209755','2021-12-24 10:41:21.598579',643,'2021-12-24 10:41:21.606692',NULL,'~',4,48,29,0),(97,87,'Por favor incluir la siguiente glosa en la factura: DESARROLLO DE PORTAFOLIO DE POSTRES VEGETALES A BASE DE ALMENDRA Y DESECHOS DE SU PRODUCCIÓN”, código 19IR-LR-121872','Validada','2021-12-24',340560,NULL,NULL,NULL,NULL,NULL,NULL,'2021-12-24 10:40:49.209755','2021-12-24 10:41:21.624365',644,'2021-12-24 10:41:21.631148',NULL,'~',4,48,29,0),(97,87,'Por favor incluir la siguiente glosa en la factura: DESARROLLO DE PORTAFOLIO DE POSTRES VEGETALES A BASE DE ALMENDRA Y DESECHOS DE SU PRODUCCIÓN”, código 19IR-LR-121872','Recepcionada','2021-12-24',340560,NULL,'5656','2021-12-24','2021-12-24',NULL,NULL,'2021-12-24 10:40:49.209755','2021-12-24 10:41:36.630356',645,'2021-12-24 10:41:36.633814',NULL,'~',4,48,29,0),(97,87,'Por favor incluir la siguiente glosa en la factura: DESARROLLO DE PORTAFOLIO DE POSTRES VEGETALES A BASE DE ALMENDRA Y DESECHOS DE SU PRODUCCIÓN”, código 19IR-LR-121872','Etiquetada','2021-12-24',340560,NULL,'5656','2021-12-24','2021-12-24',NULL,NULL,'2021-12-24 10:40:49.209755','2021-12-24 10:41:56.832473',646,'2021-12-24 10:41:56.839247',NULL,'~',4,48,29,0),(94,84,'Por favor incluir la siguiente glosa en la factura: DESARROLLO DE PORTAFOLIO DE POSTRES VEGETALES A BASE DE ALMENDRA Y DESECHOS DE SU PRODUCCIÓN”, código 19IR-LR-121872','Rechazada','2021-12-24',885600,NULL,'1546','2021-12-24','2021-12-24',NULL,NULL,'2021-12-24 10:30:58.367170','2021-12-24 10:42:19.007999',647,'2021-12-24 10:42:19.008858',NULL,'~',4,48,8,0),(96,86,'Por favor incluir la siguiente glosa en la factura: DESARROLLO DE PORTAFOLIO DE POSTRES VEGETALES A BASE DE ALMENDRA Y DESECHOS DE SU PRODUCCIÓN”, código 19IR-LR-121872','Rechazada','2021-12-24',410000,NULL,'454','2021-12-24','2021-12-24',NULL,NULL,'2021-12-24 10:38:16.721323','2021-12-24 10:42:36.573887',648,'2021-12-24 10:42:36.575745',NULL,'~',4,48,24,0),(98,88,'Por favor incluir la siguiente glosa en la factura: DESARROLLO DE PORTAFOLIO DE POSTRES VEGETALES A BASE DE ALMENDRA Y DESECHOS DE SU PRODUCCIÓN”, código 19IR-LR-121872','Inicial','2021-12-24',0,NULL,NULL,NULL,NULL,NULL,NULL,'2021-12-24 10:42:52.627264','2021-12-24 10:42:52.627283',649,'2021-12-24 10:42:52.628315',NULL,'+',4,48,24,0),(98,88,'Por favor incluir la siguiente glosa en la factura: DESARROLLO DE PORTAFOLIO DE POSTRES VEGETALES A BASE DE ALMENDRA Y DESECHOS DE SU PRODUCCIÓN”, código 19IR-LR-121872','Inicial','2021-12-24',410000,NULL,NULL,NULL,NULL,NULL,NULL,'2021-12-24 10:42:52.627264','2021-12-24 10:42:52.672027',650,'2021-12-24 10:42:52.673740',NULL,'~',4,48,24,0),(98,88,'Por favor incluir la siguiente glosa en la factura: DESARROLLO DE PORTAFOLIO DE POSTRES VEGETALES A BASE DE ALMENDRA Y DESECHOS DE SU PRODUCCIÓN”, código 19IR-LR-121872','Inicial','2021-12-24',410000,NULL,NULL,NULL,NULL,NULL,NULL,'2021-12-24 10:42:52.627264','2021-12-24 10:42:59.514608',651,'2021-12-24 10:42:59.516113',NULL,'~',4,48,24,0),(98,88,'Por favor incluir la siguiente glosa en la factura: DESARROLLO DE PORTAFOLIO DE POSTRES VEGETALES A BASE DE ALMENDRA Y DESECHOS DE SU PRODUCCIÓN”, código 19IR-LR-121872','Validada','2021-12-24',410000,NULL,NULL,NULL,NULL,NULL,NULL,'2021-12-24 10:42:52.627264','2021-12-24 10:42:59.532649',652,'2021-12-24 10:42:59.533685',NULL,'~',4,48,24,0),(98,88,'Por favor incluir la siguiente glosa en la factura: DESARROLLO DE PORTAFOLIO DE POSTRES VEGETALES A BASE DE ALMENDRA Y DESECHOS DE SU PRODUCCIÓN”, código 19IR-LR-121872','Recepcionada','2021-12-24',410000,NULL,'32543','2021-12-24','2021-12-24',NULL,NULL,'2021-12-24 10:42:52.627264','2021-12-24 10:43:14.348660',653,'2021-12-24 10:43:14.350230',NULL,'~',4,48,24,0),(98,88,'Por favor incluir la siguiente glosa en la factura: DESARROLLO DE PORTAFOLIO DE POSTRES VEGETALES A BASE DE ALMENDRA Y DESECHOS DE SU PRODUCCIÓN”, código 19IR-LR-121872','Etiquetada','2021-12-24',410000,NULL,'32543','2021-12-24','2021-12-24',NULL,NULL,'2021-12-24 10:42:52.627264','2021-12-24 10:43:30.434820',654,'2021-12-24 10:43:30.436274',NULL,'~',4,48,24,0),(99,89,'Por favor incluir la siguiente glosa en la factura: DESARROLLO DE PORTAFOLIO DE POSTRES VEGETALES A BASE DE ALMENDRA Y DESECHOS DE SU PRODUCCIÓN”, código 19IR-LR-121872','Inicial','2021-12-24',0,NULL,NULL,NULL,NULL,NULL,NULL,'2021-12-24 10:44:19.380649','2021-12-24 10:44:19.380672',655,'2021-12-24 10:44:19.390816',NULL,'+',4,48,8,0),(99,89,'Por favor incluir la siguiente glosa en la factura: DESARROLLO DE PORTAFOLIO DE POSTRES VEGETALES A BASE DE ALMENDRA Y DESECHOS DE SU PRODUCCIÓN”, código 19IR-LR-121872','Inicial','2021-12-24',1328400,NULL,NULL,NULL,NULL,NULL,NULL,'2021-12-24 10:44:19.380649','2021-12-24 10:44:19.524173',656,'2021-12-24 10:44:19.526049',NULL,'~',4,48,8,0),(99,89,'Por favor incluir la siguiente glosa en la factura: DESARROLLO DE PORTAFOLIO DE POSTRES VEGETALES A BASE DE ALMENDRA Y DESECHOS DE SU PRODUCCIÓN”, código 19IR-LR-121872','Inicial','2021-12-24',1328400,NULL,NULL,NULL,NULL,NULL,NULL,'2021-12-24 10:44:19.380649','2021-12-24 10:44:31.251516',657,'2021-12-24 10:44:31.257889',NULL,'~',4,48,8,0),(99,89,'Por favor incluir la siguiente glosa en la factura: DESARROLLO DE PORTAFOLIO DE POSTRES VEGETALES A BASE DE ALMENDRA Y DESECHOS DE SU PRODUCCIÓN”, código 19IR-LR-121872','Validada','2021-12-24',1328400,NULL,NULL,NULL,NULL,NULL,NULL,'2021-12-24 10:44:19.380649','2021-12-24 10:44:31.329660',658,'2021-12-24 10:44:31.335731',NULL,'~',4,48,8,0),(99,89,'Por favor incluir la siguiente glosa en la factura: DESARROLLO DE PORTAFOLIO DE POSTRES VEGETALES A BASE DE ALMENDRA Y DESECHOS DE SU PRODUCCIÓN”, código 19IR-LR-121872','Recepcionada','2021-12-24',1328400,NULL,'5432435','2021-12-24','2021-12-24',NULL,NULL,'2021-12-24 10:44:19.380649','2021-12-24 10:44:49.035924',659,'2021-12-24 10:44:49.041613',NULL,'~',4,48,8,0),(99,89,'Por favor incluir la siguiente glosa en la factura: DESARROLLO DE PORTAFOLIO DE POSTRES VEGETALES A BASE DE ALMENDRA Y DESECHOS DE SU PRODUCCIÓN”, código 19IR-LR-121872','Etiquetada','2021-12-24',1328400,NULL,'5432435','2021-12-24','2021-12-24',NULL,NULL,'2021-12-24 10:44:19.380649','2021-12-24 10:45:18.211239',660,'2021-12-24 10:45:18.212248',NULL,'~',4,48,8,0),(100,90,'Por favor incluir la siguiente glosa en la factura: DESARROLLO DE PORTAFOLIO DE POSTRES VEGETALES A BASE DE ALMENDRA Y DESECHOS DE SU PRODUCCIÓN”, código 19IR-LR-121872','Inicial','2021-12-24',0,NULL,NULL,NULL,NULL,NULL,NULL,'2021-12-24 11:47:23.216456','2021-12-24 11:47:23.216472',661,'2021-12-24 11:47:23.217451',NULL,'+',3,39,17,0),(100,90,'Por favor incluir la siguiente glosa en la factura: DESARROLLO DE PORTAFOLIO DE POSTRES VEGETALES A BASE DE ALMENDRA Y DESECHOS DE SU PRODUCCIÓN”, código 19IR-LR-121872','Inicial','2021-12-24',400000,NULL,NULL,NULL,NULL,NULL,NULL,'2021-12-24 11:47:23.216456','2021-12-24 11:47:23.250594',662,'2021-12-24 11:47:23.252610',NULL,'~',3,39,17,0),(100,90,'Por favor incluir la siguiente glosa en la factura: DESARROLLO DE PORTAFOLIO DE POSTRES VEGETALES A BASE DE ALMENDRA Y DESECHOS DE SU PRODUCCIÓN”, código 19IR-LR-121872','Inicial','2021-12-24',400000,NULL,NULL,NULL,NULL,NULL,NULL,'2021-12-24 11:47:23.216456','2021-12-24 11:48:18.113806',663,'2021-12-24 11:48:18.116211',NULL,'~',3,39,17,0),(100,90,'Por favor incluir la siguiente glosa en la factura: DESARROLLO DE PORTAFOLIO DE POSTRES VEGETALES A BASE DE ALMENDRA Y DESECHOS DE SU PRODUCCIÓN”, código 19IR-LR-121872','Validada','2021-12-24',400000,NULL,NULL,NULL,NULL,NULL,NULL,'2021-12-24 11:47:23.216456','2021-12-24 11:48:18.124938',664,'2021-12-24 11:48:18.126025',NULL,'~',3,39,17,0),(100,90,'Por favor incluir la siguiente glosa en la factura: DESARROLLO DE PORTAFOLIO DE POSTRES VEGETALES A BASE DE ALMENDRA Y DESECHOS DE SU PRODUCCIÓN”, código 19IR-LR-121872','Inicial','2021-12-24',400000,NULL,NULL,NULL,NULL,NULL,NULL,'2021-12-24 11:47:23.216456','2021-12-24 11:54:18.206425',665,'2021-12-24 11:54:18.213100',NULL,'~',3,39,17,0),(100,90,'Por favor incluir la siguiente glosa en la factura: DESARROLLO DE PORTAFOLIO DE POSTRES VEGETALES A BASE DE ALMENDRA Y DESECHOS DE SU PRODUCCIÓN”, código 19IR-LR-121872','Inicial','2021-12-24',400000,NULL,NULL,NULL,NULL,NULL,NULL,'2021-12-24 11:47:23.216456','2021-12-24 11:54:18.206425',666,'2021-12-24 12:00:26.718780',NULL,'-',3,39,17,0),(54,47,'Por favor incluir la siguiente glosa en la factura: DESARROLLO DE PORTAFOLIO DE POSTRES VEGETALES A BASE DE ALMENDRA Y DESECHOS DE SU PRODUCCIÓN”, código 19IR-LR-121872','Inicial','2021-12-10',400000,NULL,NULL,NULL,NULL,NULL,NULL,'2021-12-10 12:44:38.955033','2021-12-10 12:44:40.481891',667,'2021-12-24 12:00:37.360683',NULL,'-',3,39,17,0),(101,90,'Por favor incluir la siguiente glosa en la factura: DESARROLLO DE PORTAFOLIO DE POSTRES VEGETALES A BASE DE ALMENDRA Y DESECHOS DE SU PRODUCCIÓN”, código 19IR-LR-121872','Inicial','2021-12-24',0,NULL,NULL,NULL,NULL,NULL,NULL,'2021-12-24 12:05:15.662308','2021-12-24 12:05:15.662329',668,'2021-12-24 12:05:15.663359',NULL,'+',3,39,17,0),(101,90,'Por favor incluir la siguiente glosa en la factura: DESARROLLO DE PORTAFOLIO DE POSTRES VEGETALES A BASE DE ALMENDRA Y DESECHOS DE SU PRODUCCIÓN”, código 19IR-LR-121872','Inicial','2021-12-24',400000,NULL,NULL,NULL,NULL,NULL,NULL,'2021-12-24 12:05:15.662308','2021-12-24 12:05:15.699826',669,'2021-12-24 12:05:15.701861',NULL,'~',3,39,17,0),(101,90,'Por favor incluir la siguiente glosa en la factura: DESARROLLO DE PORTAFOLIO DE POSTRES VEGETALES A BASE DE ALMENDRA Y DESECHOS DE SU PRODUCCIÓN”, código 19IR-LR-121872','Inicial','2021-12-24',400000,NULL,NULL,NULL,NULL,NULL,NULL,'2021-12-24 12:05:15.662308','2021-12-24 12:05:33.184954',670,'2021-12-24 12:05:33.188063',NULL,'~',3,39,17,0),(101,90,'Por favor incluir la siguiente glosa en la factura: DESARROLLO DE PORTAFOLIO DE POSTRES VEGETALES A BASE DE ALMENDRA Y DESECHOS DE SU PRODUCCIÓN”, código 19IR-LR-121872','Validada','2021-12-24',400000,NULL,NULL,NULL,NULL,NULL,NULL,'2021-12-24 12:05:15.662308','2021-12-24 12:05:33.219944',671,'2021-12-24 12:05:33.228156',NULL,'~',3,39,17,0),(101,90,'Por favor incluir la siguiente glosa en la factura: DESARROLLO DE PORTAFOLIO DE POSTRES VEGETALES A BASE DE ALMENDRA Y DESECHOS DE SU PRODUCCIÓN”, código 19IR-LR-121872','Recepcionada','2021-12-24',400000,NULL,'2335','2021-12-24','2021-12-24',NULL,NULL,'2021-12-24 12:05:15.662308','2021-12-24 12:07:07.334137',672,'2021-12-24 12:07:07.335799',NULL,'~',3,39,17,0),(101,90,'Por favor incluir la siguiente glosa en la factura: DESARROLLO DE PORTAFOLIO DE POSTRES VEGETALES A BASE DE ALMENDRA Y DESECHOS DE SU PRODUCCIÓN”, código 19IR-LR-121872','Etiquetada','2021-12-24',400000,NULL,'2335','2021-12-24','2021-12-24',NULL,NULL,'2021-12-24 12:05:15.662308','2021-12-24 12:09:14.621784',673,'2021-12-24 12:09:14.622963',NULL,'~',3,39,17,0),(102,91,'Por favor incluir la siguiente glosa en la factura: DESARROLLO DE PORTAFOLIO DE POSTRES VEGETALES A BASE DE ALMENDRA Y DESECHOS DE SU PRODUCCIÓN”, código 19IR-LR-121872\r\nBotas Talla 37, 38, 39 un par por numero\r\nBotas Talla 42 dos pares por numero','Inicial','2021-12-27',0,NULL,NULL,NULL,NULL,NULL,NULL,'2021-12-27 17:04:43.468188','2021-12-27 17:04:43.468205',674,'2021-12-27 17:04:43.472107',NULL,'+',3,42,33,0),(102,91,'Por favor incluir la siguiente glosa en la factura: DESARROLLO DE PORTAFOLIO DE POSTRES VEGETALES A BASE DE ALMENDRA Y DESECHOS DE SU PRODUCCIÓN”, código 19IR-LR-121872\r\nBotas Talla 37, 38, 39 un par por numero\r\nBotas Talla 42 dos pares por numero','Inicial','2021-12-27',158000,NULL,NULL,NULL,NULL,NULL,NULL,'2021-12-27 17:04:43.468188','2021-12-27 17:04:43.521423',675,'2021-12-27 17:04:43.524075',NULL,'~',3,42,33,0),(102,91,'Por favor incluir la siguiente glosa en la factura: DESARROLLO DE PORTAFOLIO DE POSTRES VEGETALES A BASE DE ALMENDRA Y DESECHOS DE SU PRODUCCIÓN”, código 19IR-LR-121872\r\nBotas Talla 37, 38, 39 un par por numero\r\nBotas Talla 42 dos pares por numero','Inicial','2021-12-27',158000,NULL,NULL,NULL,NULL,NULL,NULL,'2021-12-27 17:04:43.468188','2021-12-27 17:05:47.919223',676,'2021-12-27 17:05:47.921349',NULL,'~',3,41,33,0),(102,91,'Por favor incluir la siguiente glosa en la factura: DESARROLLO DE PORTAFOLIO DE POSTRES VEGETALES A BASE DE ALMENDRA Y DESECHOS DE SU PRODUCCIÓN”, código 19IR-LR-121872\r\nBotas Talla 37, 38, 39 un par por numero\r\nBotas Talla 42 dos pares por numero','Validada','2021-12-27',158000,NULL,NULL,NULL,NULL,NULL,NULL,'2021-12-27 17:04:43.468188','2021-12-27 17:05:47.934384',677,'2021-12-27 17:05:47.936011',NULL,'~',3,41,33,0),(103,92,'TRABAJO ADICIONAL A CALDERA','Inicial','2021-12-28',0,NULL,NULL,NULL,NULL,NULL,NULL,'2021-12-28 10:18:48.096861','2021-12-28 10:18:48.096877',678,'2021-12-28 10:18:48.098132',NULL,'+',2,42,31,0),(103,92,'TRABAJO ADICIONAL A CALDERA','Inicial','2021-12-28',30000,NULL,NULL,NULL,NULL,NULL,NULL,'2021-12-28 10:18:48.096861','2021-12-28 10:18:48.137249',679,'2021-12-28 10:18:48.138819',NULL,'~',2,42,31,0),(103,92,'TRABAJO ADICIONAL A CALDERA','Inicial','2021-12-28',30000,NULL,NULL,NULL,NULL,NULL,NULL,'2021-12-28 10:18:48.096861','2021-12-28 10:19:09.012884',680,'2021-12-28 10:19:09.014601',NULL,'~',2,42,31,0),(103,92,'TRABAJO ADICIONAL A CALDERA','Validada','2021-12-28',30000,NULL,NULL,NULL,NULL,NULL,NULL,'2021-12-28 10:18:48.096861','2021-12-28 10:19:09.027484',681,'2021-12-28 10:19:09.029190',NULL,'~',2,42,31,0),(79,69,'presupuesto TECH - 898 - 21','Recepcionada','2021-12-21',480000,NULL,'979','2021-12-28','2021-12-27',NULL,NULL,'2021-12-21 17:58:05.504977','2021-12-28 10:21:28.870437',682,'2021-12-28 10:21:28.873689',NULL,'~',2,42,31,0),(79,69,'presupuesto TECH - 898 - 21','Etiquetada','2021-12-21',480000,NULL,'979','2021-12-28','2021-12-27',NULL,NULL,'2021-12-21 17:58:05.504977','2021-12-28 10:22:04.141198',683,'2021-12-28 10:22:04.142612',NULL,'~',2,42,31,0),(104,93,'Por favor incluir la siguiente glosa en la factura: DESARROLLO DE PORTAFOLIO DE POSTRES VEGETALES A BASE DE ALMENDRA Y DESECHOS DE SU PRODUCCIÓN”, código 19IR-LR-121872','Inicial','2021-12-28',0,NULL,NULL,NULL,NULL,NULL,NULL,'2021-12-28 11:08:44.756204','2021-12-28 11:08:44.756221',684,'2021-12-28 11:08:44.758656',NULL,'+',3,41,17,0),(104,93,'Por favor incluir la siguiente glosa en la factura: DESARROLLO DE PORTAFOLIO DE POSTRES VEGETALES A BASE DE ALMENDRA Y DESECHOS DE SU PRODUCCIÓN”, código 19IR-LR-121872','Inicial','2021-12-28',440000,NULL,NULL,NULL,NULL,NULL,NULL,'2021-12-28 11:08:44.756204','2021-12-28 11:08:44.792473',685,'2021-12-28 11:08:44.794167',NULL,'~',3,41,17,0),(104,93,'Por favor incluir la siguiente glosa en la factura: DESARROLLO DE PORTAFOLIO DE POSTRES VEGETALES A BASE DE ALMENDRA Y DESECHOS DE SU PRODUCCIÓN”, código 19IR-LR-121872','Inicial','2021-12-28',440000,NULL,NULL,NULL,NULL,NULL,NULL,'2021-12-28 11:08:44.756204','2021-12-28 11:08:53.221901',686,'2021-12-28 11:08:53.223055',NULL,'~',3,41,17,0),(104,93,'Por favor incluir la siguiente glosa en la factura: DESARROLLO DE PORTAFOLIO DE POSTRES VEGETALES A BASE DE ALMENDRA Y DESECHOS DE SU PRODUCCIÓN”, código 19IR-LR-121872','Validada','2021-12-28',440000,NULL,NULL,NULL,NULL,NULL,NULL,'2021-12-28 11:08:44.756204','2021-12-28 11:08:53.231286',687,'2021-12-28 11:08:53.232102',NULL,'~',3,41,17,0),(104,93,'Por favor incluir la siguiente glosa en la factura: DESARROLLO DE PORTAFOLIO DE POSTRES VEGETALES A BASE DE ALMENDRA Y DESECHOS DE SU PRODUCCIÓN”, código 19IR-LR-121872','Inicial','2021-12-28',440000,NULL,NULL,NULL,NULL,NULL,NULL,'2021-12-28 11:08:44.756204','2021-12-28 11:09:38.885663',688,'2021-12-28 11:09:38.887016',NULL,'~',3,41,17,0),(105,94,'Por favor incluir la siguiente glosa en la factura: DESARROLLO DE PORTAFOLIO DE POSTRES VEGETALES A BASE DE ALMENDRA Y DESECHOS DE SU PRODUCCIÓN”, código 19IR-LR-121872','Inicial','2021-12-28',0,NULL,NULL,NULL,NULL,NULL,NULL,'2021-12-28 11:18:48.040979','2021-12-28 11:18:48.041000',689,'2021-12-28 11:18:48.042722',NULL,'+',3,41,22,0),(105,94,'Por favor incluir la siguiente glosa en la factura: DESARROLLO DE PORTAFOLIO DE POSTRES VEGETALES A BASE DE ALMENDRA Y DESECHOS DE SU PRODUCCIÓN”, código 19IR-LR-121872','Inicial','2021-12-28',240000,NULL,NULL,NULL,NULL,NULL,NULL,'2021-12-28 11:18:48.040979','2021-12-28 11:18:48.104976',690,'2021-12-28 11:18:48.107180',NULL,'~',3,41,22,0),(105,94,'Por favor incluir la siguiente glosa en la factura: DESARROLLO DE PORTAFOLIO DE POSTRES VEGETALES A BASE DE ALMENDRA Y DESECHOS DE SU PRODUCCIÓN”, código 19IR-LR-121872','Inicial','2021-12-28',240000,NULL,NULL,NULL,NULL,NULL,NULL,'2021-12-28 11:18:48.040979','2021-12-28 11:19:09.925132',691,'2021-12-28 11:19:09.926618',NULL,'~',3,41,22,0),(105,94,'Por favor incluir la siguiente glosa en la factura: DESARROLLO DE PORTAFOLIO DE POSTRES VEGETALES A BASE DE ALMENDRA Y DESECHOS DE SU PRODUCCIÓN”, código 19IR-LR-121872','Validada','2021-12-28',240000,NULL,NULL,NULL,NULL,NULL,NULL,'2021-12-28 11:18:48.040979','2021-12-28 11:19:09.947796',692,'2021-12-28 11:19:09.948731',NULL,'~',3,41,22,0),(106,95,'Por favor incluir la siguiente glosa en la factura: DESARROLLO DE PORTAFOLIO DE POSTRES VEGETALES A BASE DE ALMENDRA Y DESECHOS DE SU PRODUCCIÓN”, código 19IR-LR-121872','Inicial','2021-12-28',0,NULL,NULL,NULL,NULL,NULL,NULL,'2021-12-28 12:08:35.017883','2021-12-28 12:08:35.017901',693,'2021-12-28 12:08:35.019314',NULL,'+',3,41,6,0),(106,95,'Por favor incluir la siguiente glosa en la factura: DESARROLLO DE PORTAFOLIO DE POSTRES VEGETALES A BASE DE ALMENDRA Y DESECHOS DE SU PRODUCCIÓN”, código 19IR-LR-121872','Inicial','2021-12-28',663840,NULL,NULL,NULL,NULL,NULL,NULL,'2021-12-28 12:08:35.017883','2021-12-28 12:08:35.053011',694,'2021-12-28 12:08:35.054885',NULL,'~',3,41,6,0),(106,95,'Por favor incluir la siguiente glosa en la factura: DESARROLLO DE PORTAFOLIO DE POSTRES VEGETALES A BASE DE ALMENDRA Y DESECHOS DE SU PRODUCCIÓN”, código 19IR-LR-121872','Inicial','2021-12-28',663840,NULL,NULL,NULL,NULL,NULL,NULL,'2021-12-28 12:08:35.017883','2021-12-28 12:08:47.325013',695,'2021-12-28 12:08:47.326552',NULL,'~',3,41,6,0),(106,95,'Por favor incluir la siguiente glosa en la factura: DESARROLLO DE PORTAFOLIO DE POSTRES VEGETALES A BASE DE ALMENDRA Y DESECHOS DE SU PRODUCCIÓN”, código 19IR-LR-121872','Validada','2021-12-28',663840,NULL,NULL,NULL,NULL,NULL,NULL,'2021-12-28 12:08:35.017883','2021-12-28 12:08:47.341019',696,'2021-12-28 12:08:47.342588',NULL,'~',3,41,6,0),(107,96,'Por favor incluir la siguiente glosa en la factura: DESARROLLO DE PORTAFOLIO DE POSTRES VEGETALES A BASE DE ALMENDRA Y DESECHOS DE SU PRODUCCIÓN”, código 19IR-LR-121872','Inicial','2021-12-28',0,NULL,NULL,NULL,NULL,NULL,NULL,'2021-12-28 12:21:35.775259','2021-12-28 12:21:35.775274',697,'2021-12-28 12:21:35.776337',NULL,'+',3,41,34,0),(107,96,'Por favor incluir la siguiente glosa en la factura: DESARROLLO DE PORTAFOLIO DE POSTRES VEGETALES A BASE DE ALMENDRA Y DESECHOS DE SU PRODUCCIÓN”, código 19IR-LR-121872','Inicial','2021-12-28',437500,NULL,NULL,NULL,NULL,NULL,NULL,'2021-12-28 12:21:35.775259','2021-12-28 12:21:35.807773',698,'2021-12-28 12:21:35.809542',NULL,'~',3,41,34,0),(107,96,'Por favor incluir la siguiente glosa en la factura: DESARROLLO DE PORTAFOLIO DE POSTRES VEGETALES A BASE DE ALMENDRA Y DESECHOS DE SU PRODUCCIÓN”, código 19IR-LR-121872','Inicial','2021-12-28',437500,NULL,NULL,NULL,NULL,NULL,NULL,'2021-12-28 12:21:35.775259','2021-12-28 12:22:39.003235',699,'2021-12-28 12:22:39.004807',NULL,'~',3,41,34,0),(107,96,'Por favor incluir la siguiente glosa en la factura: DESARROLLO DE PORTAFOLIO DE POSTRES VEGETALES A BASE DE ALMENDRA Y DESECHOS DE SU PRODUCCIÓN”, código 19IR-LR-121872','Validada','2021-12-28',437500,NULL,NULL,NULL,NULL,NULL,NULL,'2021-12-28 12:21:35.775259','2021-12-28 12:22:39.014942',700,'2021-12-28 12:22:39.015937',NULL,'~',3,41,34,0),(108,97,'Por favor incluir la siguiente glosa en la factura: DESARROLLO DE PORTAFOLIO DE POSTRES VEGETALES A BASE DE ALMENDRA Y DESECHOS DE SU PRODUCCIÓN”, código 19IR-LR-121872','Inicial','2021-12-28',0,NULL,NULL,NULL,NULL,NULL,NULL,'2021-12-28 18:29:56.010601','2021-12-28 18:29:56.010622',701,'2021-12-28 18:29:56.012183',NULL,'+',2,41,35,0),(108,97,'Por favor incluir la siguiente glosa en la factura: DESARROLLO DE PORTAFOLIO DE POSTRES VEGETALES A BASE DE ALMENDRA Y DESECHOS DE SU PRODUCCIÓN”, código 19IR-LR-121872','Inicial','2021-12-28',48000,NULL,NULL,NULL,NULL,NULL,NULL,'2021-12-28 18:29:56.010601','2021-12-28 18:29:56.047664',702,'2021-12-28 18:29:56.049730',NULL,'~',2,41,35,0),(108,97,'Por favor incluir la siguiente glosa en la factura: DESARROLLO DE PORTAFOLIO DE POSTRES VEGETALES A BASE DE ALMENDRA Y DESECHOS DE SU PRODUCCIÓN”, código 19IR-LR-121872','Inicial','2021-12-28',48000,NULL,NULL,NULL,NULL,NULL,NULL,'2021-12-28 18:29:56.010601','2021-12-28 18:30:02.773651',703,'2021-12-28 18:30:02.775453',NULL,'~',2,41,35,0),(108,97,'Por favor incluir la siguiente glosa en la factura: DESARROLLO DE PORTAFOLIO DE POSTRES VEGETALES A BASE DE ALMENDRA Y DESECHOS DE SU PRODUCCIÓN”, código 19IR-LR-121872','Validada','2021-12-28',48000,NULL,NULL,NULL,NULL,NULL,NULL,'2021-12-28 18:29:56.010601','2021-12-28 18:30:02.791446',704,'2021-12-28 18:30:02.792968',NULL,'~',2,41,35,0),(108,97,'Por favor incluir la siguiente glosa en la factura: DESARROLLO DE PORTAFOLIO DE POSTRES VEGETALES A BASE DE ALMENDRA Y DESECHOS DE SU PRODUCCIÓN”, código 19IR-LR-121872','Recepcionada','2021-12-28',48000,NULL,'75171','2021-12-28','2021-12-28',NULL,NULL,'2021-12-28 18:29:56.010601','2021-12-28 18:31:53.363454',705,'2021-12-28 18:31:53.365169',NULL,'~',2,41,35,0),(108,97,'Por favor incluir la siguiente glosa en la factura: DESARROLLO DE PORTAFOLIO DE POSTRES VEGETALES A BASE DE ALMENDRA Y DESECHOS DE SU PRODUCCIÓN”, código 19IR-LR-121872','Etiquetada','2021-12-28',48000,NULL,'75171','2021-12-28','2021-12-28',NULL,NULL,'2021-12-28 18:29:56.010601','2021-12-28 18:32:21.228869',706,'2021-12-28 18:32:21.229971',NULL,'~',2,41,35,0),(109,98,'Por favor incluir la siguiente glosa en la factura: DESARROLLO DE PORTAFOLIO DE POSTRES VEGETALES A BASE DE ALMENDRA Y DESECHOS DE SU PRODUCCIÓN”, código 19IR-LR-121872','Inicial','2021-12-28',0,NULL,NULL,NULL,NULL,NULL,NULL,'2021-12-28 18:33:51.731189','2021-12-28 18:33:51.731212',707,'2021-12-28 18:33:51.733424',NULL,'+',3,41,9,0),(109,98,'Por favor incluir la siguiente glosa en la factura: DESARROLLO DE PORTAFOLIO DE POSTRES VEGETALES A BASE DE ALMENDRA Y DESECHOS DE SU PRODUCCIÓN”, código 19IR-LR-121872','Inicial','2021-12-28',647500,NULL,NULL,NULL,NULL,NULL,NULL,'2021-12-28 18:33:51.731189','2021-12-28 18:33:51.772657',708,'2021-12-28 18:33:51.774473',NULL,'~',3,41,9,0),(109,98,'Por favor incluir la siguiente glosa en la factura: DESARROLLO DE PORTAFOLIO DE POSTRES VEGETALES A BASE DE ALMENDRA Y DESECHOS DE SU PRODUCCIÓN”, código 19IR-LR-121872','Inicial','2021-12-28',647500,NULL,NULL,NULL,NULL,NULL,NULL,'2021-12-28 18:33:51.731189','2021-12-28 18:34:04.759825',709,'2021-12-28 18:34:04.761901',NULL,'~',3,41,9,0),(109,98,'Por favor incluir la siguiente glosa en la factura: DESARROLLO DE PORTAFOLIO DE POSTRES VEGETALES A BASE DE ALMENDRA Y DESECHOS DE SU PRODUCCIÓN”, código 19IR-LR-121872','Validada','2021-12-28',582750,NULL,NULL,NULL,NULL,NULL,NULL,'2021-12-28 18:33:51.731189','2021-12-28 18:34:04.799389',710,'2021-12-28 18:34:04.800508',NULL,'~',3,41,9,0),(110,99,'Por favor incluir la siguiente glosa en la factura: DESARROLLO DE PORTAFOLIO DE POSTRES VEGETALES A BASE DE ALMENDRA Y DESECHOS DE SU PRODUCCIÓN”, código 19IR-LR-121872','Inicial','2021-12-29',0,NULL,NULL,NULL,NULL,NULL,NULL,'2021-12-29 11:16:24.678614','2021-12-29 11:16:24.678639',711,'2021-12-29 11:16:24.680798',NULL,'+',3,41,7,0),(110,99,'Por favor incluir la siguiente glosa en la factura: DESARROLLO DE PORTAFOLIO DE POSTRES VEGETALES A BASE DE ALMENDRA Y DESECHOS DE SU PRODUCCIÓN”, código 19IR-LR-121872','Inicial','2021-12-29',626000,NULL,NULL,NULL,NULL,NULL,NULL,'2021-12-29 11:16:24.678614','2021-12-29 11:16:24.785907',712,'2021-12-29 11:16:24.791160',NULL,'~',3,41,7,0),(111,100,'Por favor incluir la siguiente glosa en la factura: DESARROLLO DE PORTAFOLIO DE POSTRES VEGETALES A BASE DE ALMENDRA Y DESECHOS DE SU PRODUCCIÓN”, código 19IR-LR-121872','Inicial','2021-12-29',0,NULL,NULL,NULL,NULL,NULL,NULL,'2021-12-29 11:18:48.768457','2021-12-29 11:18:48.768473',713,'2021-12-29 11:18:48.769596',NULL,'+',3,41,7,0),(111,100,'Por favor incluir la siguiente glosa en la factura: DESARROLLO DE PORTAFOLIO DE POSTRES VEGETALES A BASE DE ALMENDRA Y DESECHOS DE SU PRODUCCIÓN”, código 19IR-LR-121872','Inicial','2021-12-29',589200,NULL,NULL,NULL,NULL,NULL,NULL,'2021-12-29 11:18:48.768457','2021-12-29 11:18:48.810796',714,'2021-12-29 11:18:48.812490',NULL,'~',3,41,7,0),(112,101,'Por favor incluir la siguiente glosa en la factura: DESARROLLO DE PORTAFOLIO DE POSTRES VEGETALES A BASE DE ALMENDRA Y DESECHOS DE SU PRODUCCIÓN”, código 19IR-LR-121872','Inicial','2021-12-29',0,NULL,NULL,NULL,NULL,NULL,NULL,'2021-12-29 15:55:27.010684','2021-12-29 15:55:27.010702',715,'2021-12-29 15:55:27.012268',NULL,'+',3,39,17,0),(112,101,'Por favor incluir la siguiente glosa en la factura: DESARROLLO DE PORTAFOLIO DE POSTRES VEGETALES A BASE DE ALMENDRA Y DESECHOS DE SU PRODUCCIÓN”, código 19IR-LR-121872','Inicial','2021-12-29',580000,NULL,NULL,NULL,NULL,NULL,NULL,'2021-12-29 15:55:27.010684','2021-12-29 15:55:27.053871',716,'2021-12-29 15:55:27.055457',NULL,'~',3,39,17,0),(49,42,'Por favor incluir la siguiente glosa en la factura: DESARROLLO DE PORTAFOLIO DE POSTRES VEGETALES A BASE DE ALMENDRA Y DESECHOS DE SU PRODUCCIÓN”, código 19IR-LR-121872','Inicial','2021-12-07',580000,NULL,NULL,NULL,NULL,NULL,NULL,'2021-12-07 10:28:45.826773','2021-12-08 08:36:54.379230',717,'2021-12-29 15:55:51.486897',NULL,'-',3,39,17,1),(112,101,'Por favor incluir la siguiente glosa en la factura: DESARROLLO DE PORTAFOLIO DE POSTRES VEGETALES A BASE DE ALMENDRA Y DESECHOS DE SU PRODUCCIÓN”, código 19IR-LR-121872','Inicial','2021-12-29',580000,NULL,NULL,NULL,NULL,NULL,NULL,'2021-12-29 15:55:27.010684','2021-12-29 15:56:18.681728',718,'2021-12-29 15:56:18.683154',NULL,'~',3,39,17,0),(112,101,'Por favor incluir la siguiente glosa en la factura: DESARROLLO DE PORTAFOLIO DE POSTRES VEGETALES A BASE DE ALMENDRA Y DESECHOS DE SU PRODUCCIÓN”, código 19IR-LR-121872','Validada','2021-12-29',580000,NULL,NULL,NULL,NULL,NULL,NULL,'2021-12-29 15:55:27.010684','2021-12-29 15:56:18.702440',719,'2021-12-29 15:56:18.703231',NULL,'~',3,39,17,0),(112,101,'Por favor incluir la siguiente glosa en la factura: DESARROLLO DE PORTAFOLIO DE POSTRES VEGETALES A BASE DE ALMENDRA Y DESECHOS DE SU PRODUCCIÓN”, código 19IR-LR-121872','Recepcionada','2021-12-29',580000,NULL,'2337','2021-12-29','2021-12-29',NULL,NULL,'2021-12-29 15:55:27.010684','2021-12-29 15:57:45.072275',720,'2021-12-29 15:57:45.073841',NULL,'~',3,39,17,0),(112,101,'Por favor incluir la siguiente glosa en la factura: DESARROLLO DE PORTAFOLIO DE POSTRES VEGETALES A BASE DE ALMENDRA Y DESECHOS DE SU PRODUCCIÓN”, código 19IR-LR-121872','Etiquetada','2021-12-29',580000,NULL,'2337','2021-12-29','2021-12-29',NULL,NULL,'2021-12-29 15:55:27.010684','2021-12-29 15:59:12.949221',721,'2021-12-29 15:59:12.950465',NULL,'~',3,39,17,0),(113,102,'Por favor incluir la siguiente glosa en la factura: DESARROLLO DE PORTAFOLIO DE POSTRES VEGETALES A BASE DE ALMENDRA Y DESECHOS DE SU PRODUCCIÓN”, código 19IR-LR-121872','Inicial','2021-12-29',0,NULL,NULL,NULL,NULL,NULL,NULL,'2021-12-29 16:04:46.397305','2021-12-29 16:04:46.397324',722,'2021-12-29 16:04:46.398515',NULL,'+',3,39,22,0),(113,102,'Por favor incluir la siguiente glosa en la factura: DESARROLLO DE PORTAFOLIO DE POSTRES VEGETALES A BASE DE ALMENDRA Y DESECHOS DE SU PRODUCCIÓN”, código 19IR-LR-121872','Inicial','2021-12-29',378000,NULL,NULL,NULL,NULL,NULL,NULL,'2021-12-29 16:04:46.397305','2021-12-29 16:04:46.445750',723,'2021-12-29 16:04:46.447452',NULL,'~',3,39,22,0),(113,102,'Por favor incluir la siguiente glosa en la factura: DESARROLLO DE PORTAFOLIO DE POSTRES VEGETALES A BASE DE ALMENDRA Y DESECHOS DE SU PRODUCCIÓN”, código 19IR-LR-121872','Inicial','2021-12-29',378000,NULL,NULL,NULL,NULL,NULL,NULL,'2021-12-29 16:04:46.397305','2021-12-29 16:05:23.102348',724,'2021-12-29 16:05:23.104049',NULL,'~',3,39,22,0),(113,102,'Por favor incluir la siguiente glosa en la factura: DESARROLLO DE PORTAFOLIO DE POSTRES VEGETALES A BASE DE ALMENDRA Y DESECHOS DE SU PRODUCCIÓN”, código 19IR-LR-121872','Validada','2021-12-29',378000,NULL,NULL,NULL,NULL,NULL,NULL,'2021-12-29 16:04:46.397305','2021-12-29 16:05:23.122185',725,'2021-12-29 16:05:23.123253',NULL,'~',3,39,22,0),(113,102,'Por favor incluir la siguiente glosa en la factura: DESARROLLO DE PORTAFOLIO DE POSTRES VEGETALES A BASE DE ALMENDRA Y DESECHOS DE SU PRODUCCIÓN”, código 19IR-LR-121872','Recepcionada','2021-12-29',378000,NULL,'1667','2021-12-29','2021-12-23',NULL,NULL,'2021-12-29 16:04:46.397305','2021-12-29 16:05:49.026266',726,'2021-12-29 16:05:49.028970',NULL,'~',3,39,22,0),(113,102,'Por favor incluir la siguiente glosa en la factura: DESARROLLO DE PORTAFOLIO DE POSTRES VEGETALES A BASE DE ALMENDRA Y DESECHOS DE SU PRODUCCIÓN”, código 19IR-LR-121872','Etiquetada','2021-12-29',378000,NULL,'1667','2021-12-29','2021-12-23',NULL,NULL,'2021-12-29 16:04:46.397305','2021-12-29 16:06:14.874328',727,'2021-12-29 16:06:14.875179',NULL,'~',3,39,22,0),(113,102,'Por favor incluir la siguiente glosa en la factura: DESARROLLO DE PORTAFOLIO DE POSTRES VEGETALES A BASE DE ALMENDRA Y DESECHOS DE SU PRODUCCIÓN”, código 19IR-LR-121872','Recepcionada','2021-12-29',378000,NULL,'1667','2021-12-29','2021-12-23',NULL,NULL,'2021-12-29 16:04:46.397305','2021-12-29 16:06:22.362594',728,'2021-12-29 16:06:22.363938',NULL,'~',3,39,22,0),(113,102,'Por favor incluir la siguiente glosa en la factura: DESARROLLO DE PORTAFOLIO DE POSTRES VEGETALES A BASE DE ALMENDRA Y DESECHOS DE SU PRODUCCIÓN”, código 19IR-LR-121872','Etiquetada','2021-12-29',378000,NULL,'1667','2021-12-29','2021-12-23',NULL,NULL,'2021-12-29 16:04:46.397305','2021-12-29 16:07:37.589001',729,'2021-12-29 16:07:37.590067',NULL,'~',3,39,22,0),(114,103,'Por favor incluir la siguiente glosa en la factura: DESARROLLO DE PORTAFOLIO DE POSTRES VEGETALES A BASE DE ALMENDRA Y DESECHOS DE SU PRODUCCIÓN”, código 19IR-LR-121872','Inicial','2021-12-30',0,NULL,NULL,NULL,NULL,NULL,NULL,'2021-12-30 09:06:43.328178','2021-12-30 09:06:43.328206',730,'2021-12-30 09:06:43.329719',NULL,'+',3,41,29,0),(114,103,'Por favor incluir la siguiente glosa en la factura: DESARROLLO DE PORTAFOLIO DE POSTRES VEGETALES A BASE DE ALMENDRA Y DESECHOS DE SU PRODUCCIÓN”, código 19IR-LR-121872','Inicial','2021-12-30',211710,NULL,NULL,NULL,NULL,NULL,NULL,'2021-12-30 09:06:43.328178','2021-12-30 09:06:43.384750',731,'2021-12-30 09:06:43.386338',NULL,'~',3,41,29,0),(114,103,'Por favor incluir la siguiente glosa en la factura: DESARROLLO DE PORTAFOLIO DE POSTRES VEGETALES A BASE DE ALMENDRA Y DESECHOS DE SU PRODUCCIÓN”, código 19IR-LR-121872','Inicial','2021-12-30',211710,NULL,NULL,NULL,NULL,NULL,NULL,'2021-12-30 09:06:43.328178','2021-12-30 09:06:54.572128',732,'2021-12-30 09:06:54.573498',NULL,'~',3,41,29,0),(114,103,'Por favor incluir la siguiente glosa en la factura: DESARROLLO DE PORTAFOLIO DE POSTRES VEGETALES A BASE DE ALMENDRA Y DESECHOS DE SU PRODUCCIÓN”, código 19IR-LR-121872','Validada','2021-12-30',211710,NULL,NULL,NULL,NULL,NULL,NULL,'2021-12-30 09:06:43.328178','2021-12-30 09:06:54.596975',733,'2021-12-30 09:06:54.598074',NULL,'~',3,41,29,0),(115,104,'Por favor incluir la siguiente glosa en la factura: DESARROLLO DE PORTAFOLIO DE POSTRES VEGETALES A BASE DE ALMENDRA Y DESECHOS DE SU PRODUCCIÓN”, código 19IR-LR-121872','Inicial','2021-12-30',0,NULL,NULL,NULL,NULL,NULL,NULL,'2021-12-30 10:47:15.138195','2021-12-30 10:47:15.138210',734,'2021-12-30 10:47:15.140012',NULL,'+',2,41,4,0),(115,104,'Por favor incluir la siguiente glosa en la factura: DESARROLLO DE PORTAFOLIO DE POSTRES VEGETALES A BASE DE ALMENDRA Y DESECHOS DE SU PRODUCCIÓN”, código 19IR-LR-121872','Inicial','2021-12-30',78750,NULL,NULL,NULL,NULL,NULL,NULL,'2021-12-30 10:47:15.138195','2021-12-30 10:47:15.178504',735,'2021-12-30 10:47:15.180516',NULL,'~',2,41,4,0),(115,104,'Por favor incluir la siguiente glosa en la factura: DESARROLLO DE PORTAFOLIO DE POSTRES VEGETALES A BASE DE ALMENDRA Y DESECHOS DE SU PRODUCCIÓN”, código 19IR-LR-121872','Inicial','2021-12-30',78750,NULL,NULL,NULL,NULL,NULL,NULL,'2021-12-30 10:47:15.138195','2021-12-30 10:49:35.678972',736,'2021-12-30 10:49:35.680253',NULL,'~',2,41,4,0),(115,104,'Por favor incluir la siguiente glosa en la factura: DESARROLLO DE PORTAFOLIO DE POSTRES VEGETALES A BASE DE ALMENDRA Y DESECHOS DE SU PRODUCCIÓN”, código 19IR-LR-121872','Validada','2021-12-30',78750,NULL,NULL,NULL,NULL,NULL,NULL,'2021-12-30 10:47:15.138195','2021-12-30 10:49:35.687935',737,'2021-12-30 10:49:35.688680',NULL,'~',2,41,4,0),(116,105,'Por favor incluir la siguiente glosa en la factura: DESARROLLO DE PORTAFOLIO DE POSTRES VEGETALES A BASE DE ALMENDRA Y DESECHOS DE SU PRODUCCIÓN”, código 19IR-LR-121872','Inicial','2021-12-30',0,NULL,NULL,NULL,NULL,NULL,NULL,'2021-12-30 11:12:30.115031','2021-12-30 11:12:30.115048',738,'2021-12-30 11:12:30.116704',NULL,'+',3,41,36,0),(116,105,'Por favor incluir la siguiente glosa en la factura: DESARROLLO DE PORTAFOLIO DE POSTRES VEGETALES A BASE DE ALMENDRA Y DESECHOS DE SU PRODUCCIÓN”, código 19IR-LR-121872','Inicial','2021-12-30',146300,NULL,NULL,NULL,NULL,NULL,NULL,'2021-12-30 11:12:30.115031','2021-12-30 11:12:30.156771',739,'2021-12-30 11:12:30.158364',NULL,'~',3,41,36,0),(116,105,'Por favor incluir la siguiente glosa en la factura: DESARROLLO DE PORTAFOLIO DE POSTRES VEGETALES A BASE DE ALMENDRA Y DESECHOS DE SU PRODUCCIÓN”, código 19IR-LR-121872','Inicial','2021-12-30',146300,NULL,NULL,NULL,NULL,NULL,NULL,'2021-12-30 11:12:30.115031','2021-12-30 11:12:46.236668',740,'2021-12-30 11:12:46.237998',NULL,'~',3,41,36,0),(116,105,'Por favor incluir la siguiente glosa en la factura: DESARROLLO DE PORTAFOLIO DE POSTRES VEGETALES A BASE DE ALMENDRA Y DESECHOS DE SU PRODUCCIÓN”, código 19IR-LR-121872','Validada','2021-12-30',146300,NULL,NULL,NULL,NULL,NULL,NULL,'2021-12-30 11:12:30.115031','2021-12-30 11:12:46.251090',741,'2021-12-30 11:12:46.251914',NULL,'~',3,41,36,0),(103,92,'TRABAJO ADICIONAL A CALDERA','Validada','2021-12-28',30000,NULL,NULL,NULL,NULL,NULL,NULL,'2021-12-28 10:18:48.096861','2021-12-30 11:45:27.358318',742,'2021-12-30 11:45:27.360446',NULL,'~',2,42,31,1),(4,3,'Favor incluir siguiente código en factura: CORFO\r\n19IR-LR-121872','Pagada','2021-10-22',140000,NULL,'67689','2021-10-28','2021-10-26','2021-10-28','transferencia','2021-10-22 10:12:54.960601','2021-12-30 12:18:19.145597',743,'2021-12-30 12:18:19.147407',NULL,'~',3,42,1,1),(108,97,'Por favor incluir la siguiente glosa en la factura: DESARROLLO DE PORTAFOLIO DE POSTRES VEGETALES A BASE DE ALMENDRA Y DESECHOS DE SU PRODUCCIÓN”, código 19IR-LR-121872','Etiquetada','2021-12-28',48000,NULL,'75171','2021-12-28','2021-12-28',NULL,NULL,'2021-12-28 18:29:56.010601','2021-12-30 12:23:06.601602',744,'2021-12-30 12:23:06.609779',NULL,'~',2,41,35,1),(109,98,'Por favor incluir la siguiente glosa en la factura: DESARROLLO DE PORTAFOLIO DE POSTRES VEGETALES A BASE DE ALMENDRA Y DESECHOS DE SU PRODUCCIÓN”, código 19IR-LR-121872','Validada','2021-12-28',582750,NULL,NULL,NULL,NULL,NULL,NULL,'2021-12-28 18:33:51.731189','2021-12-30 12:23:16.710567',745,'2021-12-30 12:23:16.711862',NULL,'~',3,41,9,1),(117,106,'Por favor incluir la siguiente glosa en la factura: DESARROLLO DE PORTAFOLIO DE POSTRES VEGETALES A BASE DE ALMENDRA Y DESECHOS DE SU PRODUCCIÓN”, código 19IR-LR-121872','Inicial','2021-12-30',0,NULL,NULL,NULL,NULL,NULL,NULL,'2021-12-30 12:34:20.684013','2021-12-30 12:34:20.684028',746,'2021-12-30 12:34:20.685009',NULL,'+',3,39,17,0),(117,106,'Por favor incluir la siguiente glosa en la factura: DESARROLLO DE PORTAFOLIO DE POSTRES VEGETALES A BASE DE ALMENDRA Y DESECHOS DE SU PRODUCCIÓN”, código 19IR-LR-121872','Inicial','2021-12-30',120000,NULL,NULL,NULL,NULL,NULL,NULL,'2021-12-30 12:34:20.684013','2021-12-30 12:34:20.821939',747,'2021-12-30 12:34:20.823812',NULL,'~',3,39,17,0),(117,106,'Por favor incluir la siguiente glosa en la factura: DESARROLLO DE PORTAFOLIO DE POSTRES VEGETALES A BASE DE ALMENDRA Y DESECHOS DE SU PRODUCCIÓN”, código 19IR-LR-121872','Inicial','2021-12-30',120000,NULL,NULL,NULL,NULL,NULL,NULL,'2021-12-30 12:34:20.684013','2021-12-30 12:34:44.280371',748,'2021-12-30 12:34:44.281742',NULL,'~',3,39,17,0),(117,106,'Por favor incluir la siguiente glosa en la factura: DESARROLLO DE PORTAFOLIO DE POSTRES VEGETALES A BASE DE ALMENDRA Y DESECHOS DE SU PRODUCCIÓN”, código 19IR-LR-121872','Validada','2021-12-30',120000,NULL,NULL,NULL,NULL,NULL,NULL,'2021-12-30 12:34:20.684013','2021-12-30 12:34:44.291319',749,'2021-12-30 12:34:44.292332',NULL,'~',3,39,17,0),(117,106,'Por favor incluir la siguiente glosa en la factura: DESARROLLO DE PORTAFOLIO DE POSTRES VEGETALES A BASE DE ALMENDRA Y DESECHOS DE SU PRODUCCIÓN”, código 19IR-LR-121872','Recepcionada','2021-12-30',120000,'1140','1','2021-12-30','2021-12-30',NULL,NULL,'2021-12-30 12:34:20.684013','2021-12-30 12:35:47.696180',750,'2021-12-30 12:35:47.698204',NULL,'~',3,39,17,0),(117,106,'Por favor incluir la siguiente glosa en la factura: DESARROLLO DE PORTAFOLIO DE POSTRES VEGETALES A BASE DE ALMENDRA Y DESECHOS DE SU PRODUCCIÓN”, código 19IR-LR-121872','Etiquetada','2021-12-30',120000,'1140','1','2021-12-30','2021-12-30',NULL,NULL,'2021-12-30 12:34:20.684013','2021-12-30 12:37:37.725359',751,'2021-12-30 12:37:37.726328',NULL,'~',3,39,17,0),(109,98,'Por favor incluir la siguiente glosa en la factura: DESARROLLO DE PORTAFOLIO DE POSTRES VEGETALES A BASE DE ALMENDRA Y DESECHOS DE SU PRODUCCIÓN”, código 19IR-LR-121872','Recepcionada','2021-12-28',582750,NULL,'48915','2021-12-30','2021-12-30',NULL,NULL,'2021-12-28 18:33:51.731189','2021-12-30 13:21:49.598264',752,'2021-12-30 13:21:49.605580',NULL,'~',3,39,9,1),(109,98,'Por favor incluir la siguiente glosa en la factura: DESARROLLO DE PORTAFOLIO DE POSTRES VEGETALES A BASE DE ALMENDRA Y DESECHOS DE SU PRODUCCIÓN”, código 19IR-LR-121872','Etiquetada','2021-12-28',582750,NULL,'48915','2021-12-30','2021-12-30',NULL,NULL,'2021-12-28 18:33:51.731189','2021-12-30 13:22:18.743724',753,'2021-12-30 13:22:18.745002',NULL,'~',3,39,9,1),(107,96,'Por favor incluir la siguiente glosa en la factura: DESARROLLO DE PORTAFOLIO DE POSTRES VEGETALES A BASE DE ALMENDRA Y DESECHOS DE SU PRODUCCIÓN”, código 19IR-LR-121872','Recepcionada','2021-12-28',437500,NULL,'1','2021-12-30','2021-12-23',NULL,NULL,'2021-12-28 12:21:35.775259','2021-12-30 14:27:16.027893',754,'2021-12-30 14:27:16.029978',NULL,'~',3,39,34,0),(107,96,'Por favor incluir la siguiente glosa en la factura: DESARROLLO DE PORTAFOLIO DE POSTRES VEGETALES A BASE DE ALMENDRA Y DESECHOS DE SU PRODUCCIÓN”, código 19IR-LR-121872','Etiquetada','2021-12-28',437500,NULL,'1','2021-12-30','2021-12-23',NULL,NULL,'2021-12-28 12:21:35.775259','2021-12-30 14:27:28.965290',755,'2021-12-30 14:27:28.966485',NULL,'~',3,39,34,0),(102,91,'Por favor incluir la siguiente glosa en la factura: DESARROLLO DE PORTAFOLIO DE POSTRES VEGETALES A BASE DE ALMENDRA Y DESECHOS DE SU PRODUCCIÓN”, código 19IR-LR-121872\r\nBotas Talla 37, 38, 39 un par por numero\r\nBotas Talla 42 dos pares por numero','Validada','2021-12-27',158000,NULL,NULL,NULL,NULL,NULL,NULL,'2021-12-27 17:04:43.468188','2021-12-30 16:42:09.541417',756,'2021-12-30 16:42:09.543000',NULL,'~',3,39,33,1),(102,91,'Por favor incluir la siguiente glosa en la factura: DESARROLLO DE PORTAFOLIO DE POSTRES VEGETALES A BASE DE ALMENDRA Y DESECHOS DE SU PRODUCCIÓN”, código 19IR-LR-121872\r\nBotas Talla 37, 38, 39 un par por numero\r\nBotas Talla 42 dos pares por numero','Recepcionada','2021-12-27',158000,NULL,'174148','2021-12-30','2021-12-29',NULL,NULL,'2021-12-27 17:04:43.468188','2021-12-30 16:42:48.477993',757,'2021-12-30 16:42:48.479740',NULL,'~',3,39,33,1),(102,91,'Por favor incluir la siguiente glosa en la factura: DESARROLLO DE PORTAFOLIO DE POSTRES VEGETALES A BASE DE ALMENDRA Y DESECHOS DE SU PRODUCCIÓN”, código 19IR-LR-121872\r\nBotas Talla 37, 38, 39 un par por numero\r\nBotas Talla 42 dos pares por numero','Etiquetada','2021-12-27',158000,NULL,'174148','2021-12-30','2021-12-29',NULL,NULL,'2021-12-27 17:04:43.468188','2021-12-30 16:43:20.805797',758,'2021-12-30 16:43:20.806757',NULL,'~',3,39,33,1),(118,107,'Por favor incluir la siguiente glosa en la factura: DESARROLLO DE PORTAFOLIO DE POSTRES VEGETALES A BASE DE ALMENDRA Y DESECHOS DE SU PRODUCCIÓN”, código 19IR-LR-121872','Inicial','2021-12-30',0,NULL,NULL,NULL,NULL,NULL,NULL,'2021-12-30 17:24:32.891197','2021-12-30 17:24:32.891213',759,'2021-12-30 17:24:32.892540',NULL,'+',3,39,6,0),(118,107,'Por favor incluir la siguiente glosa en la factura: DESARROLLO DE PORTAFOLIO DE POSTRES VEGETALES A BASE DE ALMENDRA Y DESECHOS DE SU PRODUCCIÓN”, código 19IR-LR-121872','Inicial','2021-12-30',1083060,NULL,NULL,NULL,NULL,NULL,NULL,'2021-12-30 17:24:32.891197','2021-12-30 17:24:32.933746',760,'2021-12-30 17:24:32.935699',NULL,'~',3,39,6,0),(118,107,'Por favor incluir la siguiente glosa en la factura: DESARROLLO DE PORTAFOLIO DE POSTRES VEGETALES A BASE DE ALMENDRA Y DESECHOS DE SU PRODUCCIÓN”, código 19IR-LR-121872','Inicial','2021-12-30',1083060,NULL,NULL,NULL,NULL,NULL,NULL,'2021-12-30 17:24:32.891197','2021-12-30 17:24:47.065790',761,'2021-12-30 17:24:47.067351',NULL,'~',3,39,6,0),(118,107,'Por favor incluir la siguiente glosa en la factura: DESARROLLO DE PORTAFOLIO DE POSTRES VEGETALES A BASE DE ALMENDRA Y DESECHOS DE SU PRODUCCIÓN”, código 19IR-LR-121872','Validada','2021-12-30',1083060,NULL,NULL,NULL,NULL,NULL,NULL,'2021-12-30 17:24:32.891197','2021-12-30 17:24:47.081679',762,'2021-12-30 17:24:47.083269',NULL,'~',3,39,6,0),(118,107,'Por favor incluir la siguiente glosa en la factura: DESARROLLO DE PORTAFOLIO DE POSTRES VEGETALES A BASE DE ALMENDRA Y DESECHOS DE SU PRODUCCIÓN”, código 19IR-LR-121872','Recepcionada','2021-12-30',1083060,NULL,'72816','2021-12-30','2021-12-30',NULL,NULL,'2021-12-30 17:24:32.891197','2021-12-30 17:25:18.196873',763,'2021-12-30 17:25:18.199135',NULL,'~',3,39,6,0),(118,107,'Por favor incluir la siguiente glosa en la factura: DESARROLLO DE PORTAFOLIO DE POSTRES VEGETALES A BASE DE ALMENDRA Y DESECHOS DE SU PRODUCCIÓN”, código 19IR-LR-121872','Etiquetada','2021-12-30',1083060,NULL,'72816','2021-12-30','2021-12-30',NULL,NULL,'2021-12-30 17:24:32.891197','2021-12-30 17:27:22.537207',764,'2021-12-30 17:27:22.538635',NULL,'~',3,39,6,0),(119,108,'Por favor incluir la siguiente glosa en la factura: DESARROLLO DE PORTAFOLIO DE POSTRES VEGETALES A BASE DE ALMENDRA Y DESECHOS DE SU PRODUCCIÓN”, código 19IR-LR-121872','Inicial','2021-12-31',0,NULL,NULL,NULL,NULL,NULL,NULL,'2021-12-31 10:07:04.189183','2021-12-31 10:07:04.189205',765,'2021-12-31 10:07:04.190618',NULL,'+',3,41,2,0),(119,108,'Por favor incluir la siguiente glosa en la factura: DESARROLLO DE PORTAFOLIO DE POSTRES VEGETALES A BASE DE ALMENDRA Y DESECHOS DE SU PRODUCCIÓN”, código 19IR-LR-121872','Inicial','2021-12-31',600000,NULL,NULL,NULL,NULL,NULL,NULL,'2021-12-31 10:07:04.189183','2021-12-31 10:07:04.229038',766,'2021-12-31 10:07:04.231208',NULL,'~',3,41,2,0),(119,108,'Por favor incluir la siguiente glosa en la factura: DESARROLLO DE PORTAFOLIO DE POSTRES VEGETALES A BASE DE ALMENDRA Y DESECHOS DE SU PRODUCCIÓN”, código 19IR-LR-121872','Inicial','2021-12-31',600000,NULL,NULL,NULL,NULL,NULL,NULL,'2021-12-31 10:07:04.189183','2021-12-31 10:07:11.814720',767,'2021-12-31 10:07:11.816254',NULL,'~',3,41,2,0),(119,108,'Por favor incluir la siguiente glosa en la factura: DESARROLLO DE PORTAFOLIO DE POSTRES VEGETALES A BASE DE ALMENDRA Y DESECHOS DE SU PRODUCCIÓN”, código 19IR-LR-121872','Validada','2021-12-31',600000,NULL,NULL,NULL,NULL,NULL,NULL,'2021-12-31 10:07:04.189183','2021-12-31 10:07:11.826782',768,'2021-12-31 10:07:11.827931',NULL,'~',3,41,2,0),(120,109,'Por favor incluir la siguiente glosa en la factura: DESARROLLO DE PORTAFOLIO DE POSTRES VEGETALES A BASE DE ALMENDRA Y DESECHOS DE SU PRODUCCIÓN”, código 19IR-LR-121872','Inicial','2021-12-31',0,NULL,NULL,NULL,NULL,NULL,NULL,'2021-12-31 10:56:10.560547','2021-12-31 10:56:10.560564',769,'2021-12-31 10:56:10.561704',NULL,'+',3,41,22,0),(120,109,'Por favor incluir la siguiente glosa en la factura: DESARROLLO DE PORTAFOLIO DE POSTRES VEGETALES A BASE DE ALMENDRA Y DESECHOS DE SU PRODUCCIÓN”, código 19IR-LR-121872','Inicial','2021-12-31',570000,NULL,NULL,NULL,NULL,NULL,NULL,'2021-12-31 10:56:10.560547','2021-12-31 10:56:10.606345',770,'2021-12-31 10:56:10.608077',NULL,'~',3,41,22,0),(120,109,'Por favor incluir la siguiente glosa en la factura: DESARROLLO DE PORTAFOLIO DE POSTRES VEGETALES A BASE DE ALMENDRA Y DESECHOS DE SU PRODUCCIÓN”, código 19IR-LR-121872','Inicial','2021-12-31',570000,NULL,NULL,NULL,NULL,NULL,NULL,'2021-12-31 10:56:10.560547','2021-12-31 10:56:19.058611',771,'2021-12-31 10:56:19.059978',NULL,'~',3,41,22,0),(120,109,'Por favor incluir la siguiente glosa en la factura: DESARROLLO DE PORTAFOLIO DE POSTRES VEGETALES A BASE DE ALMENDRA Y DESECHOS DE SU PRODUCCIÓN”, código 19IR-LR-121872','Validada','2021-12-31',570000,NULL,NULL,NULL,NULL,NULL,NULL,'2021-12-31 10:56:10.560547','2021-12-31 10:56:19.082302',772,'2021-12-31 10:56:19.083096',NULL,'~',3,41,22,0),(121,110,'Por favor incluir la siguiente glosa en la factura: DESARROLLO DE PORTAFOLIO DE POSTRES VEGETALES A BASE DE ALMENDRA Y DESECHOS DE SU PRODUCCIÓN”, código 19IR-LR-121872','Inicial','2021-12-31',0,NULL,NULL,NULL,NULL,NULL,NULL,'2021-12-31 11:11:52.463008','2021-12-31 11:11:52.463023',773,'2021-12-31 11:11:52.464220',NULL,'+',3,41,22,0),(121,110,'Por favor incluir la siguiente glosa en la factura: DESARROLLO DE PORTAFOLIO DE POSTRES VEGETALES A BASE DE ALMENDRA Y DESECHOS DE SU PRODUCCIÓN”, código 19IR-LR-121872','Inicial','2021-12-31',900000,NULL,NULL,NULL,NULL,NULL,NULL,'2021-12-31 11:11:52.463008','2021-12-31 11:11:52.545783',774,'2021-12-31 11:11:52.548732',NULL,'~',3,41,22,0),(42,35,'Por favor incluir la siguiente glosa en la factura: DESARROLLO DE PORTAFOLIO DE POSTRES VEGETALES A BASE DE ALMENDRA Y DESECHOS DE SU PRODUCCIÓN”, código 19IR-LR-121872','Recepcionada','2021-12-02',300000,NULL,'225288','2022-01-03','2022-01-03',NULL,NULL,'2021-12-02 10:38:00.433104','2022-01-03 12:20:23.812006',775,'2022-01-03 12:20:23.815377',NULL,'~',3,39,2,0),(42,35,'Por favor incluir la siguiente glosa en la factura: DESARROLLO DE PORTAFOLIO DE POSTRES VEGETALES A BASE DE ALMENDRA Y DESECHOS DE SU PRODUCCIÓN”, código 19IR-LR-121872','Etiquetada','2021-12-02',300000,NULL,'225288','2022-01-03','2022-01-03',NULL,NULL,'2021-12-02 10:38:00.433104','2022-01-03 12:21:30.478187',776,'2022-01-03 12:21:30.478973',NULL,'~',3,39,2,0),(122,111,'Por favor incluir la siguiente glosa en la factura: DESARROLLO DE PORTAFOLIO DE POSTRES VEGETALES A BASE DE ALMENDRA Y DESECHOS DE SU PRODUCCIÓN”, código 19IR-LR-121872','Inicial','2022-01-03',0,NULL,NULL,NULL,NULL,NULL,NULL,'2022-01-03 15:18:36.787936','2022-01-03 15:18:36.787954',777,'2022-01-03 15:18:36.790196',NULL,'+',2,47,37,0),(122,111,'Por favor incluir la siguiente glosa en la factura: DESARROLLO DE PORTAFOLIO DE POSTRES VEGETALES A BASE DE ALMENDRA Y DESECHOS DE SU PRODUCCIÓN”, código 19IR-LR-121872','Inicial','2022-01-03',870000,NULL,NULL,NULL,NULL,NULL,NULL,'2022-01-03 15:18:36.787936','2022-01-03 15:18:36.926645',778,'2022-01-03 15:18:36.928284',NULL,'~',2,47,37,0),(122,111,'Por favor incluir la siguiente glosa en la factura: DESARROLLO DE PORTAFOLIO DE POSTRES VEGETALES A BASE DE ALMENDRA Y DESECHOS DE SU PRODUCCIÓN”, código 19IR-LR-121872','Inicial','2022-01-03',870000,NULL,NULL,NULL,NULL,NULL,NULL,'2022-01-03 15:18:36.787936','2022-01-03 15:19:44.479732',779,'2022-01-03 15:19:44.481460',NULL,'~',2,47,37,0),(122,111,'Por favor incluir la siguiente glosa en la factura: DESARROLLO DE PORTAFOLIO DE POSTRES VEGETALES A BASE DE ALMENDRA Y DESECHOS DE SU PRODUCCIÓN”, código 19IR-LR-121872','Validada','2022-01-03',870000,NULL,NULL,NULL,NULL,NULL,NULL,'2022-01-03 15:18:36.787936','2022-01-03 15:19:44.493110',780,'2022-01-03 15:19:44.494494',NULL,'~',2,47,37,0),(122,111,'Por favor incluir la siguiente glosa en la factura: DESARROLLO DE PORTAFOLIO DE POSTRES VEGETALES A BASE DE ALMENDRA Y DESECHOS DE SU PRODUCCIÓN”, código 19IR-LR-121872','Recepcionada','2022-01-03',870000,NULL,'1','2022-01-03','2022-01-03',NULL,NULL,'2022-01-03 15:18:36.787936','2022-01-03 15:23:39.252154',781,'2022-01-03 15:23:39.253920',NULL,'~',2,47,37,0),(122,111,'Por favor incluir la siguiente glosa en la factura: DESARROLLO DE PORTAFOLIO DE POSTRES VEGETALES A BASE DE ALMENDRA Y DESECHOS DE SU PRODUCCIÓN”, código 19IR-LR-121872','Etiquetada','2022-01-03',870000,NULL,'1','2022-01-03','2022-01-03',NULL,NULL,'2022-01-03 15:18:36.787936','2022-01-03 15:26:06.515163',782,'2022-01-03 15:26:06.516528',NULL,'~',2,47,37,0),(123,112,'Por favor incluir la siguiente glosa en la factura: DESARROLLO DE PORTAFOLIO DE POSTRES VEGETALES A BASE DE ALMENDRA Y DESECHOS DE SU PRODUCCIÓN”, código 19IR-LR-121872','Inicial','2022-01-03',0,NULL,NULL,NULL,NULL,NULL,NULL,'2022-01-03 17:02:02.432994','2022-01-03 17:02:02.433017',783,'2022-01-03 17:02:02.434295',NULL,'+',3,39,17,0),(123,112,'Por favor incluir la siguiente glosa en la factura: DESARROLLO DE PORTAFOLIO DE POSTRES VEGETALES A BASE DE ALMENDRA Y DESECHOS DE SU PRODUCCIÓN”, código 19IR-LR-121872','Inicial','2022-01-03',720000,NULL,NULL,NULL,NULL,NULL,NULL,'2022-01-03 17:02:02.432994','2022-01-03 17:02:02.486591',784,'2022-01-03 17:02:02.488659',NULL,'~',3,39,17,0),(123,112,'Por favor incluir la siguiente glosa en la factura: DESARROLLO DE PORTAFOLIO DE POSTRES VEGETALES A BASE DE ALMENDRA Y DESECHOS DE SU PRODUCCIÓN”, código 19IR-LR-121872','Inicial','2022-01-03',720000,NULL,NULL,NULL,NULL,NULL,NULL,'2022-01-03 17:02:02.432994','2022-01-03 17:02:15.861691',785,'2022-01-03 17:02:15.863554',NULL,'~',3,39,17,0),(123,112,'Por favor incluir la siguiente glosa en la factura: DESARROLLO DE PORTAFOLIO DE POSTRES VEGETALES A BASE DE ALMENDRA Y DESECHOS DE SU PRODUCCIÓN”, código 19IR-LR-121872','Validada','2022-01-03',720000,NULL,NULL,NULL,NULL,NULL,NULL,'2022-01-03 17:02:02.432994','2022-01-03 17:02:15.881107',786,'2022-01-03 17:02:15.882442',NULL,'~',3,39,17,0),(123,112,'Por favor incluir la siguiente glosa en la factura: DESARROLLO DE PORTAFOLIO DE POSTRES VEGETALES A BASE DE ALMENDRA Y DESECHOS DE SU PRODUCCIÓN”, código 19IR-LR-121872','Recepcionada','2022-01-03',720000,NULL,'1141','2022-01-03','2022-01-03',NULL,NULL,'2022-01-03 17:02:02.432994','2022-01-03 17:03:57.988196',787,'2022-01-03 17:03:57.990388',NULL,'~',3,39,17,0),(123,112,'Por favor incluir la siguiente glosa en la factura: DESARROLLO DE PORTAFOLIO DE POSTRES VEGETALES A BASE DE ALMENDRA Y DESECHOS DE SU PRODUCCIÓN”, código 19IR-LR-121872','Etiquetada','2022-01-03',720000,NULL,'1141','2022-01-03','2022-01-03',NULL,NULL,'2022-01-03 17:02:02.432994','2022-01-03 17:05:54.875648',788,'2022-01-03 17:05:54.876482',NULL,'~',3,39,17,0),(123,112,'Por favor incluir la siguiente glosa en la factura: DESARROLLO DE PORTAFOLIO DE POSTRES VEGETALES A BASE DE ALMENDRA Y DESECHOS DE SU PRODUCCIÓN”, código 19IR-LR-121872','Etiquetada','2022-01-03',720000,NULL,'1141','2022-01-03','2022-01-03',NULL,NULL,'2022-01-03 17:02:02.432994','2022-01-03 17:06:09.518568',789,'2022-01-03 17:06:09.519452',NULL,'~',3,39,17,0),(123,112,'Por favor incluir la siguiente glosa en la factura: DESARROLLO DE PORTAFOLIO DE POSTRES VEGETALES A BASE DE ALMENDRA Y DESECHOS DE SU PRODUCCIÓN”, código 19IR-LR-121872','Etiquetada','2022-01-03',720000,NULL,'1141','2022-01-03','2022-01-03',NULL,NULL,'2022-01-03 17:02:02.432994','2022-01-03 17:06:28.050979',790,'2022-01-03 17:06:28.053020',NULL,'~',3,39,17,0),(123,112,'Por favor incluir la siguiente glosa en la factura: DESARROLLO DE PORTAFOLIO DE POSTRES VEGETALES A BASE DE ALMENDRA Y DESECHOS DE SU PRODUCCIÓN”, código 19IR-LR-121872','Etiquetada','2022-01-03',720000,NULL,'1141','2022-01-03','2022-01-03',NULL,NULL,'2022-01-03 17:02:02.432994','2022-01-03 17:06:28.556133',791,'2022-01-03 17:06:28.558060',NULL,'~',3,39,17,0),(123,112,'Por favor incluir la siguiente glosa en la factura: DESARROLLO DE PORTAFOLIO DE POSTRES VEGETALES A BASE DE ALMENDRA Y DESECHOS DE SU PRODUCCIÓN”, código 19IR-LR-121872','Etiquetada','2022-01-03',720000,NULL,'1141','2022-01-03','2022-01-03',NULL,NULL,'2022-01-03 17:02:02.432994','2022-01-03 17:06:29.270481',792,'2022-01-03 17:06:29.275301',NULL,'~',3,39,17,0),(123,112,'Por favor incluir la siguiente glosa en la factura: DESARROLLO DE PORTAFOLIO DE POSTRES VEGETALES A BASE DE ALMENDRA Y DESECHOS DE SU PRODUCCIÓN”, código 19IR-LR-121872','Etiquetada','2022-01-03',720000,NULL,'1141','2022-01-03','2022-01-03',NULL,NULL,'2022-01-03 17:02:02.432994','2022-01-03 17:06:29.616595',793,'2022-01-03 17:06:29.622704',NULL,'~',3,39,17,0),(123,112,'Por favor incluir la siguiente glosa en la factura: DESARROLLO DE PORTAFOLIO DE POSTRES VEGETALES A BASE DE ALMENDRA Y DESECHOS DE SU PRODUCCIÓN”, código 19IR-LR-121872','Etiquetada','2022-01-03',720000,NULL,'1141','2022-01-03','2022-01-03',NULL,NULL,'2022-01-03 17:02:02.432994','2022-01-03 17:06:29.705824',794,'2022-01-03 17:06:29.707941',NULL,'~',3,39,17,0),(123,112,'Por favor incluir la siguiente glosa en la factura: DESARROLLO DE PORTAFOLIO DE POSTRES VEGETALES A BASE DE ALMENDRA Y DESECHOS DE SU PRODUCCIÓN”, código 19IR-LR-121872','Etiquetada','2022-01-03',720000,NULL,'1141','2022-01-03','2022-01-03',NULL,NULL,'2022-01-03 17:02:02.432994','2022-01-03 17:06:29.897984',795,'2022-01-03 17:06:29.899730',NULL,'~',3,39,17,0),(123,112,'Por favor incluir la siguiente glosa en la factura: DESARROLLO DE PORTAFOLIO DE POSTRES VEGETALES A BASE DE ALMENDRA Y DESECHOS DE SU PRODUCCIÓN”, código 19IR-LR-121872','Etiquetada','2022-01-03',720000,NULL,'1141','2022-01-03','2022-01-03',NULL,NULL,'2022-01-03 17:02:02.432994','2022-01-03 17:06:31.174414',796,'2022-01-03 17:06:31.177213',NULL,'~',3,39,17,0),(123,112,'Por favor incluir la siguiente glosa en la factura: DESARROLLO DE PORTAFOLIO DE POSTRES VEGETALES A BASE DE ALMENDRA Y DESECHOS DE SU PRODUCCIÓN”, código 19IR-LR-121872','Etiquetada','2022-01-03',720000,NULL,'1141','2022-01-03','2022-01-03',NULL,NULL,'2022-01-03 17:02:02.432994','2022-01-03 17:06:31.301728',797,'2022-01-03 17:06:31.303978',NULL,'~',3,39,17,0),(123,112,'Por favor incluir la siguiente glosa en la factura: DESARROLLO DE PORTAFOLIO DE POSTRES VEGETALES A BASE DE ALMENDRA Y DESECHOS DE SU PRODUCCIÓN”, código 19IR-LR-121872','Etiquetada','2022-01-03',720000,NULL,'1141','2022-01-03','2022-01-03',NULL,NULL,'2022-01-03 17:02:02.432994','2022-01-03 17:06:31.406164',798,'2022-01-03 17:06:31.407606',NULL,'~',3,39,17,0),(123,112,'Por favor incluir la siguiente glosa en la factura: DESARROLLO DE PORTAFOLIO DE POSTRES VEGETALES A BASE DE ALMENDRA Y DESECHOS DE SU PRODUCCIÓN”, código 19IR-LR-121872','Etiquetada','2022-01-03',720000,NULL,'1141','2022-01-03','2022-01-03',NULL,NULL,'2022-01-03 17:02:02.432994','2022-01-03 17:06:32.840650',799,'2022-01-03 17:06:32.843774',NULL,'~',3,39,17,0),(123,112,'Por favor incluir la siguiente glosa en la factura: DESARROLLO DE PORTAFOLIO DE POSTRES VEGETALES A BASE DE ALMENDRA Y DESECHOS DE SU PRODUCCIÓN”, código 19IR-LR-121872','Etiquetada','2022-01-03',720000,NULL,'1141','2022-01-03','2022-01-03',NULL,NULL,'2022-01-03 17:02:02.432994','2022-01-03 17:06:32.938958',800,'2022-01-03 17:06:32.941358',NULL,'~',3,39,17,0),(123,112,'Por favor incluir la siguiente glosa en la factura: DESARROLLO DE PORTAFOLIO DE POSTRES VEGETALES A BASE DE ALMENDRA Y DESECHOS DE SU PRODUCCIÓN”, código 19IR-LR-121872','Etiquetada','2022-01-03',720000,NULL,'1141','2022-01-03','2022-01-03',NULL,NULL,'2022-01-03 17:02:02.432994','2022-01-03 17:06:33.078891',801,'2022-01-03 17:06:33.080478',NULL,'~',3,39,17,0),(123,112,'Por favor incluir la siguiente glosa en la factura: DESARROLLO DE PORTAFOLIO DE POSTRES VEGETALES A BASE DE ALMENDRA Y DESECHOS DE SU PRODUCCIÓN”, código 19IR-LR-121872','Etiquetada','2022-01-03',720000,NULL,'1141','2022-01-03','2022-01-03',NULL,NULL,'2022-01-03 17:02:02.432994','2022-01-03 17:06:34.424829',802,'2022-01-03 17:06:34.427682',NULL,'~',3,39,17,0),(123,112,'Por favor incluir la siguiente glosa en la factura: DESARROLLO DE PORTAFOLIO DE POSTRES VEGETALES A BASE DE ALMENDRA Y DESECHOS DE SU PRODUCCIÓN”, código 19IR-LR-121872','Etiquetada','2022-01-03',720000,NULL,'1141','2022-01-03','2022-01-03',NULL,NULL,'2022-01-03 17:02:02.432994','2022-01-03 17:06:34.567319',803,'2022-01-03 17:06:34.569460',NULL,'~',3,39,17,0),(123,112,'Por favor incluir la siguiente glosa en la factura: DESARROLLO DE PORTAFOLIO DE POSTRES VEGETALES A BASE DE ALMENDRA Y DESECHOS DE SU PRODUCCIÓN”, código 19IR-LR-121872','Etiquetada','2022-01-03',720000,NULL,'1141','2022-01-03','2022-01-03',NULL,NULL,'2022-01-03 17:02:02.432994','2022-01-03 17:06:34.638059',804,'2022-01-03 17:06:34.639504',NULL,'~',3,39,17,0),(123,112,'Por favor incluir la siguiente glosa en la factura: DESARROLLO DE PORTAFOLIO DE POSTRES VEGETALES A BASE DE ALMENDRA Y DESECHOS DE SU PRODUCCIÓN”, código 19IR-LR-121872','Etiquetada','2022-01-03',720000,NULL,'1141','2022-01-03','2022-01-03',NULL,NULL,'2022-01-03 17:02:02.432994','2022-01-03 17:06:36.035561',805,'2022-01-03 17:06:36.038339',NULL,'~',3,39,17,0),(123,112,'Por favor incluir la siguiente glosa en la factura: DESARROLLO DE PORTAFOLIO DE POSTRES VEGETALES A BASE DE ALMENDRA Y DESECHOS DE SU PRODUCCIÓN”, código 19IR-LR-121872','Etiquetada','2022-01-03',720000,NULL,'1141','2022-01-03','2022-01-03',NULL,NULL,'2022-01-03 17:02:02.432994','2022-01-03 17:06:36.295360',806,'2022-01-03 17:06:36.297984',NULL,'~',3,39,17,0),(123,112,'Por favor incluir la siguiente glosa en la factura: DESARROLLO DE PORTAFOLIO DE POSTRES VEGETALES A BASE DE ALMENDRA Y DESECHOS DE SU PRODUCCIÓN”, código 19IR-LR-121872','Etiquetada','2022-01-03',720000,NULL,'1141','2022-01-03','2022-01-03',NULL,NULL,'2022-01-03 17:02:02.432994','2022-01-03 17:06:36.324241',807,'2022-01-03 17:06:36.325787',NULL,'~',3,39,17,0),(123,112,'Por favor incluir la siguiente glosa en la factura: DESARROLLO DE PORTAFOLIO DE POSTRES VEGETALES A BASE DE ALMENDRA Y DESECHOS DE SU PRODUCCIÓN”, código 19IR-LR-121872','Etiquetada','2022-01-03',720000,NULL,'1141','2022-01-03','2022-01-03',NULL,NULL,'2022-01-03 17:02:02.432994','2022-01-03 17:06:37.504589',808,'2022-01-03 17:06:37.507406',NULL,'~',3,39,17,0),(123,112,'Por favor incluir la siguiente glosa en la factura: DESARROLLO DE PORTAFOLIO DE POSTRES VEGETALES A BASE DE ALMENDRA Y DESECHOS DE SU PRODUCCIÓN”, código 19IR-LR-121872','Etiquetada','2022-01-03',720000,NULL,'1141','2022-01-03','2022-01-03',NULL,NULL,'2022-01-03 17:02:02.432994','2022-01-03 17:06:37.965188',809,'2022-01-03 17:06:37.968204',NULL,'~',3,39,17,0),(123,112,'Por favor incluir la siguiente glosa en la factura: DESARROLLO DE PORTAFOLIO DE POSTRES VEGETALES A BASE DE ALMENDRA Y DESECHOS DE SU PRODUCCIÓN”, código 19IR-LR-121872','Etiquetada','2022-01-03',720000,NULL,'1141','2022-01-03','2022-01-03',NULL,NULL,'2022-01-03 17:02:02.432994','2022-01-03 17:06:37.992124',810,'2022-01-03 17:06:37.993588',NULL,'~',3,39,17,0),(123,112,'Por favor incluir la siguiente glosa en la factura: DESARROLLO DE PORTAFOLIO DE POSTRES VEGETALES A BASE DE ALMENDRA Y DESECHOS DE SU PRODUCCIÓN”, código 19IR-LR-121872','Etiquetada','2022-01-03',720000,NULL,'1141','2022-01-03','2022-01-03',NULL,NULL,'2022-01-03 17:02:02.432994','2022-01-03 17:06:39.017180',811,'2022-01-03 17:06:39.022523',NULL,'~',3,39,17,0),(123,112,'Por favor incluir la siguiente glosa en la factura: DESARROLLO DE PORTAFOLIO DE POSTRES VEGETALES A BASE DE ALMENDRA Y DESECHOS DE SU PRODUCCIÓN”, código 19IR-LR-121872','Etiquetada','2022-01-03',720000,NULL,'1141','2022-01-03','2022-01-03',NULL,NULL,'2022-01-03 17:02:02.432994','2022-01-03 17:06:39.804508',812,'2022-01-03 17:06:39.808160',NULL,'~',3,39,17,0),(123,112,'Por favor incluir la siguiente glosa en la factura: DESARROLLO DE PORTAFOLIO DE POSTRES VEGETALES A BASE DE ALMENDRA Y DESECHOS DE SU PRODUCCIÓN”, código 19IR-LR-121872','Etiquetada','2022-01-03',720000,NULL,'1141','2022-01-03','2022-01-03',NULL,NULL,'2022-01-03 17:02:02.432994','2022-01-03 17:06:39.921114',813,'2022-01-03 17:06:39.925579',NULL,'~',3,39,17,0),(123,112,'Por favor incluir la siguiente glosa en la factura: DESARROLLO DE PORTAFOLIO DE POSTRES VEGETALES A BASE DE ALMENDRA Y DESECHOS DE SU PRODUCCIÓN”, código 19IR-LR-121872','Etiquetada','2022-01-03',720000,NULL,'1141','2022-01-03','2022-01-03',NULL,NULL,'2022-01-03 17:02:02.432994','2022-01-03 17:06:40.145494',814,'2022-01-03 17:06:40.148731',NULL,'~',3,39,17,0),(123,112,'Por favor incluir la siguiente glosa en la factura: DESARROLLO DE PORTAFOLIO DE POSTRES VEGETALES A BASE DE ALMENDRA Y DESECHOS DE SU PRODUCCIÓN”, código 19IR-LR-121872','Etiquetada','2022-01-03',720000,NULL,'1141','2022-01-03','2022-01-03',NULL,NULL,'2022-01-03 17:02:02.432994','2022-01-03 17:06:40.638949',815,'2022-01-03 17:06:40.641622',NULL,'~',3,39,17,0),(123,112,'Por favor incluir la siguiente glosa en la factura: DESARROLLO DE PORTAFOLIO DE POSTRES VEGETALES A BASE DE ALMENDRA Y DESECHOS DE SU PRODUCCIÓN”, código 19IR-LR-121872','Etiquetada','2022-01-03',720000,NULL,'1141','2022-01-03','2022-01-03',NULL,NULL,'2022-01-03 17:02:02.432994','2022-01-03 17:06:41.478593',816,'2022-01-03 17:06:41.483918',NULL,'~',3,39,17,0),(123,112,'Por favor incluir la siguiente glosa en la factura: DESARROLLO DE PORTAFOLIO DE POSTRES VEGETALES A BASE DE ALMENDRA Y DESECHOS DE SU PRODUCCIÓN”, código 19IR-LR-121872','Etiquetada','2022-01-03',720000,NULL,'1141','2022-01-03','2022-01-03',NULL,NULL,'2022-01-03 17:02:02.432994','2022-01-03 17:06:41.931382',817,'2022-01-03 17:06:41.935294',NULL,'~',3,39,17,0),(123,112,'Por favor incluir la siguiente glosa en la factura: DESARROLLO DE PORTAFOLIO DE POSTRES VEGETALES A BASE DE ALMENDRA Y DESECHOS DE SU PRODUCCIÓN”, código 19IR-LR-121872','Etiquetada','2022-01-03',720000,NULL,'1141','2022-01-03','2022-01-03',NULL,NULL,'2022-01-03 17:02:02.432994','2022-01-03 17:06:42.625752',818,'2022-01-03 17:06:42.629453',NULL,'~',3,39,17,0),(123,112,'Por favor incluir la siguiente glosa en la factura: DESARROLLO DE PORTAFOLIO DE POSTRES VEGETALES A BASE DE ALMENDRA Y DESECHOS DE SU PRODUCCIÓN”, código 19IR-LR-121872','Etiquetada','2022-01-03',720000,NULL,'1141','2022-01-03','2022-01-03',NULL,NULL,'2022-01-03 17:02:02.432994','2022-01-03 17:06:42.662677',819,'2022-01-03 17:06:42.665783',NULL,'~',3,39,17,0),(123,112,'Por favor incluir la siguiente glosa en la factura: DESARROLLO DE PORTAFOLIO DE POSTRES VEGETALES A BASE DE ALMENDRA Y DESECHOS DE SU PRODUCCIÓN”, código 19IR-LR-121872','Etiquetada','2022-01-03',720000,NULL,'1141','2022-01-03','2022-01-03',NULL,NULL,'2022-01-03 17:02:02.432994','2022-01-03 17:06:43.496672',820,'2022-01-03 17:06:43.500753',NULL,'~',3,39,17,0),(123,112,'Por favor incluir la siguiente glosa en la factura: DESARROLLO DE PORTAFOLIO DE POSTRES VEGETALES A BASE DE ALMENDRA Y DESECHOS DE SU PRODUCCIÓN”, código 19IR-LR-121872','Etiquetada','2022-01-03',720000,NULL,'1141','2022-01-03','2022-01-03',NULL,NULL,'2022-01-03 17:02:02.432994','2022-01-03 17:06:44.083813',821,'2022-01-03 17:06:44.086526',NULL,'~',3,39,17,0),(123,112,'Por favor incluir la siguiente glosa en la factura: DESARROLLO DE PORTAFOLIO DE POSTRES VEGETALES A BASE DE ALMENDRA Y DESECHOS DE SU PRODUCCIÓN”, código 19IR-LR-121872','Etiquetada','2022-01-03',720000,NULL,'1141','2022-01-03','2022-01-03',NULL,NULL,'2022-01-03 17:02:02.432994','2022-01-03 17:06:44.993353',822,'2022-01-03 17:06:44.997769',NULL,'~',3,39,17,0),(123,112,'Por favor incluir la siguiente glosa en la factura: DESARROLLO DE PORTAFOLIO DE POSTRES VEGETALES A BASE DE ALMENDRA Y DESECHOS DE SU PRODUCCIÓN”, código 19IR-LR-121872','Etiquetada','2022-01-03',720000,NULL,'1141','2022-01-03','2022-01-03',NULL,NULL,'2022-01-03 17:02:02.432994','2022-01-03 17:06:45.035097',823,'2022-01-03 17:06:45.040958',NULL,'~',3,39,17,0),(123,112,'Por favor incluir la siguiente glosa en la factura: DESARROLLO DE PORTAFOLIO DE POSTRES VEGETALES A BASE DE ALMENDRA Y DESECHOS DE SU PRODUCCIÓN”, código 19IR-LR-121872','Etiquetada','2022-01-03',720000,NULL,'1141','2022-01-03','2022-01-03',NULL,NULL,'2022-01-03 17:02:02.432994','2022-01-03 17:06:45.079660',824,'2022-01-03 17:06:45.081914',NULL,'~',3,39,17,0),(123,112,'Por favor incluir la siguiente glosa en la factura: DESARROLLO DE PORTAFOLIO DE POSTRES VEGETALES A BASE DE ALMENDRA Y DESECHOS DE SU PRODUCCIÓN”, código 19IR-LR-121872','Etiquetada','2022-01-03',720000,NULL,'1141','2022-01-03','2022-01-03',NULL,NULL,'2022-01-03 17:02:02.432994','2022-01-03 17:06:45.741710',825,'2022-01-03 17:06:45.749649',NULL,'~',3,39,17,0),(123,112,'Por favor incluir la siguiente glosa en la factura: DESARROLLO DE PORTAFOLIO DE POSTRES VEGETALES A BASE DE ALMENDRA Y DESECHOS DE SU PRODUCCIÓN”, código 19IR-LR-121872','Etiquetada','2022-01-03',720000,NULL,'1141','2022-01-03','2022-01-03',NULL,NULL,'2022-01-03 17:02:02.432994','2022-01-03 17:06:46.335297',826,'2022-01-03 17:06:46.338576',NULL,'~',3,39,17,0),(123,112,'Por favor incluir la siguiente glosa en la factura: DESARROLLO DE PORTAFOLIO DE POSTRES VEGETALES A BASE DE ALMENDRA Y DESECHOS DE SU PRODUCCIÓN”, código 19IR-LR-121872','Etiquetada','2022-01-03',720000,NULL,'1141','2022-01-03','2022-01-03',NULL,NULL,'2022-01-03 17:02:02.432994','2022-01-03 17:06:47.452140',827,'2022-01-03 17:06:47.457798',NULL,'~',3,39,17,0),(123,112,'Por favor incluir la siguiente glosa en la factura: DESARROLLO DE PORTAFOLIO DE POSTRES VEGETALES A BASE DE ALMENDRA Y DESECHOS DE SU PRODUCCIÓN”, código 19IR-LR-121872','Etiquetada','2022-01-03',720000,NULL,'1141','2022-01-03','2022-01-03',NULL,NULL,'2022-01-03 17:02:02.432994','2022-01-03 17:06:47.468143',828,'2022-01-03 17:06:47.474256',NULL,'~',3,39,17,0),(123,112,'Por favor incluir la siguiente glosa en la factura: DESARROLLO DE PORTAFOLIO DE POSTRES VEGETALES A BASE DE ALMENDRA Y DESECHOS DE SU PRODUCCIÓN”, código 19IR-LR-121872','Etiquetada','2022-01-03',720000,NULL,'1141','2022-01-03','2022-01-03',NULL,NULL,'2022-01-03 17:02:02.432994','2022-01-03 17:06:47.495350',829,'2022-01-03 17:06:47.497751',NULL,'~',3,39,17,0),(123,112,'Por favor incluir la siguiente glosa en la factura: DESARROLLO DE PORTAFOLIO DE POSTRES VEGETALES A BASE DE ALMENDRA Y DESECHOS DE SU PRODUCCIÓN”, código 19IR-LR-121872','Etiquetada','2022-01-03',720000,NULL,'1141','2022-01-03','2022-01-03',NULL,NULL,'2022-01-03 17:02:02.432994','2022-01-03 17:06:48.060871',830,'2022-01-03 17:06:48.065241',NULL,'~',3,39,17,0),(123,112,'Por favor incluir la siguiente glosa en la factura: DESARROLLO DE PORTAFOLIO DE POSTRES VEGETALES A BASE DE ALMENDRA Y DESECHOS DE SU PRODUCCIÓN”, código 19IR-LR-121872','Etiquetada','2022-01-03',720000,NULL,'1141','2022-01-03','2022-01-03',NULL,NULL,'2022-01-03 17:02:02.432994','2022-01-03 17:06:48.716566',831,'2022-01-03 17:06:48.722312',NULL,'~',3,39,17,0),(123,112,'Por favor incluir la siguiente glosa en la factura: DESARROLLO DE PORTAFOLIO DE POSTRES VEGETALES A BASE DE ALMENDRA Y DESECHOS DE SU PRODUCCIÓN”, código 19IR-LR-121872','Etiquetada','2022-01-03',720000,NULL,'1141','2022-01-03','2022-01-03',NULL,NULL,'2022-01-03 17:02:02.432994','2022-01-03 17:06:49.749661',832,'2022-01-03 17:06:49.756483',NULL,'~',3,39,17,0),(123,112,'Por favor incluir la siguiente glosa en la factura: DESARROLLO DE PORTAFOLIO DE POSTRES VEGETALES A BASE DE ALMENDRA Y DESECHOS DE SU PRODUCCIÓN”, código 19IR-LR-121872','Etiquetada','2022-01-03',720000,NULL,'1141','2022-01-03','2022-01-03',NULL,NULL,'2022-01-03 17:02:02.432994','2022-01-03 17:06:49.776809',833,'2022-01-03 17:06:49.784899',NULL,'~',3,39,17,0),(123,112,'Por favor incluir la siguiente glosa en la factura: DESARROLLO DE PORTAFOLIO DE POSTRES VEGETALES A BASE DE ALMENDRA Y DESECHOS DE SU PRODUCCIÓN”, código 19IR-LR-121872','Etiquetada','2022-01-03',720000,NULL,'1141','2022-01-03','2022-01-03',NULL,NULL,'2022-01-03 17:02:02.432994','2022-01-03 17:06:49.795868',834,'2022-01-03 17:06:49.800637',NULL,'~',3,39,17,0),(123,112,'Por favor incluir la siguiente glosa en la factura: DESARROLLO DE PORTAFOLIO DE POSTRES VEGETALES A BASE DE ALMENDRA Y DESECHOS DE SU PRODUCCIÓN”, código 19IR-LR-121872','Etiquetada','2022-01-03',720000,NULL,'1141','2022-01-03','2022-01-03',NULL,NULL,'2022-01-03 17:02:02.432994','2022-01-03 17:06:50.903190',835,'2022-01-03 17:06:50.909223',NULL,'~',3,39,17,0),(123,112,'Por favor incluir la siguiente glosa en la factura: DESARROLLO DE PORTAFOLIO DE POSTRES VEGETALES A BASE DE ALMENDRA Y DESECHOS DE SU PRODUCCIÓN”, código 19IR-LR-121872','Etiquetada','2022-01-03',720000,NULL,'1141','2022-01-03','2022-01-03',NULL,NULL,'2022-01-03 17:02:02.432994','2022-01-03 17:06:51.134242',836,'2022-01-03 17:06:51.140272',NULL,'~',3,39,17,0),(111,100,'Por favor incluir la siguiente glosa en la factura: DESARROLLO DE PORTAFOLIO DE POSTRES VEGETALES A BASE DE ALMENDRA Y DESECHOS DE SU PRODUCCIÓN”, código 19IR-LR-121872','Inicial','2021-12-29',589200,NULL,NULL,NULL,NULL,NULL,NULL,'2021-12-29 11:18:48.768457','2021-12-29 11:18:48.810796',837,'2022-01-04 12:23:02.253184',NULL,'-',3,42,7,0),(110,99,'Por favor incluir la siguiente glosa en la factura: DESARROLLO DE PORTAFOLIO DE POSTRES VEGETALES A BASE DE ALMENDRA Y DESECHOS DE SU PRODUCCIÓN”, código 19IR-LR-121872','Inicial','2021-12-29',626000,NULL,NULL,NULL,NULL,NULL,NULL,'2021-12-29 11:16:24.678614','2021-12-29 11:16:24.785907',838,'2022-01-04 12:23:20.030868',NULL,'-',3,42,7,0),(124,113,'Por favor incluir la siguiente glosa en la factura: DESARROLLO DE PORTAFOLIO DE POSTRES VEGETALES A BASE DE ALMENDRA Y DESECHOS DE SU PRODUCCIÓN”, código 19IR-LR-121872','Inicial','2022-01-04',0,NULL,NULL,NULL,NULL,NULL,NULL,'2022-01-04 12:24:10.005213','2022-01-04 12:24:10.005230',839,'2022-01-04 12:24:10.011681',NULL,'+',3,42,7,0),(124,113,'Por favor incluir la siguiente glosa en la factura: DESARROLLO DE PORTAFOLIO DE POSTRES VEGETALES A BASE DE ALMENDRA Y DESECHOS DE SU PRODUCCIÓN”, código 19IR-LR-121872','Inicial','2022-01-04',23000,NULL,NULL,NULL,NULL,NULL,NULL,'2022-01-04 12:24:10.005213','2022-01-04 12:24:10.176785',840,'2022-01-04 12:24:10.179215',NULL,'~',3,42,7,0),(124,113,'Por favor incluir la siguiente glosa en la factura: DESARROLLO DE PORTAFOLIO DE POSTRES VEGETALES A BASE DE ALMENDRA Y DESECHOS DE SU PRODUCCIÓN”, código 19IR-LR-121872','Inicial','2022-01-04',23000,NULL,NULL,NULL,NULL,NULL,NULL,'2022-01-04 12:24:10.005213','2022-01-04 12:24:28.153498',841,'2022-01-04 12:24:28.160679',NULL,'~',3,42,7,0),(124,113,'Por favor incluir la siguiente glosa en la factura: DESARROLLO DE PORTAFOLIO DE POSTRES VEGETALES A BASE DE ALMENDRA Y DESECHOS DE SU PRODUCCIÓN”, código 19IR-LR-121872','Validada','2022-01-04',23000,NULL,NULL,NULL,NULL,NULL,NULL,'2022-01-04 12:24:10.005213','2022-01-04 12:24:28.190347',842,'2022-01-04 12:24:28.192990',NULL,'~',3,42,7,0),(125,114,'Por favor incluir la siguiente glosa en la factura: DESARROLLO DE PORTAFOLIO DE POSTRES VEGETALES A BASE DE ALMENDRA Y DESECHOS DE SU PRODUCCIÓN”, código 19IR-LR-121872','Inicial','2022-01-04',0,NULL,NULL,NULL,NULL,NULL,NULL,'2022-01-04 12:30:45.589851','2022-01-04 12:30:45.589872',843,'2022-01-04 12:30:45.591045',NULL,'+',3,42,7,0),(125,114,'Por favor incluir la siguiente glosa en la factura: DESARROLLO DE PORTAFOLIO DE POSTRES VEGETALES A BASE DE ALMENDRA Y DESECHOS DE SU PRODUCCIÓN”, código 19IR-LR-121872','Inicial','2022-01-04',1260000,NULL,NULL,NULL,NULL,NULL,NULL,'2022-01-04 12:30:45.589851','2022-01-04 12:30:45.644893',844,'2022-01-04 12:30:45.648312',NULL,'~',3,42,7,0),(116,105,'Por favor incluir la siguiente glosa en la factura: DESARROLLO DE PORTAFOLIO DE POSTRES VEGETALES A BASE DE ALMENDRA Y DESECHOS DE SU PRODUCCIÓN”, código 19IR-LR-121872','Recepcionada','2021-12-30',146300,NULL,'2744','2022-01-04','2022-01-04',NULL,NULL,'2021-12-30 11:12:30.115031','2022-01-04 14:28:25.759490',845,'2022-01-04 14:28:25.761219',NULL,'~',3,39,36,0),(116,105,'Por favor incluir la siguiente glosa en la factura: DESARROLLO DE PORTAFOLIO DE POSTRES VEGETALES A BASE DE ALMENDRA Y DESECHOS DE SU PRODUCCIÓN”, código 19IR-LR-121872','Etiquetada','2021-12-30',146300,NULL,'2744','2022-01-04','2022-01-04',NULL,NULL,'2021-12-30 11:12:30.115031','2022-01-04 14:30:19.441623',846,'2022-01-04 14:30:19.443022',NULL,'~',3,39,36,0),(124,113,'Por favor incluir la siguiente glosa en la factura: DESARROLLO DE PORTAFOLIO DE POSTRES VEGETALES A BASE DE ALMENDRA Y DESECHOS DE SU PRODUCCIÓN”, código 19IR-LR-121872','Recepcionada','2022-01-04',23000,NULL,'4/01/22','2022-01-04','2022-01-04',NULL,NULL,'2022-01-04 12:24:10.005213','2022-01-04 14:45:08.746893',847,'2022-01-04 14:45:08.749243',NULL,'~',3,39,7,0),(124,113,'Por favor incluir la siguiente glosa en la factura: DESARROLLO DE PORTAFOLIO DE POSTRES VEGETALES A BASE DE ALMENDRA Y DESECHOS DE SU PRODUCCIÓN”, código 19IR-LR-121872','Validada','2022-01-04',23000,NULL,'4/01/22','2022-01-04','2022-01-04',NULL,NULL,'2022-01-04 12:24:10.005213','2022-01-04 14:45:29.819192',848,'2022-01-04 14:45:29.821137',NULL,'~',3,39,7,0),(124,113,'Por favor incluir la siguiente glosa en la factura: DESARROLLO DE PORTAFOLIO DE POSTRES VEGETALES A BASE DE ALMENDRA Y DESECHOS DE SU PRODUCCIÓN”, código 19IR-LR-121872','Recepcionada','2022-01-04',23000,NULL,'4/01/22','2022-01-04','2022-01-04',NULL,NULL,'2022-01-04 12:24:10.005213','2022-01-04 14:45:45.948325',849,'2022-01-04 14:45:45.950420',NULL,'~',3,39,7,0),(124,113,'Por favor incluir la siguiente glosa en la factura: DESARROLLO DE PORTAFOLIO DE POSTRES VEGETALES A BASE DE ALMENDRA Y DESECHOS DE SU PRODUCCIÓN”, código 19IR-LR-121872','Validada','2022-01-04',23000,NULL,'4/01/22','2022-01-04','2022-01-04',NULL,NULL,'2022-01-04 12:24:10.005213','2022-01-04 14:46:05.469897',850,'2022-01-04 14:46:05.472227',NULL,'~',3,39,7,0),(124,113,'Por favor incluir la siguiente glosa en la factura: DESARROLLO DE PORTAFOLIO DE POSTRES VEGETALES A BASE DE ALMENDRA Y DESECHOS DE SU PRODUCCIÓN”, código 19IR-LR-121872','Recepcionada','2022-01-04',23000,NULL,'4/01/22','2022-01-04','2022-01-04',NULL,NULL,'2022-01-04 12:24:10.005213','2022-01-04 14:46:55.208098',851,'2022-01-04 14:46:55.209761',NULL,'~',3,39,7,0),(124,113,'Por favor incluir la siguiente glosa en la factura: DESARROLLO DE PORTAFOLIO DE POSTRES VEGETALES A BASE DE ALMENDRA Y DESECHOS DE SU PRODUCCIÓN”, código 19IR-LR-121872','Etiquetada','2022-01-04',23000,NULL,'4/01/22','2022-01-04','2022-01-04',NULL,NULL,'2022-01-04 12:24:10.005213','2022-01-04 14:48:33.797754',852,'2022-01-04 14:48:33.798964',NULL,'~',3,39,7,0),(126,115,'','Inicial','2022-01-05',0,NULL,NULL,NULL,NULL,NULL,NULL,'2022-01-05 09:40:29.494322','2022-01-05 09:40:29.494338',853,'2022-01-05 09:40:29.495945',NULL,'+',3,42,27,0),(126,115,'','Inicial','2022-01-05',47890,NULL,NULL,NULL,NULL,NULL,NULL,'2022-01-05 09:40:29.494322','2022-01-05 09:40:29.537080',854,'2022-01-05 09:40:29.539239',NULL,'~',3,42,27,0),(127,116,'Por favor incluir la siguiente glosa en la factura: DESARROLLO DE PORTAFOLIO DE POSTRES VEGETALES A BASE DE ALMENDRA Y DESECHOS DE SU PRODUCCIÓN”, código 19IR-LR-121872','Inicial','2022-01-05',0,NULL,NULL,NULL,NULL,NULL,NULL,'2022-01-05 10:09:11.857895','2022-01-05 10:09:11.857911',855,'2022-01-05 10:09:11.859817',NULL,'+',3,42,27,0),(127,116,'Por favor incluir la siguiente glosa en la factura: DESARROLLO DE PORTAFOLIO DE POSTRES VEGETALES A BASE DE ALMENDRA Y DESECHOS DE SU PRODUCCIÓN”, código 19IR-LR-121872','Inicial','2022-01-05',8394,NULL,NULL,NULL,NULL,NULL,NULL,'2022-01-05 10:09:11.857895','2022-01-05 10:09:11.891861',856,'2022-01-05 10:09:11.893468',NULL,'~',3,42,27,0),(127,116,'Por favor incluir la siguiente glosa en la factura: DESARROLLO DE PORTAFOLIO DE POSTRES VEGETALES A BASE DE ALMENDRA Y DESECHOS DE SU PRODUCCIÓN”, código 19IR-LR-121872','Inicial','2022-01-05',8394,NULL,NULL,NULL,NULL,NULL,NULL,'2022-01-05 10:09:11.857895','2022-01-05 10:09:11.891861',857,'2022-01-05 10:11:25.888583',NULL,'-',3,42,27,0),(128,116,'Por favor incluir la siguiente glosa en la factura: DESARROLLO DE PORTAFOLIO DE POSTRES VEGETALES A BASE DE ALMENDRA Y DESECHOS DE SU PRODUCCIÓN”, código 19IR-LR-121872','Inicial','2022-01-05',0,NULL,NULL,NULL,NULL,NULL,NULL,'2022-01-05 10:11:48.455457','2022-01-05 10:11:48.455480',858,'2022-01-05 10:11:48.457079',NULL,'+',3,42,27,0),(128,116,'Por favor incluir la siguiente glosa en la factura: DESARROLLO DE PORTAFOLIO DE POSTRES VEGETALES A BASE DE ALMENDRA Y DESECHOS DE SU PRODUCCIÓN”, código 19IR-LR-121872','Inicial','2022-01-05',10545.8,NULL,NULL,NULL,NULL,NULL,NULL,'2022-01-05 10:11:48.455457','2022-01-05 10:11:48.500187',859,'2022-01-05 10:11:48.502063',NULL,'~',3,42,27,0),(129,117,'Por favor incluir la siguiente glosa en la factura: DESARROLLO DE PORTAFOLIO DE POSTRES VEGETALES A BASE DE ALMENDRA Y DESECHOS DE SU PRODUCCIÓN”, código 19IR-LR-121872','Inicial','2022-01-05',0,NULL,NULL,NULL,NULL,NULL,NULL,'2022-01-05 11:47:56.451959','2022-01-05 11:47:56.451980',860,'2022-01-05 11:47:56.453666',NULL,'+',3,42,38,0),(129,117,'Por favor incluir la siguiente glosa en la factura: DESARROLLO DE PORTAFOLIO DE POSTRES VEGETALES A BASE DE ALMENDRA Y DESECHOS DE SU PRODUCCIÓN”, código 19IR-LR-121872','Inicial','2022-01-05',1406000,NULL,NULL,NULL,NULL,NULL,NULL,'2022-01-05 11:47:56.451959','2022-01-05 11:47:56.532283',861,'2022-01-05 11:47:56.534255',NULL,'~',3,42,38,0),(129,117,'','Inicial','2022-01-05',1406000,NULL,NULL,NULL,NULL,NULL,NULL,'2022-01-05 11:47:56.451959','2022-01-05 11:55:49.430174',862,'2022-01-05 11:55:49.443037',NULL,'~',3,42,38,0),(129,117,'','Validada','2022-01-05',1406000,NULL,NULL,NULL,NULL,NULL,NULL,'2022-01-05 11:47:56.451959','2022-01-05 11:55:49.549122',863,'2022-01-05 11:55:49.557134',NULL,'~',3,42,38,0),(128,116,'Por favor incluir la siguiente glosa en la factura: DESARROLLO DE PORTAFOLIO DE POSTRES VEGETALES A BASE DE ALMENDRA Y DESECHOS DE SU PRODUCCIÓN”, código 19IR-LR-121872','Inicial','2022-01-05',10545.8,NULL,NULL,NULL,NULL,NULL,NULL,'2022-01-05 10:11:48.455457','2022-01-05 11:59:35.960469',864,'2022-01-05 11:59:35.962149',NULL,'~',3,42,27,0),(128,116,'Por favor incluir la siguiente glosa en la factura: DESARROLLO DE PORTAFOLIO DE POSTRES VEGETALES A BASE DE ALMENDRA Y DESECHOS DE SU PRODUCCIÓN”, código 19IR-LR-121872','Validada','2022-01-05',10545.8,NULL,NULL,NULL,NULL,NULL,NULL,'2022-01-05 10:11:48.455457','2022-01-05 11:59:35.977388',865,'2022-01-05 11:59:35.978402',NULL,'~',3,42,27,0),(126,115,'','Inicial','2022-01-05',47890,NULL,NULL,NULL,NULL,NULL,NULL,'2022-01-05 09:40:29.494322','2022-01-05 11:59:42.285412',866,'2022-01-05 11:59:42.286945',NULL,'~',3,42,27,0),(126,115,'','Validada','2022-01-05',47890,NULL,NULL,NULL,NULL,NULL,NULL,'2022-01-05 09:40:29.494322','2022-01-05 11:59:42.296332',867,'2022-01-05 11:59:42.297262',NULL,'~',3,42,27,0),(125,114,'Por favor incluir la siguiente glosa en la factura: DESARROLLO DE PORTAFOLIO DE POSTRES VEGETALES A BASE DE ALMENDRA Y DESECHOS DE SU PRODUCCIÓN”, código 19IR-LR-121872','Inicial','2022-01-04',1260000,NULL,NULL,NULL,NULL,NULL,NULL,'2022-01-04 12:30:45.589851','2022-01-05 11:59:50.807883',868,'2022-01-05 11:59:50.809144',NULL,'~',3,42,7,0),(125,114,'Por favor incluir la siguiente glosa en la factura: DESARROLLO DE PORTAFOLIO DE POSTRES VEGETALES A BASE DE ALMENDRA Y DESECHOS DE SU PRODUCCIÓN”, código 19IR-LR-121872','Validada','2022-01-04',1260000,NULL,NULL,NULL,NULL,NULL,NULL,'2022-01-04 12:30:45.589851','2022-01-05 11:59:50.823672',869,'2022-01-05 11:59:50.824533',NULL,'~',3,42,7,0),(126,115,'','Validada','2022-01-05',47890,NULL,NULL,NULL,NULL,NULL,NULL,'2022-01-05 09:40:29.494322','2022-01-05 12:00:50.635008',870,'2022-01-05 12:00:50.636262',NULL,'~',3,42,27,1),(128,116,'Por favor incluir la siguiente glosa en la factura: DESARROLLO DE PORTAFOLIO DE POSTRES VEGETALES A BASE DE ALMENDRA Y DESECHOS DE SU PRODUCCIÓN”, código 19IR-LR-121872','Validada','2022-01-05',10545.8,NULL,NULL,NULL,NULL,NULL,NULL,'2022-01-05 10:11:48.455457','2022-01-05 12:00:57.716703',871,'2022-01-05 12:00:57.718702',NULL,'~',3,42,27,1),(98,88,'Por favor incluir la siguiente glosa en la factura: DESARROLLO DE PORTAFOLIO DE POSTRES VEGETALES A BASE DE ALMENDRA Y DESECHOS DE SU PRODUCCIÓN”, código 19IR-LR-121872','Etiquetada','2021-12-24',410000,NULL,'32543','2021-12-24','2021-12-24',NULL,NULL,'2021-12-24 10:42:52.627264','2021-12-24 10:43:30.434820',872,'2022-01-05 13:28:48.728352',NULL,'-',4,39,24,0),(96,86,'Por favor incluir la siguiente glosa en la factura: DESARROLLO DE PORTAFOLIO DE POSTRES VEGETALES A BASE DE ALMENDRA Y DESECHOS DE SU PRODUCCIÓN”, código 19IR-LR-121872','Rechazada','2021-12-24',410000,NULL,'454','2021-12-24','2021-12-24',NULL,NULL,'2021-12-24 10:38:16.721323','2021-12-24 10:42:36.573887',873,'2022-01-05 13:29:19.932934',NULL,'-',4,39,24,0),(114,103,'Por favor incluir la siguiente glosa en la factura: DESARROLLO DE PORTAFOLIO DE POSTRES VEGETALES A BASE DE ALMENDRA Y DESECHOS DE SU PRODUCCIÓN”, código 19IR-LR-121872','Semi-Recepcionada','2021-12-30',211710,NULL,'0000128866','2022-01-07','2022-01-06',NULL,NULL,'2021-12-30 09:06:43.328178','2022-01-07 11:18:21.440159',874,'2022-01-07 11:18:21.444019',NULL,'~',3,39,29,0),(114,103,'Por favor incluir la siguiente glosa en la factura: DESARROLLO DE PORTAFOLIO DE POSTRES VEGETALES A BASE DE ALMENDRA Y DESECHOS DE SU PRODUCCIÓN”, código 19IR-LR-121872','Etiquetada','2021-12-30',211710,NULL,'0000128866','2022-01-07','2022-01-06',NULL,NULL,'2021-12-30 09:06:43.328178','2022-01-07 11:19:24.274523',875,'2022-01-07 11:19:24.275386',NULL,'~',3,39,29,0),(130,118,'Por favor incluir la siguiente glosa en la factura: DESARROLLO DE PORTAFOLIO DE POSTRES VEGETALES A BASE DE ALMENDRA Y DESECHOS DE SU PRODUCCIÓN”, código 19IR-LR-121872','Inicial','2022-01-07',0,NULL,NULL,NULL,NULL,NULL,NULL,'2022-01-07 14:10:59.594075','2022-01-07 14:10:59.594092',876,'2022-01-07 14:10:59.596813',NULL,'+',3,42,9,0),(130,118,'Por favor incluir la siguiente glosa en la factura: DESARROLLO DE PORTAFOLIO DE POSTRES VEGETALES A BASE DE ALMENDRA Y DESECHOS DE SU PRODUCCIÓN”, código 19IR-LR-121872','Inicial','2022-01-07',455000,NULL,NULL,NULL,NULL,NULL,NULL,'2022-01-07 14:10:59.594075','2022-01-07 14:10:59.637675',877,'2022-01-07 14:10:59.639304',NULL,'~',3,42,9,0),(130,118,'Por favor incluir la siguiente glosa en la factura: DESARROLLO DE PORTAFOLIO DE POSTRES VEGETALES A BASE DE ALMENDRA Y DESECHOS DE SU PRODUCCIÓN”, código 19IR-LR-121872','Inicial','2022-01-07',455000,NULL,NULL,NULL,NULL,NULL,NULL,'2022-01-07 14:10:59.594075','2022-01-07 14:11:29.611272',878,'2022-01-07 14:11:29.612801',NULL,'~',3,42,9,0),(130,118,'Por favor incluir la siguiente glosa en la factura: DESARROLLO DE PORTAFOLIO DE POSTRES VEGETALES A BASE DE ALMENDRA Y DESECHOS DE SU PRODUCCIÓN”, código 19IR-LR-121872','Validada','2022-01-07',584500,NULL,NULL,NULL,NULL,NULL,NULL,'2022-01-07 14:10:59.594075','2022-01-07 14:11:29.629308',879,'2022-01-07 14:11:29.630529',NULL,'~',3,42,9,0),(131,119,'Por favor incluir la siguiente glosa en la factura: DESARROLLO DE PORTAFOLIO DE POSTRES VEGETALES A BASE DE ALMENDRA Y DESECHOS DE SU PRODUCCIÓN”, código 19IR-LR-121872','Inicial','2022-01-07',0,NULL,NULL,NULL,NULL,NULL,NULL,'2022-01-07 14:16:29.221134','2022-01-07 14:16:29.221150',880,'2022-01-07 14:16:29.222439',NULL,'+',3,42,17,0),(131,119,'Por favor incluir la siguiente glosa en la factura: DESARROLLO DE PORTAFOLIO DE POSTRES VEGETALES A BASE DE ALMENDRA Y DESECHOS DE SU PRODUCCIÓN”, código 19IR-LR-121872','Inicial','2022-01-07',540000,NULL,NULL,NULL,NULL,NULL,NULL,'2022-01-07 14:16:29.221134','2022-01-07 14:16:29.261713',881,'2022-01-07 14:16:29.263258',NULL,'~',3,42,17,0),(131,119,'Por favor incluir la siguiente glosa en la factura: DESARROLLO DE PORTAFOLIO DE POSTRES VEGETALES A BASE DE ALMENDRA Y DESECHOS DE SU PRODUCCIÓN”, código 19IR-LR-121872','Inicial','2022-01-07',540000,NULL,NULL,NULL,NULL,NULL,NULL,'2022-01-07 14:16:29.221134','2022-01-07 14:16:39.680752',882,'2022-01-07 14:16:39.682128',NULL,'~',3,42,17,0),(131,119,'Por favor incluir la siguiente glosa en la factura: DESARROLLO DE PORTAFOLIO DE POSTRES VEGETALES A BASE DE ALMENDRA Y DESECHOS DE SU PRODUCCIÓN”, código 19IR-LR-121872','Validada','2022-01-07',540000,NULL,NULL,NULL,NULL,NULL,NULL,'2022-01-07 14:16:29.221134','2022-01-07 14:16:39.697463',883,'2022-01-07 14:16:39.698671',NULL,'~',3,42,17,0),(128,116,'Por favor incluir la siguiente glosa en la factura: DESARROLLO DE PORTAFOLIO DE POSTRES VEGETALES A BASE DE ALMENDRA Y DESECHOS DE SU PRODUCCIÓN”, código 19IR-LR-121872','Recepcionada','2022-01-05',10545.8,NULL,'1','2022-01-07','2022-01-06',NULL,NULL,'2022-01-05 10:11:48.455457','2022-01-07 14:21:10.675159',884,'2022-01-07 14:21:10.676788',NULL,'~',3,42,27,1),(128,116,'Por favor incluir la siguiente glosa en la factura: DESARROLLO DE PORTAFOLIO DE POSTRES VEGETALES A BASE DE ALMENDRA Y DESECHOS DE SU PRODUCCIÓN”, código 19IR-LR-121872','Etiquetada','2022-01-05',10545.8,NULL,'1','2022-01-07','2022-01-06',NULL,NULL,'2022-01-05 10:11:48.455457','2022-01-07 14:21:26.901361',885,'2022-01-07 14:21:26.902598',NULL,'~',3,42,27,1),(131,119,'Por favor incluir la siguiente glosa en la factura: DESARROLLO DE PORTAFOLIO DE POSTRES VEGETALES A BASE DE ALMENDRA Y DESECHOS DE SU PRODUCCIÓN”, código 19IR-LR-121872','Inicial','2022-01-07',540000,NULL,NULL,NULL,NULL,NULL,NULL,'2022-01-07 14:16:29.221134','2022-01-07 14:31:43.299420',886,'2022-01-07 14:31:43.301029',NULL,'~',3,42,17,0),(130,118,'Por favor incluir la siguiente glosa en la factura: DESARROLLO DE PORTAFOLIO DE POSTRES VEGETALES A BASE DE ALMENDRA Y DESECHOS DE SU PRODUCCIÓN”, código 19IR-LR-121872','Inicial','2022-01-07',584500,NULL,NULL,NULL,NULL,NULL,NULL,'2022-01-07 14:10:59.594075','2022-01-07 14:31:55.358976',887,'2022-01-07 14:31:55.360270',NULL,'~',3,42,9,0),(130,118,'Por favor incluir la siguiente glosa en la factura: DESARROLLO DE PORTAFOLIO DE POSTRES VEGETALES A BASE DE ALMENDRA Y DESECHOS DE SU PRODUCCIÓN”, código 19IR-LR-121872','Inicial','2022-01-07',584500,NULL,NULL,NULL,NULL,NULL,NULL,'2022-01-07 14:10:59.594075','2022-01-07 14:32:31.099122',888,'2022-01-07 14:32:31.100539',NULL,'~',3,42,9,0),(130,118,'Por favor incluir la siguiente glosa en la factura: DESARROLLO DE PORTAFOLIO DE POSTRES VEGETALES A BASE DE ALMENDRA Y DESECHOS DE SU PRODUCCIÓN”, código 19IR-LR-121872','Validada','2022-01-07',628400,NULL,NULL,NULL,NULL,NULL,NULL,'2022-01-07 14:10:59.594075','2022-01-07 14:32:31.128218',889,'2022-01-07 14:32:31.129685',NULL,'~',3,42,9,0),(132,120,'Por favor incluir la siguiente glosa en la factura: DESARROLLO DE PORTAFOLIO DE POSTRES VEGETALES A BASE DE ALMENDRA Y DESECHOS DE SU PRODUCCIÓN”, código 19IR-LR-121872','Inicial','2022-01-07',0,NULL,NULL,NULL,NULL,NULL,NULL,'2022-01-07 14:38:11.874306','2022-01-07 14:38:11.874324',890,'2022-01-07 14:38:11.876718',NULL,'+',3,42,29,0),(132,120,'Por favor incluir la siguiente glosa en la factura: DESARROLLO DE PORTAFOLIO DE POSTRES VEGETALES A BASE DE ALMENDRA Y DESECHOS DE SU PRODUCCIÓN”, código 19IR-LR-121872','Inicial','2022-01-07',64500,NULL,NULL,NULL,NULL,NULL,NULL,'2022-01-07 14:38:11.874306','2022-01-07 14:38:11.916133',891,'2022-01-07 14:38:11.917449',NULL,'~',3,42,29,0),(132,120,'Por favor incluir la siguiente glosa en la factura: DESARROLLO DE PORTAFOLIO DE POSTRES VEGETALES A BASE DE ALMENDRA Y DESECHOS DE SU PRODUCCIÓN”, código 19IR-LR-121872','Inicial','2022-01-07',64500,NULL,NULL,NULL,NULL,NULL,NULL,'2022-01-07 14:38:11.874306','2022-01-07 14:40:02.188862',892,'2022-01-07 14:40:02.190763',NULL,'~',3,42,29,0),(132,120,'Por favor incluir la siguiente glosa en la factura: DESARROLLO DE PORTAFOLIO DE POSTRES VEGETALES A BASE DE ALMENDRA Y DESECHOS DE SU PRODUCCIÓN”, código 19IR-LR-121872','Validada','2022-01-07',64500,NULL,NULL,NULL,NULL,NULL,NULL,'2022-01-07 14:38:11.874306','2022-01-07 14:40:02.211183',893,'2022-01-07 14:40:02.212408',NULL,'~',3,42,29,0),(131,119,'Por favor incluir la siguiente glosa en la factura: DESARROLLO DE PORTAFOLIO DE POSTRES VEGETALES A BASE DE ALMENDRA Y DESECHOS DE SU PRODUCCIÓN”, código 19IR-LR-121872','Inicial','2022-01-07',540000,NULL,NULL,NULL,NULL,NULL,NULL,'2022-01-07 14:16:29.221134','2022-01-07 14:54:08.528686',894,'2022-01-07 14:54:08.530030',NULL,'~',3,42,17,0),(131,119,'Por favor incluir la siguiente glosa en la factura: DESARROLLO DE PORTAFOLIO DE POSTRES VEGETALES A BASE DE ALMENDRA Y DESECHOS DE SU PRODUCCIÓN”, código 19IR-LR-121872','Validada','2022-01-07',540000,NULL,NULL,NULL,NULL,NULL,NULL,'2022-01-07 14:16:29.221134','2022-01-07 14:54:08.545268',895,'2022-01-07 14:54:08.546305',NULL,'~',3,42,17,0),(133,121,'Fabricar mesón de 2000x600x900 de alto en acero inox 304L $ 552.460 $ 552.460\r\nMateriales a emplear\r\n1 Plancha de 1000x2100x1,5 inox 304L\r\n1 Corte y plegado\r\n6 Metros de tubería de 38 mm inox 304L\r\n4 Ruedas de acero inox con frenos','Inicial','2022-01-07',0,NULL,NULL,NULL,NULL,NULL,NULL,'2022-01-07 15:07:22.878087','2022-01-07 15:07:22.878104',896,'2022-01-07 15:07:22.879092',NULL,'+',2,47,39,0),(133,121,'Fabricar mesón de 2000x600x900 de alto en acero inox 304L $ 552.460 $ 552.460\r\nMateriales a emplear\r\n1 Plancha de 1000x2100x1,5 inox 304L\r\n1 Corte y plegado\r\n6 Metros de tubería de 38 mm inox 304L\r\n4 Ruedas de acero inox con frenos','Inicial','2022-01-07',590000,NULL,NULL,NULL,NULL,NULL,NULL,'2022-01-07 15:07:22.878087','2022-01-07 15:07:22.922038',897,'2022-01-07 15:07:22.923652',NULL,'~',2,47,39,0),(134,122,'LECHE DE CABRA FLUIDA','Inicial','2022-01-07',0,NULL,NULL,NULL,NULL,NULL,NULL,'2022-01-07 16:23:22.494244','2022-01-07 16:23:22.494262',898,'2022-01-07 16:23:22.495523',NULL,'+',2,47,40,0),(134,122,'LECHE DE CABRA FLUIDA','Inicial','2022-01-07',0,NULL,NULL,NULL,NULL,NULL,NULL,'2022-01-07 16:23:22.494244','2022-01-07 16:23:22.529663',899,'2022-01-07 16:23:22.531204',NULL,'~',2,47,40,0),(135,123,'LECHE DE CABRA FLUIDA','Inicial','2022-01-07',0,NULL,NULL,NULL,NULL,NULL,NULL,'2022-01-07 16:24:12.838370','2022-01-07 16:24:12.838393',900,'2022-01-07 16:24:12.839821',NULL,'+',2,47,40,0),(135,123,'LECHE DE CABRA FLUIDA','Inicial','2022-01-07',1800000,NULL,NULL,NULL,NULL,NULL,NULL,'2022-01-07 16:24:12.838370','2022-01-07 16:24:12.881270',901,'2022-01-07 16:24:12.883270',NULL,'~',2,47,40,0),(133,121,'Fabricar mesón de 2000x600x900 de alto en acero inox 304L $ 552.460 $ 552.460\r\nMateriales a emplear\r\n1 Plancha de 1000x2100x1,5 inox 304L\r\n1 Corte y plegado\r\n6 Metros de tubería de 38 mm inox 304L\r\n4 Ruedas de acero inox con frenos','Inicial','2022-01-07',590000,NULL,NULL,NULL,NULL,NULL,NULL,'2022-01-07 15:07:22.878087','2022-01-07 17:14:29.485400',902,'2022-01-07 17:14:29.486988',NULL,'~',2,42,39,0),(133,121,'Fabricar mesón de 2000x600x900 de alto en acero inox 304L $ 552.460 $ 552.460\r\nMateriales a emplear\r\n1 Plancha de 1000x2100x1,5 inox 304L\r\n1 Corte y plegado\r\n6 Metros de tubería de 38 mm inox 304L\r\n4 Ruedas de acero inox con frenos','Validada','2022-01-07',590000,NULL,NULL,NULL,NULL,NULL,NULL,'2022-01-07 15:07:22.878087','2022-01-07 17:14:29.495821',903,'2022-01-07 17:14:29.496993',NULL,'~',2,42,39,0),(134,122,'LECHE DE CABRA FLUIDA','Inicial','2022-01-07',0,NULL,NULL,NULL,NULL,NULL,NULL,'2022-01-07 16:23:22.494244','2022-01-07 16:23:22.529663',904,'2022-01-07 17:15:57.868277',NULL,'-',2,47,40,0),(135,123,'LECHE DE CABRA FLUIDA','Inicial','2022-01-07',1800000,NULL,NULL,NULL,NULL,NULL,NULL,'2022-01-07 16:24:12.838370','2022-01-07 17:16:17.087539',905,'2022-01-07 17:16:17.088952',NULL,'~',2,42,40,0),(135,123,'LECHE DE CABRA FLUIDA','Validada','2022-01-07',1800000,NULL,NULL,NULL,NULL,NULL,NULL,'2022-01-07 16:24:12.838370','2022-01-07 17:16:17.100877',906,'2022-01-07 17:16:17.102451',NULL,'~',2,42,40,0),(136,124,'Por favor incluir la siguiente glosa en la factura: DESARROLLO DE PORTAFOLIO DE POSTRES VEGETALES A BASE DE ALMENDRA Y DESECHOS DE SU PRODUCCIÓN”, código 19IR-LR-121872','Inicial','2022-01-07',0,NULL,NULL,NULL,NULL,NULL,NULL,'2022-01-07 17:39:28.774101','2022-01-07 17:39:28.774118',907,'2022-01-07 17:39:28.775347',NULL,'+',3,42,22,0),(136,124,'Por favor incluir la siguiente glosa en la factura: DESARROLLO DE PORTAFOLIO DE POSTRES VEGETALES A BASE DE ALMENDRA Y DESECHOS DE SU PRODUCCIÓN”, código 19IR-LR-121872','Inicial','2022-01-07',179000,NULL,NULL,NULL,NULL,NULL,NULL,'2022-01-07 17:39:28.774101','2022-01-07 17:39:28.817596',908,'2022-01-07 17:39:28.819287',NULL,'~',3,42,22,0),(137,125,'Por favor incluir la siguiente glosa en la factura: DESARROLLO DE PORTAFOLIO DE POSTRES VEGETALES A BASE DE ALMENDRA Y DESECHOS DE SU PRODUCCIÓN”, código 19IR-LR-121872','Inicial','2022-01-07',0,NULL,NULL,NULL,NULL,NULL,NULL,'2022-01-07 17:41:05.545103','2022-01-07 17:41:05.545120',909,'2022-01-07 17:41:05.546453',NULL,'+',3,42,21,0),(137,125,'Por favor incluir la siguiente glosa en la factura: DESARROLLO DE PORTAFOLIO DE POSTRES VEGETALES A BASE DE ALMENDRA Y DESECHOS DE SU PRODUCCIÓN”, código 19IR-LR-121872','Inicial','2022-01-07',571877.2,NULL,NULL,NULL,NULL,NULL,NULL,'2022-01-07 17:41:05.545103','2022-01-07 17:41:05.584871',910,'2022-01-07 17:41:05.586417',NULL,'~',3,42,21,0),(136,124,'Por favor incluir la siguiente glosa en la factura: DESARROLLO DE PORTAFOLIO DE POSTRES VEGETALES A BASE DE ALMENDRA Y DESECHOS DE SU PRODUCCIÓN”, código 19IR-LR-121872','Inicial','2022-01-07',179000,NULL,NULL,NULL,NULL,NULL,NULL,'2022-01-07 17:39:28.774101','2022-01-07 17:53:29.599395',911,'2022-01-07 17:53:29.601267',NULL,'~',3,42,22,0),(136,124,'Por favor incluir la siguiente glosa en la factura: DESARROLLO DE PORTAFOLIO DE POSTRES VEGETALES A BASE DE ALMENDRA Y DESECHOS DE SU PRODUCCIÓN”, código 19IR-LR-121872','Validada','2022-01-07',179000,NULL,NULL,NULL,NULL,NULL,NULL,'2022-01-07 17:39:28.774101','2022-01-07 17:53:29.627718',912,'2022-01-07 17:53:29.629001',NULL,'~',3,42,22,0),(137,125,'Por favor incluir la siguiente glosa en la factura: DESARROLLO DE PORTAFOLIO DE POSTRES VEGETALES A BASE DE ALMENDRA Y DESECHOS DE SU PRODUCCIÓN”, código 19IR-LR-121872','Rechazada','2022-01-07',571877.2,NULL,NULL,NULL,NULL,NULL,NULL,'2022-01-07 17:41:05.545103','2022-01-07 17:54:47.195122',913,'2022-01-07 17:54:47.196083',NULL,'~',3,42,21,0),(138,126,'Por favor incluir la siguiente glosa en la factura: DESARROLLO DE PORTAFOLIO DE POSTRES VEGETALES A BASE DE ALMENDRA Y DESECHOS DE SU PRODUCCIÓN”, código 19IR-LR-121872','Inicial','2022-01-07',0,NULL,NULL,NULL,NULL,NULL,NULL,'2022-01-07 18:09:12.898460','2022-01-07 18:09:12.898482',914,'2022-01-07 18:09:12.899800',NULL,'+',3,42,21,0),(138,126,'Por favor incluir la siguiente glosa en la factura: DESARROLLO DE PORTAFOLIO DE POSTRES VEGETALES A BASE DE ALMENDRA Y DESECHOS DE SU PRODUCCIÓN”, código 19IR-LR-121872','Inicial','2022-01-07',630329.5,NULL,NULL,NULL,NULL,NULL,NULL,'2022-01-07 18:09:12.898460','2022-01-07 18:09:12.941552',915,'2022-01-07 18:09:12.943181',NULL,'~',3,42,21,0),(138,126,'Por favor incluir la siguiente glosa en la factura: DESARROLLO DE PORTAFOLIO DE POSTRES VEGETALES A BASE DE ALMENDRA Y DESECHOS DE SU PRODUCCIÓN”, código 19IR-LR-121872','Inicial','2022-01-07',630329.5,NULL,NULL,NULL,NULL,NULL,NULL,'2022-01-07 18:09:12.898460','2022-01-07 18:09:20.638934',916,'2022-01-07 18:09:20.640651',NULL,'~',3,42,21,0),(138,126,'Por favor incluir la siguiente glosa en la factura: DESARROLLO DE PORTAFOLIO DE POSTRES VEGETALES A BASE DE ALMENDRA Y DESECHOS DE SU PRODUCCIÓN”, código 19IR-LR-121872','Validada','2022-01-07',630329.5,NULL,NULL,NULL,NULL,NULL,NULL,'2022-01-07 18:09:12.898460','2022-01-07 18:09:20.687620',917,'2022-01-07 18:09:20.689164',NULL,'~',3,42,21,0),(132,120,'Por favor incluir la siguiente glosa en la factura: DESARROLLO DE PORTAFOLIO DE POSTRES VEGETALES A BASE DE ALMENDRA Y DESECHOS DE SU PRODUCCIÓN”, código 19IR-LR-121872','Inicial','2022-01-07',64500,NULL,NULL,NULL,NULL,NULL,NULL,'2022-01-07 14:38:11.874306','2022-01-07 18:12:45.325168',918,'2022-01-07 18:12:45.326776',NULL,'~',3,42,29,0),(132,120,'Por favor incluir la siguiente glosa en la factura: DESARROLLO DE PORTAFOLIO DE POSTRES VEGETALES A BASE DE ALMENDRA Y DESECHOS DE SU PRODUCCIÓN”, código 19IR-LR-121872','Rechazada','2022-01-07',64500,NULL,NULL,NULL,NULL,NULL,NULL,'2022-01-07 14:38:11.874306','2022-01-07 18:13:39.308319',919,'2022-01-07 18:13:39.309215',NULL,'~',3,42,29,0),(132,120,'Por favor incluir la siguiente glosa en la factura: DESARROLLO DE PORTAFOLIO DE POSTRES VEGETALES A BASE DE ALMENDRA Y DESECHOS DE SU PRODUCCIÓN”, código 19IR-LR-121872','Inicial','2022-01-07',64500,NULL,NULL,NULL,NULL,NULL,NULL,'2022-01-07 14:38:11.874306','2022-01-07 18:20:54.194686',920,'2022-01-07 18:20:54.195989',NULL,'~',3,42,29,0),(132,120,'Por favor incluir la siguiente glosa en la factura: DESARROLLO DE PORTAFOLIO DE POSTRES VEGETALES A BASE DE ALMENDRA Y DESECHOS DE SU PRODUCCIÓN”, código 19IR-LR-121872','Rechazada','2022-01-07',64500,NULL,NULL,NULL,NULL,NULL,NULL,'2022-01-07 14:38:11.874306','2022-01-07 18:21:23.496041',921,'2022-01-07 18:21:23.497342',NULL,'~',3,42,29,0),(139,127,'Por favor incluir la siguiente glosa en la factura: DESARROLLO DE PORTAFOLIO DE POSTRES VEGETALES A BASE DE ALMENDRA Y DESECHOS DE SU PRODUCCIÓN”, código 19IR-LR-121872','Inicial','2022-01-07',0,NULL,NULL,NULL,NULL,NULL,NULL,'2022-01-07 18:22:04.203880','2022-01-07 18:22:04.203901',922,'2022-01-07 18:22:04.207262',NULL,'+',3,42,29,0),(139,127,'Por favor incluir la siguiente glosa en la factura: DESARROLLO DE PORTAFOLIO DE POSTRES VEGETALES A BASE DE ALMENDRA Y DESECHOS DE SU PRODUCCIÓN”, código 19IR-LR-121872','Inicial','2022-01-07',73612,NULL,NULL,NULL,NULL,NULL,NULL,'2022-01-07 18:22:04.203880','2022-01-07 18:22:04.251452',923,'2022-01-07 18:22:04.253343',NULL,'~',3,42,29,0),(139,127,'Por favor incluir la siguiente glosa en la factura: DESARROLLO DE PORTAFOLIO DE POSTRES VEGETALES A BASE DE ALMENDRA Y DESECHOS DE SU PRODUCCIÓN”, código 19IR-LR-121872','Inicial','2022-01-07',73612,NULL,NULL,NULL,NULL,NULL,NULL,'2022-01-07 18:22:04.203880','2022-01-07 18:22:11.700968',924,'2022-01-07 18:22:11.703412',NULL,'~',3,42,29,0),(139,127,'Por favor incluir la siguiente glosa en la factura: DESARROLLO DE PORTAFOLIO DE POSTRES VEGETALES A BASE DE ALMENDRA Y DESECHOS DE SU PRODUCCIÓN”, código 19IR-LR-121872','Validada','2022-01-07',73612,NULL,NULL,NULL,NULL,NULL,NULL,'2022-01-07 18:22:04.203880','2022-01-07 18:22:11.724844',925,'2022-01-07 18:22:11.726215',NULL,'~',3,42,29,0),(140,128,'Por favor incluir la siguiente glosa en la factura: DESARROLLO DE PORTAFOLIO DE POSTRES VEGETALES A BASE DE ALMENDRA Y DESECHOS DE SU PRODUCCIÓN”, código 19IR-LR-121872','Inicial','2022-01-10',0,NULL,NULL,NULL,NULL,NULL,NULL,'2022-01-10 13:28:04.897907','2022-01-10 13:28:04.897927',926,'2022-01-10 13:28:04.900481',NULL,'+',3,42,6,0),(140,128,'Por favor incluir la siguiente glosa en la factura: DESARROLLO DE PORTAFOLIO DE POSTRES VEGETALES A BASE DE ALMENDRA Y DESECHOS DE SU PRODUCCIÓN”, código 19IR-LR-121872','Inicial','2022-01-10',1805100,NULL,NULL,NULL,NULL,NULL,NULL,'2022-01-10 13:28:04.897907','2022-01-10 13:28:04.954488',927,'2022-01-10 13:28:04.956465',NULL,'~',3,42,6,0),(140,128,'Por favor incluir la siguiente glosa en la factura: DESARROLLO DE PORTAFOLIO DE POSTRES VEGETALES A BASE DE ALMENDRA Y DESECHOS DE SU PRODUCCIÓN”, código 19IR-LR-121872','Inicial','2022-01-10',1805100,NULL,NULL,NULL,NULL,NULL,NULL,'2022-01-10 13:28:04.897907','2022-01-10 13:28:15.023183',928,'2022-01-10 13:28:15.024882',NULL,'~',3,42,6,0),(140,128,'Por favor incluir la siguiente glosa en la factura: DESARROLLO DE PORTAFOLIO DE POSTRES VEGETALES A BASE DE ALMENDRA Y DESECHOS DE SU PRODUCCIÓN”, código 19IR-LR-121872','Validada','2022-01-10',1805100,NULL,NULL,NULL,NULL,NULL,NULL,'2022-01-10 13:28:04.897907','2022-01-10 13:28:15.036893',929,'2022-01-10 13:28:15.038342',NULL,'~',3,42,6,0),(141,129,'Por favor incluir la siguiente glosa en la factura: DESARROLLO DE PORTAFOLIO DE POSTRES VEGETALES A BASE DE ALMENDRA Y DESECHOS DE SU PRODUCCIÓN”, código 19IR-LR-121872\r\n\r\n1 kilo equivale a 746 unidades','Inicial','2022-01-10',0,NULL,NULL,NULL,NULL,NULL,NULL,'2022-01-10 15:55:56.432272','2022-01-10 15:55:56.432290',930,'2022-01-10 15:55:56.437705',NULL,'+',3,42,16,0),(141,129,'Por favor incluir la siguiente glosa en la factura: DESARROLLO DE PORTAFOLIO DE POSTRES VEGETALES A BASE DE ALMENDRA Y DESECHOS DE SU PRODUCCIÓN”, código 19IR-LR-121872\r\n\r\n1 kilo equivale a 746 unidades','Inicial','2022-01-10',1451716,NULL,NULL,NULL,NULL,NULL,NULL,'2022-01-10 15:55:56.432272','2022-01-10 15:55:56.786762',931,'2022-01-10 15:55:56.794711',NULL,'~',3,42,16,0),(141,129,'Por favor incluir la siguiente glosa en la factura: DESARROLLO DE PORTAFOLIO DE POSTRES VEGETALES A BASE DE ALMENDRA Y DESECHOS DE SU PRODUCCIÓN”, código 19IR-LR-121872','Inicial','2022-01-10',1451716,NULL,NULL,NULL,NULL,NULL,NULL,'2022-01-10 15:55:56.432272','2022-01-10 15:56:41.981795',932,'2022-01-10 15:56:41.983365',NULL,'~',3,42,16,0),(141,129,'Por favor incluir la siguiente glosa en la factura: DESARROLLO DE PORTAFOLIO DE POSTRES VEGETALES A BASE DE ALMENDRA Y DESECHOS DE SU PRODUCCIÓN”, código 19IR-LR-121872','Validada','2022-01-10',1451716,NULL,NULL,NULL,NULL,NULL,NULL,'2022-01-10 15:55:56.432272','2022-01-10 15:56:42.000744',933,'2022-01-10 15:56:42.008509',NULL,'~',3,42,16,0),(23,16,'Por favor incluir la siguiente glosa en la factura: DESARROLLO DE PORTAFOLIO DE POSTRES VEGETALES A BASE DE ALMENDRA Y DESECHOS DE SU PRODUCCIÓN”, código 19IR-LR-121872','Inicial','2021-11-18',1451800,NULL,NULL,NULL,NULL,NULL,NULL,'2021-11-18 15:34:58.870240','2021-11-18 15:34:59.902476',934,'2022-01-10 16:06:57.689999',NULL,'-',3,42,16,0),(121,110,'Por favor incluir la siguiente glosa en la factura: DESARROLLO DE PORTAFOLIO DE POSTRES VEGETALES A BASE DE ALMENDRA Y DESECHOS DE SU PRODUCCIÓN”, código 19IR-LR-121872','Inicial','2021-12-31',900000,NULL,NULL,NULL,NULL,NULL,NULL,'2021-12-31 11:11:52.463008','2022-01-11 09:57:35.342822',935,'2022-01-11 09:57:35.379754',NULL,'~',3,42,22,0),(121,110,'Por favor incluir la siguiente glosa en la factura: DESARROLLO DE PORTAFOLIO DE POSTRES VEGETALES A BASE DE ALMENDRA Y DESECHOS DE SU PRODUCCIÓN”, código 19IR-LR-121872','Validada','2021-12-31',900000,NULL,NULL,NULL,NULL,NULL,NULL,'2021-12-31 11:11:52.463008','2022-01-11 09:57:35.608749',936,'2022-01-11 09:57:35.610586',NULL,'~',3,42,22,0),(130,118,'Por favor incluir la siguiente glosa en la factura: DESARROLLO DE PORTAFOLIO DE POSTRES VEGETALES A BASE DE ALMENDRA Y DESECHOS DE SU PRODUCCIÓN”, código 19IR-LR-121872','Recepcionada','2022-01-07',628400,NULL,'48987','2022-01-11','2022-01-11',NULL,NULL,'2022-01-07 14:10:59.594075','2022-01-11 10:27:04.947829',937,'2022-01-11 10:27:04.949674',NULL,'~',3,39,9,0),(130,118,'Por favor incluir la siguiente glosa en la factura: DESARROLLO DE PORTAFOLIO DE POSTRES VEGETALES A BASE DE ALMENDRA Y DESECHOS DE SU PRODUCCIÓN”, código 19IR-LR-121872','Etiquetada','2022-01-07',628400,NULL,'48987','2022-01-11','2022-01-11',NULL,NULL,'2022-01-07 14:10:59.594075','2022-01-11 10:33:03.463233',938,'2022-01-11 10:33:03.483124',NULL,'~',3,39,9,0),(37,30,'Por favor incluir la siguiente glosa en la factura: DESARROLLO DE PORTAFOLIO DE POSTRES VEGETALES A BASE DE ALMENDRA Y DESECHOS DE SU PRODUCCIÓN”, código 19IR-LR-121872','Semi-Recepcionada','2021-12-01',280000,NULL,'1193','2022-01-11','2022-01-10',NULL,NULL,'2021-12-01 14:29:38.298946','2022-01-11 10:50:00.377908',939,'2022-01-11 10:50:00.379603',NULL,'~',3,39,24,0),(37,30,'Por favor incluir la siguiente glosa en la factura: DESARROLLO DE PORTAFOLIO DE POSTRES VEGETALES A BASE DE ALMENDRA Y DESECHOS DE SU PRODUCCIÓN”, código 19IR-LR-121872','Etiquetada','2021-12-01',280000,NULL,'1193','2022-01-11','2022-01-10',NULL,NULL,'2021-12-01 14:29:38.298946','2022-01-11 10:50:16.382134',940,'2022-01-11 10:50:16.383330',NULL,'~',3,39,24,0),(142,130,'Por favor incluir la siguiente glosa en la factura: DESARROLLO DE PORTAFOLIO DE POSTRES VEGETALES A BASE DE ALMENDRA Y DESECHOS DE SU PRODUCCIÓN”, código 19IR-LR-121872','Inicial','2022-01-11',0,NULL,NULL,NULL,NULL,NULL,NULL,'2022-01-11 11:28:49.015910','2022-01-11 11:28:49.015928',941,'2022-01-11 11:28:49.016930',NULL,'+',3,42,9,0),(142,130,'Por favor incluir la siguiente glosa en la factura: DESARROLLO DE PORTAFOLIO DE POSTRES VEGETALES A BASE DE ALMENDRA Y DESECHOS DE SU PRODUCCIÓN”, código 19IR-LR-121872','Inicial','2022-01-11',331350,NULL,NULL,NULL,NULL,NULL,NULL,'2022-01-11 11:28:49.015910','2022-01-11 11:28:49.057576',942,'2022-01-11 11:28:49.059427',NULL,'~',3,42,9,0),(142,130,'Por favor incluir la siguiente glosa en la factura: DESARROLLO DE PORTAFOLIO DE POSTRES VEGETALES A BASE DE ALMENDRA Y DESECHOS DE SU PRODUCCIÓN”, código 19IR-LR-121872','Inicial','2022-01-11',331350,NULL,NULL,NULL,NULL,NULL,NULL,'2022-01-11 11:28:49.015910','2022-01-11 11:33:25.868808',943,'2022-01-11 11:33:25.870537',NULL,'~',3,42,9,0),(142,130,'Por favor incluir la siguiente glosa en la factura: DESARROLLO DE PORTAFOLIO DE POSTRES VEGETALES A BASE DE ALMENDRA Y DESECHOS DE SU PRODUCCIÓN”, código 19IR-LR-121872','Validada','2022-01-11',331350,NULL,NULL,NULL,NULL,NULL,NULL,'2022-01-11 11:28:49.015910','2022-01-11 11:33:25.886214',944,'2022-01-11 11:33:25.887362',NULL,'~',3,42,9,0),(142,130,'Por favor incluir la siguiente glosa en la factura: DESARROLLO DE PORTAFOLIO DE POSTRES VEGETALES A BASE DE ALMENDRA Y DESECHOS DE SU PRODUCCIÓN”, código 19IR-LR-121872','Recepcionada','2022-01-11',331350,NULL,'333','2022-01-11','2022-01-11',NULL,NULL,'2022-01-11 11:28:49.015910','2022-01-11 11:37:37.827472',945,'2022-01-11 11:37:37.829217',NULL,'~',3,42,9,0),(142,130,'Por favor incluir la siguiente glosa en la factura: DESARROLLO DE PORTAFOLIO DE POSTRES VEGETALES A BASE DE ALMENDRA Y DESECHOS DE SU PRODUCCIÓN”, código 19IR-LR-121872','Etiquetada','2022-01-11',331350,NULL,'333','2022-01-11','2022-01-11',NULL,NULL,'2022-01-11 11:28:49.015910','2022-01-11 11:45:40.356417',946,'2022-01-11 11:45:40.357206',NULL,'~',3,42,9,0),(142,130,'Por favor incluir la siguiente glosa en la factura: DESARROLLO DE PORTAFOLIO DE POSTRES VEGETALES A BASE DE ALMENDRA Y DESECHOS DE SU PRODUCCIÓN”, código 19IR-LR-121872','Etiquetada','2022-01-11',331350,NULL,'333','2022-01-11','2022-01-11',NULL,NULL,'2022-01-11 11:28:49.015910','2022-01-11 11:45:40.356417',947,'2022-01-11 11:50:19.417706',NULL,'-',3,42,9,0),(125,114,'Por favor incluir la siguiente glosa en la factura: DESARROLLO DE PORTAFOLIO DE POSTRES VEGETALES A BASE DE ALMENDRA Y DESECHOS DE SU PRODUCCIÓN”, código 19IR-LR-121872','Recepcionada','2022-01-04',1260000,NULL,'9331','2022-01-11','2022-01-11',NULL,NULL,'2022-01-04 12:30:45.589851','2022-01-11 15:17:58.358054',948,'2022-01-11 15:17:58.360863',NULL,'~',3,39,7,0),(125,114,'Por favor incluir la siguiente glosa en la factura: DESARROLLO DE PORTAFOLIO DE POSTRES VEGETALES A BASE DE ALMENDRA Y DESECHOS DE SU PRODUCCIÓN”, código 19IR-LR-121872','Validada','2022-01-04',1260000,NULL,'9331','2022-01-11','2022-01-11',NULL,NULL,'2022-01-04 12:30:45.589851','2022-01-11 15:19:27.489266',949,'2022-01-11 15:19:27.490572',NULL,'~',3,39,7,0),(125,114,'Por favor incluir la siguiente glosa en la factura: DESARROLLO DE PORTAFOLIO DE POSTRES VEGETALES A BASE DE ALMENDRA Y DESECHOS DE SU PRODUCCIÓN”, código 19IR-LR-121872','Recepcionada','2022-01-04',1260000,NULL,'9331','2022-01-11','2022-01-11',NULL,NULL,'2022-01-04 12:30:45.589851','2022-01-11 15:19:52.753018',950,'2022-01-11 15:19:52.757595',NULL,'~',3,39,7,0),(125,114,'Por favor incluir la siguiente glosa en la factura: DESARROLLO DE PORTAFOLIO DE POSTRES VEGETALES A BASE DE ALMENDRA Y DESECHOS DE SU PRODUCCIÓN”, código 19IR-LR-121872','Validada','2022-01-04',1260000,NULL,'9331','2022-01-11','2022-01-11',NULL,NULL,'2022-01-04 12:30:45.589851','2022-01-11 15:20:43.492549',951,'2022-01-11 15:20:43.494718',NULL,'~',3,39,7,0),(125,114,'Por favor incluir la siguiente glosa en la factura: DESARROLLO DE PORTAFOLIO DE POSTRES VEGETALES A BASE DE ALMENDRA Y DESECHOS DE SU PRODUCCIÓN”, código 19IR-LR-121872','Recepcionada','2022-01-04',1252000,NULL,'9331','2022-01-11','2022-01-11',NULL,NULL,'2022-01-04 12:30:45.589851','2022-01-11 15:21:19.012653',952,'2022-01-11 15:21:19.014469',NULL,'~',3,39,7,0),(125,114,'Por favor incluir la siguiente glosa en la factura: DESARROLLO DE PORTAFOLIO DE POSTRES VEGETALES A BASE DE ALMENDRA Y DESECHOS DE SU PRODUCCIÓN”, código 19IR-LR-121872','Etiquetada','2022-01-04',1252000,NULL,'9331','2022-01-11','2022-01-11',NULL,NULL,'2022-01-04 12:30:45.589851','2022-01-11 15:23:38.144972',953,'2022-01-11 15:23:38.146016',NULL,'~',3,39,7,0),(125,114,'Por favor incluir la siguiente glosa en la factura: DESARROLLO DE PORTAFOLIO DE POSTRES VEGETALES A BASE DE ALMENDRA Y DESECHOS DE SU PRODUCCIÓN”, código 19IR-LR-121872','Etiquetada','2022-01-04',1252000,NULL,'9331','2022-01-11','2022-01-11',NULL,NULL,'2022-01-04 12:30:45.589851','2022-01-11 15:23:47.741657',954,'2022-01-11 15:23:47.742674',NULL,'~',3,39,7,0),(125,114,'Por favor incluir la siguiente glosa en la factura: DESARROLLO DE PORTAFOLIO DE POSTRES VEGETALES A BASE DE ALMENDRA Y DESECHOS DE SU PRODUCCIÓN”, código 19IR-LR-121872','Etiquetada','2022-01-04',1252000,NULL,'9331','2022-01-11','2022-01-11',NULL,NULL,'2022-01-04 12:30:45.589851','2022-01-11 15:24:18.336491',955,'2022-01-11 15:24:18.337276',NULL,'~',3,39,7,0),(125,114,'Por favor incluir la siguiente glosa en la factura: DESARROLLO DE PORTAFOLIO DE POSTRES VEGETALES A BASE DE ALMENDRA Y DESECHOS DE SU PRODUCCIÓN”, código 19IR-LR-121872','Etiquetada','2022-01-04',1252000,NULL,'9331','2022-01-11','2022-01-11',NULL,NULL,'2022-01-04 12:30:45.589851','2022-01-11 15:24:30.352426',956,'2022-01-11 15:24:30.353232',NULL,'~',3,39,7,0),(125,114,'Por favor incluir la siguiente glosa en la factura: DESARROLLO DE PORTAFOLIO DE POSTRES VEGETALES A BASE DE ALMENDRA Y DESECHOS DE SU PRODUCCIÓN”, código 19IR-LR-121872','Etiquetada','2022-01-04',1252000,NULL,'9331','2022-01-11','2022-01-11',NULL,NULL,'2022-01-04 12:30:45.589851','2022-01-11 15:24:30.888082',957,'2022-01-11 15:24:30.889661',NULL,'~',3,39,7,0),(115,104,'Por favor incluir la siguiente glosa en la factura: DESARROLLO DE PORTAFOLIO DE POSTRES VEGETALES A BASE DE ALMENDRA Y DESECHOS DE SU PRODUCCIÓN”, código 19IR-LR-121872','Recepcionada','2021-12-30',78750,NULL,'127606','2022-01-12','2022-01-11',NULL,NULL,'2021-12-30 10:47:15.138195','2022-01-12 11:04:25.521115',958,'2022-01-12 11:04:25.523405',NULL,'~',2,39,4,0),(115,104,'Por favor incluir la siguiente glosa en la factura: DESARROLLO DE PORTAFOLIO DE POSTRES VEGETALES A BASE DE ALMENDRA Y DESECHOS DE SU PRODUCCIÓN”, código 19IR-LR-121872','Etiquetada','2021-12-30',78750,NULL,'127606','2022-01-12','2022-01-11',NULL,NULL,'2021-12-30 10:47:15.138195','2022-01-12 11:04:28.083367',959,'2022-01-12 11:04:28.084880',NULL,'~',2,39,4,0),(115,104,'Por favor incluir la siguiente glosa en la factura: DESARROLLO DE PORTAFOLIO DE POSTRES VEGETALES A BASE DE ALMENDRA Y DESECHOS DE SU PRODUCCIÓN”, código 19IR-LR-121872','Recepcionada','2021-12-30',78750,NULL,'127606','2022-01-12','2022-01-11',NULL,NULL,'2021-12-30 10:47:15.138195','2022-01-12 11:08:25.505677',960,'2022-01-12 11:08:25.507331',NULL,'~',2,39,4,0),(115,104,'Por favor incluir la siguiente glosa en la factura: DESARROLLO DE PORTAFOLIO DE POSTRES VEGETALES A BASE DE ALMENDRA Y DESECHOS DE SU PRODUCCIÓN”, código 19IR-LR-121872','Etiquetada','2021-12-30',78750,NULL,'127606','2022-01-12','2022-01-11',NULL,NULL,'2021-12-30 10:47:15.138195','2022-01-12 11:09:30.966248',961,'2022-01-12 11:09:30.967533',NULL,'~',2,39,4,0),(140,128,'Por favor incluir la siguiente glosa en la factura: DESARROLLO DE PORTAFOLIO DE POSTRES VEGETALES A BASE DE ALMENDRA Y DESECHOS DE SU PRODUCCIÓN”, código 19IR-LR-121872','Recepcionada','2022-01-10',1805100,NULL,'73035','2022-01-12','2022-01-12',NULL,NULL,'2022-01-10 13:28:04.897907','2022-01-12 12:28:26.443861',962,'2022-01-12 12:28:26.446184',NULL,'~',3,39,6,0),(140,128,'Por favor incluir la siguiente glosa en la factura: DESARROLLO DE PORTAFOLIO DE POSTRES VEGETALES A BASE DE ALMENDRA Y DESECHOS DE SU PRODUCCIÓN”, código 19IR-LR-121872','Etiquetada','2022-01-10',1805100,NULL,'73035','2022-01-12','2022-01-12',NULL,NULL,'2022-01-10 13:28:04.897907','2022-01-12 12:31:19.278026',963,'2022-01-12 12:31:19.279146',NULL,'~',3,39,6,0),(140,128,'Por favor incluir la siguiente glosa en la factura: DESARROLLO DE PORTAFOLIO DE POSTRES VEGETALES A BASE DE ALMENDRA Y DESECHOS DE SU PRODUCCIÓN”, código 19IR-LR-121872','Etiquetada','2022-01-10',1805100,NULL,'73035','2022-01-12','2022-01-12',NULL,NULL,'2022-01-10 13:28:04.897907','2022-01-12 12:31:51.589291',964,'2022-01-12 12:31:51.590716',NULL,'~',3,39,6,0),(143,130,'Por favor incluir la siguiente glosa en la factura: DESARROLLO DE PORTAFOLIO DE POSTRES VEGETALES A BASE DE ALMENDRA Y DESECHOS DE SU PRODUCCIÓN”, código 19IR-LR-121872','Inicial','2022-01-12',0,NULL,NULL,NULL,NULL,NULL,NULL,'2022-01-12 14:04:31.579750','2022-01-12 14:04:31.579773',965,'2022-01-12 14:04:31.581533',NULL,'+',3,42,17,0),(143,130,'Por favor incluir la siguiente glosa en la factura: DESARROLLO DE PORTAFOLIO DE POSTRES VEGETALES A BASE DE ALMENDRA Y DESECHOS DE SU PRODUCCIÓN”, código 19IR-LR-121872','Inicial','2022-01-12',440000,NULL,NULL,NULL,NULL,NULL,NULL,'2022-01-12 14:04:31.579750','2022-01-12 14:04:31.625367',966,'2022-01-12 14:04:31.627467',NULL,'~',3,42,17,0),(143,130,'Por favor incluir la siguiente glosa en la factura: DESARROLLO DE PORTAFOLIO DE POSTRES VEGETALES A BASE DE ALMENDRA Y DESECHOS DE SU PRODUCCIÓN”, código 19IR-LR-121872','Inicial','2022-01-12',440000,NULL,NULL,NULL,NULL,NULL,NULL,'2022-01-12 14:04:31.579750','2022-01-12 14:04:56.920196',967,'2022-01-12 14:04:56.922026',NULL,'~',3,42,17,0),(143,130,'Por favor incluir la siguiente glosa en la factura: DESARROLLO DE PORTAFOLIO DE POSTRES VEGETALES A BASE DE ALMENDRA Y DESECHOS DE SU PRODUCCIÓN”, código 19IR-LR-121872','Validada','2022-01-12',440000,NULL,NULL,NULL,NULL,NULL,NULL,'2022-01-12 14:04:31.579750','2022-01-12 14:04:56.936327',968,'2022-01-12 14:04:56.937796',NULL,'~',3,42,17,0),(87,77,'Por favor incluir la siguiente glosa en la factura: DESARROLLO DE PORTAFOLIO DE POSTRES VEGETALES A BASE DE ALMENDRA Y DESECHOS DE SU PRODUCCIÓN”, código 19IR-LR-121872','Recepcionada','2021-12-23',58999.5,NULL,'132121','2021-12-23','2021-12-23',NULL,NULL,'2021-12-23 16:59:07.764378','2021-12-23 17:18:41.888894',969,'2022-01-13 15:02:27.942693',NULL,'-',4,42,29,0),(139,127,'Por favor incluir la siguiente glosa en la factura: DESARROLLO DE PORTAFOLIO DE POSTRES VEGETALES A BASE DE ALMENDRA Y DESECHOS DE SU PRODUCCIÓN”, código 19IR-LR-121872','Recepcionada','2022-01-07',73612,NULL,'0000129280','2022-01-14','2022-01-14',NULL,NULL,'2022-01-07 18:22:04.203880','2022-01-14 14:23:23.047577',970,'2022-01-14 14:23:23.051281',NULL,'~',3,39,29,0),(139,127,'Por favor incluir la siguiente glosa en la factura: DESARROLLO DE PORTAFOLIO DE POSTRES VEGETALES A BASE DE ALMENDRA Y DESECHOS DE SU PRODUCCIÓN”, código 19IR-LR-121872','Etiquetada','2022-01-07',73612,NULL,'0000129280','2022-01-14','2022-01-14',NULL,NULL,'2022-01-07 18:22:04.203880','2022-01-14 14:25:05.010608',971,'2022-01-14 14:25:05.011810',NULL,'~',3,39,29,0),(131,119,'Por favor incluir la siguiente glosa en la factura: DESARROLLO DE PORTAFOLIO DE POSTRES VEGETALES A BASE DE ALMENDRA Y DESECHOS DE SU PRODUCCIÓN”, código 19IR-LR-121872','Recepcionada','2022-01-07',540000,NULL,'2348','2022-01-14','2022-01-14',NULL,NULL,'2022-01-07 14:16:29.221134','2022-01-14 14:46:51.483098',972,'2022-01-14 14:46:51.485131',NULL,'~',3,39,17,0),(131,119,'Por favor incluir la siguiente glosa en la factura: DESARROLLO DE PORTAFOLIO DE POSTRES VEGETALES A BASE DE ALMENDRA Y DESECHOS DE SU PRODUCCIÓN”, código 19IR-LR-121872','Etiquetada','2022-01-07',540000,NULL,'2348','2022-01-14','2022-01-14',NULL,NULL,'2022-01-07 14:16:29.221134','2022-01-14 14:49:46.377383',973,'2022-01-14 14:49:46.379234',NULL,'~',3,39,17,0),(84,74,'Por favor incluir la siguiente glosa en la factura: DESARROLLO DE PORTAFOLIO DE POSTRES VEGETALES A BASE DE ALMENDRA Y DESECHOS DE SU PRODUCCIÓN”, código 19IR-LR-121872','Recepcionada','2021-12-22',87834000,NULL,'1','2021-12-22','2021-12-22',NULL,NULL,'2021-12-22 17:17:07.384750','2021-12-22 17:26:21.493823',974,'2022-01-14 20:49:37.463819',NULL,'-',3,1,6,0),(144,131,'Por favor incluir la siguiente glosa en la factura: DESARROLLO DE PORTAFOLIO DE POSTRES VEGETALES A BASE DE ALMENDRA Y DESECHOS DE SU PRODUCCIÓN”, código 19IR-LR-121872','Inicial','2022-01-17',0,NULL,NULL,NULL,NULL,NULL,NULL,'2022-01-17 08:25:08.631251','2022-01-17 08:25:08.631275',975,'2022-01-17 08:25:08.639021',NULL,'+',3,39,29,0),(144,131,'Por favor incluir la siguiente glosa en la factura: DESARROLLO DE PORTAFOLIO DE POSTRES VEGETALES A BASE DE ALMENDRA Y DESECHOS DE SU PRODUCCIÓN”, código 19IR-LR-121872','Inicial','2022-01-17',36120,NULL,NULL,NULL,NULL,NULL,NULL,'2022-01-17 08:25:08.631251','2022-01-17 08:25:08.885241',976,'2022-01-17 08:25:08.888096',NULL,'~',3,39,29,0),(144,131,'Por favor incluir la siguiente glosa en la factura: DESARROLLO DE PORTAFOLIO DE POSTRES VEGETALES A BASE DE ALMENDRA Y DESECHOS DE SU PRODUCCIÓN”, código 19IR-LR-121872','Inicial','2022-01-17',36120,NULL,NULL,NULL,NULL,NULL,NULL,'2022-01-17 08:25:08.631251','2022-01-17 08:25:26.712424',977,'2022-01-17 08:25:26.714138',NULL,'~',3,39,29,0),(144,131,'Por favor incluir la siguiente glosa en la factura: DESARROLLO DE PORTAFOLIO DE POSTRES VEGETALES A BASE DE ALMENDRA Y DESECHOS DE SU PRODUCCIÓN”, código 19IR-LR-121872','Validada','2022-01-17',36120,NULL,NULL,NULL,NULL,NULL,NULL,'2022-01-17 08:25:08.631251','2022-01-17 08:25:26.728534',978,'2022-01-17 08:25:26.730909',NULL,'~',3,39,29,0),(144,131,'Por favor incluir la siguiente glosa en la factura: DESARROLLO DE PORTAFOLIO DE POSTRES VEGETALES A BASE DE ALMENDRA Y DESECHOS DE SU PRODUCCIÓN”, código 19IR-LR-121872','Recepcionada','2022-01-17',36120,NULL,'0000128995','2022-01-17','2022-01-10',NULL,NULL,'2022-01-17 08:25:08.631251','2022-01-17 08:26:29.857194',979,'2022-01-17 08:26:29.859517',NULL,'~',3,39,29,0),(144,131,'Por favor incluir la siguiente glosa en la factura: DESARROLLO DE PORTAFOLIO DE POSTRES VEGETALES A BASE DE ALMENDRA Y DESECHOS DE SU PRODUCCIÓN”, código 19IR-LR-121872','Etiquetada','2022-01-17',36120,NULL,'0000128995','2022-01-17','2022-01-10',NULL,NULL,'2022-01-17 08:25:08.631251','2022-01-17 08:26:53.058190',980,'2022-01-17 08:26:53.059481',NULL,'~',3,39,29,0),(144,131,'Por favor incluir la siguiente glosa en la factura: DESARROLLO DE PORTAFOLIO DE POSTRES VEGETALES A BASE DE ALMENDRA Y DESECHOS DE SU PRODUCCIÓN”, código 19IR-LR-121872','Etiquetada','2022-01-17',36120,NULL,'0000128995','2022-01-17','2022-01-10',NULL,NULL,'2022-01-17 08:25:08.631251','2022-01-17 08:27:04.810864',981,'2022-01-17 08:27:04.812228',NULL,'~',3,39,29,0),(105,94,'Por favor incluir la siguiente glosa en la factura: DESARROLLO DE PORTAFOLIO DE POSTRES VEGETALES A BASE DE ALMENDRA Y DESECHOS DE SU PRODUCCIÓN”, código 19IR-LR-121872','Recepcionada','2021-12-28',240000,NULL,'1694','2022-01-17','2022-01-13',NULL,NULL,'2021-12-28 11:18:48.040979','2022-01-17 08:30:40.036582',982,'2022-01-17 08:30:40.038868',NULL,'~',3,39,22,0),(105,94,'Por favor incluir la siguiente glosa en la factura: DESARROLLO DE PORTAFOLIO DE POSTRES VEGETALES A BASE DE ALMENDRA Y DESECHOS DE SU PRODUCCIÓN”, código 19IR-LR-121872','Etiquetada','2021-12-28',240000,NULL,'1694','2022-01-17','2022-01-13',NULL,NULL,'2021-12-28 11:18:48.040979','2022-01-17 08:31:11.757884',983,'2022-01-17 08:31:11.759737',NULL,'~',3,39,22,0),(105,94,'Por favor incluir la siguiente glosa en la factura: DESARROLLO DE PORTAFOLIO DE POSTRES VEGETALES A BASE DE ALMENDRA Y DESECHOS DE SU PRODUCCIÓN”, código 19IR-LR-121872','Etiquetada','2021-12-28',240000,NULL,'1694','2022-01-17','2022-01-13',NULL,NULL,'2021-12-28 11:18:48.040979','2022-01-17 08:31:46.206272',984,'2022-01-17 08:31:46.207058',NULL,'~',3,39,22,0),(105,94,'Por favor incluir la siguiente glosa en la factura: DESARROLLO DE PORTAFOLIO DE POSTRES VEGETALES A BASE DE ALMENDRA Y DESECHOS DE SU PRODUCCIÓN”, código 19IR-LR-121872','Etiquetada','2021-12-28',240000,NULL,'1694','2022-01-17','2022-01-13',NULL,NULL,'2021-12-28 11:18:48.040979','2022-01-17 08:33:08.140450',985,'2022-01-17 08:33:08.141830',NULL,'~',3,39,22,0),(105,94,'Por favor incluir la siguiente glosa en la factura: DESARROLLO DE PORTAFOLIO DE POSTRES VEGETALES A BASE DE ALMENDRA Y DESECHOS DE SU PRODUCCIÓN”, código 19IR-LR-121872','Etiquetada','2021-12-28',240000,NULL,'1694','2022-01-17','2022-01-13',NULL,NULL,'2021-12-28 11:18:48.040979','2022-01-17 08:33:31.317131',986,'2022-01-17 08:33:31.318169',NULL,'~',3,39,22,0),(105,94,'Por favor incluir la siguiente glosa en la factura: DESARROLLO DE PORTAFOLIO DE POSTRES VEGETALES A BASE DE ALMENDRA Y DESECHOS DE SU PRODUCCIÓN”, código 19IR-LR-121872','Etiquetada','2021-12-28',240000,NULL,'1694','2022-01-17','2022-01-13',NULL,NULL,'2021-12-28 11:18:48.040979','2022-01-17 08:38:00.331613',987,'2022-01-17 08:38:00.332434',NULL,'~',3,39,22,0),(105,94,'Por favor incluir la siguiente glosa en la factura: DESARROLLO DE PORTAFOLIO DE POSTRES VEGETALES A BASE DE ALMENDRA Y DESECHOS DE SU PRODUCCIÓN”, código 19IR-LR-121872','Etiquetada','2021-12-28',240000,NULL,'1694','2022-01-17','2022-01-13',NULL,NULL,'2021-12-28 11:18:48.040979','2022-01-17 08:38:14.318655',988,'2022-01-17 08:38:14.319807',NULL,'~',3,39,22,0),(136,124,'Por favor incluir la siguiente glosa en la factura: DESARROLLO DE PORTAFOLIO DE POSTRES VEGETALES A BASE DE ALMENDRA Y DESECHOS DE SU PRODUCCIÓN”, código 19IR-LR-121872','Semi-Recepcionada','2022-01-07',197000,NULL,'1695','2022-01-14','2022-01-14',NULL,NULL,'2022-01-07 17:39:28.774101','2022-01-17 08:46:01.916059',989,'2022-01-17 08:46:01.918360',NULL,'~',3,39,22,0),(136,124,'Por favor incluir la siguiente glosa en la factura: DESARROLLO DE PORTAFOLIO DE POSTRES VEGETALES A BASE DE ALMENDRA Y DESECHOS DE SU PRODUCCIÓN”, código 19IR-LR-121872','Etiquetada','2022-01-07',197000,NULL,'1695','2022-01-14','2022-01-14',NULL,NULL,'2022-01-07 17:39:28.774101','2022-01-17 08:46:22.010063',990,'2022-01-17 08:46:22.011175',NULL,'~',3,39,22,0),(136,124,'Por favor incluir la siguiente glosa en la factura: DESARROLLO DE PORTAFOLIO DE POSTRES VEGETALES A BASE DE ALMENDRA Y DESECHOS DE SU PRODUCCIÓN”, código 19IR-LR-121872','Etiquetada','2022-01-07',197000,NULL,'1695','2022-01-14','2022-01-14',NULL,NULL,'2022-01-07 17:39:28.774101','2022-01-17 08:46:22.034689',991,'2022-01-17 08:46:22.035481',NULL,'~',3,39,22,0),(136,124,'Por favor incluir la siguiente glosa en la factura: DESARROLLO DE PORTAFOLIO DE POSTRES VEGETALES A BASE DE ALMENDRA Y DESECHOS DE SU PRODUCCIÓN”, código 19IR-LR-121872','Etiquetada','2022-01-07',197000,NULL,'1695','2022-01-14','2022-01-14',NULL,NULL,'2022-01-07 17:39:28.774101','2022-01-17 08:46:30.712314',992,'2022-01-17 08:46:30.713338',NULL,'~',3,39,22,0),(136,124,'Por favor incluir la siguiente glosa en la factura: DESARROLLO DE PORTAFOLIO DE POSTRES VEGETALES A BASE DE ALMENDRA Y DESECHOS DE SU PRODUCCIÓN”, código 19IR-LR-121872','Etiquetada','2022-01-07',197000,NULL,'1695','2022-01-14','2022-01-14',NULL,NULL,'2022-01-07 17:39:28.774101','2022-01-17 08:47:16.240584',993,'2022-01-17 08:47:16.241353',NULL,'~',3,39,22,0),(136,124,'Por favor incluir la siguiente glosa en la factura: DESARROLLO DE PORTAFOLIO DE POSTRES VEGETALES A BASE DE ALMENDRA Y DESECHOS DE SU PRODUCCIÓN”, código 19IR-LR-121872','Etiquetada','2022-01-07',197000,NULL,'1695','2022-01-14','2022-01-14',NULL,NULL,'2022-01-07 17:39:28.774101','2022-01-17 08:47:36.158688',994,'2022-01-17 08:47:36.159772',NULL,'~',3,39,22,0),(145,132,'Por favor incluir la siguiente glosa en la factura: DESARROLLO DE PORTAFOLIO DE POSTRES VEGETALES A BASE DE ALMENDRA Y DESECHOS DE SU PRODUCCIÓN”, código 19IR-LR-121872','Inicial','2022-01-17',0,NULL,NULL,NULL,NULL,NULL,NULL,'2022-01-17 12:48:13.740860','2022-01-17 12:48:13.740876',995,'2022-01-17 12:48:13.743561',NULL,'+',3,41,8,0),(145,132,'Por favor incluir la siguiente glosa en la factura: DESARROLLO DE PORTAFOLIO DE POSTRES VEGETALES A BASE DE ALMENDRA Y DESECHOS DE SU PRODUCCIÓN”, código 19IR-LR-121872','Inicial','2022-01-17',220140,NULL,NULL,NULL,NULL,NULL,NULL,'2022-01-17 12:48:13.740860','2022-01-17 12:48:13.796739',996,'2022-01-17 12:48:13.798935',NULL,'~',3,41,8,0),(145,132,'Por favor incluir la siguiente glosa en la factura: DESARROLLO DE PORTAFOLIO DE POSTRES VEGETALES A BASE DE ALMENDRA Y DESECHOS DE SU PRODUCCIÓN”, código 19IR-LR-121872','Inicial','2022-01-17',220140,NULL,NULL,NULL,NULL,NULL,NULL,'2022-01-17 12:48:13.740860','2022-01-17 12:48:26.258039',997,'2022-01-17 12:48:26.259590',NULL,'~',3,41,8,0),(145,132,'Por favor incluir la siguiente glosa en la factura: DESARROLLO DE PORTAFOLIO DE POSTRES VEGETALES A BASE DE ALMENDRA Y DESECHOS DE SU PRODUCCIÓN”, código 19IR-LR-121872','Validada','2022-01-17',220140,NULL,NULL,NULL,NULL,NULL,NULL,'2022-01-17 12:48:13.740860','2022-01-17 12:48:26.271421',998,'2022-01-17 12:48:26.272493',NULL,'~',3,41,8,0),(146,133,'Por favor incluir la siguiente glosa en la factura: DESARROLLO DE PORTAFOLIO DE POSTRES VEGETALES A BASE DE ALMENDRA Y DESECHOS DE SU PRODUCCIÓN”, código 19IR-LR-121872','Inicial','2022-01-17',0,NULL,NULL,NULL,NULL,NULL,NULL,'2022-01-17 13:27:22.067587','2022-01-17 13:27:22.067610',999,'2022-01-17 13:27:22.068976',NULL,'+',3,41,19,0),(146,133,'Por favor incluir la siguiente glosa en la factura: DESARROLLO DE PORTAFOLIO DE POSTRES VEGETALES A BASE DE ALMENDRA Y DESECHOS DE SU PRODUCCIÓN”, código 19IR-LR-121872','Inicial','2022-01-17',42410,NULL,NULL,NULL,NULL,NULL,NULL,'2022-01-17 13:27:22.067587','2022-01-17 13:27:22.105799',1000,'2022-01-17 13:27:22.107869',NULL,'~',3,41,19,0),(146,133,'Por favor incluir la siguiente glosa en la factura: DESARROLLO DE PORTAFOLIO DE POSTRES VEGETALES A BASE DE ALMENDRA Y DESECHOS DE SU PRODUCCIÓN”, código 19IR-LR-121872','Inicial','2022-01-17',42410,NULL,NULL,NULL,NULL,NULL,NULL,'2022-01-17 13:27:22.067587','2022-01-17 13:29:06.195507',1001,'2022-01-17 13:29:06.196852',NULL,'~',3,41,19,0),(146,133,'Por favor incluir la siguiente glosa en la factura: DESARROLLO DE PORTAFOLIO DE POSTRES VEGETALES A BASE DE ALMENDRA Y DESECHOS DE SU PRODUCCIÓN”, código 19IR-LR-121872','Validada','2022-01-17',42410,NULL,NULL,NULL,NULL,NULL,NULL,'2022-01-17 13:27:22.067587','2022-01-17 13:29:06.206839',1002,'2022-01-17 13:29:06.207664',NULL,'~',3,41,19,0),(147,134,'Por favor incluir la siguiente glosa en la factura: DESARROLLO DE PORTAFOLIO DE POSTRES VEGETALES A BASE DE ALMENDRA Y DESECHOS DE SU PRODUCCIÓN”, código 19IR-LR-121872','Inicial','2022-01-17',0,NULL,NULL,NULL,NULL,NULL,NULL,'2022-01-17 14:33:54.462984','2022-01-17 14:33:54.463000',1003,'2022-01-17 14:33:54.464382',NULL,'+',3,41,4,0),(147,134,'Por favor incluir la siguiente glosa en la factura: DESARROLLO DE PORTAFOLIO DE POSTRES VEGETALES A BASE DE ALMENDRA Y DESECHOS DE SU PRODUCCIÓN”, código 19IR-LR-121872','Inicial','2022-01-17',105000,NULL,NULL,NULL,NULL,NULL,NULL,'2022-01-17 14:33:54.462984','2022-01-17 14:33:54.532727',1004,'2022-01-17 14:33:54.534413',NULL,'~',3,41,4,0),(147,134,'Por favor incluir la siguiente glosa en la factura: DESARROLLO DE PORTAFOLIO DE POSTRES VEGETALES A BASE DE ALMENDRA Y DESECHOS DE SU PRODUCCIÓN”, código 19IR-LR-121872','Inicial','2022-01-17',105000,NULL,NULL,NULL,NULL,NULL,NULL,'2022-01-17 14:33:54.462984','2022-01-17 14:34:39.539852',1005,'2022-01-17 14:34:39.541943',NULL,'~',3,41,4,0),(147,134,'Por favor incluir la siguiente glosa en la factura: DESARROLLO DE PORTAFOLIO DE POSTRES VEGETALES A BASE DE ALMENDRA Y DESECHOS DE SU PRODUCCIÓN”, código 19IR-LR-121872','Validada','2022-01-17',105000,NULL,NULL,NULL,NULL,NULL,NULL,'2022-01-17 14:33:54.462984','2022-01-17 14:34:39.555381',1006,'2022-01-17 14:34:39.556264',NULL,'~',3,41,4,0),(148,135,'Por favor incluir la siguiente glosa en la factura: DESARROLLO DE PORTAFOLIO DE POSTRES VEGETALES A BASE DE ALMENDRA Y DESECHOS DE SU PRODUCCIÓN”, código 19IR-LR-121872','Inicial','2022-01-17',0,NULL,NULL,NULL,NULL,NULL,NULL,'2022-01-17 14:38:03.912595','2022-01-17 14:38:03.912619',1007,'2022-01-17 14:38:03.913925',NULL,'+',3,41,14,0),(148,135,'Por favor incluir la siguiente glosa en la factura: DESARROLLO DE PORTAFOLIO DE POSTRES VEGETALES A BASE DE ALMENDRA Y DESECHOS DE SU PRODUCCIÓN”, código 19IR-LR-121872','Inicial','2022-01-17',474335.6,NULL,NULL,NULL,NULL,NULL,NULL,'2022-01-17 14:38:03.912595','2022-01-17 14:38:03.953970',1008,'2022-01-17 14:38:03.958283',NULL,'~',3,41,14,0),(148,135,'Por favor incluir la siguiente glosa en la factura: DESARROLLO DE PORTAFOLIO DE POSTRES VEGETALES A BASE DE ALMENDRA Y DESECHOS DE SU PRODUCCIÓN”, código 19IR-LR-121872','Inicial','2022-01-17',474335.6,NULL,NULL,NULL,NULL,NULL,NULL,'2022-01-17 14:38:03.912595','2022-01-17 14:38:12.730177',1009,'2022-01-17 14:38:12.731632',NULL,'~',3,41,14,0),(148,135,'Por favor incluir la siguiente glosa en la factura: DESARROLLO DE PORTAFOLIO DE POSTRES VEGETALES A BASE DE ALMENDRA Y DESECHOS DE SU PRODUCCIÓN”, código 19IR-LR-121872','Validada','2022-01-17',474335.6,NULL,NULL,NULL,NULL,NULL,NULL,'2022-01-17 14:38:03.912595','2022-01-17 14:38:12.742300',1010,'2022-01-17 14:38:12.743447',NULL,'~',3,41,14,0),(149,136,'Por favor incluir la siguiente glosa en la factura: DESARROLLO DE PORTAFOLIO DE POSTRES VEGETALES A BASE DE ALMENDRA Y DESECHOS DE SU PRODUCCIÓN”, código 19IR-LR-121872','Inicial','2022-01-17',0,NULL,NULL,NULL,NULL,NULL,NULL,'2022-01-17 16:06:31.444570','2022-01-17 16:06:31.444585',1011,'2022-01-17 16:06:31.445864',NULL,'+',3,41,29,0),(149,136,'Por favor incluir la siguiente glosa en la factura: DESARROLLO DE PORTAFOLIO DE POSTRES VEGETALES A BASE DE ALMENDRA Y DESECHOS DE SU PRODUCCIÓN”, código 19IR-LR-121872','Inicial','2022-01-17',248120,NULL,NULL,NULL,NULL,NULL,NULL,'2022-01-17 16:06:31.444570','2022-01-17 16:06:31.494610',1012,'2022-01-17 16:06:31.496219',NULL,'~',3,41,29,0),(149,136,'Por favor incluir la siguiente glosa en la factura: DESARROLLO DE PORTAFOLIO DE POSTRES VEGETALES A BASE DE ALMENDRA Y DESECHOS DE SU PRODUCCIÓN”, código 19IR-LR-121872','Inicial','2022-01-17',248120,NULL,NULL,NULL,NULL,NULL,NULL,'2022-01-17 16:06:31.444570','2022-01-17 16:06:38.951635',1013,'2022-01-17 16:06:38.953501',NULL,'~',3,41,29,0),(149,136,'Por favor incluir la siguiente glosa en la factura: DESARROLLO DE PORTAFOLIO DE POSTRES VEGETALES A BASE DE ALMENDRA Y DESECHOS DE SU PRODUCCIÓN”, código 19IR-LR-121872','Validada','2022-01-17',248120,NULL,NULL,NULL,NULL,NULL,NULL,'2022-01-17 16:06:31.444570','2022-01-17 16:06:38.983164',1014,'2022-01-17 16:06:38.984398',NULL,'~',3,41,29,0),(146,133,'Por favor incluir la siguiente glosa en la factura: DESARROLLO DE PORTAFOLIO DE POSTRES VEGETALES A BASE DE ALMENDRA Y DESECHOS DE SU PRODUCCIÓN”, código 19IR-LR-121872','Inicial','2022-01-17',42410,NULL,NULL,NULL,NULL,NULL,NULL,'2022-01-17 13:27:22.067587','2022-01-17 16:11:06.334986',1015,'2022-01-17 16:11:06.336645',NULL,'~',3,41,19,0),(146,133,'Por favor incluir la siguiente glosa en la factura: DESARROLLO DE PORTAFOLIO DE POSTRES VEGETALES A BASE DE ALMENDRA Y DESECHOS DE SU PRODUCCIÓN”, código 19IR-LR-121872','Inicial','2022-01-17',42410,NULL,NULL,NULL,NULL,NULL,NULL,'2022-01-17 13:27:22.067587','2022-01-17 16:11:18.306811',1016,'2022-01-17 16:11:18.308416',NULL,'~',3,41,19,0),(146,133,'Por favor incluir la siguiente glosa en la factura: DESARROLLO DE PORTAFOLIO DE POSTRES VEGETALES A BASE DE ALMENDRA Y DESECHOS DE SU PRODUCCIÓN”, código 19IR-LR-121872','Validada','2022-01-17',59618,NULL,NULL,NULL,NULL,NULL,NULL,'2022-01-17 13:27:22.067587','2022-01-17 16:11:18.320835',1017,'2022-01-17 16:11:18.322057',NULL,'~',3,41,19,0),(150,137,'Por favor incluir la siguiente glosa en la factura: DESARROLLO DE PORTAFOLIO DE POSTRES VEGETALES A BASE DE ALMENDRA Y DESECHOS DE SU PRODUCCIÓN”, código 19IR-LR-121872','Inicial','2022-01-18',0,NULL,NULL,NULL,NULL,NULL,NULL,'2022-01-18 09:35:44.408628','2022-01-18 09:35:44.408652',1018,'2022-01-18 09:35:44.410457',NULL,'+',3,41,6,0),(150,137,'Por favor incluir la siguiente glosa en la factura: DESARROLLO DE PORTAFOLIO DE POSTRES VEGETALES A BASE DE ALMENDRA Y DESECHOS DE SU PRODUCCIÓN”, código 19IR-LR-121872','Inicial','2022-01-18',1776240,NULL,NULL,NULL,NULL,NULL,NULL,'2022-01-18 09:35:44.408628','2022-01-18 09:35:44.447265',1019,'2022-01-18 09:35:44.448813',NULL,'~',3,41,6,0),(150,137,'Por favor incluir la siguiente glosa en la factura: DESARROLLO DE PORTAFOLIO DE POSTRES VEGETALES A BASE DE ALMENDRA Y DESECHOS DE SU PRODUCCIÓN”, código 19IR-LR-121872','Inicial','2022-01-18',1776240,NULL,NULL,NULL,NULL,NULL,NULL,'2022-01-18 09:35:44.408628','2022-01-18 09:36:03.022629',1020,'2022-01-18 09:36:03.024253',NULL,'~',3,41,6,0),(150,137,'Por favor incluir la siguiente glosa en la factura: DESARROLLO DE PORTAFOLIO DE POSTRES VEGETALES A BASE DE ALMENDRA Y DESECHOS DE SU PRODUCCIÓN”, código 19IR-LR-121872','Validada','2022-01-18',1776240,NULL,NULL,NULL,NULL,NULL,NULL,'2022-01-18 09:35:44.408628','2022-01-18 09:36:03.039048',1021,'2022-01-18 09:36:03.040963',NULL,'~',3,41,6,0),(151,138,'Por favor incluir la siguiente glosa en la factura: DESARROLLO DE PORTAFOLIO DE POSTRES VEGETALES A BASE DE ALMENDRA Y DESECHOS DE SU PRODUCCIÓN”, código 19IR-LR-121872','Inicial','2022-01-18',0,NULL,NULL,NULL,NULL,NULL,NULL,'2022-01-18 10:10:12.721081','2022-01-18 10:10:12.721102',1022,'2022-01-18 10:10:12.722363',NULL,'+',3,48,27,0),(151,138,'Por favor incluir la siguiente glosa en la factura: DESARROLLO DE PORTAFOLIO DE POSTRES VEGETALES A BASE DE ALMENDRA Y DESECHOS DE SU PRODUCCIÓN”, código 19IR-LR-121872','Inicial','2022-01-18',66970,NULL,NULL,NULL,NULL,NULL,NULL,'2022-01-18 10:10:12.721081','2022-01-18 10:10:12.773742',1023,'2022-01-18 10:10:12.778691',NULL,'~',3,48,27,0),(151,138,'Por favor incluir la siguiente glosa en la factura: DESARROLLO DE PORTAFOLIO DE POSTRES VEGETALES A BASE DE ALMENDRA Y DESECHOS DE SU PRODUCCIÓN”, código 19IR-LR-121872','Inicial','2022-01-18',66970,NULL,NULL,NULL,NULL,NULL,NULL,'2022-01-18 10:10:12.721081','2022-01-18 10:10:58.900277',1024,'2022-01-18 10:10:58.902155',NULL,'~',3,48,27,0),(151,138,'Por favor incluir la siguiente glosa en la factura: DESARROLLO DE PORTAFOLIO DE POSTRES VEGETALES A BASE DE ALMENDRA Y DESECHOS DE SU PRODUCCIÓN”, código 19IR-LR-121872','Validada','2022-01-18',66970,NULL,NULL,NULL,NULL,NULL,NULL,'2022-01-18 10:10:12.721081','2022-01-18 10:10:58.921996',1025,'2022-01-18 10:10:58.923802',NULL,'~',3,48,27,0),(152,139,'Por favor incluir la siguiente glosa en la factura: DESARROLLO DE PORTAFOLIO DE POSTRES VEGETALES A BASE DE ALMENDRA Y DESECHOS DE SU PRODUCCIÓN”, código 19IR-LR-121872','Inicial','2022-01-18',0,NULL,NULL,NULL,NULL,NULL,NULL,'2022-01-18 10:23:29.185402','2022-01-18 10:23:29.185429',1026,'2022-01-18 10:23:29.186917',NULL,'+',3,41,42,0),(152,139,'Por favor incluir la siguiente glosa en la factura: DESARROLLO DE PORTAFOLIO DE POSTRES VEGETALES A BASE DE ALMENDRA Y DESECHOS DE SU PRODUCCIÓN”, código 19IR-LR-121872','Inicial','2022-01-18',735300,NULL,NULL,NULL,NULL,NULL,NULL,'2022-01-18 10:23:29.185402','2022-01-18 10:23:29.226068',1027,'2022-01-18 10:23:29.227724',NULL,'~',3,41,42,0),(152,139,'Por favor incluir la siguiente glosa en la factura: DESARROLLO DE PORTAFOLIO DE POSTRES VEGETALES A BASE DE ALMENDRA Y DESECHOS DE SU PRODUCCIÓN”, código 19IR-LR-121872','Inicial','2022-01-18',735300,NULL,NULL,NULL,NULL,NULL,NULL,'2022-01-18 10:23:29.185402','2022-01-18 10:23:33.943822',1028,'2022-01-18 10:23:33.945526',NULL,'~',3,41,42,0),(152,139,'Por favor incluir la siguiente glosa en la factura: DESARROLLO DE PORTAFOLIO DE POSTRES VEGETALES A BASE DE ALMENDRA Y DESECHOS DE SU PRODUCCIÓN”, código 19IR-LR-121872','Validada','2022-01-18',735300,NULL,NULL,NULL,NULL,NULL,NULL,'2022-01-18 10:23:29.185402','2022-01-18 10:23:33.965791',1029,'2022-01-18 10:23:33.967160',NULL,'~',3,41,42,0),(153,140,'Por favor incluir la siguiente glosa en la factura: DESARROLLO DE PORTAFOLIO DE POSTRES VEGETALES A BASE DE ALMENDRA Y DESECHOS DE SU PRODUCCIÓN”, código 19IR-LR-121872','Inicial','2022-01-18',0,NULL,NULL,NULL,NULL,NULL,NULL,'2022-01-18 12:50:14.267255','2022-01-18 12:50:14.267273',1030,'2022-01-18 12:50:14.268395',NULL,'+',3,41,43,0),(153,140,'Por favor incluir la siguiente glosa en la factura: DESARROLLO DE PORTAFOLIO DE POSTRES VEGETALES A BASE DE ALMENDRA Y DESECHOS DE SU PRODUCCIÓN”, código 19IR-LR-121872','Inicial','2022-01-18',44800,NULL,NULL,NULL,NULL,NULL,NULL,'2022-01-18 12:50:14.267255','2022-01-18 12:50:14.307829',1031,'2022-01-18 12:50:14.310382',NULL,'~',3,41,43,0),(153,140,'Por favor incluir la siguiente glosa en la factura: DESARROLLO DE PORTAFOLIO DE POSTRES VEGETALES A BASE DE ALMENDRA Y DESECHOS DE SU PRODUCCIÓN”, código 19IR-LR-121872','Inicial','2022-01-18',44800,NULL,NULL,NULL,NULL,NULL,NULL,'2022-01-18 12:50:14.267255','2022-01-18 12:50:20.116511',1032,'2022-01-18 12:50:20.117886',NULL,'~',3,41,43,0),(153,140,'Por favor incluir la siguiente glosa en la factura: DESARROLLO DE PORTAFOLIO DE POSTRES VEGETALES A BASE DE ALMENDRA Y DESECHOS DE SU PRODUCCIÓN”, código 19IR-LR-121872','Validada','2022-01-18',44800,NULL,NULL,NULL,NULL,NULL,NULL,'2022-01-18 12:50:14.267255','2022-01-18 12:50:20.128016',1033,'2022-01-18 12:50:20.128965',NULL,'~',3,41,43,0),(154,141,'Por favor incluir la siguiente glosa en la factura: DESARROLLO DE PORTAFOLIO DE POSTRES VEGETALES A BASE DE ALMENDRA Y DESECHOS DE SU PRODUCCIÓN”, código 19IR-LR-121872','Inicial','2022-01-19',0,NULL,NULL,NULL,NULL,NULL,NULL,'2022-01-19 11:07:52.549202','2022-01-19 11:07:52.549221',1034,'2022-01-19 11:07:52.550493',NULL,'+',3,41,44,0),(154,141,'Por favor incluir la siguiente glosa en la factura: DESARROLLO DE PORTAFOLIO DE POSTRES VEGETALES A BASE DE ALMENDRA Y DESECHOS DE SU PRODUCCIÓN”, código 19IR-LR-121872','Inicial','2022-01-19',100830,NULL,NULL,NULL,NULL,NULL,NULL,'2022-01-19 11:07:52.549202','2022-01-19 11:07:52.605417',1035,'2022-01-19 11:07:52.607059',NULL,'~',3,41,44,0),(154,141,'Por favor incluir la siguiente glosa en la factura: DESARROLLO DE PORTAFOLIO DE POSTRES VEGETALES A BASE DE ALMENDRA Y DESECHOS DE SU PRODUCCIÓN”, código 19IR-LR-121872','Inicial','2022-01-19',100830,NULL,NULL,NULL,NULL,NULL,NULL,'2022-01-19 11:07:52.549202','2022-01-19 11:08:01.414683',1036,'2022-01-19 11:08:01.416643',NULL,'~',3,41,44,0),(154,141,'Por favor incluir la siguiente glosa en la factura: DESARROLLO DE PORTAFOLIO DE POSTRES VEGETALES A BASE DE ALMENDRA Y DESECHOS DE SU PRODUCCIÓN”, código 19IR-LR-121872','Validada','2022-01-19',100830,NULL,NULL,NULL,NULL,NULL,NULL,'2022-01-19 11:07:52.549202','2022-01-19 11:08:01.471443',1037,'2022-01-19 11:08:01.473109',NULL,'~',3,41,44,0),(155,142,'Por favor incluir la siguiente glosa en la factura: DESARROLLO DE PORTAFOLIO DE POSTRES VEGETALES A BASE DE ALMENDRA Y DESECHOS DE SU PRODUCCIÓN”, código 19IR-LR-121872','Inicial','2022-01-19',0,NULL,NULL,NULL,NULL,NULL,NULL,'2022-01-19 11:54:14.277919','2022-01-19 11:54:14.277941',1038,'2022-01-19 11:54:14.279552',NULL,'+',3,41,11,0),(155,142,'Por favor incluir la siguiente glosa en la factura: DESARROLLO DE PORTAFOLIO DE POSTRES VEGETALES A BASE DE ALMENDRA Y DESECHOS DE SU PRODUCCIÓN”, código 19IR-LR-121872','Inicial','2022-01-19',128723,NULL,NULL,NULL,NULL,NULL,NULL,'2022-01-19 11:54:14.277919','2022-01-19 11:54:14.319007',1039,'2022-01-19 11:54:14.321189',NULL,'~',3,41,11,0),(155,142,'Por favor incluir la siguiente glosa en la factura: DESARROLLO DE PORTAFOLIO DE POSTRES VEGETALES A BASE DE ALMENDRA Y DESECHOS DE SU PRODUCCIÓN”, código 19IR-LR-121872','Inicial','2022-01-19',128723,NULL,NULL,NULL,NULL,NULL,NULL,'2022-01-19 11:54:14.277919','2022-01-19 11:54:25.780598',1040,'2022-01-19 11:54:25.782041',NULL,'~',3,41,11,0),(155,142,'Por favor incluir la siguiente glosa en la factura: DESARROLLO DE PORTAFOLIO DE POSTRES VEGETALES A BASE DE ALMENDRA Y DESECHOS DE SU PRODUCCIÓN”, código 19IR-LR-121872','Validada','2022-01-19',128723,NULL,NULL,NULL,NULL,NULL,NULL,'2022-01-19 11:54:14.277919','2022-01-19 11:54:25.791377',1041,'2022-01-19 11:54:25.792283',NULL,'~',3,41,11,0),(156,143,'Por favor incluir la siguiente glosa en la factura: DESARROLLO DE PORTAFOLIO DE POSTRES VEGETALES A BASE DE ALMENDRA Y DESECHOS DE SU PRODUCCIÓN”, código 19IR-LR-121872','Inicial','2022-01-19',0,NULL,NULL,NULL,NULL,NULL,NULL,'2022-01-19 12:28:09.033510','2022-01-19 12:28:09.033528',1042,'2022-01-19 12:28:09.035607',NULL,'+',3,41,3,0),(156,143,'Por favor incluir la siguiente glosa en la factura: DESARROLLO DE PORTAFOLIO DE POSTRES VEGETALES A BASE DE ALMENDRA Y DESECHOS DE SU PRODUCCIÓN”, código 19IR-LR-121872','Inicial','2022-01-19',247292,NULL,NULL,NULL,NULL,NULL,NULL,'2022-01-19 12:28:09.033510','2022-01-19 12:28:09.115300',1043,'2022-01-19 12:28:09.117624',NULL,'~',3,41,3,0),(156,143,'Por favor incluir la siguiente glosa en la factura: DESARROLLO DE PORTAFOLIO DE POSTRES VEGETALES A BASE DE ALMENDRA Y DESECHOS DE SU PRODUCCIÓN”, código 19IR-LR-121872','Inicial','2022-01-19',247292,NULL,NULL,NULL,NULL,NULL,NULL,'2022-01-19 12:28:09.033510','2022-01-19 12:28:21.160552',1044,'2022-01-19 12:28:21.162070',NULL,'~',3,41,3,0),(156,143,'Por favor incluir la siguiente glosa en la factura: DESARROLLO DE PORTAFOLIO DE POSTRES VEGETALES A BASE DE ALMENDRA Y DESECHOS DE SU PRODUCCIÓN”, código 19IR-LR-121872','Validada','2022-01-19',247292,NULL,NULL,NULL,NULL,NULL,NULL,'2022-01-19 12:28:09.033510','2022-01-19 12:28:21.189293',1045,'2022-01-19 12:28:21.190675',NULL,'~',3,41,3,0),(157,144,'Por favor incluir la siguiente glosa en la factura: DESARROLLO DE PORTAFOLIO DE POSTRES VEGETALES A BASE DE ALMENDRA Y DESECHOS DE SU PRODUCCIÓN”, código 19IR-LR-121872','Inicial','2022-01-19',0,NULL,NULL,NULL,NULL,NULL,NULL,'2022-01-19 12:42:50.014583','2022-01-19 12:42:50.014607',1046,'2022-01-19 12:42:50.023178',NULL,'+',3,41,3,0),(157,144,'Por favor incluir la siguiente glosa en la factura: DESARROLLO DE PORTAFOLIO DE POSTRES VEGETALES A BASE DE ALMENDRA Y DESECHOS DE SU PRODUCCIÓN”, código 19IR-LR-121872','Inicial','2022-01-19',7800,NULL,NULL,NULL,NULL,NULL,NULL,'2022-01-19 12:42:50.014583','2022-01-19 12:42:50.071885',1047,'2022-01-19 12:42:50.074037',NULL,'~',3,41,3,0),(157,144,'Por favor incluir la siguiente glosa en la factura: DESARROLLO DE PORTAFOLIO DE POSTRES VEGETALES A BASE DE ALMENDRA Y DESECHOS DE SU PRODUCCIÓN”, código 19IR-LR-121872','Inicial','2022-01-19',7800,NULL,NULL,NULL,NULL,NULL,NULL,'2022-01-19 12:42:50.014583','2022-01-19 12:42:56.496918',1048,'2022-01-19 12:42:56.498742',NULL,'~',3,41,3,0),(157,144,'Por favor incluir la siguiente glosa en la factura: DESARROLLO DE PORTAFOLIO DE POSTRES VEGETALES A BASE DE ALMENDRA Y DESECHOS DE SU PRODUCCIÓN”, código 19IR-LR-121872','Validada','2022-01-19',7800,NULL,NULL,NULL,NULL,NULL,NULL,'2022-01-19 12:42:50.014583','2022-01-19 12:42:56.513770',1049,'2022-01-19 12:42:56.515690',NULL,'~',3,41,3,0),(158,145,'Por favor incluir la siguiente glosa en la factura: DESARROLLO DE PORTAFOLIO DE POSTRES VEGETALES A BASE DE ALMENDRA Y DESECHOS DE SU PRODUCCIÓN”, código 19IR-LR-121872','Inicial','2022-01-19',0,NULL,NULL,NULL,NULL,NULL,NULL,'2022-01-19 13:23:35.740592','2022-01-19 13:23:35.740610',1050,'2022-01-19 13:23:35.743587',NULL,'+',3,41,45,0),(158,145,'Por favor incluir la siguiente glosa en la factura: DESARROLLO DE PORTAFOLIO DE POSTRES VEGETALES A BASE DE ALMENDRA Y DESECHOS DE SU PRODUCCIÓN”, código 19IR-LR-121872','Inicial','2022-01-19',209400,NULL,NULL,NULL,NULL,NULL,NULL,'2022-01-19 13:23:35.740592','2022-01-19 13:23:35.798604',1051,'2022-01-19 13:23:35.800806',NULL,'~',3,41,45,0),(158,145,'Por favor incluir la siguiente glosa en la factura: DESARROLLO DE PORTAFOLIO DE POSTRES VEGETALES A BASE DE ALMENDRA Y DESECHOS DE SU PRODUCCIÓN”, código 19IR-LR-121872','Inicial','2022-01-19',209400,NULL,NULL,NULL,NULL,NULL,NULL,'2022-01-19 13:23:35.740592','2022-01-19 13:23:47.396864',1052,'2022-01-19 13:23:47.398328',NULL,'~',3,41,45,0),(158,145,'Por favor incluir la siguiente glosa en la factura: DESARROLLO DE PORTAFOLIO DE POSTRES VEGETALES A BASE DE ALMENDRA Y DESECHOS DE SU PRODUCCIÓN”, código 19IR-LR-121872','Validada','2022-01-19',209400,NULL,NULL,NULL,NULL,NULL,NULL,'2022-01-19 13:23:35.740592','2022-01-19 13:23:47.427798',1053,'2022-01-19 13:23:47.429082',NULL,'~',3,41,45,0),(159,146,'Por favor incluir la siguiente glosa en la factura: DESARROLLO DE PORTAFOLIO DE POSTRES VEGETALES A BASE DE ALMENDRA Y DESECHOS DE SU PRODUCCIÓN”, código 19IR-LR-121872','Inicial','2022-01-19',0,NULL,NULL,NULL,NULL,NULL,NULL,'2022-01-19 14:17:14.752519','2022-01-19 14:17:14.752539',1054,'2022-01-19 14:17:14.754126',NULL,'+',3,41,4,0),(159,146,'Por favor incluir la siguiente glosa en la factura: DESARROLLO DE PORTAFOLIO DE POSTRES VEGETALES A BASE DE ALMENDRA Y DESECHOS DE SU PRODUCCIÓN”, código 19IR-LR-121872','Inicial','2022-01-19',264400,NULL,NULL,NULL,NULL,NULL,NULL,'2022-01-19 14:17:14.752519','2022-01-19 14:17:14.883054',1055,'2022-01-19 14:17:14.885674',NULL,'~',3,41,4,0),(159,146,'Por favor incluir la siguiente glosa en la factura: DESARROLLO DE PORTAFOLIO DE POSTRES VEGETALES A BASE DE ALMENDRA Y DESECHOS DE SU PRODUCCIÓN”, código 19IR-LR-121872','Inicial','2022-01-19',264400,NULL,NULL,NULL,NULL,NULL,NULL,'2022-01-19 14:17:14.752519','2022-01-19 14:17:26.671369',1056,'2022-01-19 14:17:26.672793',NULL,'~',3,41,4,0),(159,146,'Por favor incluir la siguiente glosa en la factura: DESARROLLO DE PORTAFOLIO DE POSTRES VEGETALES A BASE DE ALMENDRA Y DESECHOS DE SU PRODUCCIÓN”, código 19IR-LR-121872','Validada','2022-01-19',264400,NULL,NULL,NULL,NULL,NULL,NULL,'2022-01-19 14:17:14.752519','2022-01-19 14:17:26.699720',1057,'2022-01-19 14:17:26.700595',NULL,'~',3,41,4,0),(160,147,'Por favor incluir la siguiente glosa en la factura: DESARROLLO DE PORTAFOLIO DE POSTRES VEGETALES A BASE DE ALMENDRA Y DESECHOS DE SU PRODUCCIÓN”, código 19IR-LR-121872','Inicial','2022-01-19',0,NULL,NULL,NULL,NULL,NULL,NULL,'2022-01-19 14:28:42.735195','2022-01-19 14:28:42.735211',1058,'2022-01-19 14:28:42.736127',NULL,'+',3,41,14,0),(160,147,'Por favor incluir la siguiente glosa en la factura: DESARROLLO DE PORTAFOLIO DE POSTRES VEGETALES A BASE DE ALMENDRA Y DESECHOS DE SU PRODUCCIÓN”, código 19IR-LR-121872','Inicial','2022-01-19',171239.87,NULL,NULL,NULL,NULL,NULL,NULL,'2022-01-19 14:28:42.735195','2022-01-19 14:28:42.775339',1059,'2022-01-19 14:28:42.776897',NULL,'~',3,41,14,0),(160,147,'Por favor incluir la siguiente glosa en la factura: DESARROLLO DE PORTAFOLIO DE POSTRES VEGETALES A BASE DE ALMENDRA Y DESECHOS DE SU PRODUCCIÓN”, código 19IR-LR-121872','Inicial','2022-01-19',171239.87,NULL,NULL,NULL,NULL,NULL,NULL,'2022-01-19 14:28:42.735195','2022-01-19 14:28:52.631295',1060,'2022-01-19 14:28:52.632908',NULL,'~',3,41,14,0),(160,147,'Por favor incluir la siguiente glosa en la factura: DESARROLLO DE PORTAFOLIO DE POSTRES VEGETALES A BASE DE ALMENDRA Y DESECHOS DE SU PRODUCCIÓN”, código 19IR-LR-121872','Validada','2022-01-19',171239.87,NULL,NULL,NULL,NULL,NULL,NULL,'2022-01-19 14:28:42.735195','2022-01-19 14:28:52.652720',1061,'2022-01-19 14:28:52.653612',NULL,'~',3,41,14,0),(149,136,'Por favor incluir la siguiente glosa en la factura: DESARROLLO DE PORTAFOLIO DE POSTRES VEGETALES A BASE DE ALMENDRA Y DESECHOS DE SU PRODUCCIÓN”, código 19IR-LR-121872','Semi-Recepcionada','2022-01-17',248120,NULL,'0000129501','2022-01-19','2022-01-19',NULL,NULL,'2022-01-17 16:06:31.444570','2022-01-19 15:27:36.825801',1062,'2022-01-19 15:27:36.827833',NULL,'~',3,39,29,0),(149,136,'Por favor incluir la siguiente glosa en la factura: DESARROLLO DE PORTAFOLIO DE POSTRES VEGETALES A BASE DE ALMENDRA Y DESECHOS DE SU PRODUCCIÓN”, código 19IR-LR-121872','Etiquetada','2022-01-17',248120,NULL,'0000129501','2022-01-19','2022-01-19',NULL,NULL,'2022-01-17 16:06:31.444570','2022-01-19 15:28:48.380719',1063,'2022-01-19 15:28:48.382789',NULL,'~',3,39,29,0),(149,136,'Por favor incluir la siguiente glosa en la factura: DESARROLLO DE PORTAFOLIO DE POSTRES VEGETALES A BASE DE ALMENDRA Y DESECHOS DE SU PRODUCCIÓN”, código 19IR-LR-121872','Etiquetada','2022-01-17',248120,NULL,'0000129501','2022-01-19','2022-01-19',NULL,NULL,'2022-01-17 16:06:31.444570','2022-01-19 15:28:48.721983',1064,'2022-01-19 15:28:48.723863',NULL,'~',3,39,29,0),(150,137,'Por favor incluir la siguiente glosa en la factura: DESARROLLO DE PORTAFOLIO DE POSTRES VEGETALES A BASE DE ALMENDRA Y DESECHOS DE SU PRODUCCIÓN”, código 19IR-LR-121872','Recepcionada','2022-01-18',1776240.0000000002,NULL,'73260','2022-01-20','2022-01-20',NULL,NULL,'2022-01-18 09:35:44.408628','2022-01-20 10:28:59.136071',1065,'2022-01-20 10:28:59.138200',NULL,'~',3,45,6,0),(150,137,'Por favor incluir la siguiente glosa en la factura: DESARROLLO DE PORTAFOLIO DE POSTRES VEGETALES A BASE DE ALMENDRA Y DESECHOS DE SU PRODUCCIÓN”, código 19IR-LR-121872','Etiquetada','2022-01-18',1776240.0000000002,NULL,'73260','2022-01-20','2022-01-20',NULL,NULL,'2022-01-18 09:35:44.408628','2022-01-20 12:05:35.347550',1066,'2022-01-20 12:05:35.348805',NULL,'~',3,45,6,0),(155,142,'Por favor incluir la siguiente glosa en la factura: DESARROLLO DE PORTAFOLIO DE POSTRES VEGETALES A BASE DE ALMENDRA Y DESECHOS DE SU PRODUCCIÓN”, código 19IR-LR-121872','Recepcionada','2022-01-19',128723,NULL,'281669','2022-01-20','2022-01-20',NULL,NULL,'2022-01-19 11:54:14.277919','2022-01-20 12:22:36.056341',1067,'2022-01-20 12:22:36.058241',NULL,'~',3,45,11,0),(155,142,'Por favor incluir la siguiente glosa en la factura: DESARROLLO DE PORTAFOLIO DE POSTRES VEGETALES A BASE DE ALMENDRA Y DESECHOS DE SU PRODUCCIÓN”, código 19IR-LR-121872','Etiquetada','2022-01-19',128723,NULL,'281669','2022-01-20','2022-01-20',NULL,NULL,'2022-01-19 11:54:14.277919','2022-01-20 12:26:25.403019',1068,'2022-01-20 12:26:25.404681',NULL,'~',3,45,11,0),(147,134,'Por favor incluir la siguiente glosa en la factura: DESARROLLO DE PORTAFOLIO DE POSTRES VEGETALES A BASE DE ALMENDRA Y DESECHOS DE SU PRODUCCIÓN”, código 19IR-LR-121872','Recepcionada','2022-01-17',105000,NULL,'127971','2022-01-20','2022-01-19',NULL,NULL,'2022-01-17 14:33:54.462984','2022-01-20 12:32:07.815857',1069,'2022-01-20 12:32:07.818354',NULL,'~',3,45,4,0),(147,134,'Por favor incluir la siguiente glosa en la factura: DESARROLLO DE PORTAFOLIO DE POSTRES VEGETALES A BASE DE ALMENDRA Y DESECHOS DE SU PRODUCCIÓN”, código 19IR-LR-121872','Etiquetada','2022-01-17',105000,NULL,'127971','2022-01-20','2022-01-19',NULL,NULL,'2022-01-17 14:33:54.462984','2022-01-20 12:33:15.483373',1070,'2022-01-20 12:33:15.485277',NULL,'~',3,45,4,0),(147,134,'Por favor incluir la siguiente glosa en la factura: DESARROLLO DE PORTAFOLIO DE POSTRES VEGETALES A BASE DE ALMENDRA Y DESECHOS DE SU PRODUCCIÓN”, código 19IR-LR-121872','Etiquetada','2022-01-17',105000,NULL,'127971','2022-01-20','2022-01-19',NULL,NULL,'2022-01-17 14:33:54.462984','2022-01-20 12:33:15.590324',1071,'2022-01-20 12:33:15.595850',NULL,'~',3,45,4,0),(147,134,'Por favor incluir la siguiente glosa en la factura: DESARROLLO DE PORTAFOLIO DE POSTRES VEGETALES A BASE DE ALMENDRA Y DESECHOS DE SU PRODUCCIÓN”, código 19IR-LR-121872','Etiquetada','2022-01-17',105000,NULL,'127971','2022-01-20','2022-01-19',NULL,NULL,'2022-01-17 14:33:54.462984','2022-01-20 12:33:15.598056',1072,'2022-01-20 12:33:15.602791',NULL,'~',3,45,4,0),(160,147,'Por favor incluir la siguiente glosa en la factura: DESARROLLO DE PORTAFOLIO DE POSTRES VEGETALES A BASE DE ALMENDRA Y DESECHOS DE SU PRODUCCIÓN”, código 19IR-LR-121872','Recepcionada','2022-01-19',171239.87,NULL,'10252','2022-01-20','2022-01-20',NULL,NULL,'2022-01-19 14:28:42.735195','2022-01-20 14:40:55.455839',1073,'2022-01-20 14:40:55.457471',NULL,'~',3,45,14,0),(160,147,'Por favor incluir la siguiente glosa en la factura: DESARROLLO DE PORTAFOLIO DE POSTRES VEGETALES A BASE DE ALMENDRA Y DESECHOS DE SU PRODUCCIÓN”, código 19IR-LR-121872','Recepcionada','2022-01-19',171239.87,NULL,'10252','2022-01-20','2022-01-20',NULL,NULL,'2022-01-19 14:28:42.735195','2022-01-20 14:41:20.765129',1074,'2022-01-20 14:41:20.771106',NULL,'~',3,45,14,0),(160,147,'Por favor incluir la siguiente glosa en la factura: DESARROLLO DE PORTAFOLIO DE POSTRES VEGETALES A BASE DE ALMENDRA Y DESECHOS DE SU PRODUCCIÓN”, código 19IR-LR-121872','Recepcionada','2022-01-19',170040,NULL,'10252','2022-01-20','2022-01-20',NULL,NULL,'2022-01-19 14:28:42.735195','2022-01-20 14:42:04.050172',1075,'2022-01-20 14:42:04.052063',NULL,'~',3,45,14,0),(160,147,'Por favor incluir la siguiente glosa en la factura: DESARROLLO DE PORTAFOLIO DE POSTRES VEGETALES A BASE DE ALMENDRA Y DESECHOS DE SU PRODUCCIÓN”, código 19IR-LR-121872','Etiquetada','2022-01-19',170040,NULL,'10252','2022-01-20','2022-01-20',NULL,NULL,'2022-01-19 14:28:42.735195','2022-01-20 14:42:18.049354',1076,'2022-01-20 14:42:18.050742',NULL,'~',3,45,14,0),(148,135,'Por favor incluir la siguiente glosa en la factura: DESARROLLO DE PORTAFOLIO DE POSTRES VEGETALES A BASE DE ALMENDRA Y DESECHOS DE SU PRODUCCIÓN”, código 19IR-LR-121872','Recepcionada','2022-01-17',474335.6,NULL,'10245','2022-01-20','2022-01-20',NULL,NULL,'2022-01-17 14:38:03.912595','2022-01-20 14:45:49.165659',1077,'2022-01-20 14:45:49.167402',NULL,'~',3,45,14,0),(148,135,'Por favor incluir la siguiente glosa en la factura: DESARROLLO DE PORTAFOLIO DE POSTRES VEGETALES A BASE DE ALMENDRA Y DESECHOS DE SU PRODUCCIÓN”, código 19IR-LR-121872','Validada','2022-01-17',474335.6,NULL,'10245','2022-01-20','2022-01-20',NULL,NULL,'2022-01-17 14:38:03.912595','2022-01-20 14:46:09.594088',1078,'2022-01-20 14:46:09.596603',NULL,'~',3,45,14,0),(148,135,'Por favor incluir la siguiente glosa en la factura: DESARROLLO DE PORTAFOLIO DE POSTRES VEGETALES A BASE DE ALMENDRA Y DESECHOS DE SU PRODUCCIÓN”, código 19IR-LR-121872','Recepcionada','2022-01-17',474060,NULL,'10245','2022-01-20','2022-01-20',NULL,NULL,'2022-01-17 14:38:03.912595','2022-01-20 14:47:06.734096',1079,'2022-01-20 14:47:06.736354',NULL,'~',3,45,14,0),(148,135,'Por favor incluir la siguiente glosa en la factura: DESARROLLO DE PORTAFOLIO DE POSTRES VEGETALES A BASE DE ALMENDRA Y DESECHOS DE SU PRODUCCIÓN”, código 19IR-LR-121872','Etiquetada','2022-01-17',474060,NULL,'10245','2022-01-20','2022-01-20',NULL,NULL,'2022-01-17 14:38:03.912595','2022-01-20 14:47:10.453031',1080,'2022-01-20 14:47:10.454739',NULL,'~',3,45,14,0);
/*!40000 ALTER TABLE `ordendecompra_historicalordendecompra` ENABLE KEYS */;
UNLOCK TABLES;

--
-- Table structure for table `ordendecompra_historicalordendecomprainsumo`
--

DROP TABLE IF EXISTS `ordendecompra_historicalordendecomprainsumo`;
/*!40101 SET @saved_cs_client     = @@character_set_client */;
/*!40101 SET character_set_client = utf8 */;
CREATE TABLE `ordendecompra_historicalordendecomprainsumo` (
  `id` bigint(20) NOT NULL,
  `cantidad` bigint(20) NOT NULL,
  `cantidad_recibida` bigint(20) NOT NULL,
  `neto` double NOT NULL,
  `conversion` double DEFAULT NULL,
  `history_id` int(11) NOT NULL AUTO_INCREMENT,
  `history_date` datetime(6) NOT NULL,
  `history_change_reason` varchar(100) DEFAULT NULL,
  `history_type` varchar(1) NOT NULL,
  `history_user_id` int(11) DEFAULT NULL,
  `insumo_id` bigint(20) DEFAULT NULL,
  `orden_id` bigint(20) DEFAULT NULL,
  `moneda` double NOT NULL,
  PRIMARY KEY (`history_id`),
  KEY `ordendecompra_histor_history_user_id_a03ccc45_fk_auth_user` (`history_user_id`),
  KEY `ordendecompra_historicalordendecomprainsumo_id_325aae11` (`id`),
  KEY `ordendecompra_historicalordendecomprainsumo_insumo_id_b625484a` (`insumo_id`),
  KEY `ordendecompra_historicalordendecomprainsumo_orden_id_1125a2ef` (`orden_id`),
  CONSTRAINT `ordendecompra_histor_history_user_id_a03ccc45_fk_auth_user` FOREIGN KEY (`history_user_id`) REFERENCES `auth_user` (`id`)
) ENGINE=InnoDB AUTO_INCREMENT=912 DEFAULT CHARSET=latin1;
/*!40101 SET character_set_client = @saved_cs_client */;

--
-- Dumping data for table `ordendecompra_historicalordendecomprainsumo`
--

LOCK TABLES `ordendecompra_historicalordendecomprainsumo` WRITE;
/*!40000 ALTER TABLE `ordendecompra_historicalordendecomprainsumo` DISABLE KEYS */;
INSERT INTO `ordendecompra_historicalordendecomprainsumo` VALUES (1,15,0,1500,NULL,1,'2021-08-31 16:09:10.822225',NULL,'~',1,1,1,0),(1,15,0,1500,NULL,2,'2021-08-31 16:09:55.779643',NULL,'~',1,1,1,0),(1,15,0,1500,NULL,3,'2021-09-07 09:17:36.469143',NULL,'-',NULL,1,1,0),(1,25,0,150,NULL,4,'2021-09-07 11:53:09.838757',NULL,'+',1,4,2,0),(1,25,0,150,NULL,5,'2021-09-07 11:53:26.413155',NULL,'~',1,4,2,0),(1,25,25,150,NULL,6,'2021-09-07 11:53:44.622106',NULL,'~',1,4,2,0),(2,50,0,150,NULL,7,'2021-09-21 19:12:30.346815',NULL,'+',1,4,3,0),(2,50,0,150,NULL,8,'2021-09-21 19:12:42.471706',NULL,'~',1,4,3,0),(2,50,50,150,NULL,9,'2021-09-21 19:13:03.907773',NULL,'~',1,4,3,0),(3,100,0,1400,NULL,10,'2021-10-22 10:12:54.966919',NULL,'+',41,5,4,0),(3,100,0,1400,NULL,11,'2021-10-22 10:19:44.559372',NULL,'~',41,5,4,0),(2,50,50,150,NULL,12,'2021-10-22 10:25:19.347740',NULL,'-',41,4,3,0),(1,25,25,150,NULL,13,'2021-10-22 10:25:19.349471',NULL,'-',41,4,2,0),(4,20000,0,27,NULL,14,'2021-10-25 17:25:00.662531',NULL,'+',41,6,5,0),(5,1,0,22825,NULL,15,'2021-10-25 17:43:41.298791',NULL,'+',41,8,6,0),(6,1,0,87500,NULL,16,'2021-10-25 17:43:41.301655',NULL,'+',41,7,6,0),(5,5,0,4565,NULL,17,'2021-10-25 17:45:25.870262',NULL,'~',41,8,6,0),(6,25,0,3500,NULL,18,'2021-10-25 17:45:25.874715',NULL,'~',41,7,6,0),(7,25,0,5500,NULL,19,'2021-10-26 16:18:08.949777',NULL,'+',41,9,7,0),(8,6,0,79800,NULL,20,'2021-10-27 10:16:05.459658',NULL,'+',41,10,8,0),(9,25,0,1350,NULL,21,'2021-10-28 12:22:44.486055',NULL,'+',41,11,9,0),(3,100,100,1400,NULL,22,'2021-10-28 12:27:14.753375',NULL,'~',41,5,4,0),(9,25,0,2350,NULL,23,'2021-10-29 08:33:42.988488',NULL,'~',41,11,9,0),(7,25,0,5500,NULL,24,'2021-11-02 15:09:29.499741',NULL,'~',39,9,7,0),(7,25,0,5500,NULL,25,'2021-11-02 15:11:02.777107',NULL,'~',39,9,7,0),(7,25,25,5500,NULL,26,'2021-11-02 15:21:53.610388',NULL,'~',39,9,7,0),(8,6,0,79800,NULL,27,'2021-11-02 15:35:03.276777',NULL,'~',41,10,8,0),(5,5,5,4565,NULL,28,'2021-11-02 15:35:54.362975',NULL,'~',41,8,6,0),(6,25,25,3500,NULL,29,'2021-11-02 15:35:55.734960',NULL,'~',41,7,6,0),(10,1,0,18,NULL,30,'2021-11-02 16:48:05.302317',NULL,'+',1,12,12,0),(10,1,0,18,NULL,31,'2021-11-02 16:54:03.875421',NULL,'~',1,12,12,0),(9,25,0,2350,NULL,32,'2021-11-02 16:54:28.326770',NULL,'-',1,11,9,0),(10,1,0,18,NULL,33,'2021-11-02 16:58:22.554523',NULL,'-',1,12,12,0),(11,3,0,18,NULL,34,'2021-11-02 16:58:34.125652',NULL,'+',1,12,13,0),(11,3,0,18,NULL,35,'2021-11-02 16:58:42.329711',NULL,'-',1,12,13,0),(12,36000,0,18,NULL,36,'2021-11-02 17:00:44.398581',NULL,'+',41,12,14,0),(13,10,0,22014,NULL,37,'2021-11-08 10:58:38.963162',NULL,'+',41,15,15,0),(14,100,0,561,NULL,38,'2021-11-08 11:47:30.830220',NULL,'+',41,18,16,0),(15,175,0,2590,NULL,39,'2021-11-08 11:47:30.838752',NULL,'+',41,17,16,0),(15,175,0,2590,NULL,40,'2021-11-08 12:12:20.176660',NULL,'~',41,17,16,0),(14,100,0,665,NULL,41,'2021-11-08 12:12:20.184596',NULL,'~',41,18,16,0),(16,25,0,6707,NULL,42,'2021-11-09 09:28:33.779606',NULL,'+',41,19,17,0),(16,25,0,7018,NULL,43,'2021-11-09 10:48:15.646698',NULL,'~',41,19,17,0),(13,10,0,22014,NULL,44,'2021-11-09 16:32:28.512270',NULL,'~',42,15,15,0),(15,175,150,2590,NULL,45,'2021-11-09 17:15:27.167353',NULL,'~',41,17,16,0),(14,100,100,665,NULL,46,'2021-11-09 17:15:28.269636',NULL,'~',41,18,16,0),(15,175,150,2590,NULL,47,'2021-11-09 17:17:31.689311',NULL,'~',41,17,16,0),(14,100,100,665,NULL,48,'2021-11-09 17:17:31.701655',NULL,'~',41,18,16,0),(17,5,0,1850,NULL,49,'2021-11-10 17:47:28.371976',NULL,'+',1,21,18,0),(18,2,0,1850,NULL,50,'2021-11-10 17:47:28.563794',NULL,'+',1,20,18,0),(18,2,0,1850,NULL,51,'2021-11-10 17:47:40.305038',NULL,'~',1,20,18,0),(17,5,0,1850,NULL,52,'2021-11-10 17:47:40.438758',NULL,'~',1,21,18,0),(19,5,0,79800,NULL,53,'2021-11-11 09:50:47.332643',NULL,'+',1,10,19,0),(20,5,0,83500,NULL,54,'2021-11-11 09:50:59.368841',NULL,'+',1,10,20,0),(21,6,0,85950,NULL,55,'2021-11-11 10:00:59.179248',NULL,'+',1,10,21,0),(21,6,0,85950,NULL,56,'2021-11-11 10:10:09.392992',NULL,'~',1,10,21,0),(21,6,6,85950,NULL,57,'2021-11-11 10:54:35.375449',NULL,'~',1,10,21,0),(21,6,0,85950,NULL,58,'2021-11-11 15:09:07.637285',NULL,'~',1,10,21,0),(21,6,5,85950,NULL,59,'2021-11-11 15:12:07.981170',NULL,'~',1,10,21,0),(21,6,0,85950,NULL,60,'2021-11-11 15:12:20.787874',NULL,'~',1,10,21,0),(21,6,5,85950,NULL,61,'2021-11-11 15:17:27.021504',NULL,'~',1,10,21,0),(21,6,0,85950,NULL,62,'2021-11-11 15:18:23.810856',NULL,'~',1,10,21,0),(21,6,5,85950,NULL,63,'2021-11-11 15:18:37.147320',NULL,'~',1,10,21,0),(21,6,0,85950,NULL,64,'2021-11-11 15:18:45.109689',NULL,'~',1,10,21,0),(21,6,5,85950,NULL,65,'2021-11-11 15:18:51.866047',NULL,'~',1,10,21,0),(21,6,0,85950,NULL,66,'2021-11-11 15:53:16.594840',NULL,'~',1,10,21,0),(21,6,5,85950,NULL,67,'2021-11-11 15:53:24.915954',NULL,'~',1,10,21,0),(21,6,5,85950,NULL,68,'2021-11-11 15:54:03.534143',NULL,'~',1,10,21,0),(21,6,5,85950,NULL,69,'2021-11-11 15:54:15.133497',NULL,'~',1,10,21,0),(21,6,5,85950,NULL,70,'2021-11-11 15:55:15.421991',NULL,'~',1,10,21,0),(22,5000,0,85950,NULL,71,'2021-11-12 11:33:17.666407',NULL,'+',1,10,22,0),(22,5000,0,85950,NULL,72,'2021-11-12 11:33:24.785313',NULL,'~',1,10,22,0),(22,5000,5000,85950,NULL,73,'2021-11-12 11:33:34.901330',NULL,'~',1,10,22,0),(19,5,0,79800,NULL,74,'2021-11-14 10:47:20.261235',NULL,'-',1,10,19,0),(20,5,0,83500,NULL,75,'2021-11-14 10:47:25.267133',NULL,'-',1,10,20,0),(21,6,5,85950,NULL,76,'2021-11-14 10:47:33.176231',NULL,'-',1,10,21,0),(22,5000,5000,85950,NULL,77,'2021-11-14 10:47:41.513315',NULL,'-',1,10,22,0),(19,456,0,1895,NULL,78,'2021-11-15 12:54:41.659813',NULL,'+',41,27,19,0),(20,4000,0,313,NULL,79,'2021-11-15 13:46:33.695876',NULL,'+',41,28,20,0),(20,2000,0,313,NULL,80,'2021-11-16 14:01:37.039442',NULL,'~',41,28,20,0),(19,456,0,1895,NULL,81,'2021-11-16 14:03:35.459164',NULL,'~',42,27,19,0),(21,10,0,1400,NULL,82,'2021-11-16 14:39:45.714082',NULL,'+',42,5,21,0),(21,10,0,1400,NULL,83,'2021-11-16 14:39:56.793292',NULL,'~',42,5,21,0),(21,10,10,1400,NULL,84,'2021-11-16 14:40:47.235970',NULL,'~',42,5,21,0),(21,10,10,1400,NULL,85,'2021-11-16 14:42:08.924878',NULL,'~',42,5,21,0),(21,10,0,1400,NULL,86,'2021-11-16 14:46:48.223848',NULL,'~',42,5,21,0),(21,4,0,1400,NULL,87,'2021-11-16 14:47:59.404780',NULL,'~',42,5,21,0),(21,4,0,1400,NULL,88,'2021-11-16 14:51:00.603485',NULL,'~',42,5,21,0),(21,4,0,1400,NULL,89,'2021-11-16 14:52:07.932651',NULL,'-',42,5,21,0),(22,4,0,665,NULL,90,'2021-11-16 14:54:17.467329',NULL,'+',42,18,22,0),(23,2,0,2590,NULL,91,'2021-11-16 14:54:17.470702',NULL,'+',42,17,22,0),(24,4,0,64750,NULL,92,'2021-11-16 14:54:17.474616',NULL,'+',42,16,22,0),(22,4,0,665,NULL,93,'2021-11-16 14:54:33.844736',NULL,'~',42,18,22,0),(23,2,0,2590,NULL,94,'2021-11-16 14:54:33.852497',NULL,'~',42,17,22,0),(24,4,0,64750,NULL,95,'2021-11-16 14:54:33.859112',NULL,'~',42,16,22,0),(22,4,5,665,NULL,96,'2021-11-16 14:56:29.836484',NULL,'~',42,18,22,0),(22,4,0,665,NULL,97,'2021-11-16 15:32:25.846428',NULL,'~',42,18,22,0),(23,2,0,2590,NULL,98,'2021-11-16 15:32:25.858102',NULL,'~',42,17,22,0),(24,4,0,64750,NULL,99,'2021-11-16 15:32:25.866233',NULL,'~',42,16,22,0),(22,4,0,665,NULL,100,'2021-11-16 15:32:57.172639',NULL,'~',42,18,22,0),(23,2,0,2590,NULL,101,'2021-11-16 15:32:57.177449',NULL,'~',42,17,22,0),(24,4,0,64750,NULL,102,'2021-11-16 15:32:57.200721',NULL,'~',42,16,22,0),(23,2,2,2590,NULL,103,'2021-11-16 15:33:53.771556',NULL,'~',42,17,22,0),(24,4,4,64750,NULL,104,'2021-11-16 15:33:53.788667',NULL,'~',42,16,22,0),(22,4,0,665,NULL,105,'2021-11-16 15:38:44.538675',NULL,'~',42,18,22,0),(23,2,0,2590,NULL,106,'2021-11-16 15:38:44.548009',NULL,'~',42,17,22,0),(24,4,0,64750,NULL,107,'2021-11-16 15:38:44.556731',NULL,'~',42,16,22,0),(24,4,4,64750,NULL,108,'2021-11-16 15:54:50.877312',NULL,'~',42,16,22,0),(22,4,0,665,NULL,109,'2021-11-16 16:32:04.982239',NULL,'~',1,18,22,0),(23,2,0,2590,NULL,110,'2021-11-16 16:32:04.995677',NULL,'~',1,17,22,0),(24,4,0,64750,NULL,111,'2021-11-16 16:32:05.005251',NULL,'~',1,16,22,0),(22,4,4,665,NULL,112,'2021-11-16 16:32:18.925872',NULL,'~',1,18,22,0),(24,4,4,64750,NULL,113,'2021-11-16 16:32:18.942830',NULL,'~',1,16,22,0),(22,4,0,665,NULL,114,'2021-11-16 16:32:26.692861',NULL,'~',1,18,22,0),(23,2,0,2590,NULL,115,'2021-11-16 16:32:26.700219',NULL,'~',1,17,22,0),(24,4,0,64750,NULL,116,'2021-11-16 16:32:26.708312',NULL,'~',1,16,22,0),(22,4,4,665,NULL,117,'2021-11-16 16:33:26.468967',NULL,'~',42,18,22,0),(23,2,2,2590,NULL,118,'2021-11-16 16:33:26.478844',NULL,'~',42,17,22,0),(24,4,4,64750,NULL,119,'2021-11-16 16:33:26.492525',NULL,'~',42,16,22,0),(22,4,0,665,NULL,120,'2021-11-16 17:01:39.538067',NULL,'~',1,18,22,0),(23,2,0,2590,NULL,121,'2021-11-16 17:01:39.544692',NULL,'~',1,17,22,0),(24,4,0,64750,NULL,122,'2021-11-16 17:01:39.551627',NULL,'~',1,16,22,0),(22,4,4,665,NULL,123,'2021-11-16 17:01:47.361576',NULL,'~',1,18,22,0),(23,2,2,2590,NULL,124,'2021-11-16 17:01:47.376914',NULL,'~',1,17,22,0),(24,4,4,64750,NULL,125,'2021-11-16 17:01:47.394197',NULL,'~',1,16,22,0),(22,4,0,665,NULL,126,'2021-11-16 17:02:26.569257',NULL,'~',1,18,22,0),(23,2,0,2590,NULL,127,'2021-11-16 17:02:26.575481',NULL,'~',1,17,22,0),(24,4,0,64750,NULL,128,'2021-11-16 17:02:26.583800',NULL,'~',1,16,22,0),(22,4,4,665,NULL,129,'2021-11-16 17:02:35.724301',NULL,'~',1,18,22,0),(23,2,2,2590,NULL,130,'2021-11-16 17:02:35.736776',NULL,'~',1,17,22,0),(24,4,4,64750,NULL,131,'2021-11-16 17:02:35.747704',NULL,'~',1,16,22,0),(22,4,0,665,NULL,132,'2021-11-16 17:05:17.080449',NULL,'~',1,18,22,0),(23,2,0,2590,NULL,133,'2021-11-16 17:05:17.089388',NULL,'~',1,17,22,0),(24,4,0,64750,NULL,134,'2021-11-16 17:05:17.097841',NULL,'~',1,16,22,0),(22,4,4,665,NULL,135,'2021-11-16 17:05:43.670775',NULL,'~',1,18,22,0),(23,2,2,2590,NULL,136,'2021-11-16 17:05:43.683550',NULL,'~',1,17,22,0),(24,4,4,64750,NULL,137,'2021-11-16 17:05:43.696134',NULL,'~',1,16,22,0),(22,4,0,665,NULL,138,'2021-11-16 17:11:15.151934',NULL,'~',42,18,22,0),(23,2,0,2590,NULL,139,'2021-11-16 17:11:15.173547',NULL,'~',42,17,22,0),(24,4,0,64750,NULL,140,'2021-11-16 17:11:15.190530',NULL,'~',42,16,22,0),(22,4,0,665,NULL,141,'2021-11-16 17:11:43.495228',NULL,'~',42,18,22,0),(23,2,0,2590,NULL,142,'2021-11-16 17:11:43.499572',NULL,'~',42,17,22,0),(24,4,0,64750,NULL,143,'2021-11-16 17:11:43.504098',NULL,'~',42,16,22,0),(22,4,4,665,NULL,144,'2021-11-16 17:12:38.113335',NULL,'~',42,18,22,0),(23,2,2,2590,NULL,145,'2021-11-16 17:12:38.153253',NULL,'~',42,17,22,0),(24,4,4,64750,NULL,146,'2021-11-16 17:12:38.203867',NULL,'~',42,16,22,0),(25,1,0,1451800,NULL,147,'2021-11-18 15:34:58.878385',NULL,'+',41,64,23,1),(26,456,0,1895,NULL,148,'2021-11-19 13:33:11.578328',NULL,'+',41,27,24,1),(27,1,0,7302,NULL,149,'2021-11-19 17:15:25.565220',NULL,'+',42,147,25,1),(27,1,0,7302,NULL,150,'2021-11-19 17:15:49.576328',NULL,'~',42,147,25,1),(28,15,0,24028.9,NULL,151,'2021-11-22 10:10:07.021855',NULL,'+',41,41,26,942.31),(29,2000,0,12,NULL,152,'2021-11-22 10:21:47.249106',NULL,'+',41,140,27,1),(30,2000,0,12,NULL,153,'2021-11-22 10:21:47.253577',NULL,'+',41,138,27,1),(31,6000,0,12,NULL,154,'2021-11-22 10:21:47.258093',NULL,'+',41,136,27,1),(32,9000,0,12,NULL,155,'2021-11-22 10:21:47.267890',NULL,'+',41,135,27,1),(33,2000,0,12,NULL,156,'2021-11-22 10:21:47.273730',NULL,'+',41,131,27,1),(34,2000,0,12,NULL,157,'2021-11-22 10:21:47.277904',NULL,'+',41,116,27,1),(35,2000,0,12,NULL,158,'2021-11-22 10:21:47.282880',NULL,'+',41,111,27,1),(36,1,0,54126.8,NULL,159,'2021-11-22 11:53:17.251711',NULL,'+',41,145,28,832.72),(37,4,0,28750,NULL,160,'2021-11-22 11:53:17.256478',NULL,'+',41,144,28,1),(38,4,0,116580.8,NULL,161,'2021-11-22 11:53:17.276709',NULL,'+',41,143,28,832.72),(39,1,0,1850000,NULL,162,'2021-11-22 14:59:05.114107',NULL,'+',41,66,29,1),(40,1,0,1850000,NULL,163,'2021-11-22 14:59:05.119446',NULL,'+',41,65,29,1),(41,8,0,64750,NULL,164,'2021-11-24 10:29:00.482351',NULL,'+',41,16,30,1),(42,1,0,66000,NULL,165,'2021-11-24 12:14:08.120732',NULL,'+',41,150,31,1),(43,1,0,5400,NULL,166,'2021-11-24 12:14:08.125740',NULL,'+',41,149,31,1),(44,1,0,3000,NULL,167,'2021-11-24 12:14:08.130561',NULL,'+',41,148,31,1),(45,20,0,5250,NULL,168,'2021-11-24 12:14:08.137124',NULL,'+',41,22,31,1),(42,1,0,66000,NULL,169,'2021-11-24 12:21:20.997583',NULL,'-',41,150,31,1),(46,4,0,6600,NULL,170,'2021-11-24 12:26:30.615067',NULL,'+',41,151,32,1),(47,1,0,5400,NULL,171,'2021-11-24 12:26:30.621202',NULL,'+',41,149,32,1),(48,1,0,3000,NULL,172,'2021-11-24 12:26:30.626893',NULL,'+',41,148,32,1),(49,20,0,5250,NULL,173,'2021-11-24 12:26:30.633089',NULL,'+',41,22,32,1),(50,3,0,236502.48,NULL,174,'2021-11-24 12:32:39.945378',NULL,'+',41,72,33,809.94),(51,4,0,28750,NULL,175,'2021-11-24 15:07:16.060910',NULL,'+',41,144,34,1),(52,3,0,113391.6,NULL,176,'2021-11-24 15:07:16.063830',NULL,'+',41,143,34,809.94),(39,1,0,1850000,NULL,177,'2021-11-25 09:00:28.924716',NULL,'~',41,66,29,1),(40,1,0,1850000,NULL,178,'2021-11-25 09:00:28.931521',NULL,'~',41,65,29,1),(41,8,0,64750,NULL,179,'2021-11-25 09:00:51.902787',NULL,'~',41,16,30,1),(46,4,0,6600,NULL,180,'2021-11-25 09:01:40.971504',NULL,'~',41,151,32,1),(47,1,0,5400,NULL,181,'2021-11-25 09:01:40.980460',NULL,'~',41,149,32,1),(48,1,0,3000,NULL,182,'2021-11-25 09:01:40.989532',NULL,'~',41,148,32,1),(49,20,0,5250,NULL,183,'2021-11-25 09:01:40.995396',NULL,'~',41,22,32,1),(28,15,0,21475,NULL,184,'2021-11-25 09:13:16.068882',NULL,'~',41,41,26,942.31),(28,15,15,21475,NULL,185,'2021-11-25 09:14:07.077798',NULL,'~',41,41,26,942.31),(16,25,25,7017.51,NULL,186,'2021-11-25 09:25:23.124778',NULL,'~',41,19,17,0),(46,4,4,6600,NULL,187,'2021-11-26 15:27:19.491751',NULL,'~',41,151,32,1),(47,1,1,5400,NULL,188,'2021-11-26 15:27:21.329100',NULL,'~',41,149,32,1),(48,1,0,3000,NULL,189,'2021-11-26 15:27:23.094339',NULL,'~',41,148,32,1),(49,20,20,5250,NULL,190,'2021-11-26 15:27:23.968867',NULL,'~',41,22,32,1),(53,648,0,1895,NULL,191,'2021-11-29 13:11:21.544123',NULL,'+',41,27,35,1),(54,40,0,11000,NULL,192,'2021-11-30 09:40:42.715405',NULL,'+',41,100,36,1),(54,40,0,11000,NULL,193,'2021-11-30 09:40:56.031195',NULL,'~',41,100,36,1),(55,12000,0,28,NULL,194,'2021-12-01 14:29:38.309207',NULL,'+',41,152,37,1),(55,10000,0,28,NULL,195,'2021-12-01 14:30:43.077134',NULL,'~',41,152,37,1),(56,25,0,1350,NULL,196,'2021-12-01 14:42:37.556456',NULL,'+',41,11,38,1),(56,25,0,2350,NULL,197,'2021-12-01 15:16:40.968674',NULL,'~',41,11,38,1),(57,2000,0,12,NULL,198,'2021-12-01 15:51:33.201491',NULL,'+',41,140,39,1),(58,2000,0,12,NULL,199,'2021-12-01 15:51:33.206843',NULL,'+',41,138,39,1),(59,2000,0,12,NULL,200,'2021-12-01 15:51:33.213869',NULL,'+',41,136,39,1),(60,9000,0,12,NULL,201,'2021-12-01 15:51:33.219795',NULL,'+',41,135,39,1),(61,3000,0,12,NULL,202,'2021-12-01 15:51:33.225240',NULL,'+',41,131,39,1),(62,3000,0,12,NULL,203,'2021-12-01 15:51:33.230133',NULL,'+',41,116,39,1),(63,4000,0,12,NULL,204,'2021-12-01 15:51:33.234194',NULL,'+',41,111,39,1),(64,4000,0,120.61,NULL,205,'2021-12-02 09:35:20.910710',NULL,'+',41,154,40,828.17),(65,6,0,26400,NULL,206,'2021-12-02 09:37:56.123464',NULL,'+',41,70,41,1),(66,10000,0,23,NULL,207,'2021-12-02 10:38:00.443567',NULL,'+',41,35,42,1),(66,10000,0,30,NULL,208,'2021-12-02 13:48:33.726402',NULL,'~',41,35,42,1),(67,1,0,92368,NULL,209,'2021-12-03 05:45:59.211133',NULL,'+',42,155,43,1),(67,1,0,92368,NULL,210,'2021-12-03 05:48:21.059200',NULL,'~',42,155,43,1),(68,348,0,1895,NULL,211,'2021-12-06 11:20:53.901705',NULL,'+',41,27,44,1),(69,4,0,36135,NULL,212,'2021-12-07 09:43:14.054914',NULL,'+',42,156,45,1),(69,4,0,36135,NULL,213,'2021-12-07 09:49:00.916439',NULL,'~',42,156,45,1),(70,200,0,2590,NULL,214,'2021-12-07 09:50:35.557476',NULL,'+',41,17,46,1),(71,200,0,2549,NULL,215,'2021-12-07 09:56:53.961019',NULL,'+',41,17,47,1),(71,200,0,2549,NULL,216,'2021-12-07 09:58:24.648774',NULL,'~',41,17,47,1),(72,1,0,2151.8,NULL,217,'2021-12-07 10:13:16.578137',NULL,'+',42,158,48,1),(73,6,0,1134.4,NULL,218,'2021-12-07 10:13:16.582535',NULL,'+',42,157,48,1),(72,1,0,2151.8,NULL,219,'2021-12-07 10:13:36.046399',NULL,'~',42,158,48,1),(73,6,0,1134.4,NULL,220,'2021-12-07 10:13:36.051499',NULL,'~',42,157,48,1),(74,40,0,11000,NULL,221,'2021-12-07 10:28:45.833918',NULL,'+',41,100,49,1),(75,20,0,7000,NULL,222,'2021-12-07 10:28:45.840081',NULL,'+',41,68,49,1),(65,20,0,26400,NULL,223,'2021-12-07 10:49:58.080761',NULL,'~',41,70,41,1),(76,1,0,20160,NULL,224,'2021-12-07 12:40:46.055180',NULL,'+',42,159,50,1),(76,1,0,20160,NULL,225,'2021-12-07 12:40:55.825239',NULL,'~',42,159,50,1),(4,20000,0,27,NULL,226,'2021-12-07 12:45:42.649771',NULL,'~',41,6,5,0),(4,20000,20000,27,NULL,227,'2021-12-07 12:46:18.863051',NULL,'~',41,6,5,0),(20,2000,2000,313,NULL,228,'2021-12-09 16:25:27.888688',NULL,'~',39,28,20,0),(69,4,4,36135,NULL,229,'2021-12-09 16:37:27.411891',NULL,'~',39,156,45,1),(76,1,1,20160,NULL,230,'2021-12-09 17:11:19.429440',NULL,'~',39,159,50,1),(72,1,1,2151.8,NULL,231,'2021-12-09 18:17:06.737378',NULL,'~',39,158,48,1),(73,6,6,1134.4,NULL,232,'2021-12-09 18:17:06.759030',NULL,'~',39,157,48,1),(65,20,20,26400,NULL,233,'2021-12-10 10:21:34.632900',NULL,'~',39,70,41,1),(67,1,1,92368,NULL,234,'2021-12-10 11:06:19.139800',NULL,'~',39,155,43,1),(77,4,0,54000,NULL,235,'2021-12-10 11:39:09.062894',NULL,'+',41,107,51,1),(78,2,0,13646,NULL,236,'2021-12-10 11:57:09.581868',NULL,'+',41,161,52,1),(79,20,0,13646,NULL,237,'2021-12-10 11:59:46.843506',NULL,'+',41,162,53,1),(80,40,0,10000,NULL,238,'2021-12-10 12:44:38.967478',NULL,'+',41,101,54,1),(12,36000,0,18.44,NULL,239,'2021-12-13 10:53:47.651128',NULL,'~',39,12,14,0),(12,36000,36000,18.44,NULL,240,'2021-12-13 10:56:16.570352',NULL,'~',39,12,14,0),(79,20,0,13646,NULL,241,'2021-12-13 11:09:51.006699',NULL,'~',39,162,53,1),(79,20,20,13646,NULL,242,'2021-12-13 11:10:39.641470',NULL,'~',39,162,53,1),(79,20,0,13646,NULL,243,'2021-12-13 11:11:34.359674',NULL,'~',39,162,53,1),(79,20,20,13646,NULL,244,'2021-12-13 11:13:55.008388',NULL,'~',39,162,53,1),(81,10320,0,6.6,NULL,245,'2021-12-13 14:49:03.443392',NULL,'+',39,169,55,1),(82,28800,0,2.9,NULL,246,'2021-12-13 14:49:03.449596',NULL,'+',39,168,55,1),(83,9,0,4275,NULL,247,'2021-12-13 14:49:03.455798',NULL,'+',39,165,55,1),(83,9,0,4275,NULL,248,'2021-12-13 14:50:41.312335',NULL,'-',39,165,55,1),(82,28800,0,2.9,NULL,249,'2021-12-13 14:50:41.315885',NULL,'-',39,168,55,1),(81,10320,0,6.6,NULL,250,'2021-12-13 14:50:41.317030',NULL,'-',39,169,55,1),(84,12,0,6960,NULL,251,'2021-12-13 15:10:56.320874',NULL,'+',39,170,56,1),(85,12,0,5676,NULL,252,'2021-12-13 15:10:56.327726',NULL,'+',39,169,56,1),(86,12,0,4512.5,NULL,253,'2021-12-13 15:10:56.337548',NULL,'+',39,165,56,1),(84,12,0,6960,NULL,254,'2021-12-13 15:11:35.204118',NULL,'~',39,170,56,1),(85,12,0,5676,NULL,255,'2021-12-13 15:11:35.210651',NULL,'~',39,169,56,1),(86,12,0,4512.5,NULL,256,'2021-12-13 15:11:35.215576',NULL,'~',39,165,56,1),(84,12,12,6960,NULL,257,'2021-12-13 15:13:04.979162',NULL,'~',39,170,56,1),(85,12,12,5676,NULL,258,'2021-12-13 15:13:05.003404',NULL,'~',39,169,56,1),(86,12,12,4512.5,NULL,259,'2021-12-13 15:13:05.027256',NULL,'~',39,165,56,1),(87,1,0,7690,NULL,260,'2021-12-13 17:10:19.387060',NULL,'+',39,171,57,1),(41,8,0,64750,NULL,261,'2021-12-14 16:07:57.138200',NULL,'-',41,16,30,1),(24,4,4,64750,NULL,262,'2021-12-14 16:07:57.139121',NULL,'-',41,16,22,0),(71,200,0,2549,NULL,263,'2021-12-14 16:08:15.512941',NULL,'-',41,17,47,1),(70,200,0,2590,NULL,264,'2021-12-14 16:08:15.513707',NULL,'-',41,17,46,1),(23,2,2,2590,NULL,265,'2021-12-14 16:08:15.514237',NULL,'-',41,17,22,0),(15,175,150,2590,NULL,266,'2021-12-14 16:08:15.514748',NULL,'-',41,17,16,0),(25,1,0,1451800,NULL,267,'2021-12-14 16:40:53.888770',NULL,'-',42,64,23,1),(51,4,0,28750,NULL,268,'2021-12-14 16:45:43.363213',NULL,'~',39,144,34,1),(52,3,0,113391.6,NULL,269,'2021-12-14 16:45:43.367557',NULL,'~',39,143,34,809.94),(51,4,0,28750,NULL,270,'2021-12-14 16:49:14.407355',NULL,'~',39,144,34,1),(52,3,0,113391.6,NULL,271,'2021-12-14 16:49:14.413685',NULL,'~',39,143,34,809.94),(51,4,100,29720.5,NULL,272,'2021-12-14 16:56:36.780116',NULL,'~',39,144,34,1),(52,3,75,118882.25,NULL,273,'2021-12-14 16:56:36.806962',NULL,'~',39,143,34,809.94),(88,1,0,23400,NULL,274,'2021-12-15 12:01:00.077629',NULL,'+',41,176,58,1),(88,1,0,23400,NULL,275,'2021-12-15 12:01:14.949245',NULL,'~',41,176,58,1),(88,1,1,23400,NULL,276,'2021-12-15 12:02:09.152629',NULL,'~',41,176,58,1),(89,625,0,326,NULL,277,'2021-12-15 12:03:01.904261',NULL,'+',41,160,59,1),(89,625,0,326,NULL,278,'2021-12-15 12:03:15.284792',NULL,'~',41,160,59,1),(89,625,625,326,NULL,279,'2021-12-15 12:03:29.619220',NULL,'~',41,160,59,1),(90,25,0,2590,NULL,280,'2021-12-15 12:19:34.405423',NULL,'+',41,172,60,1),(90,25,0,2590,NULL,281,'2021-12-15 12:19:47.350501',NULL,'~',41,172,60,1),(90,25,25,2590,NULL,282,'2021-12-15 12:20:02.420667',NULL,'~',41,172,60,1),(91,625,0,326,NULL,283,'2021-12-15 12:22:00.038104',NULL,'+',41,160,61,1),(91,625,0,326,NULL,284,'2021-12-15 12:22:09.324825',NULL,'~',41,160,61,1),(91,625,625,326,NULL,285,'2021-12-15 12:22:24.465335',NULL,'~',41,160,61,1),(92,10,0,24330.83,NULL,286,'2021-12-15 12:23:36.902979',NULL,'+',41,34,62,954.15),(92,10,0,24330.83,NULL,287,'2021-12-15 12:23:45.368738',NULL,'~',41,34,62,954.15),(92,10,10,24330.83,NULL,288,'2021-12-15 12:23:59.006652',NULL,'~',41,34,62,954.15),(93,1,0,71700,NULL,289,'2021-12-15 12:24:38.329325',NULL,'+',41,76,63,1),(93,1,0,71700,NULL,290,'2021-12-15 12:24:46.419437',NULL,'~',41,76,63,1),(93,1,1,71700,NULL,291,'2021-12-15 12:24:58.536867',NULL,'~',41,76,63,1),(94,400,0,38,NULL,292,'2021-12-15 12:28:41.160272',NULL,'+',41,118,64,1),(94,400,0,38,NULL,293,'2021-12-15 13:31:19.419313',NULL,'~',41,118,64,1),(94,400,400,38,NULL,294,'2021-12-15 13:31:33.687707',NULL,'~',41,118,64,1),(95,1,0,130000,NULL,295,'2021-12-15 14:07:58.648116',NULL,'+',41,99,65,1),(95,1,0,130000,NULL,296,'2021-12-15 14:08:26.871342',NULL,'~',41,99,65,1),(95,1,25,130000,NULL,297,'2021-12-15 14:08:39.521104',NULL,'~',41,99,65,1),(95,1,0,130000,NULL,298,'2021-12-15 14:09:26.368186',NULL,'~',41,99,65,1),(95,1,25,130000,NULL,299,'2021-12-15 14:10:21.059447',NULL,'~',41,99,65,1),(95,1,25,130000,NULL,300,'2021-12-15 14:13:59.069594',NULL,'-',1,99,65,1),(96,1,0,130000,NULL,301,'2021-12-15 14:15:34.445416',NULL,'+',1,99,66,1),(96,1,0,130000,NULL,302,'2021-12-15 14:15:41.746564',NULL,'~',1,99,66,1),(96,1,25,130000,NULL,303,'2021-12-15 14:15:53.523476',NULL,'~',1,99,66,1),(97,5,0,64750,NULL,304,'2021-12-15 14:22:49.665629',NULL,'+',41,173,67,1),(97,5,0,64750,NULL,305,'2021-12-15 14:23:03.860326',NULL,'~',41,173,67,1),(97,5,125,64750,NULL,306,'2021-12-15 14:23:19.484389',NULL,'~',41,173,67,1),(98,5,0,71700,NULL,307,'2021-12-15 14:32:05.583785',NULL,'+',41,76,68,1),(98,5,0,71700,NULL,308,'2021-12-15 14:32:13.530323',NULL,'~',41,76,68,1),(98,5,5,71700,NULL,309,'2021-12-15 14:32:26.258223',NULL,'~',41,76,68,1),(99,10000,0,326,NULL,310,'2021-12-15 14:33:12.627776',NULL,'+',41,160,69,1),(99,10000,0,326,NULL,311,'2021-12-15 14:33:26.441096',NULL,'~',41,160,69,1),(99,10000,10000,326,NULL,312,'2021-12-15 14:33:41.198282',NULL,'~',41,160,69,1),(100,16,0,20000,NULL,313,'2021-12-15 14:40:48.175187',NULL,'+',41,176,70,1),(100,16,0,20000,NULL,314,'2021-12-15 14:41:31.013228',NULL,'~',41,176,70,1),(100,16,16,20000,NULL,315,'2021-12-15 14:41:41.599455',NULL,'~',41,176,70,1),(54,40,1000,11000,NULL,316,'2021-12-15 18:55:51.862362',NULL,'~',39,100,36,1),(50,3,0,244325,NULL,317,'2021-12-16 09:33:36.891671',NULL,'~',39,72,33,809.94),(50,3,75,244325,NULL,318,'2021-12-16 09:35:18.233969',NULL,'~',39,72,33,809.94),(51,4,0,29720.5,NULL,319,'2021-12-16 10:04:20.398862',NULL,'~',39,144,34,1),(52,3,0,118882.25,NULL,320,'2021-12-16 10:04:20.491497',NULL,'~',39,143,34,809.94),(51,4,100,29720.5,NULL,321,'2021-12-16 10:15:51.424834',NULL,'~',39,144,34,1),(52,3,75,118882.25,NULL,322,'2021-12-16 10:15:51.563388',NULL,'~',39,143,34,809.94),(84,12,0,6960,NULL,323,'2021-12-16 10:18:51.724446',NULL,'~',39,170,56,1),(85,12,0,5676,NULL,324,'2021-12-16 10:18:51.803396',NULL,'~',39,169,56,1),(86,12,0,4512.5,NULL,325,'2021-12-16 10:18:51.817169',NULL,'~',39,165,56,1),(84,12,28800,6960,NULL,326,'2021-12-16 10:20:26.058214',NULL,'~',39,170,56,1),(85,12,10320,5676,NULL,327,'2021-12-16 10:20:26.067721',NULL,'~',39,169,56,1),(86,12,5700,4512.5,NULL,328,'2021-12-16 10:20:26.077467',NULL,'~',39,165,56,1),(101,1500,0,440,NULL,329,'2021-12-16 10:51:32.895271',NULL,'+',41,181,71,1),(102,3,0,4416,NULL,330,'2021-12-16 12:11:17.830389',NULL,'+',41,184,72,1),(103,6,0,18389,NULL,331,'2021-12-16 12:11:17.834656',NULL,'+',41,183,72,1),(104,2,0,30100,NULL,332,'2021-12-17 15:04:29.243749',NULL,'+',41,110,73,1),(105,2,0,71700,NULL,333,'2021-12-17 15:04:29.249629',NULL,'+',41,76,73,1),(106,2,0,9100,NULL,334,'2021-12-17 15:04:29.254392',NULL,'+',41,69,73,1),(107,20,0,5250,NULL,335,'2021-12-17 15:04:29.259052',NULL,'+',41,33,73,1),(102,3,0,4416,NULL,336,'2021-12-17 16:40:44.258302',NULL,'~',39,184,72,1),(103,6,0,18389,NULL,337,'2021-12-17 16:40:44.264090',NULL,'~',39,183,72,1),(102,3,3,4416,NULL,338,'2021-12-17 16:42:12.429069',NULL,'~',39,184,72,1),(103,6,6,18389,NULL,339,'2021-12-17 16:42:12.455060',NULL,'~',39,183,72,1),(103,6,6,18389,NULL,340,'2021-12-20 09:27:08.171127',NULL,'-',39,183,72,1),(102,3,3,4416,NULL,341,'2021-12-20 09:28:55.530445',NULL,'-',39,184,72,1),(108,6,0,18389,NULL,342,'2021-12-20 09:30:58.959108',NULL,'+',39,187,74,1),(109,3,0,4416,NULL,343,'2021-12-20 09:30:58.965106',NULL,'+',39,185,74,1),(108,6,0,18389,NULL,344,'2021-12-20 09:32:31.505986',NULL,'~',39,187,74,1),(109,3,0,4416,NULL,345,'2021-12-20 09:32:31.553476',NULL,'~',39,185,74,1),(108,6,96,18388.992,NULL,346,'2021-12-20 09:34:25.513506',NULL,'~',39,187,74,1),(109,3,6,4416,NULL,347,'2021-12-20 09:34:25.540362',NULL,'~',39,185,74,1),(110,4,0,71700,NULL,348,'2021-12-20 11:15:41.531239',NULL,'+',41,76,75,1),(111,12,0,5250,NULL,349,'2021-12-20 11:15:41.546876',NULL,'+',41,33,75,1),(111,12,0,5250,NULL,350,'2021-12-20 11:17:10.352599',NULL,'-',41,33,75,1),(110,4,0,71700,NULL,351,'2021-12-20 11:17:10.353916',NULL,'-',41,76,75,1),(112,4,0,71700,NULL,352,'2021-12-20 11:18:14.844636',NULL,'+',41,76,76,1),(113,12,0,5250,NULL,353,'2021-12-20 11:18:14.848800',NULL,'+',41,33,76,1),(114,12,0,5250,NULL,354,'2021-12-20 11:18:14.853747',NULL,'+',41,31,76,1),(115,3,0,36545.09,NULL,355,'2021-12-20 11:19:31.554263',NULL,'+',41,55,77,954.18),(116,8,0,14637.12,NULL,356,'2021-12-20 11:19:31.558153',NULL,'+',41,42,77,954.18),(117,8,0,14980.63,NULL,357,'2021-12-20 11:19:31.561488',NULL,'+',41,40,77,954.18),(64,4320,0,121.916,NULL,358,'2021-12-20 17:48:14.377173',NULL,'~',39,154,40,828.17),(64,4320,4320,121.916,NULL,359,'2021-12-20 17:50:19.586432',NULL,'~',39,154,40,828.17),(118,108,0,1345,NULL,360,'2021-12-21 09:30:47.525607',NULL,'+',41,190,78,1),(119,12,0,4290,NULL,361,'2021-12-21 09:30:47.530154',NULL,'+',41,188,78,1),(120,1,0,480000,NULL,362,'2021-12-21 17:58:05.513867',NULL,'+',42,192,79,1),(120,1,0,480000,NULL,363,'2021-12-21 18:06:43.829086',NULL,'~',42,192,79,1),(120,1,0,480000,NULL,364,'2021-12-21 18:20:13.057603',NULL,'~',42,192,79,1),(115,3,0,34256,NULL,365,'2021-12-22 10:07:03.431568',NULL,'~',39,55,77,954.18),(116,8,0,13584,NULL,366,'2021-12-22 10:07:03.438665',NULL,'~',39,42,77,954.18),(117,8,0,13856,NULL,367,'2021-12-22 10:07:03.443891',NULL,'~',39,40,77,954.18),(115,3,3,34256,NULL,368,'2021-12-22 10:08:27.543489',NULL,'~',39,55,77,954.18),(116,8,8,13584,NULL,369,'2021-12-22 10:08:27.570494',NULL,'~',39,42,77,954.18),(117,8,8,13856,NULL,370,'2021-12-22 10:08:27.592628',NULL,'~',39,40,77,954.18),(121,1,0,45900,NULL,371,'2021-12-22 10:32:29.626422',NULL,'+',41,194,80,1),(121,1,0,45900,NULL,372,'2021-12-22 10:32:42.661367',NULL,'~',41,194,80,1),(121,1,25,45900,NULL,373,'2021-12-22 10:33:09.714997',NULL,'~',41,194,80,1),(122,200,0,2590,NULL,374,'2021-12-22 11:54:01.480834',NULL,'+',41,172,81,1),(122,200,0,2590,NULL,375,'2021-12-22 11:55:52.234749',NULL,'~',1,172,81,1),(122,200,0,2590,NULL,376,'2021-12-22 11:57:02.356842',NULL,'~',39,172,81,1),(122,200,0,2590,NULL,377,'2021-12-22 12:01:06.713590',NULL,'~',1,172,81,1),(122,200,200,2590,NULL,378,'2021-12-22 12:02:49.313618',NULL,'~',39,172,81,1),(118,108,0,1345,NULL,379,'2021-12-22 12:07:02.685495',NULL,'~',1,190,78,1),(119,12,0,4290,NULL,380,'2021-12-22 12:07:02.694417',NULL,'~',1,188,78,1),(20,2000,2000,313,NULL,381,'2021-12-22 14:08:01.825877',NULL,'-',41,28,20,0),(123,1000,0,269,NULL,382,'2021-12-22 14:30:32.051138',NULL,'+',41,197,82,1),(124,1000,0,44,NULL,383,'2021-12-22 14:30:32.055225',NULL,'+',41,195,82,1),(123,1000,0,269,NULL,384,'2021-12-22 14:30:50.533323',NULL,'~',41,197,82,1),(124,1000,0,44,NULL,385,'2021-12-22 14:30:50.543699',NULL,'~',41,195,82,1),(123,1000,1000,269,NULL,386,'2021-12-22 14:31:11.296522',NULL,'~',41,197,82,1),(124,1000,1000,44,NULL,387,'2021-12-22 14:31:11.310331',NULL,'~',41,195,82,1),(125,4,0,130000,NULL,388,'2021-12-22 16:19:11.906876',NULL,'+',42,99,83,1),(126,2,0,63500,NULL,389,'2021-12-22 16:19:11.911465',NULL,'+',42,74,83,1),(125,4,0,130000,NULL,390,'2021-12-22 16:19:20.674048',NULL,'~',42,99,83,1),(126,2,0,63500,NULL,391,'2021-12-22 16:19:20.682328',NULL,'~',42,74,83,1),(127,1000,0,22128,NULL,392,'2021-12-22 17:17:07.390351',NULL,'+',41,109,84,1),(128,1000,0,36102,NULL,393,'2021-12-22 17:17:07.394333',NULL,'+',41,37,84,1),(129,1000,0,29604,NULL,394,'2021-12-22 17:17:07.398399',NULL,'+',41,36,84,1),(127,1000,0,22128,NULL,395,'2021-12-22 17:17:25.503003',NULL,'~',41,109,84,1),(128,1000,0,36102,NULL,396,'2021-12-22 17:17:25.510361',NULL,'~',41,37,84,1),(129,1000,0,29604,NULL,397,'2021-12-22 17:17:25.516908',NULL,'~',41,36,84,1),(127,1000,1200000,22128,NULL,398,'2021-12-22 17:18:55.545355',NULL,'~',41,109,84,1),(127,1000,1200000,22128,NULL,399,'2021-12-22 17:20:13.507735',NULL,'~',41,109,84,1),(128,1000,600000,36102,NULL,400,'2021-12-22 17:20:13.546169',NULL,'~',41,37,84,1),(129,1000,600000,29604.000000000004,NULL,401,'2021-12-22 17:20:13.566927',NULL,'~',41,36,84,1),(130,10000,0,12,NULL,402,'2021-12-22 17:20:32.266941',NULL,'+',48,142,85,1),(131,10000,0,12,NULL,403,'2021-12-22 17:20:32.275058',NULL,'+',48,141,85,1),(132,10000,0,12,NULL,404,'2021-12-22 17:20:32.282936',NULL,'+',48,140,85,1),(133,10000,0,38,NULL,405,'2021-12-22 17:20:32.290606',NULL,'+',48,139,85,1),(134,10000,0,12,NULL,406,'2021-12-22 17:20:32.297721',NULL,'+',48,138,85,1),(135,10000,0,12,NULL,407,'2021-12-22 17:20:32.306056',NULL,'+',48,137,85,1),(136,10000,0,12,NULL,408,'2021-12-22 17:20:32.313180',NULL,'+',48,136,85,1),(137,10000,0,12,NULL,409,'2021-12-22 17:20:32.320569',NULL,'+',48,135,85,1),(138,10000,0,30,NULL,410,'2021-12-22 17:20:32.327086',NULL,'+',48,134,85,1),(139,10000,0,30,NULL,411,'2021-12-22 17:20:32.337348',NULL,'+',48,133,85,1),(140,10000,0,30,NULL,412,'2021-12-22 17:20:32.344220',NULL,'+',48,132,85,1),(141,10000,0,12,NULL,413,'2021-12-22 17:20:32.351642',NULL,'+',48,131,85,1),(142,10000,0,42,NULL,414,'2021-12-22 17:20:32.357820',NULL,'+',48,130,85,1),(143,10000,0,42,NULL,415,'2021-12-22 17:20:32.365380',NULL,'+',48,129,85,1),(144,10000,0,42,NULL,416,'2021-12-22 17:20:32.373123',NULL,'+',48,128,85,1),(145,10000,0,12,NULL,417,'2021-12-22 17:20:32.381889',NULL,'+',48,127,85,1),(146,10000,0,30,NULL,418,'2021-12-22 17:20:32.389243',NULL,'+',48,126,85,1),(147,10000,0,30,NULL,419,'2021-12-22 17:20:32.396456',NULL,'+',48,125,85,1),(148,10000,0,30,NULL,420,'2021-12-22 17:20:32.406244',NULL,'+',48,124,85,1),(149,10000,0,30,NULL,421,'2021-12-22 17:20:32.417202',NULL,'+',48,123,85,1),(150,10000,0,30,NULL,422,'2021-12-22 17:20:32.427367',NULL,'+',48,122,85,1),(151,10000,0,30,NULL,423,'2021-12-22 17:20:32.438472',NULL,'+',48,121,85,1),(152,10000,0,17,NULL,424,'2021-12-22 17:20:32.446542',NULL,'+',48,120,85,1),(153,10000,0,38,NULL,425,'2021-12-22 17:20:32.458096',NULL,'+',48,119,85,1),(154,10000,0,38,NULL,426,'2021-12-22 17:20:32.467709',NULL,'+',48,118,85,1),(155,10000,0,38,NULL,427,'2021-12-22 17:20:32.477755',NULL,'+',48,117,85,1),(156,10000,0,12,NULL,428,'2021-12-22 17:20:32.487850',NULL,'+',48,116,85,1),(157,10000,0,38,NULL,429,'2021-12-22 17:20:32.496638',NULL,'+',48,115,85,1),(158,10000,0,38,NULL,430,'2021-12-22 17:20:32.506507',NULL,'+',48,114,85,1),(159,10000,0,8.5,NULL,431,'2021-12-22 17:20:32.515410',NULL,'+',48,113,85,1),(160,10000,0,38,NULL,432,'2021-12-22 17:20:32.525172',NULL,'+',48,112,85,1),(161,10000,0,12,NULL,433,'2021-12-22 17:20:32.534426',NULL,'+',48,111,85,1),(130,10000,0,12,NULL,434,'2021-12-22 17:21:31.980819',NULL,'~',41,142,85,1),(131,10000,0,12,NULL,435,'2021-12-22 17:21:31.997005',NULL,'~',41,141,85,1),(132,10000,0,12,NULL,436,'2021-12-22 17:21:32.009067',NULL,'~',41,140,85,1),(133,10000,0,38,NULL,437,'2021-12-22 17:21:32.027747',NULL,'~',41,139,85,1),(134,10000,0,12,NULL,438,'2021-12-22 17:21:32.038732',NULL,'~',41,138,85,1),(135,10000,0,12,NULL,439,'2021-12-22 17:21:32.048236',NULL,'~',41,137,85,1),(136,10000,0,12,NULL,440,'2021-12-22 17:21:32.057964',NULL,'~',41,136,85,1),(137,10000,0,12,NULL,441,'2021-12-22 17:21:32.072305',NULL,'~',41,135,85,1),(138,10000,0,30,NULL,442,'2021-12-22 17:21:32.085273',NULL,'~',41,134,85,1),(139,10000,0,30,NULL,443,'2021-12-22 17:21:32.094319',NULL,'~',41,133,85,1),(140,10000,0,30,NULL,444,'2021-12-22 17:21:32.103969',NULL,'~',41,132,85,1),(141,10000,0,12,NULL,445,'2021-12-22 17:21:32.115716',NULL,'~',41,131,85,1),(142,10000,0,42,NULL,446,'2021-12-22 17:21:32.128009',NULL,'~',41,130,85,1),(143,10000,0,42,NULL,447,'2021-12-22 17:21:32.138017',NULL,'~',41,129,85,1),(144,10000,0,42,NULL,448,'2021-12-22 17:21:32.147958',NULL,'~',41,128,85,1),(145,10000,0,12,NULL,449,'2021-12-22 17:21:32.158388',NULL,'~',41,127,85,1),(146,10000,0,30,NULL,450,'2021-12-22 17:21:32.167495',NULL,'~',41,126,85,1),(147,10000,0,30,NULL,451,'2021-12-22 17:21:32.177083',NULL,'~',41,125,85,1),(148,10000,0,30,NULL,452,'2021-12-22 17:21:32.187501',NULL,'~',41,124,85,1),(149,10000,0,30,NULL,453,'2021-12-22 17:21:32.198932',NULL,'~',41,123,85,1),(150,10000,0,30,NULL,454,'2021-12-22 17:21:32.208503',NULL,'~',41,122,85,1),(151,10000,0,30,NULL,455,'2021-12-22 17:21:32.218902',NULL,'~',41,121,85,1),(152,10000,0,17,NULL,456,'2021-12-22 17:21:32.229141',NULL,'~',41,120,85,1),(153,10000,0,38,NULL,457,'2021-12-22 17:21:32.239175',NULL,'~',41,119,85,1),(154,10000,0,38,NULL,458,'2021-12-22 17:21:32.249490',NULL,'~',41,118,85,1),(155,10000,0,38,NULL,459,'2021-12-22 17:21:32.261578',NULL,'~',41,117,85,1),(156,10000,0,12,NULL,460,'2021-12-22 17:21:32.274480',NULL,'~',41,116,85,1),(157,10000,0,38,NULL,461,'2021-12-22 17:21:32.287137',NULL,'~',41,115,85,1),(158,10000,0,38,NULL,462,'2021-12-22 17:21:32.296986',NULL,'~',41,114,85,1),(159,10000,0,8.5,NULL,463,'2021-12-22 17:21:32.307895',NULL,'~',41,113,85,1),(160,10000,0,38,NULL,464,'2021-12-22 17:21:32.317863',NULL,'~',41,112,85,1),(161,10000,0,12,NULL,465,'2021-12-22 17:21:32.327943',NULL,'~',41,111,85,1),(130,10000,10000,12,NULL,466,'2021-12-22 17:24:33.163970',NULL,'~',41,142,85,1),(131,10000,10000,12,NULL,467,'2021-12-22 17:24:33.190815',NULL,'~',41,141,85,1),(132,10000,10000,12,NULL,468,'2021-12-22 17:24:33.253074',NULL,'~',41,140,85,1),(133,10000,10000,38,NULL,469,'2021-12-22 17:24:33.276273',NULL,'~',41,139,85,1),(134,10000,10000,12,NULL,470,'2021-12-22 17:24:33.296342',NULL,'~',41,138,85,1),(135,10000,10000,12,NULL,471,'2021-12-22 17:24:33.314408',NULL,'~',41,137,85,1),(136,10000,10000,12,NULL,472,'2021-12-22 17:24:33.331341',NULL,'~',41,136,85,1),(137,10000,10000,12,NULL,473,'2021-12-22 17:24:33.350746',NULL,'~',41,135,85,1),(138,10000,10000,30,NULL,474,'2021-12-22 17:24:33.372459',NULL,'~',41,134,85,1),(139,10000,10000,30,NULL,475,'2021-12-22 17:24:33.392285',NULL,'~',41,133,85,1),(140,10000,10000,30,NULL,476,'2021-12-22 17:24:33.448981',NULL,'~',41,132,85,1),(141,10000,10000,12,NULL,477,'2021-12-22 17:24:33.473269',NULL,'~',41,131,85,1),(142,10000,10000,42,NULL,478,'2021-12-22 17:24:33.493656',NULL,'~',41,130,85,1),(143,10000,10000,42,NULL,479,'2021-12-22 17:24:33.512968',NULL,'~',41,129,85,1),(144,10000,10000,42,NULL,480,'2021-12-22 17:24:33.532000',NULL,'~',41,128,85,1),(145,10000,10000,12,NULL,481,'2021-12-22 17:24:33.554628',NULL,'~',41,127,85,1),(146,10000,10000,30,NULL,482,'2021-12-22 17:24:33.627878',NULL,'~',41,126,85,1),(147,10000,10000,30,NULL,483,'2021-12-22 17:24:33.646127',NULL,'~',41,125,85,1),(148,10000,10000,30,NULL,484,'2021-12-22 17:24:33.665066',NULL,'~',41,124,85,1),(149,10000,10000,30,NULL,485,'2021-12-22 17:24:33.687555',NULL,'~',41,123,85,1),(150,10000,10000,30,NULL,486,'2021-12-22 17:24:33.711694',NULL,'~',41,122,85,1),(151,10000,10000,30,NULL,487,'2021-12-22 17:24:33.731293',NULL,'~',41,121,85,1),(152,10000,10000,17,NULL,488,'2021-12-22 17:24:33.800200',NULL,'~',41,120,85,1),(153,10000,10000,38,NULL,489,'2021-12-22 17:24:33.816708',NULL,'~',41,119,85,1),(154,10000,10000,38,NULL,490,'2021-12-22 17:24:33.828391',NULL,'~',41,118,85,1),(155,10000,10000,38,NULL,491,'2021-12-22 17:24:33.853316',NULL,'~',41,117,85,1),(156,10000,10000,12,NULL,492,'2021-12-22 17:24:33.878239',NULL,'~',41,116,85,1),(157,10000,10000,38,NULL,493,'2021-12-22 17:24:34.119936',NULL,'~',41,115,85,1),(158,10000,10000,38,NULL,494,'2021-12-22 17:24:34.213786',NULL,'~',41,114,85,1),(159,10000,10000,8.5,NULL,495,'2021-12-22 17:24:34.274549',NULL,'~',41,113,85,1),(160,10000,10000,38,NULL,496,'2021-12-22 17:24:34.310943',NULL,'~',41,112,85,1),(161,10000,10000,12,NULL,497,'2021-12-22 17:24:34.336681',NULL,'~',41,111,85,1),(162,10,0,240635,NULL,498,'2021-12-22 17:28:13.311881',NULL,'+',48,175,86,1),(162,10,0,240635,NULL,499,'2021-12-22 17:28:31.314133',NULL,'~',48,175,86,1),(162,10,126650,240635,NULL,500,'2021-12-22 17:30:26.329206',NULL,'~',48,175,86,1),(118,108,0,1345,NULL,501,'2021-12-23 11:04:42.487648',NULL,'~',39,190,78,1),(119,12,0,4290,NULL,502,'2021-12-23 11:04:42.495660',NULL,'~',39,188,78,1),(118,108,108,1345,NULL,503,'2021-12-23 11:05:31.248508',NULL,'~',39,190,78,1),(119,12,12,4290,NULL,504,'2021-12-23 11:05:31.272402',NULL,'~',39,188,78,1),(112,4,0,71700,NULL,505,'2021-12-23 11:15:24.032664',NULL,'~',39,76,76,1),(113,12,0,5250,NULL,506,'2021-12-23 11:15:24.039220',NULL,'~',39,33,76,1),(114,12,0,5250,NULL,507,'2021-12-23 11:15:24.046654',NULL,'~',39,31,76,1),(112,4,4,71700,NULL,508,'2021-12-23 11:16:20.127327',NULL,'~',39,76,76,1),(113,12,12,5250,NULL,509,'2021-12-23 11:16:20.155123',NULL,'~',39,33,76,1),(114,12,12,5250,NULL,510,'2021-12-23 11:16:20.176864',NULL,'~',39,31,76,1),(163,1,0,58999.5,NULL,511,'2021-12-23 16:59:07.771184',NULL,'+',48,180,87,1),(163,1,0,58999.5,NULL,512,'2021-12-23 17:00:18.110447',NULL,'~',48,180,87,1),(163,1,100,58999.5,NULL,513,'2021-12-23 17:18:41.844519',NULL,'~',48,180,87,1),(164,1000,0,0.84,NULL,514,'2021-12-24 08:40:30.611778',NULL,'+',41,178,88,1),(164,1000,0,0.84,NULL,515,'2021-12-24 08:40:39.622628',NULL,'~',41,178,88,1),(164,1000,1000,0.84,NULL,516,'2021-12-24 08:40:52.619354',NULL,'~',41,178,88,1),(164,1000,0,0.84,NULL,517,'2021-12-24 08:43:40.858914',NULL,'~',41,178,88,1),(164,1000,1000,0.84,NULL,518,'2021-12-24 08:43:51.570195',NULL,'~',41,178,88,1),(165,10000,0,0.84,NULL,519,'2021-12-24 08:44:21.631823',NULL,'+',41,178,89,1),(165,10000,0,0.84,NULL,520,'2021-12-24 08:44:29.359985',NULL,'~',41,178,89,1),(165,10000,10000,0.84,NULL,521,'2021-12-24 08:44:41.985462',NULL,'~',41,178,89,1),(166,1000,0,1850,NULL,522,'2021-12-24 09:05:32.309609',NULL,'+',41,21,90,1),(167,1000,0,1850,NULL,523,'2021-12-24 09:05:32.334734',NULL,'+',41,20,90,1),(166,1000,0,1850,NULL,524,'2021-12-24 09:05:41.808227',NULL,'~',41,21,90,1),(167,1000,0,1850,NULL,525,'2021-12-24 09:05:41.813612',NULL,'~',41,20,90,1),(166,1000,1000,1850,NULL,526,'2021-12-24 09:05:58.471898',NULL,'~',41,21,90,1),(167,1000,1000,1850,NULL,527,'2021-12-24 09:05:58.485336',NULL,'~',41,20,90,1),(3,100,100,1400,NULL,528,'2021-12-24 09:59:09.269725',NULL,'-',41,5,4,0),(168,1,0,55714.1,NULL,529,'2021-12-24 10:01:17.691575',NULL,'+',41,145,91,857.14),(169,1,0,29720.5,NULL,530,'2021-12-24 10:01:17.696734',NULL,'+',41,144,91,1),(170,1,0,119999.6,NULL,531,'2021-12-24 10:01:17.700473',NULL,'+',41,143,91,857.14),(168,1,0,55714.1,NULL,532,'2021-12-24 10:01:54.696559',NULL,'~',41,145,91,857.14),(169,1,0,29720.5,NULL,533,'2021-12-24 10:01:54.702504',NULL,'~',41,144,91,1),(170,1,0,119999.6,NULL,534,'2021-12-24 10:01:54.707747',NULL,'~',41,143,91,857.14),(168,1,25,55714.1,NULL,535,'2021-12-24 10:02:16.557692',NULL,'~',41,145,91,857.14),(169,1,25,29720.5,NULL,536,'2021-12-24 10:02:16.575911',NULL,'~',41,144,91,1),(170,1,25,119999.6,NULL,537,'2021-12-24 10:02:16.590323',NULL,'~',41,143,91,857.14),(171,10000,0,27,NULL,538,'2021-12-24 10:18:27.528604',NULL,'+',48,38,92,1),(172,10000,0,30,NULL,539,'2021-12-24 10:18:27.577253',NULL,'+',48,35,92,1),(171,10000,0,27,NULL,540,'2021-12-24 10:18:42.861086',NULL,'~',48,38,92,1),(172,10000,0,30,NULL,541,'2021-12-24 10:18:42.866677',NULL,'~',48,35,92,1),(171,10000,10000,27,NULL,542,'2021-12-24 10:20:03.574967',NULL,'~',48,38,92,1),(172,10000,10000,30,NULL,543,'2021-12-24 10:20:03.692118',NULL,'~',48,35,92,1),(173,38,0,22140,NULL,544,'2021-12-24 10:22:20.823793',NULL,'+',48,46,93,1),(174,40,0,22140,NULL,545,'2021-12-24 10:30:58.375606',NULL,'+',48,46,94,1),(174,40,0,22140,NULL,546,'2021-12-24 10:31:10.069024',NULL,'~',48,46,94,1),(174,40,21600,22140,NULL,547,'2021-12-24 10:31:41.851793',NULL,'~',48,46,94,1),(175,400,0,10000,NULL,548,'2021-12-24 10:36:56.218832',NULL,'+',48,101,95,1),(175,400,0,10000,NULL,549,'2021-12-24 10:37:03.838078',NULL,'~',48,101,95,1),(175,400,10000,10000,NULL,550,'2021-12-24 10:37:22.354673',NULL,'~',48,101,95,1),(176,10000,0,13,NULL,551,'2021-12-24 10:38:16.727265',NULL,'+',48,153,96,1),(177,10000,0,28,NULL,552,'2021-12-24 10:38:16.731861',NULL,'+',48,152,96,1),(176,10000,0,13,NULL,553,'2021-12-24 10:38:28.639096',NULL,'~',48,153,96,1),(177,10000,0,28,NULL,554,'2021-12-24 10:38:28.652901',NULL,'~',48,152,96,1),(176,10000,10000,13,NULL,555,'2021-12-24 10:38:47.858513',NULL,'~',48,153,96,1),(177,10000,10000,28,NULL,556,'2021-12-24 10:38:47.877134',NULL,'~',48,152,96,1),(178,60,0,5676,NULL,557,'2021-12-24 10:40:49.217637',NULL,'+',48,169,97,1),(178,60,0,5676,NULL,558,'2021-12-24 10:41:21.620529',NULL,'~',48,169,97,1),(178,60,51600,5676,NULL,559,'2021-12-24 10:41:36.577920',NULL,'~',48,169,97,1),(179,10000,0,13,NULL,560,'2021-12-24 10:42:52.633291',NULL,'+',48,153,98,1),(180,10000,0,28,NULL,561,'2021-12-24 10:42:52.638008',NULL,'+',48,152,98,1),(179,10000,0,13,NULL,562,'2021-12-24 10:42:59.523345',NULL,'~',48,153,98,1),(180,10000,0,28,NULL,563,'2021-12-24 10:42:59.529468',NULL,'~',48,152,98,1),(179,10000,10000,13,NULL,564,'2021-12-24 10:43:14.281379',NULL,'~',48,153,98,1),(180,10000,10000,28,NULL,565,'2021-12-24 10:43:14.292304',NULL,'~',48,152,98,1),(181,60,0,22140,NULL,566,'2021-12-24 10:44:19.414795',NULL,'+',48,46,99,1),(181,60,0,22140,NULL,567,'2021-12-24 10:44:31.311792',NULL,'~',48,46,99,1),(181,60,32400,22140,NULL,568,'2021-12-24 10:44:48.807965',NULL,'~',48,46,99,1),(182,1000,0,400,NULL,569,'2021-12-24 11:47:23.222120',NULL,'+',39,101,100,1),(182,1000,0,400,NULL,570,'2021-12-24 11:48:18.122358',NULL,'~',39,101,100,1),(182,1000,0,400,NULL,571,'2021-12-24 12:00:26.717564',NULL,'-',39,101,100,1),(80,40,0,10000,NULL,572,'2021-12-24 12:00:37.359003',NULL,'-',39,101,54,1),(175,400,10000,10000,NULL,573,'2021-12-24 12:04:27.783582',NULL,'-',39,101,95,1),(183,1000,0,400,NULL,574,'2021-12-24 12:05:15.668883',NULL,'+',39,201,101,1),(183,1000,0,400,NULL,575,'2021-12-24 12:05:33.208245',NULL,'~',39,201,101,1),(183,1000,1000,400,NULL,576,'2021-12-24 12:07:07.115760',NULL,'~',39,201,101,1),(184,5,0,31600,NULL,577,'2021-12-27 17:04:43.481594',NULL,'+',42,203,102,1),(184,5,0,31600,NULL,578,'2021-12-27 17:05:47.930048',NULL,'~',41,203,102,1),(185,1,0,30000,NULL,579,'2021-12-28 10:18:48.103669',NULL,'+',42,192,103,1),(185,1,0,30000,NULL,580,'2021-12-28 10:19:09.022643',NULL,'~',42,192,103,1),(120,1,1,480000,NULL,581,'2021-12-28 10:21:28.810350',NULL,'~',42,192,79,1),(186,1000,0,440,NULL,582,'2021-12-28 11:08:44.764474',NULL,'+',41,181,104,1),(186,1000,0,440,NULL,583,'2021-12-28 11:08:53.228452',NULL,'~',41,181,104,1),(187,5000,0,16,NULL,584,'2021-12-28 11:18:48.050870',NULL,'+',41,142,105,1),(188,5000,0,16,NULL,585,'2021-12-28 11:18:48.058197',NULL,'+',41,141,105,1),(189,5000,0,16,NULL,586,'2021-12-28 11:18:48.063742',NULL,'+',41,135,105,1),(187,5000,0,16,NULL,587,'2021-12-28 11:19:09.932329',NULL,'~',41,142,105,1),(188,5000,0,16,NULL,588,'2021-12-28 11:19:09.937955',NULL,'~',41,141,105,1),(189,5000,0,16,NULL,589,'2021-12-28 11:19:09.944652',NULL,'~',41,135,105,1),(190,36000,0,18.44,NULL,590,'2021-12-28 12:08:35.024300',NULL,'+',41,12,106,1),(190,36000,0,18.44,NULL,591,'2021-12-28 12:08:47.336985',NULL,'~',41,12,106,1),(191,70,0,6250,NULL,592,'2021-12-28 12:21:35.780874',NULL,'+',41,204,107,1),(191,70,0,6250,NULL,593,'2021-12-28 12:22:39.011876',NULL,'~',41,204,107,1),(192,12,0,4000,NULL,594,'2021-12-28 18:29:56.017177',NULL,'+',41,207,108,1),(192,12,0,4000,NULL,595,'2021-12-28 18:30:02.786666',NULL,'~',41,207,108,1),(192,12,300,4000,NULL,596,'2021-12-28 18:31:53.274215',NULL,'~',41,207,108,1),(193,250,0,2590,NULL,597,'2021-12-28 18:33:51.739196',NULL,'+',41,172,109,1),(193,225,0,2590,NULL,598,'2021-12-28 18:34:04.790865',NULL,'~',41,172,109,1),(194,2000,0,269,NULL,599,'2021-12-29 11:16:24.697600',NULL,'+',41,197,110,1),(195,2000,0,44,NULL,600,'2021-12-29 11:16:24.711341',NULL,'+',41,195,110,1),(196,2000,0,244,NULL,601,'2021-12-29 11:18:48.774631',NULL,'+',41,199,111,1),(197,2300,0,44,NULL,602,'2021-12-29 11:18:48.780492',NULL,'+',41,195,111,1),(198,500,0,280,NULL,603,'2021-12-29 15:55:27.016925',NULL,'+',39,208,112,1),(199,1000,0,440,NULL,604,'2021-12-29 15:55:27.020750',NULL,'+',39,181,112,1),(75,20,0,7000,NULL,605,'2021-12-29 15:55:51.483592',NULL,'-',39,68,49,1),(74,40,0,11000,NULL,606,'2021-12-29 15:55:51.485020',NULL,'-',39,100,49,1),(198,500,0,280,NULL,607,'2021-12-29 15:56:18.689164',NULL,'~',39,208,112,1),(199,1000,0,440,NULL,608,'2021-12-29 15:56:18.697693',NULL,'~',39,181,112,1),(198,500,500,280,NULL,609,'2021-12-29 15:57:44.874600',NULL,'~',39,208,112,1),(199,1000,1000,440,NULL,610,'2021-12-29 15:57:44.931622',NULL,'~',39,181,112,1),(200,5000,0,42,NULL,611,'2021-12-29 16:04:46.406206',NULL,'+',39,129,113,1),(201,4000,0,42,NULL,612,'2021-12-29 16:04:46.412579',NULL,'+',39,128,113,1),(200,5000,0,42,NULL,613,'2021-12-29 16:05:23.111978',NULL,'~',39,129,113,1),(201,4000,0,42,NULL,614,'2021-12-29 16:05:23.118786',NULL,'~',39,128,113,1),(200,5000,5000,42,NULL,615,'2021-12-29 16:05:48.951207',NULL,'~',39,129,113,1),(201,4000,4000,42,NULL,616,'2021-12-29 16:05:48.967007',NULL,'~',39,128,113,1),(202,1,0,36120,NULL,617,'2021-12-30 09:06:43.338741',NULL,'+',41,212,114,1),(203,1,0,72630,NULL,618,'2021-12-30 09:06:43.344423',NULL,'+',41,191,114,1),(204,24,0,4290,NULL,619,'2021-12-30 09:06:43.352511',NULL,'+',41,188,114,1),(202,1,0,36120,NULL,620,'2021-12-30 09:06:54.581193',NULL,'~',41,212,114,1),(203,1,0,72630,NULL,621,'2021-12-30 09:06:54.588479',NULL,'~',41,191,114,1),(204,24,0,4290,NULL,622,'2021-12-30 09:06:54.594213',NULL,'~',41,188,114,1),(205,15,0,5250,NULL,623,'2021-12-30 10:47:15.146411',NULL,'+',41,33,115,1),(205,15,0,5250,NULL,624,'2021-12-30 10:49:35.685452',NULL,'~',41,33,115,1),(206,40,0,1620,NULL,625,'2021-12-30 11:12:30.122059',NULL,'+',41,215,116,1),(207,50,0,1630,NULL,626,'2021-12-30 11:12:30.126334',NULL,'+',41,213,116,1),(206,40,0,1620,NULL,627,'2021-12-30 11:12:46.243382',NULL,'~',41,215,116,1),(207,50,0,1630,NULL,628,'2021-12-30 11:12:46.248534',NULL,'~',41,213,116,1),(208,300,0,400,NULL,629,'2021-12-30 12:34:20.693782',NULL,'+',39,201,117,1),(208,300,0,400,NULL,630,'2021-12-30 12:34:44.288201',NULL,'~',39,201,117,1),(208,300,300,400,NULL,631,'2021-12-30 12:35:47.611259',NULL,'~',39,201,117,1),(193,225,225,2590,NULL,632,'2021-12-30 13:21:49.526167',NULL,'~',39,172,109,1),(191,70,70,6250,NULL,633,'2021-12-30 14:27:15.971885',NULL,'~',39,204,107,1),(184,5,5,31600,NULL,634,'2021-12-30 16:42:48.425113',NULL,'~',39,203,102,1),(209,30,0,36102,NULL,635,'2021-12-30 17:24:32.898608',NULL,'+',39,37,118,1),(209,30,0,36102,NULL,636,'2021-12-30 17:24:47.076062',NULL,'~',39,37,118,1),(209,30,18000,36102,NULL,637,'2021-12-30 17:25:18.084191',NULL,'~',39,37,118,1),(210,20000,0,30,NULL,638,'2021-12-31 10:07:04.196538',NULL,'+',41,38,119,1),(210,20000,0,30,NULL,639,'2021-12-31 10:07:11.823150',NULL,'~',41,38,119,1),(211,8000,0,38,NULL,640,'2021-12-31 10:56:10.566719',NULL,'+',41,139,120,1),(212,6000,0,38,NULL,641,'2021-12-31 10:56:10.570799',NULL,'+',41,114,120,1),(213,1000,0,38,NULL,642,'2021-12-31 10:56:10.575100',NULL,'+',41,112,120,1),(211,8000,0,38,NULL,643,'2021-12-31 10:56:19.066499',NULL,'~',41,139,120,1),(212,6000,0,38,NULL,644,'2021-12-31 10:56:19.072815',NULL,'~',41,114,120,1),(213,1000,0,38,NULL,645,'2021-12-31 10:56:19.079511',NULL,'~',41,112,120,1),(214,4000,0,30,NULL,646,'2021-12-31 11:11:52.468437',NULL,'+',41,134,121,1),(215,3000,0,30,NULL,647,'2021-12-31 11:11:52.473696',NULL,'+',41,133,121,1),(216,6000,0,30,NULL,648,'2021-12-31 11:11:52.477635',NULL,'+',41,132,121,1),(217,3000,0,30,NULL,649,'2021-12-31 11:11:52.481404',NULL,'+',41,126,121,1),(218,3000,0,30,NULL,650,'2021-12-31 11:11:52.485382',NULL,'+',41,125,121,1),(219,2000,0,30,NULL,651,'2021-12-31 11:11:52.489613',NULL,'+',41,124,121,1),(220,5000,0,30,NULL,652,'2021-12-31 11:11:52.493939',NULL,'+',41,123,121,1),(221,1000,0,30,NULL,653,'2021-12-31 11:11:52.497670',NULL,'+',41,122,121,1),(222,3000,0,30,NULL,654,'2021-12-31 11:11:52.503426',NULL,'+',41,121,121,1),(66,10000,10000,30,NULL,655,'2022-01-03 12:20:23.681349',NULL,'~',39,35,42,1),(223,1500,0,580,NULL,656,'2022-01-03 15:18:36.801900',NULL,'+',47,217,122,1),(223,1500,0,580,NULL,657,'2022-01-03 15:19:44.489150',NULL,'~',47,217,122,1),(223,1500,1500,580,NULL,658,'2022-01-03 15:23:39.183671',NULL,'~',47,217,122,1),(224,700,0,400,NULL,659,'2022-01-03 17:02:02.442696',NULL,'+',39,201,123,1),(225,1000,0,440,NULL,660,'2022-01-03 17:02:02.448462',NULL,'+',39,181,123,1),(224,700,0,400,NULL,661,'2022-01-03 17:02:15.870778',NULL,'~',39,201,123,1),(225,1000,0,440,NULL,662,'2022-01-03 17:02:15.877164',NULL,'~',39,181,123,1),(224,700,700,400,NULL,663,'2022-01-03 17:03:57.772504',NULL,'~',39,201,123,1),(225,1000,1000,440,NULL,664,'2022-01-03 17:03:57.840083',NULL,'~',39,181,123,1),(197,2300,0,44,NULL,665,'2022-01-04 12:23:02.249668',NULL,'-',42,195,111,1),(196,2000,0,244,NULL,666,'2022-01-04 12:23:02.250696',NULL,'-',42,199,111,1),(195,2000,0,44,NULL,667,'2022-01-04 12:23:20.028888',NULL,'-',42,195,110,1),(194,2000,0,269,NULL,668,'2022-01-04 12:23:20.029714',NULL,'-',42,197,110,1),(226,500,0,46,NULL,669,'2022-01-04 12:24:10.032858',NULL,'+',42,195,124,1),(226,500,0,46,NULL,670,'2022-01-04 12:24:28.183686',NULL,'~',42,195,124,1),(227,4000,0,269,NULL,671,'2022-01-04 12:30:45.597703',NULL,'+',42,197,125,1),(228,4000,0,46,NULL,672,'2022-01-04 12:30:45.604307',NULL,'+',42,195,125,1),(206,40,40,1620,NULL,673,'2022-01-04 14:28:25.688065',NULL,'~',39,215,116,1),(207,50,50,1630,NULL,674,'2022-01-04 14:28:25.711324',NULL,'~',39,213,116,1),(226,500,500,46,NULL,675,'2022-01-04 14:45:08.679378',NULL,'~',39,195,124,1),(226,500,0,46,NULL,676,'2022-01-04 14:45:29.808467',NULL,'~',39,195,124,1),(226,500,500,46,NULL,677,'2022-01-04 14:45:45.887751',NULL,'~',39,195,124,1),(226,500,0,46,NULL,678,'2022-01-04 14:46:05.454507',NULL,'~',39,195,124,1),(226,500,500,46,NULL,679,'2022-01-04 14:46:55.148796',NULL,'~',39,195,124,1),(229,1,0,47890,NULL,680,'2022-01-05 09:40:29.503209',NULL,'+',42,218,126,1),(230,1,0,8394,NULL,681,'2022-01-05 10:09:11.864241',NULL,'+',42,219,127,1),(230,1,0,8394,NULL,682,'2022-01-05 10:11:25.886578',NULL,'-',42,219,127,1),(231,1,0,8394,NULL,683,'2022-01-05 10:11:48.464067',NULL,'+',42,219,128,1),(232,1,0,2151.8,NULL,684,'2022-01-05 10:11:48.470130',NULL,'+',42,158,128,1),(233,3000,0,38,NULL,685,'2022-01-05 11:47:56.459970',NULL,'+',42,231,129,1),(234,3000,0,38,NULL,686,'2022-01-05 11:47:56.466556',NULL,'+',42,230,129,1),(235,3000,0,38,NULL,687,'2022-01-05 11:47:56.470875',NULL,'+',42,229,129,1),(236,13000,0,38,NULL,688,'2022-01-05 11:47:56.476686',NULL,'+',42,228,129,1),(237,7000,0,38,NULL,689,'2022-01-05 11:47:56.482994',NULL,'+',42,227,129,1),(238,6000,0,38,NULL,690,'2022-01-05 11:47:56.487695',NULL,'+',42,222,129,1),(239,2000,0,38,NULL,691,'2022-01-05 11:47:56.492343',NULL,'+',42,220,129,1),(233,3000,0,38,NULL,692,'2022-01-05 11:55:49.451040',NULL,'~',42,231,129,1),(234,3000,0,38,NULL,693,'2022-01-05 11:55:49.468725',NULL,'~',42,230,129,1),(235,3000,0,38,NULL,694,'2022-01-05 11:55:49.493069',NULL,'~',42,229,129,1),(236,13000,0,38,NULL,695,'2022-01-05 11:55:49.499660',NULL,'~',42,228,129,1),(237,7000,0,38,NULL,696,'2022-01-05 11:55:49.513446',NULL,'~',42,227,129,1),(238,6000,0,38,NULL,697,'2022-01-05 11:55:49.533331',NULL,'~',42,222,129,1),(239,2000,0,38,NULL,698,'2022-01-05 11:55:49.544538',NULL,'~',42,220,129,1),(231,1,0,8394,NULL,699,'2022-01-05 11:59:35.969120',NULL,'~',42,219,128,1),(232,1,0,2151.8,NULL,700,'2022-01-05 11:59:35.974819',NULL,'~',42,158,128,1),(229,1,0,47890,NULL,701,'2022-01-05 11:59:42.293182',NULL,'~',42,218,126,1),(227,4000,0,269,NULL,702,'2022-01-05 11:59:50.814759',NULL,'~',42,197,125,1),(228,4000,0,46,NULL,703,'2022-01-05 11:59:50.820598',NULL,'~',42,195,125,1),(180,10000,10000,28,NULL,704,'2022-01-05 13:28:48.725973',NULL,'-',39,152,98,1),(179,10000,10000,13,NULL,705,'2022-01-05 13:28:48.726871',NULL,'-',39,153,98,1),(177,10000,10000,28,NULL,706,'2022-01-05 13:29:19.931096',NULL,'-',39,152,96,1),(176,10000,10000,13,NULL,707,'2022-01-05 13:29:19.931825',NULL,'-',39,153,96,1),(202,1,0,36120,NULL,708,'2022-01-07 11:18:21.364189',NULL,'~',39,212,114,1),(203,1,54,72630,NULL,709,'2022-01-07 11:18:21.373673',NULL,'~',39,191,114,1),(204,24,24,4290,NULL,710,'2022-01-07 11:18:21.383046',NULL,'~',39,188,114,1),(240,150,0,2590,NULL,711,'2022-01-07 14:10:59.601652',NULL,'+',42,172,130,1),(241,100,0,665,NULL,712,'2022-01-07 14:10:59.606484',NULL,'+',42,18,130,1),(240,200,0,2590,NULL,713,'2022-01-07 14:11:29.619795',NULL,'~',42,172,130,1),(241,100,0,665,NULL,714,'2022-01-07 14:11:29.626301',NULL,'~',42,18,130,1),(242,500,0,280,NULL,715,'2022-01-07 14:16:29.229301',NULL,'+',42,208,131,1),(243,1000,0,400,NULL,716,'2022-01-07 14:16:29.233640',NULL,'+',42,201,131,1),(242,500,0,280,NULL,717,'2022-01-07 14:16:39.688822',NULL,'~',42,208,131,1),(243,1000,0,400,NULL,718,'2022-01-07 14:16:39.694356',NULL,'~',42,201,131,1),(231,1,1,8394,NULL,719,'2022-01-07 14:21:10.614759',NULL,'~',42,219,128,1),(232,1,1,2151.8,NULL,720,'2022-01-07 14:21:10.623719',NULL,'~',42,158,128,1),(240,200,0,2799,NULL,721,'2022-01-07 14:32:31.109804',NULL,'~',42,172,130,1),(241,100,0,686,NULL,722,'2022-01-07 14:32:31.119133',NULL,'~',42,18,130,1),(244,1,0,36120,NULL,723,'2022-01-07 14:38:11.882486',NULL,'+',42,212,132,1),(245,5,0,5676,NULL,724,'2022-01-07 14:38:11.887293',NULL,'+',42,169,132,1),(244,1,0,36120,NULL,725,'2022-01-07 14:40:02.199689',NULL,'~',42,212,132,1),(245,5,0,5676,NULL,726,'2022-01-07 14:40:02.207543',NULL,'~',42,169,132,1),(242,500,0,280,NULL,727,'2022-01-07 14:54:08.536740',NULL,'~',42,208,131,1),(243,1000,0,400,NULL,728,'2022-01-07 14:54:08.542649',NULL,'~',42,201,131,1),(246,1,0,590000,NULL,729,'2022-01-07 15:07:22.886533',NULL,'+',47,234,133,1),(247,3000,0,0,NULL,730,'2022-01-07 16:23:22.500066',NULL,'+',47,236,134,1),(248,3000,0,600,NULL,731,'2022-01-07 16:24:12.845711',NULL,'+',47,236,135,1),(246,1,0,590000,NULL,732,'2022-01-07 17:14:29.492837',NULL,'~',42,234,133,1),(247,3000,0,0,NULL,733,'2022-01-07 17:15:57.864435',NULL,'-',47,236,134,1),(248,3000,0,600,NULL,734,'2022-01-07 17:16:17.096382',NULL,'~',42,236,135,1),(249,5000,0,17,NULL,735,'2022-01-07 17:39:28.779932',NULL,'+',42,120,136,1),(250,4000,0,8.5,NULL,736,'2022-01-07 17:39:28.783865',NULL,'+',42,113,136,1),(251,5000,0,12,NULL,737,'2022-01-07 17:39:28.787808',NULL,'+',42,111,136,1),(252,4,0,54527.2,NULL,738,'2022-01-07 17:41:05.549421',NULL,'+',42,145,137,838.88),(253,4,0,29720.5,NULL,739,'2022-01-07 17:41:05.553420',NULL,'+',42,144,137,1),(254,2,0,117443.2,NULL,740,'2022-01-07 17:41:05.556598',NULL,'+',42,143,137,838.88),(249,5000,0,17,NULL,741,'2022-01-07 17:53:29.609166',NULL,'~',42,120,136,1),(250,4000,0,8.5,NULL,742,'2022-01-07 17:53:29.616561',NULL,'~',42,113,136,1),(251,5000,0,12,NULL,743,'2022-01-07 17:53:29.623708',NULL,'~',42,111,136,1),(252,4,0,54527.2,NULL,744,'2022-01-07 18:07:25.935664',NULL,'-',42,145,137,838.88),(168,1,25,55714.1,NULL,745,'2022-01-07 18:07:25.936535',NULL,'-',42,145,91,857.14),(36,1,0,54126.8,NULL,746,'2022-01-07 18:07:25.937214',NULL,'-',42,145,28,832.72),(254,2,0,117443.2,NULL,747,'2022-01-07 18:07:32.988553',NULL,'-',42,143,137,838.88),(170,1,25,119999.6,NULL,748,'2022-01-07 18:07:32.990179',NULL,'-',42,143,91,857.14),(52,3,75,118882.25,NULL,749,'2022-01-07 18:07:32.990719',NULL,'-',42,143,34,809.94),(38,4,0,116580.8,NULL,750,'2022-01-07 18:07:32.991270',NULL,'-',42,143,28,832.72),(253,4,0,29720.5,NULL,751,'2022-01-07 18:07:43.508068',NULL,'-',42,144,137,1),(169,1,25,29720.5,NULL,752,'2022-01-07 18:07:43.509605',NULL,'-',42,144,91,1),(51,4,100,29720.5,NULL,753,'2022-01-07 18:07:43.510155',NULL,'-',42,144,34,1),(37,4,0,28750,NULL,754,'2022-01-07 18:07:43.510669',NULL,'-',42,144,28,1),(255,100,0,2780,NULL,755,'2022-01-07 18:09:12.905764',NULL,'+',42,243,138,1),(256,50,0,4697.73,NULL,756,'2022-01-07 18:09:12.909007',NULL,'+',42,241,138,838.88),(257,100,0,1174.43,NULL,757,'2022-01-07 18:09:12.911907',NULL,'+',42,239,138,838.88),(255,100,0,2780,NULL,758,'2022-01-07 18:09:20.648063',NULL,'~',42,243,138,1),(256,50,0,4697.73,NULL,759,'2022-01-07 18:09:20.653725',NULL,'~',42,241,138,838.88),(257,100,0,1174.43,NULL,760,'2022-01-07 18:09:20.660551',NULL,'~',42,239,138,838.88),(245,5,0,5676,NULL,761,'2022-01-07 18:16:05.337109',NULL,'-',42,169,132,1),(178,60,51600,5676,NULL,762,'2022-01-07 18:16:05.339178',NULL,'-',42,169,97,1),(85,12,10320,5676,NULL,763,'2022-01-07 18:16:05.340459',NULL,'-',42,169,56,1),(258,1,0,5500,NULL,764,'2022-01-07 18:22:04.214431',NULL,'+',42,248,139,1),(259,10320,0,6.6,NULL,765,'2022-01-07 18:22:04.219865',NULL,'+',42,245,139,1),(258,1,0,5500,NULL,766,'2022-01-07 18:22:11.712294',NULL,'~',42,248,139,1),(259,10320,0,6.6,NULL,767,'2022-01-07 18:22:11.720866',NULL,'~',42,245,139,1),(260,30000,0,60.17,NULL,768,'2022-01-10 13:28:04.912110',NULL,'+',42,249,140,1),(260,30000,0,60.17,NULL,769,'2022-01-10 13:28:15.032758',NULL,'~',42,249,140,1),(162,10,126650,240635,NULL,770,'2022-01-10 15:50:42.606705',NULL,'-',42,175,86,1),(261,100,0,14517.16,NULL,771,'2022-01-10 15:55:56.448844',NULL,'+',42,252,141,1),(261,100,0,14517.16,NULL,772,'2022-01-10 15:56:41.991387',NULL,'~',42,252,141,1),(214,4000,0,30,NULL,773,'2022-01-11 09:57:35.408311',NULL,'~',42,134,121,1),(215,3000,0,30,NULL,774,'2022-01-11 09:57:35.451019',NULL,'~',42,133,121,1),(216,6000,0,30,NULL,775,'2022-01-11 09:57:35.470494',NULL,'~',42,132,121,1),(217,3000,0,30,NULL,776,'2022-01-11 09:57:35.487372',NULL,'~',42,126,121,1),(218,3000,0,30,NULL,777,'2022-01-11 09:57:35.522717',NULL,'~',42,125,121,1),(219,2000,0,30,NULL,778,'2022-01-11 09:57:35.551414',NULL,'~',42,124,121,1),(220,5000,0,30,NULL,779,'2022-01-11 09:57:35.558530',NULL,'~',42,123,121,1),(221,1000,0,30,NULL,780,'2022-01-11 09:57:35.572542',NULL,'~',42,122,121,1),(222,3000,0,30,NULL,781,'2022-01-11 09:57:35.593628',NULL,'~',42,121,121,1),(240,200,200,2799,NULL,782,'2022-01-11 10:27:04.858368',NULL,'~',39,172,130,1),(241,100,100,686,NULL,783,'2022-01-11 10:27:04.886727',NULL,'~',39,18,130,1),(55,10000,4500,28,NULL,784,'2022-01-11 10:50:00.329732',NULL,'~',39,152,37,1),(262,100,0,2799,NULL,785,'2022-01-11 11:28:49.022705',NULL,'+',42,172,142,1),(263,75,0,686,NULL,786,'2022-01-11 11:28:49.027198',NULL,'+',42,18,142,1),(262,100,0,2799,NULL,787,'2022-01-11 11:33:25.877695',NULL,'~',42,172,142,1),(263,75,0,686,NULL,788,'2022-01-11 11:33:25.883545',NULL,'~',42,18,142,1),(262,100,100,2799,NULL,789,'2022-01-11 11:37:37.742728',NULL,'~',42,172,142,1),(263,75,75,686,NULL,790,'2022-01-11 11:37:37.772323',NULL,'~',42,18,142,1),(263,75,75,686,NULL,791,'2022-01-11 11:50:19.415608',NULL,'-',42,18,142,1),(262,100,100,2799,NULL,792,'2022-01-11 11:50:19.416341',NULL,'-',42,172,142,1),(227,4000,4000,269,NULL,793,'2022-01-11 15:17:58.217070',NULL,'~',39,197,125,1),(228,4000,4000,46,NULL,794,'2022-01-11 15:17:58.228682',NULL,'~',39,195,125,1),(227,4000,0,269,NULL,795,'2022-01-11 15:19:27.468471',NULL,'~',39,197,125,1),(228,4000,0,46,NULL,796,'2022-01-11 15:19:27.483309',NULL,'~',39,195,125,1),(227,4000,4000,269,NULL,797,'2022-01-11 15:19:52.589581',NULL,'~',39,197,125,1),(228,4000,4000,46,NULL,798,'2022-01-11 15:19:52.607514',NULL,'~',39,195,125,1),(227,4000,0,269,NULL,799,'2022-01-11 15:20:43.464815',NULL,'~',39,197,125,1),(228,4000,0,46,NULL,800,'2022-01-11 15:20:43.483987',NULL,'~',39,195,125,1),(227,4000,4000,269,NULL,801,'2022-01-11 15:21:18.813261',NULL,'~',39,197,125,1),(228,4000,4000,44,NULL,802,'2022-01-11 15:21:18.929686',NULL,'~',39,195,125,1),(205,15,15,5250,NULL,803,'2022-01-12 11:04:25.476358',NULL,'~',39,33,115,1),(260,30000,30000,60.17,NULL,804,'2022-01-12 12:28:26.295525',NULL,'~',39,249,140,1),(264,1000,0,440,NULL,805,'2022-01-12 14:04:31.589195',NULL,'+',42,181,143,1),(264,1000,0,440,NULL,806,'2022-01-12 14:04:56.928488',NULL,'~',42,181,143,1),(163,1,100,58999.5,NULL,807,'2022-01-13 15:02:27.941054',NULL,'-',42,180,87,1),(258,1,1,5500,NULL,808,'2022-01-14 14:23:22.956875',NULL,'~',39,248,139,1),(259,10320,10320,6.6,NULL,809,'2022-01-14 14:23:22.968320',NULL,'~',39,245,139,1),(242,500,500,280,NULL,810,'2022-01-14 14:46:51.190846',NULL,'~',39,208,131,1),(243,1000,1000,400,NULL,811,'2022-01-14 14:46:51.279693',NULL,'~',39,201,131,1),(129,1000,600000,29604.000000000004,NULL,812,'2022-01-14 20:49:37.005021',NULL,'-',1,36,84,1),(128,1000,600000,36102,NULL,813,'2022-01-14 20:49:37.006337',NULL,'-',1,37,84,1),(127,1000,1200000,22128,NULL,814,'2022-01-14 20:49:37.006766',NULL,'-',1,109,84,1),(265,10320,0,3.5,NULL,815,'2022-01-17 08:25:08.650990',NULL,'+',39,210,144,1),(265,10320,0,3.5,NULL,816,'2022-01-17 08:25:26.723455',NULL,'~',39,210,144,1),(265,10320,10320,3.5,NULL,817,'2022-01-17 08:26:29.802494',NULL,'~',39,210,144,1),(187,5000,5000,16,NULL,818,'2022-01-17 08:30:39.931626',NULL,'~',39,142,105,1),(188,5000,5000,16,NULL,819,'2022-01-17 08:30:39.953930',NULL,'~',39,141,105,1),(189,5000,5000,16,NULL,820,'2022-01-17 08:30:39.973202',NULL,'~',39,135,105,1),(249,5000,1000,17,NULL,821,'2022-01-17 08:46:01.811830',NULL,'~',39,120,136,1),(250,4000,4000,8,NULL,822,'2022-01-17 08:46:01.834864',NULL,'~',39,113,136,1),(251,5000,5000,16,NULL,823,'2022-01-17 08:46:01.858794',NULL,'~',39,111,136,1),(266,10,0,22014,NULL,824,'2022-01-17 12:48:13.754599',NULL,'+',41,15,145,1),(266,10,0,22014,NULL,825,'2022-01-17 12:48:26.267580',NULL,'~',41,15,145,1),(267,2,0,21205,NULL,826,'2022-01-17 13:27:22.075222',NULL,'+',41,73,146,1),(267,2,0,21205,NULL,827,'2022-01-17 13:29:06.203875',NULL,'~',41,73,146,1),(268,10,0,5250,NULL,828,'2022-01-17 14:33:54.471152',NULL,'+',41,33,147,1),(269,10,0,5250,NULL,829,'2022-01-17 14:33:54.475532',NULL,'+',41,31,147,1),(268,10,0,5250,NULL,830,'2022-01-17 14:34:39.547972',NULL,'~',41,33,147,1),(269,10,0,5250,NULL,831,'2022-01-17 14:34:39.552899',NULL,'~',41,31,147,1),(270,20,0,23716.78,NULL,832,'2022-01-17 14:38:03.918641',NULL,'+',41,41,148,930.07),(270,20,0,23716.78,NULL,833,'2022-01-17 14:38:12.738686',NULL,'~',41,41,148,930.07),(271,1,0,86160,NULL,834,'2022-01-17 16:06:31.451865',NULL,'+',41,254,149,1),(272,4,0,25740,NULL,835,'2022-01-17 16:06:31.457304',NULL,'+',41,189,149,1),(273,1,0,59000,NULL,836,'2022-01-17 16:06:31.461413',NULL,'+',41,180,149,1),(271,1,0,86160,NULL,837,'2022-01-17 16:06:38.963222',NULL,'~',41,254,149,1),(272,4,0,25740,NULL,838,'2022-01-17 16:06:38.972245',NULL,'~',41,189,149,1),(273,1,0,59000,NULL,839,'2022-01-17 16:06:38.979493',NULL,'~',41,180,149,1),(267,2,0,29809,NULL,840,'2022-01-17 16:11:18.316864',NULL,'~',41,73,146,1),(274,60,0,29604,NULL,841,'2022-01-18 09:35:44.417030',NULL,'+',41,36,150,1),(274,60,0,29604,NULL,842,'2022-01-18 09:36:03.032827',NULL,'~',41,36,150,1),(275,2,0,15990,NULL,843,'2022-01-18 10:10:12.729726',NULL,'+',48,256,151,1),(276,1,0,34990,NULL,844,'2022-01-18 10:10:12.736310',NULL,'+',48,255,151,1),(275,2,0,15990,NULL,845,'2022-01-18 10:10:58.911346',NULL,'~',48,256,151,1),(276,1,0,34990,NULL,846,'2022-01-18 10:10:58.918313',NULL,'~',48,255,151,1),(277,1800,0,408.5,NULL,847,'2022-01-18 10:23:29.196655',NULL,'+',41,258,152,1),(277,1800,0,408.5,NULL,848,'2022-01-18 10:23:33.961684',NULL,'~',41,258,152,1),(278,10,0,4480,NULL,849,'2022-01-18 12:50:14.274175',NULL,'+',41,259,153,1),(278,10,0,4480,NULL,850,'2022-01-18 12:50:20.124822',NULL,'~',41,259,153,1),(279,4,0,8890,NULL,851,'2022-01-19 11:07:52.555016',NULL,'+',41,265,154,1),(280,3,0,8890,NULL,852,'2022-01-19 11:07:52.559927',NULL,'+',41,264,154,1),(281,4,0,2500,NULL,853,'2022-01-19 11:07:52.564211',NULL,'+',41,263,154,1),(282,1,0,25000,NULL,854,'2022-01-19 11:07:52.567898',NULL,'+',41,262,154,1),(283,3,0,1200,NULL,855,'2022-01-19 11:07:52.572024',NULL,'+',41,261,154,1),(279,4,0,8890,NULL,856,'2022-01-19 11:08:01.427345',NULL,'~',41,265,154,1),(280,3,0,8890,NULL,857,'2022-01-19 11:08:01.436964',NULL,'~',41,264,154,1),(281,4,0,2500,NULL,858,'2022-01-19 11:08:01.447362',NULL,'~',41,263,154,1),(282,1,0,25000,NULL,859,'2022-01-19 11:08:01.456940',NULL,'~',41,262,154,1),(283,3,0,1200,NULL,860,'2022-01-19 11:08:01.466598',NULL,'~',41,261,154,1),(284,7,0,18389,NULL,861,'2022-01-19 11:54:14.286998',NULL,'+',41,187,155,1),(284,7,0,18389,NULL,862,'2022-01-19 11:54:25.788489',NULL,'~',41,187,155,1),(285,2,0,13646,NULL,863,'2022-01-19 12:28:09.042085',NULL,'+',41,161,156,1),(286,2,0,17500,NULL,864,'2022-01-19 12:28:09.054603',NULL,'+',41,106,156,1),(287,5,0,19000,NULL,865,'2022-01-19 12:28:09.063580',NULL,'+',41,104,156,1),(288,1,0,90000,NULL,866,'2022-01-19 12:28:09.070925',NULL,'+',41,7,156,1),(285,2,0,13646,NULL,867,'2022-01-19 12:28:21.168331',NULL,'~',41,161,156,1),(286,2,0,17500,NULL,868,'2022-01-19 12:28:21.174670',NULL,'~',41,106,156,1),(287,5,0,19000,NULL,869,'2022-01-19 12:28:21.180500',NULL,'~',41,104,156,1),(288,1,0,90000,NULL,870,'2022-01-19 12:28:21.186414',NULL,'~',41,7,156,1),(289,1,0,7800,NULL,871,'2022-01-19 12:42:50.034473',NULL,'+',41,266,157,1),(289,1,0,7800,NULL,872,'2022-01-19 12:42:56.508391',NULL,'~',41,266,157,1),(290,2,0,33875,NULL,873,'2022-01-19 13:23:35.750201',NULL,'+',41,272,158,1),(291,2,0,18000,NULL,874,'2022-01-19 13:23:35.756039',NULL,'+',41,270,158,1),(292,2,0,52825,NULL,875,'2022-01-19 13:23:35.761819',NULL,'+',41,268,158,1),(290,2,0,33875,NULL,876,'2022-01-19 13:23:47.405659',NULL,'~',41,272,158,1),(291,2,0,18000,NULL,877,'2022-01-19 13:23:47.414298',NULL,'~',41,270,158,1),(292,2,0,52825,NULL,878,'2022-01-19 13:23:47.423707',NULL,'~',41,268,158,1),(293,1,0,5500,NULL,879,'2022-01-19 14:17:14.760700',NULL,'+',41,274,159,1),(294,2,0,5250,NULL,880,'2022-01-19 14:17:14.771463',NULL,'+',41,273,159,1),(295,2,0,71700,NULL,881,'2022-01-19 14:17:14.783674',NULL,'+',41,76,159,1),(296,20,0,5250,NULL,882,'2022-01-19 14:17:14.797723',NULL,'+',41,33,159,1),(293,1,0,5500,NULL,883,'2022-01-19 14:17:26.678799',NULL,'~',41,274,159,1),(294,2,0,5250,NULL,884,'2022-01-19 14:17:26.684677',NULL,'~',41,273,159,1),(295,2,0,71700,NULL,885,'2022-01-19 14:17:26.691106',NULL,'~',41,76,159,1),(296,20,0,5250,NULL,886,'2022-01-19 14:17:26.696875',NULL,'~',41,33,159,1),(297,1,0,7101.69,NULL,887,'2022-01-19 14:28:42.739474',NULL,'+',41,275,160,929.54),(298,4,0,14333.51,NULL,888,'2022-01-19 14:28:42.742778',NULL,'+',41,96,160,929.54),(299,3,0,35601.38,NULL,889,'2022-01-19 14:28:42.745784',NULL,'+',41,55,160,929.54),(297,1,0,7101.69,NULL,890,'2022-01-19 14:28:52.638484',NULL,'~',41,275,160,929.54),(298,4,0,14333.51,NULL,891,'2022-01-19 14:28:52.643089',NULL,'~',41,96,160,929.54),(299,3,0,35601.38,NULL,892,'2022-01-19 14:28:52.647941',NULL,'~',41,55,160,929.54),(271,1,24,86160,NULL,893,'2022-01-19 15:27:36.712128',NULL,'~',39,254,149,1),(272,4,24,25740,NULL,894,'2022-01-19 15:27:36.724042',NULL,'~',39,189,149,1),(273,1,0,59000,NULL,895,'2022-01-19 15:27:36.749573',NULL,'~',39,180,149,1),(274,60,36000,29604.000000000004,NULL,896,'2022-01-20 10:28:58.853061',NULL,'~',45,36,150,1),(284,7,112,18389,NULL,897,'2022-01-20 12:22:35.979446',NULL,'~',45,187,155,1),(268,10,10,5250,NULL,898,'2022-01-20 12:32:07.727588',NULL,'~',45,33,147,1),(269,10,10,5250,NULL,899,'2022-01-20 12:32:07.756614',NULL,'~',45,31,147,1),(297,1,1,7101.69,NULL,900,'2022-01-20 14:40:55.326420',NULL,'~',45,275,160,929.54),(298,4,4,14333.51,NULL,901,'2022-01-20 14:40:55.352367',NULL,'~',45,96,160,929.54),(299,3,3,35601.38,NULL,902,'2022-01-20 14:40:55.382869',NULL,'~',45,55,160,929.54),(297,1,1,7101.69,NULL,903,'2022-01-20 14:41:20.659056',NULL,'~',45,275,160,929.54),(298,4,4,14333.51,NULL,904,'2022-01-20 14:41:20.687343',NULL,'~',45,96,160,929.54),(299,3,3,35601.38,NULL,905,'2022-01-20 14:41:20.702658',NULL,'~',45,55,160,929.54),(297,1,1,7052,NULL,906,'2022-01-20 14:42:03.944218',NULL,'~',45,275,160,929.54),(298,4,4,14233,NULL,907,'2022-01-20 14:42:03.968930',NULL,'~',45,96,160,929.54),(299,3,3,35352,NULL,908,'2022-01-20 14:42:03.984622',NULL,'~',45,55,160,929.54),(270,20,20,23716.78,NULL,909,'2022-01-20 14:45:49.110560',NULL,'~',45,41,148,930.07),(270,20,0,23716.78,NULL,910,'2022-01-20 14:46:09.575214',NULL,'~',45,41,148,930.07),(270,20,20,23703,NULL,911,'2022-01-20 14:47:06.665308',NULL,'~',45,41,148,930.07);
/*!40000 ALTER TABLE `ordendecompra_historicalordendecomprainsumo` ENABLE KEYS */;
UNLOCK TABLES;

--
-- Table structure for table `ordendecompra_ordendecompra`
--

DROP TABLE IF EXISTS `ordendecompra_ordendecompra`;
/*!40101 SET @saved_cs_client     = @@character_set_client */;
/*!40101 SET character_set_client = utf8 */;
CREATE TABLE `ordendecompra_ordendecompra` (
  `id` bigint(20) NOT NULL AUTO_INCREMENT,
  `numero` bigint(20) NOT NULL,
  `condiciones` longtext,
  `estado` varchar(50) NOT NULL,
  `fecha` date NOT NULL,
  `total_neto` double NOT NULL,
  `guia_despacho` varchar(50) DEFAULT NULL,
  `numero_factura` varchar(50) DEFAULT NULL,
  `fecha_recepcion` date DEFAULT NULL,
  `fecha_facturacion` date DEFAULT NULL,
  `fecha_pago` date DEFAULT NULL,
  `pago` varchar(100) DEFAULT NULL,
  `created` datetime(6) NOT NULL,
  `updated` datetime(6) NOT NULL,
  `bodega_id` bigint(20) DEFAULT NULL,
  `proveedor_id` bigint(20) DEFAULT NULL,
  `pagada` tinyint(1) NOT NULL,
  PRIMARY KEY (`id`),
  UNIQUE KEY `numero` (`numero`),
  KEY `ordendecompra_ordend_proveedor_id_22f275f4_fk_proveedor` (`proveedor_id`),
  KEY `ordendecompra_ordend_bodega_id_6fe26c51_fk_inventari` (`bodega_id`),
  CONSTRAINT `ordendecompra_ordend_bodega_id_6fe26c51_fk_inventari` FOREIGN KEY (`bodega_id`) REFERENCES `inventario_bodega` (`id`),
  CONSTRAINT `ordendecompra_ordend_proveedor_id_22f275f4_fk_proveedor` FOREIGN KEY (`proveedor_id`) REFERENCES `proveedores_proveedor` (`id`)
) ENGINE=InnoDB AUTO_INCREMENT=161 DEFAULT CHARSET=latin1;
/*!40101 SET character_set_client = @saved_cs_client */;

--
-- Dumping data for table `ordendecompra_ordendecompra`
--

LOCK TABLES `ordendecompra_ordendecompra` WRITE;
/*!40000 ALTER TABLE `ordendecompra_ordendecompra` DISABLE KEYS */;
INSERT INTO `ordendecompra_ordendecompra` VALUES (1,0,'','Rechazada','2021-08-31',22500,NULL,NULL,NULL,NULL,NULL,NULL,'2021-08-31 10:01:56.413968','2021-11-02 15:30:15.636500',NULL,NULL,0),(2,1,'','Rechazada','2021-09-07',3750,NULL,'123','2021-09-07',NULL,NULL,NULL,'2021-09-07 11:53:09.528700','2021-11-02 15:30:01.024670',3,NULL,0),(3,2,'','Rechazada','2021-09-21',7500,NULL,'679','2021-09-21',NULL,NULL,NULL,'2021-09-21 19:12:30.331166','2021-11-02 15:29:52.120504',3,NULL,0),(4,3,'Favor incluir siguiente código en factura: CORFO\r\n19IR-LR-121872','Pagada','2021-10-22',140000,NULL,'67689','2021-10-28','2021-10-26','2021-10-28','transferencia','2021-10-22 10:12:54.960601','2021-12-30 12:18:19.145597',3,NULL,1),(5,4,'Por favor incluir la siguiente glosa en la factura: DESARROLLO\r\nDE PORTAFOLIO DE POSTRES VEGETALES A BASE DE\r\nALMENDRA Y DESECHOS DE SU PRODUCCIÓN”, código\r\n19IR-LR-121872','Etiquetada','2021-10-25',540000,NULL,'224500','2021-12-07','2021-12-06',NULL,NULL,'2021-10-25 17:25:00.654670','2021-12-07 12:49:43.955718',3,2,0),(6,5,'Por favor incluir la siguiente glosa en la factura: DESARROLLO\r\nDE PORTAFOLIO DE POSTRES VEGETALES A BASE DE\r\nALMENDRA Y DESECHOS DE SU PRODUCCIÓN”, código\r\n19IR-LR-121872','Recepcionada','2021-10-25',110325,NULL,'284507','2021-11-02',NULL,NULL,NULL,'2021-10-25 17:43:41.294093','2021-11-02 15:35:55.743627',3,3,0),(7,6,'','Recepcionada','2021-10-26',137500,NULL,'284506','2021-11-02',NULL,NULL,NULL,'2021-10-26 16:18:08.942939','2021-11-02 15:21:53.621376',3,3,0),(8,7,'Por favor incluir la siguiente glosa en la factura: DESARROLLO DE PORTAFOLIO DE POSTRES VEGETALES A BASE DE ALMENDRA Y DESECHOS DE SU PRODUCCIÓN”, código 19IR-LR-121872','Validada','2021-10-27',478800,NULL,NULL,NULL,NULL,NULL,NULL,'2021-10-27 10:16:05.452138','2021-11-02 15:35:03.283420',3,5,0),(14,8,'Por favor incluir la siguiente glosa en la factura: DESARROLLO DE PORTAFOLIO DE POSTRES VEGETALES A BASE DE ALMENDRA Y DESECHOS DE SU PRODUCCIÓN”, código 19IR-LR-121872','Etiquetada','2021-11-02',663840,NULL,'72379','2021-12-13','2021-12-13',NULL,NULL,'2021-11-02 17:00:44.386784','2021-12-13 11:07:26.465867',3,6,0),(15,9,'Por favor incluir la siguiente glosa en la factura: DESARROLLO DE PORTAFOLIO DE POSTRES VEGETALES A BASE DE ALMENDRA Y DESECHOS DE SU PRODUCCIÓN”, código 19IR-LR-121872','Validada','2021-11-08',220140,NULL,NULL,NULL,NULL,NULL,NULL,'2021-11-08 10:58:38.953299','2021-11-09 16:32:28.517393',3,8,0),(16,10,'Por favor incluir la siguiente glosa en la factura: DESARROLLO DE PORTAFOLIO DE POSTRES VEGETALES A BASE DE ALMENDRA Y DESECHOS DE SU PRODUCCIÓN”, código 19IR-LR-121872','Semi-Recepcionada','2021-11-08',519750,NULL,'48348','2021-11-09',NULL,NULL,NULL,'2021-11-08 11:47:30.815447','2021-11-09 17:17:31.710315',3,9,0),(17,11,'Por favor incluir la siguiente glosa en la factura: DESARROLLO DE PORTAFOLIO DE POSTRES VEGETALES A BASE DE ALMENDRA Y DESECHOS DE SU PRODUCCIÓN”, código 19IR-LR-121872','Etiquetada','2021-11-09',175437.75,NULL,'81182','2021-11-25','2021-11-12',NULL,NULL,'2021-11-09 09:28:33.763747','2021-11-25 09:25:29.707367',3,10,0),(18,12,'Por favor incluir la siguiente glosa en la factura: DESARROLLO DE PORTAFOLIO DE POSTRES VEGETALES A BASE DE ALMENDRA Y DESECHOS DE SU PRODUCCIÓN”, código 19IR-LR-121872','Rechazada','2021-11-10',12950,NULL,NULL,NULL,NULL,NULL,NULL,'2021-11-10 17:47:28.093072','2021-11-22 14:58:33.762432',NULL,12,0),(19,13,'Por favor incluir la siguiente glosa en la factura: DESARROLLO DE PORTAFOLIO DE POSTRES VEGETALES A BASE DE ALMENDRA Y DESECHOS DE SU PRODUCCIÓN”, código 19IR-LR-121872','Validada','2021-11-15',864120,NULL,NULL,NULL,NULL,NULL,NULL,'2021-11-15 12:54:41.649995','2021-11-16 14:03:35.462661',4,13,0),(20,14,'Por favor incluir la siguiente glosa en la factura: DESARROLLO DE PORTAFOLIO DE POSTRES VEGETALES A BASE DE ALMENDRA Y DESECHOS DE SU PRODUCCIÓN”, código 19IR-LR-121872','Etiquetada','2021-11-15',626000,NULL,'12','2021-12-09','2021-12-01',NULL,NULL,'2021-11-15 13:46:33.689656','2021-12-09 16:27:03.277436',3,7,0),(22,15,'Por favor incluir la siguiente glosa en la factura: DESARROLLO DE PORTAFOLIO DE POSTRES VEGETALES A BASE DE ALMENDRA Y DESECHOS DE SU PRODUCCIÓN”, código 19IR-LR-121872','Etiquetada','2021-11-16',266840,NULL,'1','2021-11-16','2021-11-16',NULL,NULL,'2021-11-16 14:54:17.463117','2021-11-16 17:20:54.253838',3,9,0),(24,17,'Por favor incluir la siguiente glosa en la factura: DESARROLLO DE PORTAFOLIO DE POSTRES VEGETALES A BASE DE ALMENDRA Y DESECHOS DE SU PRODUCCIÓN”, código 19IR-LR-121872','Inicial','2021-11-19',864120,NULL,NULL,NULL,NULL,NULL,NULL,'2021-11-19 13:33:11.571178','2021-11-19 13:33:13.953587',3,13,0),(25,18,'Comprobante de Compra #20211119170128 en Rhona.cl\r\nOrden de Compra ya fue pagada por internet, solo recibir.\r\n\r\nNombre Cliente:	Hernan Vigil Cruz\r\nContacto:	/ 76484626\r\nNº Orden de Compra:	20211119170128\r\nFecha de pago:	19/11/2021 a las 17:04:47\r\nEstado Compra:	Pago Aprobado / Envio Pendiente\r\nMonto:	$10.038 (pesos)\r\nEnviar productos a:	Presidente Eduardo Frei Montalva 9950, , , Quilicura, XIII Metropolitana de Santiago, Chile','Validada','2021-11-19',7302,NULL,NULL,NULL,NULL,NULL,NULL,'2021-11-19 17:15:25.552781','2021-11-19 17:15:49.579037',2,23,0),(26,19,'Por favor incluir la siguiente glosa en la factura: DESARROLLO DE PORTAFOLIO DE POSTRES VEGETALES A BASE DE ALMENDRA Y DESECHOS DE SU PRODUCCIÓN”, código 19IR-LR-121872','Etiquetada','2021-11-22',322125,NULL,'10100','2021-11-25','2021-11-23',NULL,NULL,'2021-11-22 10:10:07.007940','2021-11-25 09:14:36.193883',3,14,0),(27,20,'Por favor incluir la siguiente glosa en la factura: DESARROLLO DE PORTAFOLIO DE POSTRES VEGETALES A BASE DE ALMENDRA Y DESECHOS DE SU PRODUCCIÓN”, código 19IR-LR-121872','Inicial','2021-11-22',300000,NULL,NULL,NULL,NULL,NULL,NULL,'2021-11-22 10:21:47.242521','2021-11-22 10:21:48.883973',3,22,0),(28,21,'Por favor incluir la siguiente glosa en la factura: DESARROLLO DE PORTAFOLIO DE POSTRES VEGETALES A BASE DE ALMENDRA Y DESECHOS DE SU PRODUCCIÓN”, código 19IR-LR-121872','Inicial','2021-11-22',635450,NULL,NULL,NULL,NULL,NULL,NULL,'2021-11-22 11:53:17.247057','2021-11-22 11:53:18.713293',3,21,0),(29,22,'Por favor incluir la siguiente glosa en la factura: DESARROLLO DE PORTAFOLIO DE POSTRES VEGETALES A BASE DE ALMENDRA Y DESECHOS DE SU PRODUCCIÓN”, código 19IR-LR-121872','Validada','2021-11-22',3700000,NULL,NULL,NULL,NULL,NULL,NULL,'2021-11-22 14:59:05.107327','2021-11-25 09:00:28.935268',3,12,0),(30,23,'Por favor incluir la siguiente glosa en la factura: DESARROLLO DE PORTAFOLIO DE POSTRES VEGETALES A BASE DE ALMENDRA Y DESECHOS DE SU PRODUCCIÓN”, código 19IR-LR-121872','Validada','2021-11-24',518000,NULL,NULL,NULL,NULL,NULL,NULL,'2021-11-24 10:29:00.469948','2021-11-25 09:00:51.912009',3,9,0),(31,24,'Por favor incluir la siguiente glosa en la factura: DESARROLLO DE PORTAFOLIO DE POSTRES VEGETALES A BASE DE ALMENDRA Y DESECHOS DE SU PRODUCCIÓN”, código 19IR-LR-121872','Inicial','2021-11-24',179400,NULL,NULL,NULL,NULL,NULL,NULL,'2021-11-24 12:14:08.113731','2021-11-24 12:14:09.730396',2,4,0),(32,25,'Por favor incluir la siguiente glosa en la factura: DESARROLLO DE PORTAFOLIO DE POSTRES VEGETALES A BASE DE ALMENDRA Y DESECHOS DE SU PRODUCCIÓN”, código 19IR-LR-121872','Etiquetada','2021-11-24',139800,NULL,'125591','2021-11-26','2021-11-26',NULL,NULL,'2021-11-24 12:26:30.606328','2021-11-26 15:27:28.860636',2,4,0),(33,26,'Por favor incluir la siguiente glosa en la factura: DESARROLLO DE PORTAFOLIO DE POSTRES VEGETALES A BASE DE ALMENDRA Y DESECHOS DE SU PRODUCCIÓN”, código 19IR-LR-121872','Etiquetada','2021-11-24',732975,NULL,'1036931','2021-11-30','2021-11-30',NULL,NULL,'2021-11-24 12:32:39.939001','2021-12-16 09:36:30.734053',3,18,0),(34,27,'Por favor incluir la siguiente glosa en la factura: DESARROLLO DE PORTAFOLIO DE POSTRES VEGETALES A BASE DE ALMENDRA Y DESECHOS DE SU PRODUCCIÓN”, código 19IR-LR-121872','Etiquetada','2021-11-24',475528.75,NULL,'68074, 68075','2021-12-14','2021-12-14',NULL,NULL,'2021-11-24 15:07:16.055397','2021-12-16 10:18:09.853180',3,21,0),(35,28,'Por favor incluir la siguiente glosa en la factura: DESARROLLO DE PORTAFOLIO DE POSTRES VEGETALES A BASE DE ALMENDRA Y DESECHOS DE SU PRODUCCIÓN”, código 19IR-LR-121872','Inicial','2021-11-29',1227960,NULL,NULL,NULL,NULL,NULL,NULL,'2021-11-29 13:11:21.535197','2021-11-29 13:11:22.848380',4,13,0),(36,29,'Por favor incluir la siguiente glosa en la factura: DESARROLLO DE PORTAFOLIO DE POSTRES VEGETALES A BASE DE ALMENDRA Y DESECHOS DE SU PRODUCCIÓN”, código 19IR-LR-121872','Etiquetada','2021-11-30',440000,NULL,'2327','2021-12-15','2021-12-14',NULL,NULL,'2021-11-30 09:40:42.706686','2021-12-15 18:57:24.530717',3,17,0),(37,30,'Por favor incluir la siguiente glosa en la factura: DESARROLLO DE PORTAFOLIO DE POSTRES VEGETALES A BASE DE ALMENDRA Y DESECHOS DE SU PRODUCCIÓN”, código 19IR-LR-121872','Etiquetada','2021-12-01',280000,NULL,'1193','2022-01-11','2022-01-10',NULL,NULL,'2021-12-01 14:29:38.298946','2022-01-11 10:50:16.382134',3,24,0),(38,31,'Por favor incluir la siguiente glosa en la factura: DESARROLLO DE PORTAFOLIO DE POSTRES VEGETALES A BASE DE ALMENDRA Y DESECHOS DE SU PRODUCCIÓN”, código 19IR-LR-121872','Validada','2021-12-01',58750,NULL,NULL,NULL,NULL,NULL,NULL,'2021-12-01 14:42:37.549516','2021-12-01 15:16:40.973036',3,3,0),(39,32,'Por favor incluir la siguiente glosa en la factura: DESARROLLO DE PORTAFOLIO DE POSTRES VEGETALES A BASE DE ALMENDRA Y DESECHOS DE SU PRODUCCIÓN”, código 19IR-LR-121872','Inicial','2021-12-01',300000,NULL,NULL,NULL,NULL,NULL,NULL,'2021-12-01 15:51:33.194515','2021-12-01 15:51:34.752227',3,22,0),(40,33,'Por favor incluir la siguiente glosa en la factura: DESARROLLO DE PORTAFOLIO DE POSTRES VEGETALES A BASE DE ALMENDRA Y DESECHOS DE SU PRODUCCIÓN”, código 19IR-LR-121872','Etiquetada','2021-12-02',526677.12,NULL,'18.383','2021-12-20','2021-12-20',NULL,NULL,'2021-12-02 09:35:20.901901','2021-12-20 17:51:02.622554',3,25,0),(41,34,'Por favor incluir la siguiente glosa en la factura: DESARROLLO DE PORTAFOLIO DE POSTRES VEGETALES A BASE DE ALMENDRA Y DESECHOS DE SU PRODUCCIÓN”, código 19IR-LR-121872','Etiquetada','2021-12-02',528000,NULL,'17929','2021-12-10','2021-12-10',NULL,NULL,'2021-12-02 09:37:56.112053','2021-12-10 10:24:05.857746',3,15,0),(42,35,'Por favor incluir la siguiente glosa en la factura: DESARROLLO DE PORTAFOLIO DE POSTRES VEGETALES A BASE DE ALMENDRA Y DESECHOS DE SU PRODUCCIÓN”, código 19IR-LR-121872','Etiquetada','2021-12-02',300000,NULL,'225288','2022-01-03','2022-01-03',NULL,NULL,'2021-12-02 10:38:00.433104','2022-01-03 12:21:30.478187',3,2,0),(43,36,'Por favor incluir la siguiente glosa en la factura: DESARROLLO DE PORTAFOLIO DE POSTRES VEGETALES A BASE DE ALMENDRA Y DESECHOS DE SU PRODUCCIÓN”, código 19IR-LR-121872\r\nEsto es para destino san felipe','Etiquetada','2021-12-03',92368,NULL,'1','2021-12-10','2021-12-10',NULL,NULL,'2021-12-03 05:45:59.201703','2021-12-10 11:06:22.310456',3,26,0),(44,37,'Por favor incluir la siguiente glosa en la factura: DESARROLLO DE PORTAFOLIO DE POSTRES VEGETALES A BASE DE ALMENDRA Y DESECHOS DE SU PRODUCCIÓN”, código 19IR-LR-121872','Inicial','2021-12-06',659460,NULL,NULL,NULL,NULL,NULL,NULL,'2021-12-06 11:20:53.889948','2021-12-06 11:20:55.644829',4,13,0),(45,38,'Palabra clave para recibir tu compra\r\n\r\nINDUSTRIA','Etiquetada','2021-12-07',144540,NULL,'1','2021-12-09','2021-12-09',NULL,NULL,'2021-12-07 09:43:14.047791','2021-12-09 16:37:57.075604',3,27,0),(46,39,'Por favor incluir la siguiente glosa en la factura: DESARROLLO DE PORTAFOLIO DE POSTRES VEGETALES A BASE DE ALMENDRA Y DESECHOS DE SU PRODUCCIÓN”, código 19IR-LR-121872','Inicial','2021-12-07',518000,NULL,NULL,NULL,NULL,NULL,NULL,'2021-12-07 09:50:35.548629','2021-12-07 09:50:36.637967',3,9,0),(47,40,'Segun NC 5543 emitida por PRIMEC, monto bruto a pagar descontada NC es de 529.609','Inicial','2021-12-07',0,NULL,'48839','2021-12-22','2021-12-22',NULL,NULL,'2021-12-07 09:56:53.955389','2021-12-22 11:47:22.567858',3,9,0),(48,41,'Por favor incluir la siguiente glosa en la factura: DESARROLLO DE PORTAFOLIO DE POSTRES VEGETALES A BASE DE ALMENDRA Y DESECHOS DE SU PRODUCCIÓN”, código 19IR-LR-121872','Etiquetada','2021-12-07',8958.2,NULL,'1031','2021-12-09','2021-12-07',NULL,NULL,'2021-12-07 10:13:16.572325','2021-12-09 18:18:21.272138',3,27,1),(50,43,'Por favor incluir la siguiente glosa en la factura: DESARROLLO DE PORTAFOLIO DE POSTRES VEGETALES A BASE DE ALMENDRA Y DESECHOS DE SU PRODUCCIÓN”, código 19IR-LR-121872','Etiquetada','2021-12-07',20160,NULL,'12','2021-12-09','2021-12-09',NULL,NULL,'2021-12-07 12:40:46.038961','2021-12-09 17:11:31.178944',3,27,1),(51,44,'Por favor incluir la siguiente glosa en la factura: DESARROLLO DE PORTAFOLIO DE POSTRES VEGETALES A BASE DE ALMENDRA Y DESECHOS DE SU PRODUCCIÓN”, código 19IR-LR-121872','Inicial','2021-12-10',216000,NULL,NULL,NULL,NULL,NULL,NULL,'2021-12-10 11:39:09.043846','2021-12-10 11:39:10.994044',3,3,0),(52,45,'Por favor incluir la siguiente glosa en la factura: DESARROLLO DE PORTAFOLIO DE POSTRES VEGETALES A BASE DE ALMENDRA Y DESECHOS DE SU PRODUCCIÓN”, código 19IR-LR-121872','Inicial','2021-12-10',27292,NULL,NULL,NULL,NULL,NULL,NULL,'2021-12-10 11:57:09.574696','2021-12-10 11:57:11.053411',3,3,0),(53,46,'Por favor incluir la siguiente glosa en la factura: DESARROLLO DE PORTAFOLIO DE POSTRES VEGETALES A BASE DE ALMENDRA Y DESECHOS DE SU PRODUCCIÓN”, código 19IR-LR-121872','Etiquetada','2021-12-10',272920,NULL,'291368','2021-12-13','2021-12-13',NULL,NULL,'2021-12-10 11:59:46.834897','2021-12-13 11:16:11.366960',3,3,0),(56,48,'Por favor incluir la siguiente glosa en la factura: DESARROLLO DE PORTAFOLIO DE POSTRES VEGETALES A BASE DE ALMENDRA Y DESECHOS DE SU PRODUCCIÓN”, código 19IR-LR-121872','Etiquetada','2021-12-13',205782,NULL,'0000127695','2021-12-13','2021-12-13',NULL,NULL,'2021-12-13 15:10:56.312117','2021-12-16 10:21:56.953625',3,29,0),(57,49,'Por favor incluir la siguiente glosa en la factura: DESARROLLO DE PORTAFOLIO DE POSTRES VEGETALES A BASE DE ALMENDRA Y DESECHOS DE SU PRODUCCIÓN”, código 19IR-LR-121872','Inicial','2021-12-13',7690,NULL,NULL,NULL,NULL,NULL,NULL,'2021-12-13 17:10:19.378935','2021-12-13 17:10:20.958862',3,27,0),(58,50,'Por favor incluir la siguiente glosa en la factura: DESARROLLO DE PORTAFOLIO DE POSTRES VEGETALES A BASE DE ALMENDRA Y DESECHOS DE SU PRODUCCIÓN”, código 19IR-LR-121872','Etiquetada','2021-12-15',23400,NULL,'1','2021-12-15','2021-12-15',NULL,NULL,'2021-12-15 12:01:00.063648','2021-12-15 12:02:14.784603',4,30,0),(59,51,'Por favor incluir la siguiente glosa en la factura: DESARROLLO DE PORTAFOLIO DE POSTRES VEGETALES A BASE DE ALMENDRA Y DESECHOS DE SU PRODUCCIÓN”, código 19IR-LR-121872','Etiquetada','2021-12-15',203750,NULL,'1','2021-12-15','2021-12-15',NULL,NULL,'2021-12-15 12:03:01.894618','2021-12-15 12:03:32.853029',4,28,0),(60,52,'Por favor incluir la siguiente glosa en la factura: DESARROLLO DE PORTAFOLIO DE POSTRES VEGETALES A BASE DE ALMENDRA Y DESECHOS DE SU PRODUCCIÓN”, código 19IR-LR-121872','Etiquetada','2021-12-15',64750,NULL,'1','2021-12-15','2021-12-15',NULL,NULL,'2021-12-15 12:19:34.399092','2021-12-15 13:38:03.861617',4,9,0),(61,53,'Por favor incluir la siguiente glosa en la factura: DESARROLLO DE PORTAFOLIO DE POSTRES VEGETALES A BASE DE ALMENDRA Y DESECHOS DE SU PRODUCCIÓN”, código 19IR-LR-121872','Etiquetada','2021-12-15',203750,NULL,'1','2021-12-15','2021-12-15',NULL,NULL,'2021-12-15 12:22:00.031071','2021-12-15 12:22:32.743901',4,28,0),(62,54,'Por favor incluir la siguiente glosa en la factura: DESARROLLO DE PORTAFOLIO DE POSTRES VEGETALES A BASE DE ALMENDRA Y DESECHOS DE SU PRODUCCIÓN”, código 19IR-LR-121872','Etiquetada','2021-12-15',243308.30000000002,NULL,'1','2021-12-15','2021-12-08',NULL,NULL,'2021-12-15 12:23:36.898229','2021-12-15 12:24:03.148947',4,14,0),(63,55,'Por favor incluir la siguiente glosa en la factura: DESARROLLO DE PORTAFOLIO DE POSTRES VEGETALES A BASE DE ALMENDRA Y DESECHOS DE SU PRODUCCIÓN”, código 19IR-LR-121872','Etiquetada','2021-12-15',71700,NULL,'1','2021-12-15','2021-12-15',NULL,NULL,'2021-12-15 12:24:38.285328','2021-12-15 12:25:00.884037',4,4,0),(64,56,'Por favor incluir la siguiente glosa en la factura: DESARROLLO DE PORTAFOLIO DE POSTRES VEGETALES A BASE DE ALMENDRA Y DESECHOS DE SU PRODUCCIÓN”, código 19IR-LR-121872','Etiquetada','2021-12-15',15200,NULL,'1','2021-12-15','2021-12-15',NULL,NULL,'2021-12-15 12:28:41.142012','2021-12-15 13:31:36.138873',4,22,0),(66,57,'Por favor incluir la siguiente glosa en la factura: DESARROLLO DE PORTAFOLIO DE POSTRES VEGETALES A BASE DE ALMENDRA Y DESECHOS DE SU PRODUCCIÓN”, código 19IR-LR-121872','Etiquetada','2021-12-15',130000,NULL,'123','2021-12-15','2021-12-15',NULL,NULL,'2021-12-15 14:15:34.426931','2021-12-15 14:15:58.553417',4,20,0),(67,58,'Por favor incluir la siguiente glosa en la factura: DESARROLLO DE PORTAFOLIO DE POSTRES VEGETALES A BASE DE ALMENDRA Y DESECHOS DE SU PRODUCCIÓN”, código 19IR-LR-121872','Etiquetada','2021-12-15',323750,NULL,'1','2021-12-15','2021-12-15',NULL,NULL,'2021-12-15 14:22:49.657602','2021-12-15 14:25:23.430409',4,9,0),(68,59,'Por favor incluir la siguiente glosa en la factura: DESARROLLO DE PORTAFOLIO DE POSTRES VEGETALES A BASE DE ALMENDRA Y DESECHOS DE SU PRODUCCIÓN”, código 19IR-LR-121872','Etiquetada','2021-12-15',358500,NULL,'1','2021-12-15','2021-12-15',NULL,NULL,'2021-12-15 14:32:05.575773','2021-12-15 14:32:36.156911',4,4,0),(69,60,'Por favor incluir la siguiente glosa en la factura: DESARROLLO DE PORTAFOLIO DE POSTRES VEGETALES A BASE DE ALMENDRA Y DESECHOS DE SU PRODUCCIÓN”, código 19IR-LR-121872','Etiquetada','2021-12-15',3260000,NULL,'2','2021-12-15','2021-12-15',NULL,NULL,'2021-12-15 14:33:12.620784','2021-12-15 14:34:24.161452',4,28,0),(70,61,'Por favor incluir la siguiente glosa en la factura: DESARROLLO DE PORTAFOLIO DE POSTRES VEGETALES A BASE DE ALMENDRA Y DESECHOS DE SU PRODUCCIÓN”, código 19IR-LR-121872','Etiquetada','2021-12-15',320000,NULL,'1','2021-12-15','2021-12-15',NULL,NULL,'2021-12-15 14:40:48.167637','2021-12-15 14:41:44.558502',3,30,0),(71,62,'Por favor incluir la siguiente glosa en la factura: DESARROLLO DE PORTAFOLIO DE POSTRES VEGETALES A BASE DE ALMENDRA Y DESECHOS DE SU PRODUCCIÓN”, código 19IR-LR-121872','Inicial','2021-12-16',660000,NULL,NULL,NULL,NULL,NULL,NULL,'2021-12-16 10:51:32.886411','2021-12-16 10:51:34.009894',3,17,0),(73,64,'Por favor incluir la siguiente glosa en la factura: DESARROLLO DE PORTAFOLIO DE POSTRES VEGETALES A BASE DE ALMENDRA Y DESECHOS DE SU PRODUCCIÓN”, código 19IR-LR-121872','Inicial','2021-12-17',326800,NULL,NULL,NULL,NULL,NULL,NULL,'2021-12-17 15:04:29.195337','2021-12-17 15:04:30.883532',3,4,0),(74,65,'Por favor incluir la siguiente glosa en la factura: DESARROLLO DE PORTAFOLIO DE POSTRES VEGETALES A BASE DE ALMENDRA Y DESECHOS DE SU PRODUCCIÓN”, código 19IR-LR-121872','Etiquetada','2021-12-20',123581.95199999999,NULL,'278.847','2021-12-20','2021-12-17',NULL,NULL,'2021-12-20 09:30:58.944704','2021-12-20 09:35:33.709158',3,11,0),(76,66,'Por favor incluir la siguiente glosa en la factura: DESARROLLO DE PORTAFOLIO DE POSTRES VEGETALES A BASE DE ALMENDRA Y DESECHOS DE SU PRODUCCIÓN”, código 19IR-LR-121872','Etiquetada','2021-12-20',412800,NULL,'126782','2021-12-23','2021-12-22',NULL,NULL,'2021-12-20 11:18:14.837540','2021-12-23 11:17:35.637098',3,4,0),(77,67,'Por favor incluir la siguiente glosa en la factura: DESARROLLO DE PORTAFOLIO DE POSTRES VEGETALES A BASE DE ALMENDRA Y DESECHOS DE SU PRODUCCIÓN”, código 19IR-LR-121872','Etiquetada','2021-12-20',322288,NULL,'10169','2021-12-22','2021-12-21',NULL,NULL,'2021-12-20 11:19:31.548612','2021-12-22 10:10:24.514310',3,14,0),(78,68,'Por favor incluir la siguiente glosa en la factura: DESARROLLO DE PORTAFOLIO DE POSTRES VEGETALES A BASE DE ALMENDRA Y DESECHOS DE SU PRODUCCIÓN”, código 19IR-LR-121872','Etiquetada','2021-12-21',196740,NULL,'0000128244','2021-12-23','2021-12-23',NULL,NULL,'2021-12-21 09:30:47.518670','2021-12-23 11:05:54.141110',3,29,0),(79,69,'presupuesto TECH - 898 - 21','Etiquetada','2021-12-21',480000,NULL,'979','2021-12-28','2021-12-27',NULL,NULL,'2021-12-21 17:58:05.504977','2021-12-28 10:22:04.141198',2,31,0),(80,70,'Por favor incluir la siguiente glosa en la factura: DESARROLLO DE PORTAFOLIO DE POSTRES VEGETALES A BASE DE ALMENDRA Y DESECHOS DE SU PRODUCCIÓN”, código 19IR-LR-121872','Etiquetada','2021-12-22',45900,NULL,'1317','2021-12-22','2021-12-20',NULL,NULL,'2021-12-22 10:32:29.618407','2021-12-22 10:34:44.469179',3,32,0),(81,71,'Por favor incluir la siguiente glosa en la factura: DESARROLLO DE PORTAFOLIO DE POSTRES VEGETALES A BASE DE ALMENDRA Y DESECHOS DE SU PRODUCCIÓN”, código 19IR-LR-121872','Etiquetada','2021-12-22',518000,NULL,'48839','2021-12-22','2021-12-22',NULL,NULL,'2021-12-22 11:54:01.461248','2021-12-22 12:04:27.777760',3,9,0),(82,72,'Por favor incluir la siguiente glosa en la factura: DESARROLLO DE PORTAFOLIO DE POSTRES VEGETALES A BASE DE ALMENDRA Y DESECHOS DE SU PRODUCCIÓN”, código 19IR-LR-121872','Etiquetada','2021-12-22',313000,NULL,'1','2021-12-22','2021-12-22',NULL,NULL,'2021-12-22 14:30:32.045317','2021-12-22 14:31:42.115043',4,7,0),(83,73,'Por favor incluir la siguiente glosa en la factura: DESARROLLO DE PORTAFOLIO DE POSTRES VEGETALES A BASE DE ALMENDRA Y DESECHOS DE SU PRODUCCIÓN”, código 19IR-LR-121872','Validada','2021-12-22',647000,NULL,NULL,NULL,NULL,NULL,NULL,'2021-12-22 16:19:11.898092','2021-12-22 16:19:20.687407',3,20,0),(85,75,'Por favor incluir la siguiente glosa en la factura: DESARROLLO DE PORTAFOLIO DE POSTRES VEGETALES A BASE DE ALMENDRA Y DESECHOS DE SU PRODUCCIÓN”, código 19IR-LR-121872','Recepcionada','2021-12-22',8195000,NULL,'1','2021-12-22','2021-12-22',NULL,NULL,'2021-12-22 17:20:32.257102','2021-12-22 17:24:34.586246',4,22,0),(86,76,'Por favor incluir la siguiente glosa en la factura: DESARROLLO DE PORTAFOLIO DE POSTRES VEGETALES A BASE DE ALMENDRA Y DESECHOS DE SU PRODUCCIÓN”, código 19IR-LR-121872','Recepcionada','2021-12-22',2406350,'1','1','2021-12-22','2021-12-22',NULL,NULL,'2021-12-22 17:28:13.292735','2021-12-23 16:48:36.150106',4,16,0),(88,78,'Por favor incluir la siguiente glosa en la factura: DESARROLLO DE PORTAFOLIO DE POSTRES VEGETALES A BASE DE ALMENDRA Y DESECHOS DE SU PRODUCCIÓN”, código 19IR-LR-121872','Rechazada','2021-12-24',840,NULL,'1','2021-12-24','2021-12-24',NULL,NULL,'2021-12-24 08:40:30.603903','2021-12-24 08:44:02.541039',3,29,0),(89,79,'Por favor incluir la siguiente glosa en la factura: DESARROLLO DE PORTAFOLIO DE POSTRES VEGETALES A BASE DE ALMENDRA Y DESECHOS DE SU PRODUCCIÓN”, código 19IR-LR-121872','Etiquetada','2021-12-24',8400,NULL,'1','2021-12-24','2021-12-24',NULL,NULL,'2021-12-24 08:44:21.626131','2021-12-24 08:44:48.701940',4,29,0),(90,80,'Por favor incluir la siguiente glosa en la factura: DESARROLLO DE PORTAFOLIO DE POSTRES VEGETALES A BASE DE ALMENDRA Y DESECHOS DE SU PRODUCCIÓN”, código 19IR-LR-121872','Etiquetada','2021-12-24',3700000,NULL,'1','2021-12-24','2021-12-24',NULL,NULL,'2021-12-24 09:05:32.290856','2021-12-24 09:06:19.259012',4,12,0),(91,81,'Por favor incluir la siguiente glosa en la factura: DESARROLLO DE PORTAFOLIO DE POSTRES VEGETALES A BASE DE ALMENDRA Y DESECHOS DE SU PRODUCCIÓN”, código 19IR-LR-121872','Recepcionada','2021-12-24',205434.2,NULL,'1','2021-12-24','2021-12-24',NULL,NULL,'2021-12-24 10:01:17.685237','2021-12-24 10:02:16.643505',4,21,0),(92,82,'Por favor incluir la siguiente glosa en la factura: DESARROLLO DE PORTAFOLIO DE POSTRES VEGETALES A BASE DE ALMENDRA Y DESECHOS DE SU PRODUCCIÓN”, código 19IR-LR-121872','Etiquetada','2021-12-24',570000,'1432','54324','2021-12-24','2021-12-24',NULL,NULL,'2021-12-24 10:18:27.512128','2021-12-24 10:21:08.177881',4,2,0),(93,83,'Por favor incluir la siguiente glosa en la factura: DESARROLLO DE PORTAFOLIO DE POSTRES VEGETALES A BASE DE ALMENDRA Y DESECHOS DE SU PRODUCCIÓN”, código 19IR-LR-121872','Rechazada','2021-12-24',841320,NULL,NULL,NULL,NULL,NULL,NULL,'2021-12-24 10:22:20.818560','2021-12-24 10:34:57.018272',4,8,0),(94,84,'Por favor incluir la siguiente glosa en la factura: DESARROLLO DE PORTAFOLIO DE POSTRES VEGETALES A BASE DE ALMENDRA Y DESECHOS DE SU PRODUCCIÓN”, código 19IR-LR-121872','Rechazada','2021-12-24',885600,NULL,'1546','2021-12-24','2021-12-24',NULL,NULL,'2021-12-24 10:30:58.367170','2021-12-24 10:42:19.007999',4,8,0),(95,85,'Por favor incluir la siguiente glosa en la factura: DESARROLLO DE PORTAFOLIO DE POSTRES VEGETALES A BASE DE ALMENDRA Y DESECHOS DE SU PRODUCCIÓN”, código 19IR-LR-121872','Etiquetada','2021-12-24',4000000,NULL,'78960','2021-12-24','2021-12-24',NULL,NULL,'2021-12-24 10:36:56.212969','2021-12-24 10:37:37.168028',4,17,0),(97,87,'Por favor incluir la siguiente glosa en la factura: DESARROLLO DE PORTAFOLIO DE POSTRES VEGETALES A BASE DE ALMENDRA Y DESECHOS DE SU PRODUCCIÓN”, código 19IR-LR-121872','Etiquetada','2021-12-24',340560,NULL,'5656','2021-12-24','2021-12-24',NULL,NULL,'2021-12-24 10:40:49.209755','2021-12-24 10:41:56.832473',4,29,0),(99,89,'Por favor incluir la siguiente glosa en la factura: DESARROLLO DE PORTAFOLIO DE POSTRES VEGETALES A BASE DE ALMENDRA Y DESECHOS DE SU PRODUCCIÓN”, código 19IR-LR-121872','Etiquetada','2021-12-24',1328400,NULL,'5432435','2021-12-24','2021-12-24',NULL,NULL,'2021-12-24 10:44:19.380649','2021-12-24 10:45:18.211239',4,8,0),(101,90,'Por favor incluir la siguiente glosa en la factura: DESARROLLO DE PORTAFOLIO DE POSTRES VEGETALES A BASE DE ALMENDRA Y DESECHOS DE SU PRODUCCIÓN”, código 19IR-LR-121872','Etiquetada','2021-12-24',400000,NULL,'2335','2021-12-24','2021-12-24',NULL,NULL,'2021-12-24 12:05:15.662308','2021-12-24 12:09:14.621784',3,17,0),(102,91,'Por favor incluir la siguiente glosa en la factura: DESARROLLO DE PORTAFOLIO DE POSTRES VEGETALES A BASE DE ALMENDRA Y DESECHOS DE SU PRODUCCIÓN”, código 19IR-LR-121872\r\nBotas Talla 37, 38, 39 un par por numero\r\nBotas Talla 42 dos pares por numero','Etiquetada','2021-12-27',158000,NULL,'174148','2021-12-30','2021-12-29',NULL,NULL,'2021-12-27 17:04:43.468188','2021-12-30 16:43:20.805797',3,33,1),(103,92,'TRABAJO ADICIONAL A CALDERA','Validada','2021-12-28',30000,NULL,NULL,NULL,NULL,NULL,NULL,'2021-12-28 10:18:48.096861','2021-12-30 11:45:27.358318',2,31,1),(104,93,'Por favor incluir la siguiente glosa en la factura: DESARROLLO DE PORTAFOLIO DE POSTRES VEGETALES A BASE DE ALMENDRA Y DESECHOS DE SU PRODUCCIÓN”, código 19IR-LR-121872','Inicial','2021-12-28',440000,NULL,NULL,NULL,NULL,NULL,NULL,'2021-12-28 11:08:44.756204','2021-12-28 11:09:38.885663',3,17,0),(105,94,'Por favor incluir la siguiente glosa en la factura: DESARROLLO DE PORTAFOLIO DE POSTRES VEGETALES A BASE DE ALMENDRA Y DESECHOS DE SU PRODUCCIÓN”, código 19IR-LR-121872','Etiquetada','2021-12-28',240000,NULL,'1694','2022-01-17','2022-01-13',NULL,NULL,'2021-12-28 11:18:48.040979','2022-01-17 08:38:14.318655',3,22,0),(106,95,'Por favor incluir la siguiente glosa en la factura: DESARROLLO DE PORTAFOLIO DE POSTRES VEGETALES A BASE DE ALMENDRA Y DESECHOS DE SU PRODUCCIÓN”, código 19IR-LR-121872','Validada','2021-12-28',663840,NULL,NULL,NULL,NULL,NULL,NULL,'2021-12-28 12:08:35.017883','2021-12-28 12:08:47.341019',3,6,0),(107,96,'Por favor incluir la siguiente glosa en la factura: DESARROLLO DE PORTAFOLIO DE POSTRES VEGETALES A BASE DE ALMENDRA Y DESECHOS DE SU PRODUCCIÓN”, código 19IR-LR-121872','Etiquetada','2021-12-28',437500,NULL,'1','2021-12-30','2021-12-23',NULL,NULL,'2021-12-28 12:21:35.775259','2021-12-30 14:27:28.965290',3,34,0),(108,97,'Por favor incluir la siguiente glosa en la factura: DESARROLLO DE PORTAFOLIO DE POSTRES VEGETALES A BASE DE ALMENDRA Y DESECHOS DE SU PRODUCCIÓN”, código 19IR-LR-121872','Etiquetada','2021-12-28',48000,NULL,'75171','2021-12-28','2021-12-28',NULL,NULL,'2021-12-28 18:29:56.010601','2021-12-30 12:23:06.601602',2,35,1),(109,98,'Por favor incluir la siguiente glosa en la factura: DESARROLLO DE PORTAFOLIO DE POSTRES VEGETALES A BASE DE ALMENDRA Y DESECHOS DE SU PRODUCCIÓN”, código 19IR-LR-121872','Etiquetada','2021-12-28',582750,NULL,'48915','2021-12-30','2021-12-30',NULL,NULL,'2021-12-28 18:33:51.731189','2021-12-30 13:22:18.743724',3,9,1),(112,101,'Por favor incluir la siguiente glosa en la factura: DESARROLLO DE PORTAFOLIO DE POSTRES VEGETALES A BASE DE ALMENDRA Y DESECHOS DE SU PRODUCCIÓN”, código 19IR-LR-121872','Etiquetada','2021-12-29',580000,NULL,'2337','2021-12-29','2021-12-29',NULL,NULL,'2021-12-29 15:55:27.010684','2021-12-29 15:59:12.949221',3,17,0),(113,102,'Por favor incluir la siguiente glosa en la factura: DESARROLLO DE PORTAFOLIO DE POSTRES VEGETALES A BASE DE ALMENDRA Y DESECHOS DE SU PRODUCCIÓN”, código 19IR-LR-121872','Etiquetada','2021-12-29',378000,NULL,'1667','2021-12-29','2021-12-23',NULL,NULL,'2021-12-29 16:04:46.397305','2021-12-29 16:07:37.589001',3,22,0),(114,103,'Por favor incluir la siguiente glosa en la factura: DESARROLLO DE PORTAFOLIO DE POSTRES VEGETALES A BASE DE ALMENDRA Y DESECHOS DE SU PRODUCCIÓN”, código 19IR-LR-121872','Etiquetada','2021-12-30',211710,NULL,'0000128866','2022-01-07','2022-01-06',NULL,NULL,'2021-12-30 09:06:43.328178','2022-01-07 11:19:24.274523',3,29,0),(115,104,'Por favor incluir la siguiente glosa en la factura: DESARROLLO DE PORTAFOLIO DE POSTRES VEGETALES A BASE DE ALMENDRA Y DESECHOS DE SU PRODUCCIÓN”, código 19IR-LR-121872','Etiquetada','2021-12-30',78750,NULL,'127606','2022-01-12','2022-01-11',NULL,NULL,'2021-12-30 10:47:15.138195','2022-01-12 11:09:30.966248',2,4,0),(116,105,'Por favor incluir la siguiente glosa en la factura: DESARROLLO DE PORTAFOLIO DE POSTRES VEGETALES A BASE DE ALMENDRA Y DESECHOS DE SU PRODUCCIÓN”, código 19IR-LR-121872','Etiquetada','2021-12-30',146300,NULL,'2744','2022-01-04','2022-01-04',NULL,NULL,'2021-12-30 11:12:30.115031','2022-01-04 14:30:19.441623',3,36,0),(117,106,'Por favor incluir la siguiente glosa en la factura: DESARROLLO DE PORTAFOLIO DE POSTRES VEGETALES A BASE DE ALMENDRA Y DESECHOS DE SU PRODUCCIÓN”, código 19IR-LR-121872','Etiquetada','2021-12-30',120000,'1140','1','2021-12-30','2021-12-30',NULL,NULL,'2021-12-30 12:34:20.684013','2021-12-30 12:37:37.725359',3,17,0),(118,107,'Por favor incluir la siguiente glosa en la factura: DESARROLLO DE PORTAFOLIO DE POSTRES VEGETALES A BASE DE ALMENDRA Y DESECHOS DE SU PRODUCCIÓN”, código 19IR-LR-121872','Etiquetada','2021-12-30',1083060,NULL,'72816','2021-12-30','2021-12-30',NULL,NULL,'2021-12-30 17:24:32.891197','2021-12-30 17:27:22.537207',3,6,0),(119,108,'Por favor incluir la siguiente glosa en la factura: DESARROLLO DE PORTAFOLIO DE POSTRES VEGETALES A BASE DE ALMENDRA Y DESECHOS DE SU PRODUCCIÓN”, código 19IR-LR-121872','Validada','2021-12-31',600000,NULL,NULL,NULL,NULL,NULL,NULL,'2021-12-31 10:07:04.189183','2021-12-31 10:07:11.826782',3,2,0),(120,109,'Por favor incluir la siguiente glosa en la factura: DESARROLLO DE PORTAFOLIO DE POSTRES VEGETALES A BASE DE ALMENDRA Y DESECHOS DE SU PRODUCCIÓN”, código 19IR-LR-121872','Validada','2021-12-31',570000,NULL,NULL,NULL,NULL,NULL,NULL,'2021-12-31 10:56:10.560547','2021-12-31 10:56:19.082302',3,22,0),(121,110,'Por favor incluir la siguiente glosa en la factura: DESARROLLO DE PORTAFOLIO DE POSTRES VEGETALES A BASE DE ALMENDRA Y DESECHOS DE SU PRODUCCIÓN”, código 19IR-LR-121872','Validada','2021-12-31',900000,NULL,NULL,NULL,NULL,NULL,NULL,'2021-12-31 11:11:52.463008','2022-01-11 09:57:35.608749',3,22,0),(122,111,'Por favor incluir la siguiente glosa en la factura: DESARROLLO DE PORTAFOLIO DE POSTRES VEGETALES A BASE DE ALMENDRA Y DESECHOS DE SU PRODUCCIÓN”, código 19IR-LR-121872','Etiquetada','2022-01-03',870000,NULL,'1','2022-01-03','2022-01-03',NULL,NULL,'2022-01-03 15:18:36.787936','2022-01-03 15:26:06.515163',2,37,0),(123,112,'Por favor incluir la siguiente glosa en la factura: DESARROLLO DE PORTAFOLIO DE POSTRES VEGETALES A BASE DE ALMENDRA Y DESECHOS DE SU PRODUCCIÓN”, código 19IR-LR-121872','Etiquetada','2022-01-03',720000,NULL,'1141','2022-01-03','2022-01-03',NULL,NULL,'2022-01-03 17:02:02.432994','2022-01-03 17:06:51.134242',3,17,0),(124,113,'Por favor incluir la siguiente glosa en la factura: DESARROLLO DE PORTAFOLIO DE POSTRES VEGETALES A BASE DE ALMENDRA Y DESECHOS DE SU PRODUCCIÓN”, código 19IR-LR-121872','Etiquetada','2022-01-04',23000,NULL,'4/01/22','2022-01-04','2022-01-04',NULL,NULL,'2022-01-04 12:24:10.005213','2022-01-04 14:48:33.797754',3,7,0),(125,114,'Por favor incluir la siguiente glosa en la factura: DESARROLLO DE PORTAFOLIO DE POSTRES VEGETALES A BASE DE ALMENDRA Y DESECHOS DE SU PRODUCCIÓN”, código 19IR-LR-121872','Etiquetada','2022-01-04',1252000,NULL,'9331','2022-01-11','2022-01-11',NULL,NULL,'2022-01-04 12:30:45.589851','2022-01-11 15:24:30.888082',3,7,0),(126,115,'','Validada','2022-01-05',47890,NULL,NULL,NULL,NULL,NULL,NULL,'2022-01-05 09:40:29.494322','2022-01-05 12:00:50.635008',3,27,1),(128,116,'Por favor incluir la siguiente glosa en la factura: DESARROLLO DE PORTAFOLIO DE POSTRES VEGETALES A BASE DE ALMENDRA Y DESECHOS DE SU PRODUCCIÓN”, código 19IR-LR-121872','Etiquetada','2022-01-05',10545.8,NULL,'1','2022-01-07','2022-01-06',NULL,NULL,'2022-01-05 10:11:48.455457','2022-01-07 14:21:26.901361',3,27,1),(129,117,'','Validada','2022-01-05',1406000,NULL,NULL,NULL,NULL,NULL,NULL,'2022-01-05 11:47:56.451959','2022-01-05 11:55:49.549122',3,38,0),(130,118,'Por favor incluir la siguiente glosa en la factura: DESARROLLO DE PORTAFOLIO DE POSTRES VEGETALES A BASE DE ALMENDRA Y DESECHOS DE SU PRODUCCIÓN”, código 19IR-LR-121872','Etiquetada','2022-01-07',628400,NULL,'48987','2022-01-11','2022-01-11',NULL,NULL,'2022-01-07 14:10:59.594075','2022-01-11 10:33:03.463233',3,9,0),(131,119,'Por favor incluir la siguiente glosa en la factura: DESARROLLO DE PORTAFOLIO DE POSTRES VEGETALES A BASE DE ALMENDRA Y DESECHOS DE SU PRODUCCIÓN”, código 19IR-LR-121872','Etiquetada','2022-01-07',540000,NULL,'2348','2022-01-14','2022-01-14',NULL,NULL,'2022-01-07 14:16:29.221134','2022-01-14 14:49:46.377383',3,17,0),(132,120,'Por favor incluir la siguiente glosa en la factura: DESARROLLO DE PORTAFOLIO DE POSTRES VEGETALES A BASE DE ALMENDRA Y DESECHOS DE SU PRODUCCIÓN”, código 19IR-LR-121872','Rechazada','2022-01-07',64500,NULL,NULL,NULL,NULL,NULL,NULL,'2022-01-07 14:38:11.874306','2022-01-07 18:21:23.496041',3,29,0),(133,121,'Fabricar mesón de 2000x600x900 de alto en acero inox 304L $ 552.460 $ 552.460\r\nMateriales a emplear\r\n1 Plancha de 1000x2100x1,5 inox 304L\r\n1 Corte y plegado\r\n6 Metros de tubería de 38 mm inox 304L\r\n4 Ruedas de acero inox con frenos','Validada','2022-01-07',590000,NULL,NULL,NULL,NULL,NULL,NULL,'2022-01-07 15:07:22.878087','2022-01-07 17:14:29.495821',2,39,0),(135,123,'LECHE DE CABRA FLUIDA','Validada','2022-01-07',1800000,NULL,NULL,NULL,NULL,NULL,NULL,'2022-01-07 16:24:12.838370','2022-01-07 17:16:17.100877',2,40,0),(136,124,'Por favor incluir la siguiente glosa en la factura: DESARROLLO DE PORTAFOLIO DE POSTRES VEGETALES A BASE DE ALMENDRA Y DESECHOS DE SU PRODUCCIÓN”, código 19IR-LR-121872','Etiquetada','2022-01-07',197000,NULL,'1695','2022-01-14','2022-01-14',NULL,NULL,'2022-01-07 17:39:28.774101','2022-01-17 08:47:36.158688',3,22,0),(137,125,'Por favor incluir la siguiente glosa en la factura: DESARROLLO DE PORTAFOLIO DE POSTRES VEGETALES A BASE DE ALMENDRA Y DESECHOS DE SU PRODUCCIÓN”, código 19IR-LR-121872','Rechazada','2022-01-07',571877.2,NULL,NULL,NULL,NULL,NULL,NULL,'2022-01-07 17:41:05.545103','2022-01-07 17:54:47.195122',3,21,0),(138,126,'Por favor incluir la siguiente glosa en la factura: DESARROLLO DE PORTAFOLIO DE POSTRES VEGETALES A BASE DE ALMENDRA Y DESECHOS DE SU PRODUCCIÓN”, código 19IR-LR-121872','Validada','2022-01-07',630329.5,NULL,NULL,NULL,NULL,NULL,NULL,'2022-01-07 18:09:12.898460','2022-01-07 18:09:20.687620',3,21,0),(139,127,'Por favor incluir la siguiente glosa en la factura: DESARROLLO DE PORTAFOLIO DE POSTRES VEGETALES A BASE DE ALMENDRA Y DESECHOS DE SU PRODUCCIÓN”, código 19IR-LR-121872','Etiquetada','2022-01-07',73612,NULL,'0000129280','2022-01-14','2022-01-14',NULL,NULL,'2022-01-07 18:22:04.203880','2022-01-14 14:25:05.010608',3,29,0),(140,128,'Por favor incluir la siguiente glosa en la factura: DESARROLLO DE PORTAFOLIO DE POSTRES VEGETALES A BASE DE ALMENDRA Y DESECHOS DE SU PRODUCCIÓN”, código 19IR-LR-121872','Etiquetada','2022-01-10',1805100,NULL,'73035','2022-01-12','2022-01-12',NULL,NULL,'2022-01-10 13:28:04.897907','2022-01-12 12:31:51.589291',3,6,0),(141,129,'Por favor incluir la siguiente glosa en la factura: DESARROLLO DE PORTAFOLIO DE POSTRES VEGETALES A BASE DE ALMENDRA Y DESECHOS DE SU PRODUCCIÓN”, código 19IR-LR-121872','Validada','2022-01-10',1451716,NULL,NULL,NULL,NULL,NULL,NULL,'2022-01-10 15:55:56.432272','2022-01-10 15:56:42.000744',3,16,0),(143,130,'Por favor incluir la siguiente glosa en la factura: DESARROLLO DE PORTAFOLIO DE POSTRES VEGETALES A BASE DE ALMENDRA Y DESECHOS DE SU PRODUCCIÓN”, código 19IR-LR-121872','Validada','2022-01-12',440000,NULL,NULL,NULL,NULL,NULL,NULL,'2022-01-12 14:04:31.579750','2022-01-12 14:04:56.936327',3,17,0),(144,131,'Por favor incluir la siguiente glosa en la factura: DESARROLLO DE PORTAFOLIO DE POSTRES VEGETALES A BASE DE ALMENDRA Y DESECHOS DE SU PRODUCCIÓN”, código 19IR-LR-121872','Etiquetada','2022-01-17',36120,NULL,'0000128995','2022-01-17','2022-01-10',NULL,NULL,'2022-01-17 08:25:08.631251','2022-01-17 08:27:04.810864',3,29,0),(145,132,'Por favor incluir la siguiente glosa en la factura: DESARROLLO DE PORTAFOLIO DE POSTRES VEGETALES A BASE DE ALMENDRA Y DESECHOS DE SU PRODUCCIÓN”, código 19IR-LR-121872','Validada','2022-01-17',220140,NULL,NULL,NULL,NULL,NULL,NULL,'2022-01-17 12:48:13.740860','2022-01-17 12:48:26.271421',3,8,0),(146,133,'Por favor incluir la siguiente glosa en la factura: DESARROLLO DE PORTAFOLIO DE POSTRES VEGETALES A BASE DE ALMENDRA Y DESECHOS DE SU PRODUCCIÓN”, código 19IR-LR-121872','Validada','2022-01-17',59618,NULL,NULL,NULL,NULL,NULL,NULL,'2022-01-17 13:27:22.067587','2022-01-17 16:11:18.320835',3,19,0),(147,134,'Por favor incluir la siguiente glosa en la factura: DESARROLLO DE PORTAFOLIO DE POSTRES VEGETALES A BASE DE ALMENDRA Y DESECHOS DE SU PRODUCCIÓN”, código 19IR-LR-121872','Etiquetada','2022-01-17',105000,NULL,'127971','2022-01-20','2022-01-19',NULL,NULL,'2022-01-17 14:33:54.462984','2022-01-20 12:33:15.598056',3,4,0),(148,135,'Por favor incluir la siguiente glosa en la factura: DESARROLLO DE PORTAFOLIO DE POSTRES VEGETALES A BASE DE ALMENDRA Y DESECHOS DE SU PRODUCCIÓN”, código 19IR-LR-121872','Etiquetada','2022-01-17',474060,NULL,'10245','2022-01-20','2022-01-20',NULL,NULL,'2022-01-17 14:38:03.912595','2022-01-20 14:47:10.453031',3,14,0),(149,136,'Por favor incluir la siguiente glosa en la factura: DESARROLLO DE PORTAFOLIO DE POSTRES VEGETALES A BASE DE ALMENDRA Y DESECHOS DE SU PRODUCCIÓN”, código 19IR-LR-121872','Etiquetada','2022-01-17',248120,NULL,'0000129501','2022-01-19','2022-01-19',NULL,NULL,'2022-01-17 16:06:31.444570','2022-01-19 15:28:48.721983',3,29,0),(150,137,'Por favor incluir la siguiente glosa en la factura: DESARROLLO DE PORTAFOLIO DE POSTRES VEGETALES A BASE DE ALMENDRA Y DESECHOS DE SU PRODUCCIÓN”, código 19IR-LR-121872','Etiquetada','2022-01-18',1776240.0000000002,NULL,'73260','2022-01-20','2022-01-20',NULL,NULL,'2022-01-18 09:35:44.408628','2022-01-20 12:05:35.347550',3,6,0),(151,138,'Por favor incluir la siguiente glosa en la factura: DESARROLLO DE PORTAFOLIO DE POSTRES VEGETALES A BASE DE ALMENDRA Y DESECHOS DE SU PRODUCCIÓN”, código 19IR-LR-121872','Validada','2022-01-18',66970,NULL,NULL,NULL,NULL,NULL,NULL,'2022-01-18 10:10:12.721081','2022-01-18 10:10:58.921996',3,27,0),(152,139,'Por favor incluir la siguiente glosa en la factura: DESARROLLO DE PORTAFOLIO DE POSTRES VEGETALES A BASE DE ALMENDRA Y DESECHOS DE SU PRODUCCIÓN”, código 19IR-LR-121872','Validada','2022-01-18',735300,NULL,NULL,NULL,NULL,NULL,NULL,'2022-01-18 10:23:29.185402','2022-01-18 10:23:33.965791',3,42,0),(153,140,'Por favor incluir la siguiente glosa en la factura: DESARROLLO DE PORTAFOLIO DE POSTRES VEGETALES A BASE DE ALMENDRA Y DESECHOS DE SU PRODUCCIÓN”, código 19IR-LR-121872','Validada','2022-01-18',44800,NULL,NULL,NULL,NULL,NULL,NULL,'2022-01-18 12:50:14.267255','2022-01-18 12:50:20.128016',3,43,0),(154,141,'Por favor incluir la siguiente glosa en la factura: DESARROLLO DE PORTAFOLIO DE POSTRES VEGETALES A BASE DE ALMENDRA Y DESECHOS DE SU PRODUCCIÓN”, código 19IR-LR-121872','Validada','2022-01-19',100830,NULL,NULL,NULL,NULL,NULL,NULL,'2022-01-19 11:07:52.549202','2022-01-19 11:08:01.471443',3,44,0),(155,142,'Por favor incluir la siguiente glosa en la factura: DESARROLLO DE PORTAFOLIO DE POSTRES VEGETALES A BASE DE ALMENDRA Y DESECHOS DE SU PRODUCCIÓN”, código 19IR-LR-121872','Etiquetada','2022-01-19',128723,NULL,'281669','2022-01-20','2022-01-20',NULL,NULL,'2022-01-19 11:54:14.277919','2022-01-20 12:26:25.403019',3,11,0),(156,143,'Por favor incluir la siguiente glosa en la factura: DESARROLLO DE PORTAFOLIO DE POSTRES VEGETALES A BASE DE ALMENDRA Y DESECHOS DE SU PRODUCCIÓN”, código 19IR-LR-121872','Validada','2022-01-19',247292,NULL,NULL,NULL,NULL,NULL,NULL,'2022-01-19 12:28:09.033510','2022-01-19 12:28:21.189293',3,3,0),(157,144,'Por favor incluir la siguiente glosa en la factura: DESARROLLO DE PORTAFOLIO DE POSTRES VEGETALES A BASE DE ALMENDRA Y DESECHOS DE SU PRODUCCIÓN”, código 19IR-LR-121872','Validada','2022-01-19',7800,NULL,NULL,NULL,NULL,NULL,NULL,'2022-01-19 12:42:50.014583','2022-01-19 12:42:56.513770',3,3,0),(158,145,'Por favor incluir la siguiente glosa en la factura: DESARROLLO DE PORTAFOLIO DE POSTRES VEGETALES A BASE DE ALMENDRA Y DESECHOS DE SU PRODUCCIÓN”, código 19IR-LR-121872','Validada','2022-01-19',209400,NULL,NULL,NULL,NULL,NULL,NULL,'2022-01-19 13:23:35.740592','2022-01-19 13:23:47.427798',3,45,0),(159,146,'Por favor incluir la siguiente glosa en la factura: DESARROLLO DE PORTAFOLIO DE POSTRES VEGETALES A BASE DE ALMENDRA Y DESECHOS DE SU PRODUCCIÓN”, código 19IR-LR-121872','Validada','2022-01-19',264400,NULL,NULL,NULL,NULL,NULL,NULL,'2022-01-19 14:17:14.752519','2022-01-19 14:17:26.699720',3,4,0),(160,147,'Por favor incluir la siguiente glosa en la factura: DESARROLLO DE PORTAFOLIO DE POSTRES VEGETALES A BASE DE ALMENDRA Y DESECHOS DE SU PRODUCCIÓN”, código 19IR-LR-121872','Etiquetada','2022-01-19',170040,NULL,'10252','2022-01-20','2022-01-20',NULL,NULL,'2022-01-19 14:28:42.735195','2022-01-20 14:42:18.049354',3,14,0);
/*!40000 ALTER TABLE `ordendecompra_ordendecompra` ENABLE KEYS */;
UNLOCK TABLES;

--
-- Table structure for table `ordendecompra_ordendecomprainsumo`
--

DROP TABLE IF EXISTS `ordendecompra_ordendecomprainsumo`;
/*!40101 SET @saved_cs_client     = @@character_set_client */;
/*!40101 SET character_set_client = utf8 */;
CREATE TABLE `ordendecompra_ordendecomprainsumo` (
  `id` bigint(20) NOT NULL AUTO_INCREMENT,
  `cantidad` bigint(20) NOT NULL,
  `cantidad_recibida` bigint(20) NOT NULL,
  `neto` double NOT NULL,
  `conversion` double DEFAULT NULL,
  `insumo_id` bigint(20) NOT NULL,
  `orden_id` bigint(20) NOT NULL,
  `moneda` double NOT NULL,
  PRIMARY KEY (`id`),
  KEY `ordendecompra_ordend_insumo_id_10121dd3_fk_proveedor` (`insumo_id`),
  KEY `ordendecompra_ordend_orden_id_ce957df8_fk_ordendeco` (`orden_id`),
  CONSTRAINT `ordendecompra_ordend_insumo_id_10121dd3_fk_proveedor` FOREIGN KEY (`insumo_id`) REFERENCES `proveedores_proveedorinsumo` (`id`),
  CONSTRAINT `ordendecompra_ordend_orden_id_ce957df8_fk_ordendeco` FOREIGN KEY (`orden_id`) REFERENCES `ordendecompra_ordendecompra` (`id`)
) ENGINE=InnoDB AUTO_INCREMENT=300 DEFAULT CHARSET=latin1;
/*!40101 SET character_set_client = @saved_cs_client */;

--
-- Dumping data for table `ordendecompra_ordendecomprainsumo`
--

LOCK TABLES `ordendecompra_ordendecomprainsumo` WRITE;
/*!40000 ALTER TABLE `ordendecompra_ordendecomprainsumo` DISABLE KEYS */;
INSERT INTO `ordendecompra_ordendecomprainsumo` VALUES (4,20000,20000,27,NULL,6,5,0),(5,5,5,4565,NULL,8,6,0),(6,25,25,3500,NULL,7,6,0),(7,25,25,5500,NULL,9,7,0),(8,6,0,79800,NULL,10,8,0),(12,36000,36000,18.44,NULL,12,14,0),(13,10,0,22014,NULL,15,15,0),(14,100,100,665,NULL,18,16,0),(16,25,25,7017.51,NULL,19,17,0),(17,5,0,1850,NULL,21,18,0),(18,2,0,1850,NULL,20,18,0),(19,456,0,1895,NULL,27,19,0),(22,4,4,665,NULL,18,22,0),(26,456,0,1895,NULL,27,24,1),(27,1,0,7302,NULL,147,25,1),(28,15,15,21475,NULL,41,26,942.31),(29,2000,0,12,NULL,140,27,1),(30,2000,0,12,NULL,138,27,1),(31,6000,0,12,NULL,136,27,1),(32,9000,0,12,NULL,135,27,1),(33,2000,0,12,NULL,131,27,1),(34,2000,0,12,NULL,116,27,1),(35,2000,0,12,NULL,111,27,1),(39,1,0,1850000,NULL,66,29,1),(40,1,0,1850000,NULL,65,29,1),(43,1,0,5400,NULL,149,31,1),(44,1,0,3000,NULL,148,31,1),(45,20,0,5250,NULL,22,31,1),(46,4,4,6600,NULL,151,32,1),(47,1,1,5400,NULL,149,32,1),(48,1,0,3000,NULL,148,32,1),(49,20,20,5250,NULL,22,32,1),(50,3,75,244325,NULL,72,33,809.94),(53,648,0,1895,NULL,27,35,1),(54,40,1000,11000,NULL,100,36,1),(55,10000,4500,28,NULL,152,37,1),(56,25,0,2350,NULL,11,38,1),(57,2000,0,12,NULL,140,39,1),(58,2000,0,12,NULL,138,39,1),(59,2000,0,12,NULL,136,39,1),(60,9000,0,12,NULL,135,39,1),(61,3000,0,12,NULL,131,39,1),(62,3000,0,12,NULL,116,39,1),(63,4000,0,12,NULL,111,39,1),(64,4320,4320,121.916,NULL,154,40,828.17),(65,20,20,26400,NULL,70,41,1),(66,10000,10000,30,NULL,35,42,1),(67,1,1,92368,NULL,155,43,1),(68,348,0,1895,NULL,27,44,1),(69,4,4,36135,NULL,156,45,1),(72,1,1,2151.8,NULL,158,48,1),(73,6,6,1134.4,NULL,157,48,1),(76,1,1,20160,NULL,159,50,1),(77,4,0,54000,NULL,107,51,1),(78,2,0,13646,NULL,161,52,1),(79,20,20,13646,NULL,162,53,1),(84,12,28800,6960,NULL,170,56,1),(86,12,5700,4512.5,NULL,165,56,1),(87,1,0,7690,NULL,171,57,1),(88,1,1,23400,NULL,176,58,1),(89,625,625,326,NULL,160,59,1),(90,25,25,2590,NULL,172,60,1),(91,625,625,326,NULL,160,61,1),(92,10,10,24330.83,NULL,34,62,954.15),(93,1,1,71700,NULL,76,63,1),(94,400,400,38,NULL,118,64,1),(96,1,25,130000,NULL,99,66,1),(97,5,125,64750,NULL,173,67,1),(98,5,5,71700,NULL,76,68,1),(99,10000,10000,326,NULL,160,69,1),(100,16,16,20000,NULL,176,70,1),(101,1500,0,440,NULL,181,71,1),(104,2,0,30100,NULL,110,73,1),(105,2,0,71700,NULL,76,73,1),(106,2,0,9100,NULL,69,73,1),(107,20,0,5250,NULL,33,73,1),(108,6,96,18388.992,NULL,187,74,1),(109,3,6,4416,NULL,185,74,1),(112,4,4,71700,NULL,76,76,1),(113,12,12,5250,NULL,33,76,1),(114,12,12,5250,NULL,31,76,1),(115,3,3,34256,NULL,55,77,954.18),(116,8,8,13584,NULL,42,77,954.18),(117,8,8,13856,NULL,40,77,954.18),(118,108,108,1345,NULL,190,78,1),(119,12,12,4290,NULL,188,78,1),(120,1,1,480000,NULL,192,79,1),(121,1,25,45900,NULL,194,80,1),(122,200,200,2590,NULL,172,81,1),(123,1000,1000,269,NULL,197,82,1),(124,1000,1000,44,NULL,195,82,1),(125,4,0,130000,NULL,99,83,1),(126,2,0,63500,NULL,74,83,1),(130,10000,10000,12,NULL,142,85,1),(131,10000,10000,12,NULL,141,85,1),(132,10000,10000,12,NULL,140,85,1),(133,10000,10000,38,NULL,139,85,1),(134,10000,10000,12,NULL,138,85,1),(135,10000,10000,12,NULL,137,85,1),(136,10000,10000,12,NULL,136,85,1),(137,10000,10000,12,NULL,135,85,1),(138,10000,10000,30,NULL,134,85,1),(139,10000,10000,30,NULL,133,85,1),(140,10000,10000,30,NULL,132,85,1),(141,10000,10000,12,NULL,131,85,1),(142,10000,10000,42,NULL,130,85,1),(143,10000,10000,42,NULL,129,85,1),(144,10000,10000,42,NULL,128,85,1),(145,10000,10000,12,NULL,127,85,1),(146,10000,10000,30,NULL,126,85,1),(147,10000,10000,30,NULL,125,85,1),(148,10000,10000,30,NULL,124,85,1),(149,10000,10000,30,NULL,123,85,1),(150,10000,10000,30,NULL,122,85,1),(151,10000,10000,30,NULL,121,85,1),(152,10000,10000,17,NULL,120,85,1),(153,10000,10000,38,NULL,119,85,1),(154,10000,10000,38,NULL,118,85,1),(155,10000,10000,38,NULL,117,85,1),(156,10000,10000,12,NULL,116,85,1),(157,10000,10000,38,NULL,115,85,1),(158,10000,10000,38,NULL,114,85,1),(159,10000,10000,8.5,NULL,113,85,1),(160,10000,10000,38,NULL,112,85,1),(161,10000,10000,12,NULL,111,85,1),(164,1000,1000,0.84,NULL,178,88,1),(165,10000,10000,0.84,NULL,178,89,1),(166,1000,1000,1850,NULL,21,90,1),(167,1000,1000,1850,NULL,20,90,1),(171,10000,10000,27,NULL,38,92,1),(172,10000,10000,30,NULL,35,92,1),(173,38,0,22140,NULL,46,93,1),(174,40,21600,22140,NULL,46,94,1),(181,60,32400,22140,NULL,46,99,1),(183,1000,1000,400,NULL,201,101,1),(184,5,5,31600,NULL,203,102,1),(185,1,0,30000,NULL,192,103,1),(186,1000,0,440,NULL,181,104,1),(187,5000,5000,16,NULL,142,105,1),(188,5000,5000,16,NULL,141,105,1),(189,5000,5000,16,NULL,135,105,1),(190,36000,0,18.44,NULL,12,106,1),(191,70,70,6250,NULL,204,107,1),(192,12,300,4000,NULL,207,108,1),(193,225,225,2590,NULL,172,109,1),(198,500,500,280,NULL,208,112,1),(199,1000,1000,440,NULL,181,112,1),(200,5000,5000,42,NULL,129,113,1),(201,4000,4000,42,NULL,128,113,1),(202,1,0,36120,NULL,212,114,1),(203,1,54,72630,NULL,191,114,1),(204,24,24,4290,NULL,188,114,1),(205,15,15,5250,NULL,33,115,1),(206,40,40,1620,NULL,215,116,1),(207,50,50,1630,NULL,213,116,1),(208,300,300,400,NULL,201,117,1),(209,30,18000,36102,NULL,37,118,1),(210,20000,0,30,NULL,38,119,1),(211,8000,0,38,NULL,139,120,1),(212,6000,0,38,NULL,114,120,1),(213,1000,0,38,NULL,112,120,1),(214,4000,0,30,NULL,134,121,1),(215,3000,0,30,NULL,133,121,1),(216,6000,0,30,NULL,132,121,1),(217,3000,0,30,NULL,126,121,1),(218,3000,0,30,NULL,125,121,1),(219,2000,0,30,NULL,124,121,1),(220,5000,0,30,NULL,123,121,1),(221,1000,0,30,NULL,122,121,1),(222,3000,0,30,NULL,121,121,1),(223,1500,1500,580,NULL,217,122,1),(224,700,700,400,NULL,201,123,1),(225,1000,1000,440,NULL,181,123,1),(226,500,500,46,NULL,195,124,1),(227,4000,4000,269,NULL,197,125,1),(228,4000,4000,44,NULL,195,125,1),(229,1,0,47890,NULL,218,126,1),(231,1,1,8394,NULL,219,128,1),(232,1,1,2151.8,NULL,158,128,1),(233,3000,0,38,NULL,231,129,1),(234,3000,0,38,NULL,230,129,1),(235,3000,0,38,NULL,229,129,1),(236,13000,0,38,NULL,228,129,1),(237,7000,0,38,NULL,227,129,1),(238,6000,0,38,NULL,222,129,1),(239,2000,0,38,NULL,220,129,1),(240,200,200,2799,NULL,172,130,1),(241,100,100,686,NULL,18,130,1),(242,500,500,280,NULL,208,131,1),(243,1000,1000,400,NULL,201,131,1),(244,1,0,36120,NULL,212,132,1),(246,1,0,590000,NULL,234,133,1),(248,3000,0,600,NULL,236,135,1),(249,5000,1000,17,NULL,120,136,1),(250,4000,4000,8,NULL,113,136,1),(251,5000,5000,16,NULL,111,136,1),(255,100,0,2780,NULL,243,138,1),(256,50,0,4697.73,NULL,241,138,838.88),(257,100,0,1174.43,NULL,239,138,838.88),(258,1,1,5500,NULL,248,139,1),(259,10320,10320,6.6,NULL,245,139,1),(260,30000,30000,60.17,NULL,249,140,1),(261,100,0,14517.16,NULL,252,141,1),(264,1000,0,440,NULL,181,143,1),(265,10320,10320,3.5,NULL,210,144,1),(266,10,0,22014,NULL,15,145,1),(267,2,0,29809,NULL,73,146,1),(268,10,10,5250,NULL,33,147,1),(269,10,10,5250,NULL,31,147,1),(270,20,20,23703,NULL,41,148,930.07),(271,1,24,86160,NULL,254,149,1),(272,4,24,25740,NULL,189,149,1),(273,1,0,59000,NULL,180,149,1),(274,60,36000,29604.000000000004,NULL,36,150,1),(275,2,0,15990,NULL,256,151,1),(276,1,0,34990,NULL,255,151,1),(277,1800,0,408.5,NULL,258,152,1),(278,10,0,4480,NULL,259,153,1),(279,4,0,8890,NULL,265,154,1),(280,3,0,8890,NULL,264,154,1),(281,4,0,2500,NULL,263,154,1),(282,1,0,25000,NULL,262,154,1),(283,3,0,1200,NULL,261,154,1),(284,7,112,18389,NULL,187,155,1),(285,2,0,13646,NULL,161,156,1),(286,2,0,17500,NULL,106,156,1),(287,5,0,19000,NULL,104,156,1),(288,1,0,90000,NULL,7,156,1),(289,1,0,7800,NULL,266,157,1),(290,2,0,33875,NULL,272,158,1),(291,2,0,18000,NULL,270,158,1),(292,2,0,52825,NULL,268,158,1),(293,1,0,5500,NULL,274,159,1),(294,2,0,5250,NULL,273,159,1),(295,2,0,71700,NULL,76,159,1),(296,20,0,5250,NULL,33,159,1),(297,1,1,7052,NULL,275,160,929.54),(298,4,4,14233,NULL,96,160,929.54),(299,3,3,35352,NULL,55,160,929.54);
/*!40000 ALTER TABLE `ordendecompra_ordendecomprainsumo` ENABLE KEYS */;
UNLOCK TABLES;

--
-- Table structure for table `ordendecompra_registro`
--

DROP TABLE IF EXISTS `ordendecompra_registro`;
/*!40101 SET @saved_cs_client     = @@character_set_client */;
/*!40101 SET character_set_client = utf8 */;
CREATE TABLE `ordendecompra_registro` (
  `id` bigint(20) NOT NULL AUTO_INCREMENT,
  `estado` varchar(255) NOT NULL,
  `created` datetime(6) NOT NULL,
  `updated` datetime(6) NOT NULL,
  `empleado_id` int(11) DEFAULT NULL,
  `orden_id` bigint(20) NOT NULL,
  PRIMARY KEY (`id`),
  KEY `ordendecompra_registro_empleado_id_f8c6e67c_fk_auth_user_id` (`empleado_id`),
  KEY `ordendecompra_regist_orden_id_1b869aee_fk_ordendeco` (`orden_id`),
  CONSTRAINT `ordendecompra_regist_orden_id_1b869aee_fk_ordendeco` FOREIGN KEY (`orden_id`) REFERENCES `ordendecompra_ordendecompra` (`id`),
  CONSTRAINT `ordendecompra_registro_empleado_id_f8c6e67c_fk_auth_user_id` FOREIGN KEY (`empleado_id`) REFERENCES `auth_user` (`id`)
) ENGINE=InnoDB AUTO_INCREMENT=523 DEFAULT CHARSET=latin1;
/*!40101 SET character_set_client = @saved_cs_client */;

--
-- Dumping data for table `ordendecompra_registro`
--

LOCK TABLES `ordendecompra_registro` WRITE;
/*!40000 ALTER TABLE `ordendecompra_registro` DISABLE KEYS */;
INSERT INTO `ordendecompra_registro` VALUES (1,'Inicial','2021-08-31 10:01:56.514986','2021-08-31 10:01:56.515027',1,1),(2,'Validada','2021-08-31 16:09:10.849058','2021-08-31 16:09:10.849104',1,1),(3,'Inicial','2021-08-31 16:09:37.222069','2021-08-31 16:09:37.222092',1,1),(4,'Validada','2021-08-31 16:09:55.798169','2021-08-31 16:09:55.798190',1,1),(5,'Inicial','2021-09-07 11:53:09.901801','2021-09-07 11:53:09.901847',1,2),(6,'Validada','2021-09-07 11:53:26.442558','2021-09-07 11:53:26.442639',1,2),(7,'Recepcionada','2021-09-07 11:53:44.664244','2021-09-07 11:53:44.664285',1,2),(8,'Inicial','2021-09-21 19:12:30.353142','2021-09-21 19:12:30.353166',1,3),(9,'Validada','2021-09-21 19:12:42.479346','2021-09-21 19:12:42.479370',1,3),(10,'Recepcionada','2021-09-21 19:13:03.913827','2021-09-21 19:13:03.913840',1,3),(11,'Inicial','2021-10-22 10:12:54.971337','2021-10-22 10:12:54.971357',41,4),(12,'Validada','2021-10-22 10:19:44.562835','2021-10-22 10:19:44.562857',41,4),(13,'Rechazada','2021-10-22 10:20:18.473036','2021-10-22 10:20:18.473054',41,4),(14,'Validada','2021-10-22 10:20:35.228841','2021-10-22 10:20:35.228855',41,4),(15,'Inicial','2021-10-25 17:25:00.665657','2021-10-25 17:25:00.665696',41,5),(16,'Inicial','2021-10-25 17:43:41.305631','2021-10-25 17:43:41.305649',41,6),(17,'Inicial','2021-10-25 17:44:25.768563','2021-10-25 17:44:25.768582',41,6),(18,'Validada','2021-10-25 17:45:25.877545','2021-10-25 17:45:25.877563',41,6),(19,'Inicial','2021-10-26 16:18:08.954237','2021-10-26 16:18:08.954256',41,7),(20,'Inicial','2021-10-27 10:16:05.464919','2021-10-27 10:16:05.464949',41,8),(22,'Recepcionada','2021-10-28 12:27:14.757667','2021-10-28 12:27:14.757682',41,4),(23,'Pagada','2021-10-28 12:28:07.481043','2021-10-28 12:28:07.481063',41,4),(25,'Validada','2021-11-02 15:09:29.503003','2021-11-02 15:09:29.503019',39,7),(26,'Semi-Recepcionada','2021-11-02 15:11:03.819339','2021-11-02 15:11:03.819361',39,7),(27,'Recepcionada','2021-11-02 15:21:53.617760','2021-11-02 15:21:53.617824',39,7),(28,'Rechazada','2021-11-02 15:29:04.846713','2021-11-02 15:29:04.846803',41,3),(29,'Validada','2021-11-02 15:29:22.302628','2021-11-02 15:29:22.302643',41,2),(30,'Inicial','2021-11-02 15:29:28.070995','2021-11-02 15:29:28.071041',41,2),(31,'Inicial','2021-11-02 15:29:32.779996','2021-11-02 15:29:32.780013',41,2),(32,'Recepcionada','2021-11-02 15:29:40.985260','2021-11-02 15:29:40.985273',41,3),(33,'Rechazada','2021-11-02 15:29:52.123676','2021-11-02 15:29:52.123687',41,3),(34,'Rechazada','2021-11-02 15:30:01.028856','2021-11-02 15:30:01.028868',41,2),(35,'Rechazada','2021-11-02 15:30:15.643451','2021-11-02 15:30:15.643485',41,1),(36,'Validada','2021-11-02 15:35:03.281940','2021-11-02 15:35:03.281960',41,8),(37,'Recepcionada','2021-11-02 15:35:55.740516','2021-11-02 15:35:55.740537',41,6),(41,'Inicial','2021-11-02 17:00:44.403284','2021-11-02 17:00:44.403299',41,14),(42,'Inicial','2021-11-08 10:58:38.970755','2021-11-08 10:58:38.970795',41,15),(43,'Inicial','2021-11-08 11:47:30.842331','2021-11-08 11:47:30.842352',41,16),(44,'Validada','2021-11-08 12:12:20.188834','2021-11-08 12:12:20.188860',41,16),(45,'Inicial','2021-11-09 09:28:33.782426','2021-11-09 09:28:33.782440',41,17),(46,'Validada','2021-11-09 10:48:15.652883','2021-11-09 10:48:15.652906',41,17),(47,'Validada','2021-11-09 16:32:28.515915','2021-11-09 16:32:28.515943',42,15),(48,'Semi-Recepcionada','2021-11-09 17:15:28.277755','2021-11-09 17:15:28.277780',41,16),(49,'Semi-Recepcionada','2021-11-09 17:17:31.708371','2021-11-09 17:17:31.708391',41,16),(50,'Inicial','2021-11-10 17:47:28.600086','2021-11-10 17:47:28.600135',1,18),(51,'Validada','2021-11-10 17:47:40.500513','2021-11-10 17:47:40.500536',1,18),(52,'Inicial','2021-11-15 12:54:41.662624','2021-11-15 12:54:41.662642',41,19),(53,'Inicial','2021-11-15 13:46:33.699198','2021-11-15 13:46:33.699231',41,20),(54,'Validada','2021-11-16 14:01:37.043163','2021-11-16 14:01:37.043197',41,20),(55,'Validada','2021-11-16 14:03:35.461804','2021-11-16 14:03:35.461824',42,19),(66,'Inicial','2021-11-16 14:54:17.476404','2021-11-16 14:54:17.476417',42,22),(67,'Validada','2021-11-16 14:54:33.861848','2021-11-16 14:54:33.861874',42,22),(68,'Semi-Recepcionada','2021-11-16 14:56:29.846466','2021-11-16 14:56:29.846486',42,22),(69,'Semi-Recepcionada','2021-11-16 15:09:30.934779','2021-11-16 15:09:30.934804',42,22),(70,'Validada','2021-11-16 15:32:25.872450','2021-11-16 15:32:25.872462',42,22),(71,'Inicial','2021-11-16 15:32:35.459345','2021-11-16 15:32:35.459357',42,22),(72,'Validada','2021-11-16 15:32:57.203069','2021-11-16 15:32:57.203089',42,22),(73,'Semi-Recepcionada','2021-11-16 15:33:53.792587','2021-11-16 15:33:53.792604',42,22),(74,'Validada','2021-11-16 15:38:44.562484','2021-11-16 15:38:44.562504',42,22),(75,'Semi-Recepcionada','2021-11-16 15:54:50.880478','2021-11-16 15:54:50.880493',42,22),(76,'Validada','2021-11-16 16:32:05.015327','2021-11-16 16:32:05.015366',1,22),(77,'Semi-Recepcionada','2021-11-16 16:32:18.946621','2021-11-16 16:32:18.946637',1,22),(78,'Validada','2021-11-16 16:32:26.715458','2021-11-16 16:32:26.715474',1,22),(79,'Recepcionada','2021-11-16 16:33:26.495734','2021-11-16 16:33:26.495746',42,22),(80,'Validada','2021-11-16 17:01:39.561904','2021-11-16 17:01:39.561919',1,22),(81,'Recepcionada','2021-11-16 17:01:47.398826','2021-11-16 17:01:47.398850',1,22),(82,'Validada','2021-11-16 17:02:26.588506','2021-11-16 17:02:26.588519',1,22),(83,'Recepcionada','2021-11-16 17:02:35.750964','2021-11-16 17:02:35.750977',1,22),(84,'Validada','2021-11-16 17:05:17.103727','2021-11-16 17:05:17.103745',1,22),(85,'Recepcionada','2021-11-16 17:05:43.699773','2021-11-16 17:05:43.699790',1,22),(86,'Recepcionada','2021-11-16 17:08:22.493580','2021-11-16 17:08:22.493596',1,22),(87,'Recepcionada','2021-11-16 17:10:24.184064','2021-11-16 17:10:24.184076',1,22),(88,'Recepcionada','2021-11-16 17:11:10.074582','2021-11-16 17:11:10.074608',42,22),(89,'Validada','2021-11-16 17:11:15.200971','2021-11-16 17:11:15.200983',42,22),(90,'Inicial','2021-11-16 17:11:18.971175','2021-11-16 17:11:18.971187',42,22),(91,'Validada','2021-11-16 17:11:43.506022','2021-11-16 17:11:43.506039',42,22),(92,'Recepcionada','2021-11-16 17:12:38.208462','2021-11-16 17:12:38.208485',42,22),(94,'Inicial','2021-11-19 13:33:11.580772','2021-11-19 13:33:11.580794',41,24),(95,'Inicial','2021-11-19 17:15:25.568644','2021-11-19 17:15:25.568674',42,25),(96,'Validada','2021-11-19 17:15:49.578450','2021-11-19 17:15:49.578468',42,25),(97,'Inicial','2021-11-22 10:10:07.025191','2021-11-22 10:10:07.025215',41,26),(98,'Inicial','2021-11-22 10:21:47.284998','2021-11-22 10:21:47.285014',41,27),(99,'Inicial','2021-11-22 11:53:17.278757','2021-11-22 11:53:17.278774',41,28),(100,'Rechazada','2021-11-22 14:58:33.765751','2021-11-22 14:58:33.765765',41,18),(101,'Inicial','2021-11-22 14:59:05.123467','2021-11-22 14:59:05.123491',41,29),(102,'Inicial','2021-11-24 10:29:00.486045','2021-11-24 10:29:00.486072',41,30),(103,'Inicial','2021-11-24 12:14:08.141164','2021-11-24 12:14:08.141191',41,31),(104,'Inicial','2021-11-24 12:22:17.969217','2021-11-24 12:22:17.969248',41,31),(105,'Inicial','2021-11-24 12:26:30.642371','2021-11-24 12:26:30.642406',41,32),(106,'Inicial','2021-11-24 12:32:39.947848','2021-11-24 12:32:39.947868',41,33),(107,'Inicial','2021-11-24 15:07:16.065888','2021-11-24 15:07:16.065905',41,34),(108,'Validada','2021-11-25 09:00:28.934031','2021-11-25 09:00:28.934054',41,29),(109,'Validada','2021-11-25 09:00:51.904927','2021-11-25 09:00:51.904954',41,30),(110,'Validada','2021-11-25 09:01:41.001395','2021-11-25 09:01:41.001422',41,32),(111,'Validada','2021-11-25 09:13:16.072910','2021-11-25 09:13:16.072945',41,26),(112,'Recepcionada','2021-11-25 09:14:07.087009','2021-11-25 09:14:07.087034',41,26),(113,'Recepcionada','2021-11-25 09:25:23.135395','2021-11-25 09:25:23.135428',41,17),(114,'Semi-Recepcionada','2021-11-26 15:27:23.976811','2021-11-26 15:27:23.976838',41,32),(115,'Inicial','2021-11-29 13:11:21.546800','2021-11-29 13:11:21.546819',41,35),(116,'Inicial','2021-11-30 09:40:42.718725','2021-11-30 09:40:42.718753',41,36),(117,'Validada','2021-11-30 09:40:56.033658','2021-11-30 09:40:56.033677',41,36),(118,'Inicial','2021-12-01 14:29:38.313962','2021-12-01 14:29:38.313984',41,37),(119,'Inicial','2021-12-01 14:30:27.186993','2021-12-01 14:30:27.187025',41,37),(120,'Validada','2021-12-01 14:30:43.080725','2021-12-01 14:30:43.080752',41,37),(121,'Inicial','2021-12-01 14:42:37.558990','2021-12-01 14:42:37.559017',41,38),(122,'Validada','2021-12-01 15:16:40.971719','2021-12-01 15:16:40.971752',41,38),(123,'Inicial','2021-12-01 15:51:33.236567','2021-12-01 15:51:33.236589',41,39),(124,'Inicial','2021-12-02 09:35:20.914719','2021-12-02 09:35:20.914756',41,40),(125,'Inicial','2021-12-02 09:37:56.126798','2021-12-02 09:37:56.126828',41,41),(126,'Inicial','2021-12-02 10:38:00.448146','2021-12-02 10:38:00.448171',41,42),(127,'Validada','2021-12-02 13:48:33.729475','2021-12-02 13:48:33.729506',41,42),(128,'Inicial','2021-12-03 05:45:59.220163','2021-12-03 05:45:59.220193',42,43),(129,'Validada','2021-12-03 05:48:21.062703','2021-12-03 05:48:21.062735',42,43),(130,'Inicial','2021-12-06 11:20:53.904530','2021-12-06 11:20:53.904559',41,44),(131,'Inicial','2021-12-07 09:43:14.064311','2021-12-07 09:43:14.064339',42,45),(132,'Validada','2021-12-07 09:49:00.918520','2021-12-07 09:49:00.918535',42,45),(133,'Inicial','2021-12-07 09:50:35.560039','2021-12-07 09:50:35.560066',41,46),(134,'Inicial','2021-12-07 09:56:53.963191','2021-12-07 09:56:53.963210',41,47),(135,'Inicial','2021-12-07 09:57:09.530732','2021-12-07 09:57:09.530758',41,46),(136,'Validada','2021-12-07 09:58:24.654180','2021-12-07 09:58:24.654208',41,47),(137,'Inicial','2021-12-07 10:13:16.584670','2021-12-07 10:13:16.584689',42,48),(138,'Validada','2021-12-07 10:13:36.053876','2021-12-07 10:13:36.053897',42,48),(140,'Validada','2021-12-07 10:49:58.084145','2021-12-07 10:49:58.084181',41,41),(141,'Inicial','2021-12-07 12:40:46.057586','2021-12-07 12:40:46.057607',42,50),(142,'Validada','2021-12-07 12:40:55.834030','2021-12-07 12:40:55.834069',42,50),(143,'Validada','2021-12-07 12:45:42.658864','2021-12-07 12:45:42.658898',41,5),(144,'Recepcionada','2021-12-07 12:46:18.883310','2021-12-07 12:46:18.883344',41,5),(145,'Recepcionada','2021-12-09 16:25:27.967817','2021-12-09 16:25:27.967845',39,20),(146,'Recepcionada','2021-12-09 16:37:27.442816','2021-12-09 16:37:27.442850',39,45),(147,'Recepcionada','2021-12-09 17:11:19.440562','2021-12-09 17:11:19.440588',39,50),(148,'Recepcionada','2021-12-09 18:17:06.766634','2021-12-09 18:17:06.766660',39,48),(149,'Recepcionada','2021-12-10 10:21:34.701714','2021-12-10 10:21:34.701739',39,41),(150,'Recepcionada','2021-12-10 11:06:19.152415','2021-12-10 11:06:19.152442',39,43),(151,'Inicial','2021-12-10 11:39:09.068162','2021-12-10 11:39:09.068196',41,51),(152,'Inicial','2021-12-10 11:57:09.584180','2021-12-10 11:57:09.584203',41,52),(153,'Inicial','2021-12-10 11:59:46.846811','2021-12-10 11:59:46.846840',41,53),(155,'Validada','2021-12-13 10:53:47.655083','2021-12-13 10:53:47.655108',39,14),(156,'Recepcionada','2021-12-13 10:56:16.702412','2021-12-13 10:56:16.702446',39,14),(157,'Validada','2021-12-13 11:09:51.009401','2021-12-13 11:09:51.009418',39,53),(158,'Recepcionada','2021-12-13 11:10:39.659984','2021-12-13 11:10:39.660017',39,53),(159,'Validada','2021-12-13 11:11:34.381254','2021-12-13 11:11:34.381286',39,53),(160,'Recepcionada','2021-12-13 11:13:55.035738','2021-12-13 11:13:55.035774',39,53),(163,'Inicial','2021-12-13 15:10:56.340574','2021-12-13 15:10:56.340602',39,56),(164,'Validada','2021-12-13 15:11:35.217628','2021-12-13 15:11:35.217642',39,56),(165,'Recepcionada','2021-12-13 15:13:05.040675','2021-12-13 15:13:05.040707',39,56),(166,'Inicial','2021-12-13 17:10:19.389708','2021-12-13 17:10:19.389729',39,57),(167,'Validada','2021-12-14 16:45:43.369711','2021-12-14 16:45:43.369727',39,34),(168,'Inicial','2021-12-14 16:46:14.946419','2021-12-14 16:46:14.946433',39,34),(169,'Validada','2021-12-14 16:49:14.416273','2021-12-14 16:49:14.416301',39,34),(170,'Recepcionada','2021-12-14 16:56:36.822714','2021-12-14 16:56:36.822741',39,34),(171,'Inicial','2021-12-15 12:01:00.081887','2021-12-15 12:01:00.081922',41,58),(172,'Validada','2021-12-15 12:01:14.951762','2021-12-15 12:01:14.951782',41,58),(173,'Recepcionada','2021-12-15 12:02:09.164959','2021-12-15 12:02:09.164992',41,58),(174,'Inicial','2021-12-15 12:03:01.908384','2021-12-15 12:03:01.908413',41,59),(175,'Validada','2021-12-15 12:03:15.289272','2021-12-15 12:03:15.289289',41,59),(176,'Recepcionada','2021-12-15 12:03:29.636170','2021-12-15 12:03:29.636195',41,59),(177,'Inicial','2021-12-15 12:19:34.408083','2021-12-15 12:19:34.408109',41,60),(178,'Validada','2021-12-15 12:19:47.352365','2021-12-15 12:19:47.352380',41,60),(179,'Recepcionada','2021-12-15 12:20:02.639006','2021-12-15 12:20:02.639040',41,60),(180,'Inicial','2021-12-15 12:22:00.040231','2021-12-15 12:22:00.040252',41,61),(181,'Validada','2021-12-15 12:22:09.327472','2021-12-15 12:22:09.327498',41,61),(182,'Recepcionada','2021-12-15 12:22:24.472764','2021-12-15 12:22:24.472790',41,61),(183,'Inicial','2021-12-15 12:23:36.904906','2021-12-15 12:23:36.904926',41,62),(184,'Validada','2021-12-15 12:23:45.370673','2021-12-15 12:23:45.370691',41,62),(185,'Recepcionada','2021-12-15 12:23:59.014242','2021-12-15 12:23:59.014267',41,62),(186,'Inicial','2021-12-15 12:24:38.332233','2021-12-15 12:24:38.332256',41,63),(187,'Validada','2021-12-15 12:24:46.421869','2021-12-15 12:24:46.421886',41,63),(188,'Recepcionada','2021-12-15 12:24:58.562291','2021-12-15 12:24:58.562319',41,63),(189,'Inicial','2021-12-15 12:28:41.162343','2021-12-15 12:28:41.162360',41,64),(190,'Validada','2021-12-15 13:31:19.422229','2021-12-15 13:31:19.422260',41,64),(191,'Recepcionada','2021-12-15 13:31:33.709202','2021-12-15 13:31:33.709227',41,64),(192,'Recepcionada','2021-12-15 13:37:48.419374','2021-12-15 13:37:48.419387',41,60),(199,'Inicial','2021-12-15 14:15:34.448668','2021-12-15 14:15:34.448693',1,66),(200,'Validada','2021-12-15 14:15:41.748726','2021-12-15 14:15:41.748746',1,66),(201,'Recepcionada','2021-12-15 14:15:53.530950','2021-12-15 14:15:53.530972',1,66),(202,'Inicial','2021-12-15 14:22:49.668538','2021-12-15 14:22:49.668568',41,67),(203,'Validada','2021-12-15 14:23:03.863214','2021-12-15 14:23:03.863243',41,67),(204,'Recepcionada','2021-12-15 14:23:19.502723','2021-12-15 14:23:19.502748',41,67),(205,'Inicial','2021-12-15 14:32:05.586660','2021-12-15 14:32:05.586689',41,68),(206,'Validada','2021-12-15 14:32:13.576585','2021-12-15 14:32:13.576616',41,68),(207,'Recepcionada','2021-12-15 14:32:26.265408','2021-12-15 14:32:26.265429',41,68),(208,'Inicial','2021-12-15 14:33:12.630725','2021-12-15 14:33:12.630755',41,69),(209,'Validada','2021-12-15 14:33:26.443271','2021-12-15 14:33:26.443292',41,69),(210,'Recepcionada','2021-12-15 14:33:41.205653','2021-12-15 14:33:41.205678',41,69),(211,'Inicial','2021-12-15 14:40:48.178249','2021-12-15 14:40:48.178274',41,70),(212,'Validada','2021-12-15 14:41:31.015177','2021-12-15 14:41:31.015191',41,70),(213,'Recepcionada','2021-12-15 14:41:41.617408','2021-12-15 14:41:41.617440',41,70),(214,'Recepcionada','2021-12-15 18:55:51.986991','2021-12-15 18:55:51.987019',39,36),(215,'Semi-Recepcionada','2021-12-16 09:07:35.048068','2021-12-16 09:07:35.048094',39,34),(216,'Validada','2021-12-16 09:33:36.897624','2021-12-16 09:33:36.897645',39,33),(217,'Recepcionada','2021-12-16 09:35:18.251445','2021-12-16 09:35:18.251471',39,33),(218,'Semi-Recepcionada','2021-12-16 10:04:09.158719','2021-12-16 10:04:09.158736',39,34),(219,'Validada','2021-12-16 10:04:20.501573','2021-12-16 10:04:20.501588',39,34),(220,'Recepcionada','2021-12-16 10:15:51.600012','2021-12-16 10:15:51.600037',39,34),(221,'Recepcionada','2021-12-16 10:18:37.075910','2021-12-16 10:18:37.075933',39,56),(222,'Validada','2021-12-16 10:18:51.844616','2021-12-16 10:18:51.844634',39,56),(223,'Recepcionada','2021-12-16 10:20:26.084711','2021-12-16 10:20:26.084735',39,56),(224,'Inicial','2021-12-16 10:51:32.897810','2021-12-16 10:51:32.897826',41,71),(226,'Inicial','2021-12-17 15:04:29.261704','2021-12-17 15:04:29.261728',41,73),(229,'Inicial','2021-12-20 09:30:58.967702','2021-12-20 09:30:58.967723',39,74),(233,'Validada','2021-12-20 09:32:31.556970','2021-12-20 09:32:31.556988',39,74),(234,'Recepcionada','2021-12-20 09:34:25.560615','2021-12-20 09:34:25.560643',39,74),(236,'Inicial','2021-12-20 11:18:14.857347','2021-12-20 11:18:14.857427',41,76),(237,'Inicial','2021-12-20 11:19:31.563484','2021-12-20 11:19:31.563499',41,77),(238,'Validada','2021-12-20 17:48:14.379420','2021-12-20 17:48:14.379439',39,40),(239,'Recepcionada','2021-12-20 17:50:19.601662','2021-12-20 17:50:19.601688',39,40),(240,'Inicial','2021-12-21 09:30:47.533124','2021-12-21 09:30:47.533148',41,78),(241,'Inicial','2021-12-21 17:58:05.522949','2021-12-21 17:58:05.522983',42,79),(242,'Validada','2021-12-21 18:06:43.832931','2021-12-21 18:06:43.832962',42,79),(243,'Inicial','2021-12-21 18:19:30.034361','2021-12-21 18:19:30.034375',42,79),(244,'Validada','2021-12-21 18:20:13.059895','2021-12-21 18:20:13.059918',42,79),(245,'Validada','2021-12-22 10:07:03.446807','2021-12-22 10:07:03.446831',39,77),(246,'Recepcionada','2021-12-22 10:08:27.605104','2021-12-22 10:08:27.605129',39,77),(247,'Inicial','2021-12-22 10:32:29.629707','2021-12-22 10:32:29.629733',41,80),(248,'Validada','2021-12-22 10:32:42.664391','2021-12-22 10:32:42.664418',41,80),(249,'Recepcionada','2021-12-22 10:33:09.720803','2021-12-22 10:33:09.720824',41,80),(250,'Recepcionada','2021-12-22 11:19:44.104521','2021-12-22 11:19:44.104545',39,47),(251,'Recepcionada','2021-12-22 11:43:24.868689','2021-12-22 11:43:24.868717',41,47),(252,'Validada','2021-12-22 11:43:33.738134','2021-12-22 11:43:33.738146',41,47),(253,'Inicial','2021-12-22 11:43:47.105223','2021-12-22 11:43:47.105236',41,47),(254,'Inicial','2021-12-22 11:44:46.578339','2021-12-22 11:44:46.578363',41,47),(255,'Validada','2021-12-22 11:47:11.980468','2021-12-22 11:47:11.980489',41,47),(256,'Inicial','2021-12-22 11:47:22.570366','2021-12-22 11:47:22.570383',41,47),(257,'Inicial','2021-12-22 11:54:01.485779','2021-12-22 11:54:01.485811',41,81),(258,'Validada','2021-12-22 11:55:52.237032','2021-12-22 11:55:52.237056',1,81),(259,'Inicial','2021-12-22 11:55:53.860481','2021-12-22 11:55:53.860495',1,81),(260,'Validada','2021-12-22 11:57:02.360020','2021-12-22 11:57:02.360045',39,81),(261,'Inicial','2021-12-22 12:00:38.603536','2021-12-22 12:00:38.603556',1,81),(262,'Validada','2021-12-22 12:01:06.717081','2021-12-22 12:01:06.717109',1,81),(263,'Recepcionada','2021-12-22 12:02:49.336843','2021-12-22 12:02:49.336871',39,81),(264,'Validada','2021-12-22 12:07:02.696637','2021-12-22 12:07:02.696660',1,78),(265,'Inicial','2021-12-22 12:07:07.321726','2021-12-22 12:07:07.321746',1,78),(266,'Rechazada','2021-12-22 13:01:34.895784','2021-12-22 13:01:34.895801',42,78),(267,'Inicial','2021-12-22 14:30:32.058244','2021-12-22 14:30:32.058268',41,82),(268,'Validada','2021-12-22 14:30:50.548186','2021-12-22 14:30:50.548220',41,82),(269,'Recepcionada','2021-12-22 14:31:11.316186','2021-12-22 14:31:11.316210',41,82),(270,'Inicial','2021-12-22 16:19:11.916412','2021-12-22 16:19:11.916435',42,83),(271,'Validada','2021-12-22 16:19:20.686044','2021-12-22 16:19:20.686077',42,83),(275,'Inicial','2021-12-22 17:20:32.539751','2021-12-22 17:20:32.539783',48,85),(277,'Validada','2021-12-22 17:21:32.331267','2021-12-22 17:21:32.331294',41,85),(278,'Rechazada','2021-12-22 17:22:01.304763','2021-12-22 17:22:01.304777',41,85),(279,'Validada','2021-12-22 17:23:10.142405','2021-12-22 17:23:10.142427',41,85),(280,'Recepcionada','2021-12-22 17:24:34.351726','2021-12-22 17:24:34.351754',41,85),(282,'Inicial','2021-12-22 17:28:13.315623','2021-12-22 17:28:13.315648',48,86),(283,'Validada','2021-12-22 17:28:31.320445','2021-12-22 17:28:31.320469',48,86),(284,'Recepcionada','2021-12-22 17:30:26.373699','2021-12-22 17:30:26.373728',48,86),(285,'Rechazada','2021-12-22 17:35:05.244231','2021-12-22 17:35:05.264386',48,86),(286,'Rechazada','2021-12-22 17:35:12.005747','2021-12-22 17:35:12.250423',48,86),(287,'Inicial','2021-12-23 11:04:07.861237','2021-12-23 11:04:07.861260',39,78),(288,'Validada','2021-12-23 11:04:42.497930','2021-12-23 11:04:42.497947',39,78),(289,'Recepcionada','2021-12-23 11:05:31.282884','2021-12-23 11:05:31.282910',39,78),(290,'Validada','2021-12-23 11:15:24.049303','2021-12-23 11:15:24.049327',39,76),(291,'Recepcionada','2021-12-23 11:16:20.185923','2021-12-23 11:16:20.185953',39,76),(292,'Recepcionada','2021-12-23 16:48:36.154698','2021-12-23 16:48:36.154725',41,86),(296,'Inicial','2021-12-24 08:40:30.613752','2021-12-24 08:40:30.613767',41,88),(297,'Validada','2021-12-24 08:40:39.624634','2021-12-24 08:40:39.624654',41,88),(298,'Recepcionada','2021-12-24 08:40:52.631127','2021-12-24 08:40:52.631159',41,88),(299,'Recepcionada','2021-12-24 08:43:38.057865','2021-12-24 08:43:38.057884',41,88),(300,'Validada','2021-12-24 08:43:40.871153','2021-12-24 08:43:40.871165',41,88),(301,'Recepcionada','2021-12-24 08:43:51.585287','2021-12-24 08:43:51.585315',41,88),(302,'Rechazada','2021-12-24 08:44:02.544245','2021-12-24 08:44:02.544261',41,88),(303,'Inicial','2021-12-24 08:44:21.634174','2021-12-24 08:44:21.634189',41,89),(304,'Validada','2021-12-24 08:44:29.361718','2021-12-24 08:44:29.361731',41,89),(305,'Recepcionada','2021-12-24 08:44:41.999686','2021-12-24 08:44:41.999714',41,89),(306,'Inicial','2021-12-24 09:05:32.365365','2021-12-24 09:05:32.365392',41,90),(307,'Validada','2021-12-24 09:05:41.816066','2021-12-24 09:05:41.816094',41,90),(308,'Recepcionada','2021-12-24 09:05:58.495806','2021-12-24 09:05:58.495838',41,90),(309,'Inicial','2021-12-24 10:01:17.702880','2021-12-24 10:01:17.702907',41,91),(310,'Validada','2021-12-24 10:01:54.710043','2021-12-24 10:01:54.710062',41,91),(311,'Recepcionada','2021-12-24 10:02:16.596143','2021-12-24 10:02:16.596170',41,91),(312,'Inicial','2021-12-24 10:18:27.584825','2021-12-24 10:18:27.584843',48,92),(313,'Validada','2021-12-24 10:18:42.868769','2021-12-24 10:18:42.868789',48,92),(314,'Recepcionada','2021-12-24 10:20:03.767487','2021-12-24 10:20:03.767517',48,92),(315,'Inicial','2021-12-24 10:22:20.825662','2021-12-24 10:22:20.825676',48,93),(316,'Inicial','2021-12-24 10:30:58.378657','2021-12-24 10:30:58.378688',48,94),(317,'Validada','2021-12-24 10:31:10.071625','2021-12-24 10:31:10.071651',48,94),(318,'Recepcionada','2021-12-24 10:31:41.858965','2021-12-24 10:31:41.858996',48,94),(319,'Rechazada','2021-12-24 10:34:57.020569','2021-12-24 10:34:57.020582',48,93),(320,'Inicial','2021-12-24 10:36:56.220793','2021-12-24 10:36:56.220808',48,95),(321,'Validada','2021-12-24 10:37:03.841412','2021-12-24 10:37:03.841438',48,95),(322,'Recepcionada','2021-12-24 10:37:22.361457','2021-12-24 10:37:22.361520',48,95),(326,'Inicial','2021-12-24 10:40:49.220199','2021-12-24 10:40:49.220218',48,97),(327,'Validada','2021-12-24 10:41:21.622768','2021-12-24 10:41:21.622789',48,97),(328,'Recepcionada','2021-12-24 10:41:36.585336','2021-12-24 10:41:36.585356',48,97),(329,'Rechazada','2021-12-24 10:42:19.009865','2021-12-24 10:42:19.009877',48,94),(334,'Inicial','2021-12-24 10:44:19.416806','2021-12-24 10:44:19.416820',48,99),(335,'Validada','2021-12-24 10:44:31.328595','2021-12-24 10:44:31.328615',48,99),(336,'Recepcionada','2021-12-24 10:44:48.851708','2021-12-24 10:44:48.851737',48,99),(343,'Inicial','2021-12-24 12:05:15.670952','2021-12-24 12:05:15.670968',39,101),(344,'Validada','2021-12-24 12:05:33.216566','2021-12-24 12:05:33.216590',39,101),(345,'Recepcionada','2021-12-24 12:07:07.297366','2021-12-24 12:07:07.297399',39,101),(346,'Inicial','2021-12-27 17:04:43.484979','2021-12-27 17:04:43.485006',42,102),(347,'Validada','2021-12-27 17:05:47.932627','2021-12-27 17:05:47.932647',41,102),(348,'Inicial','2021-12-28 10:18:48.110883','2021-12-28 10:18:48.110907',42,103),(349,'Validada','2021-12-28 10:19:09.026439','2021-12-28 10:19:09.026468',42,103),(350,'Recepcionada','2021-12-28 10:21:28.825715','2021-12-28 10:21:28.825783',42,79),(351,'Inicial','2021-12-28 11:08:44.766528','2021-12-28 11:08:44.766543',41,104),(352,'Validada','2021-12-28 11:08:53.230570','2021-12-28 11:08:53.230584',41,104),(353,'Inicial','2021-12-28 11:09:38.888474','2021-12-28 11:09:38.888487',41,104),(354,'Inicial','2021-12-28 11:18:48.066616','2021-12-28 11:18:48.066645',41,105),(355,'Validada','2021-12-28 11:19:09.946926','2021-12-28 11:19:09.946948',41,105),(356,'Inicial','2021-12-28 12:08:35.026499','2021-12-28 12:08:35.026519',41,106),(357,'Validada','2021-12-28 12:08:47.340157','2021-12-28 12:08:47.340185',41,106),(358,'Inicial','2021-12-28 12:21:35.783669','2021-12-28 12:21:35.783685',41,107),(359,'Validada','2021-12-28 12:22:39.014103','2021-12-28 12:22:39.014125',41,107),(360,'Inicial','2021-12-28 18:29:56.019507','2021-12-28 18:29:56.019524',41,108),(361,'Validada','2021-12-28 18:30:02.789927','2021-12-28 18:30:02.789960',41,108),(362,'Recepcionada','2021-12-28 18:31:53.318014','2021-12-28 18:31:53.318039',41,108),(363,'Inicial','2021-12-28 18:33:51.741791','2021-12-28 18:33:51.741815',41,109),(364,'Validada','2021-12-28 18:34:04.798258','2021-12-28 18:34:04.798288',41,109),(367,'Inicial','2021-12-29 15:55:27.022913','2021-12-29 15:55:27.022931',39,112),(369,'Validada','2021-12-29 15:56:18.701339','2021-12-29 15:56:18.701356',39,112),(370,'Recepcionada','2021-12-29 15:57:45.032681','2021-12-29 15:57:45.032708',39,112),(371,'Inicial','2021-12-29 16:04:46.415046','2021-12-29 16:04:46.415069',39,113),(372,'Validada','2021-12-29 16:05:23.121299','2021-12-29 16:05:23.121320',39,113),(373,'Recepcionada','2021-12-29 16:05:48.976326','2021-12-29 16:05:48.976353',39,113),(374,'Recepcionada','2021-12-29 16:06:22.365731','2021-12-29 16:06:22.365747',39,113),(375,'Inicial','2021-12-30 09:06:43.354523','2021-12-30 09:06:43.354538',41,114),(376,'Validada','2021-12-30 09:06:54.596368','2021-12-30 09:06:54.596388',41,114),(377,'Inicial','2021-12-30 10:47:15.148856','2021-12-30 10:47:15.148875',41,115),(378,'Validada','2021-12-30 10:49:35.687409','2021-12-30 10:49:35.687423',41,115),(379,'Inicial','2021-12-30 11:12:30.128525','2021-12-30 11:12:30.128546',41,116),(380,'Validada','2021-12-30 11:12:46.250431','2021-12-30 11:12:46.250445',41,116),(381,'Inicial','2021-12-30 12:34:20.696826','2021-12-30 12:34:20.696846',39,117),(382,'Validada','2021-12-30 12:34:44.290214','2021-12-30 12:34:44.290239',39,117),(383,'Recepcionada','2021-12-30 12:35:47.644393','2021-12-30 12:35:47.644427',39,117),(384,'Recepcionada','2021-12-30 13:21:49.555717','2021-12-30 13:21:49.555742',39,109),(385,'Recepcionada','2021-12-30 14:27:15.990353','2021-12-30 14:27:15.990378',39,107),(386,'Recepcionada','2021-12-30 16:42:48.441289','2021-12-30 16:42:48.441315',39,102),(387,'Inicial','2021-12-30 17:24:32.901430','2021-12-30 17:24:32.901457',39,118),(388,'Validada','2021-12-30 17:24:47.078895','2021-12-30 17:24:47.078921',39,118),(389,'Recepcionada','2021-12-30 17:25:18.154197','2021-12-30 17:25:18.154231',39,118),(390,'Inicial','2021-12-31 10:07:04.199647','2021-12-31 10:07:04.199671',41,119),(391,'Validada','2021-12-31 10:07:11.825738','2021-12-31 10:07:11.825767',41,119),(392,'Inicial','2021-12-31 10:56:10.577094','2021-12-31 10:56:10.577109',41,120),(393,'Validada','2021-12-31 10:56:19.081618','2021-12-31 10:56:19.081639',41,120),(394,'Inicial','2021-12-31 11:11:52.505974','2021-12-31 11:11:52.505994',41,121),(395,'Recepcionada','2022-01-03 12:20:23.741790','2022-01-03 12:20:23.741823',39,42),(396,'Inicial','2022-01-03 15:18:36.805043','2022-01-03 15:18:36.805069',47,122),(397,'Validada','2022-01-03 15:19:44.492164','2022-01-03 15:19:44.492191',47,122),(398,'Recepcionada','2022-01-03 15:23:39.205149','2022-01-03 15:23:39.205182',47,122),(399,'Inicial','2022-01-03 17:02:02.451165','2022-01-03 17:02:02.451195',39,123),(400,'Validada','2022-01-03 17:02:15.879895','2022-01-03 17:02:15.879920',39,123),(401,'Recepcionada','2022-01-03 17:03:57.929740','2022-01-03 17:03:57.929770',39,123),(402,'Inicial','2022-01-04 12:24:10.035817','2022-01-04 12:24:10.035838',42,124),(403,'Validada','2022-01-04 12:24:28.188099','2022-01-04 12:24:28.188129',42,124),(404,'Inicial','2022-01-04 12:30:45.607210','2022-01-04 12:30:45.607243',42,125),(405,'Recepcionada','2022-01-04 14:28:25.719564','2022-01-04 14:28:25.719590',39,116),(406,'Recepcionada','2022-01-04 14:45:08.690428','2022-01-04 14:45:08.690465',39,124),(407,'Validada','2022-01-04 14:45:29.822857','2022-01-04 14:45:29.822875',39,124),(408,'Recepcionada','2022-01-04 14:45:45.904714','2022-01-04 14:45:45.904746',39,124),(409,'Validada','2022-01-04 14:46:05.474151','2022-01-04 14:46:05.474176',39,124),(410,'Recepcionada','2022-01-04 14:46:55.166542','2022-01-04 14:46:55.166570',39,124),(411,'Inicial','2022-01-05 09:40:29.505814','2022-01-05 09:40:29.505830',42,126),(413,'Inicial','2022-01-05 10:11:48.472474','2022-01-05 10:11:48.472499',42,128),(414,'Inicial','2022-01-05 11:47:56.494828','2022-01-05 11:47:56.494849',42,129),(415,'Inicial','2022-01-05 11:52:03.143605','2022-01-05 11:52:03.143630',42,129),(416,'Validada','2022-01-05 11:55:49.547668','2022-01-05 11:55:49.547686',42,129),(417,'Validada','2022-01-05 11:59:35.976811','2022-01-05 11:59:35.976827',42,128),(418,'Validada','2022-01-05 11:59:42.295633','2022-01-05 11:59:42.295659',42,126),(419,'Validada','2022-01-05 11:59:50.822831','2022-01-05 11:59:50.822859',42,125),(420,'Semi-Recepcionada','2022-01-07 11:18:21.393302','2022-01-07 11:18:21.393322',39,114),(421,'Inicial','2022-01-07 14:10:59.608386','2022-01-07 14:10:59.608400',42,130),(422,'Validada','2022-01-07 14:11:29.628553','2022-01-07 14:11:29.628579',42,130),(423,'Inicial','2022-01-07 14:16:29.235724','2022-01-07 14:16:29.235741',42,131),(424,'Validada','2022-01-07 14:16:39.696810','2022-01-07 14:16:39.696835',42,131),(425,'Recepcionada','2022-01-07 14:21:10.634589','2022-01-07 14:21:10.634616',42,128),(426,'Inicial','2022-01-07 14:31:43.302431','2022-01-07 14:31:43.302446',42,131),(427,'Inicial','2022-01-07 14:31:55.361346','2022-01-07 14:31:55.361358',42,130),(428,'Validada','2022-01-07 14:32:31.121800','2022-01-07 14:32:31.121824',42,130),(429,'Inicial','2022-01-07 14:38:11.889831','2022-01-07 14:38:11.889854',42,132),(430,'Validada','2022-01-07 14:40:02.210144','2022-01-07 14:40:02.210171',42,132),(431,'Validada','2022-01-07 14:54:08.544691','2022-01-07 14:54:08.544710',42,131),(432,'Inicial','2022-01-07 15:07:22.891037','2022-01-07 15:07:22.891066',47,133),(434,'Inicial','2022-01-07 16:24:12.848883','2022-01-07 16:24:12.848914',47,135),(437,'Validada','2022-01-07 17:14:29.494949','2022-01-07 17:14:29.494971',42,133),(438,'Validada','2022-01-07 17:16:17.100011','2022-01-07 17:16:17.100040',42,135),(439,'Inicial','2022-01-07 17:39:28.789756','2022-01-07 17:39:28.789773',42,136),(440,'Inicial','2022-01-07 17:41:05.558519','2022-01-07 17:41:05.558534',42,137),(441,'Validada','2022-01-07 17:53:29.626651','2022-01-07 17:53:29.626683',42,136),(442,'Rechazada','2022-01-07 17:54:47.197361','2022-01-07 17:54:47.197379',42,137),(443,'Inicial','2022-01-07 18:09:12.914005','2022-01-07 18:09:12.914025',42,138),(444,'Validada','2022-01-07 18:09:20.686251','2022-01-07 18:09:20.686284',42,138),(445,'Inicial','2022-01-07 18:12:45.328290','2022-01-07 18:12:45.328311',42,132),(446,'Inicial','2022-01-07 18:13:14.617155','2022-01-07 18:13:14.617183',42,132),(447,'Rechazada','2022-01-07 18:13:39.310586','2022-01-07 18:13:39.310600',42,132),(448,'Inicial','2022-01-07 18:20:54.199667','2022-01-07 18:20:54.199698',42,132),(449,'Rechazada','2022-01-07 18:21:23.499104','2022-01-07 18:21:23.499125',42,132),(450,'Inicial','2022-01-07 18:22:04.222067','2022-01-07 18:22:04.222097',42,139),(451,'Validada','2022-01-07 18:22:11.723884','2022-01-07 18:22:11.723913',42,139),(452,'Inicial','2022-01-10 13:28:04.917068','2022-01-10 13:28:04.917103',42,140),(453,'Validada','2022-01-10 13:28:15.035978','2022-01-10 13:28:15.036008',42,140),(454,'Inicial','2022-01-10 15:55:56.455554','2022-01-10 15:55:56.455581',42,141),(455,'Validada','2022-01-10 15:56:41.996755','2022-01-10 15:56:41.996798',42,141),(456,'Validada','2022-01-11 09:57:35.605427','2022-01-11 09:57:35.605694',42,121),(457,'Recepcionada','2022-01-11 10:27:04.899801','2022-01-11 10:27:04.899832',39,130),(458,'Semi-Recepcionada','2022-01-11 10:50:00.338824','2022-01-11 10:50:00.338851',39,37),(462,'Recepcionada','2022-01-11 15:17:58.315342','2022-01-11 15:17:58.315374',39,125),(463,'Validada','2022-01-11 15:19:27.491842','2022-01-11 15:19:27.491855',39,125),(464,'Recepcionada','2022-01-11 15:19:52.691196','2022-01-11 15:19:52.691230',39,125),(465,'Validada','2022-01-11 15:20:43.496424','2022-01-11 15:20:43.496447',39,125),(466,'Recepcionada','2022-01-11 15:21:18.954363','2022-01-11 15:21:18.954395',39,125),(467,'Recepcionada','2022-01-12 11:04:25.482760','2022-01-12 11:04:25.482785',39,115),(468,'Recepcionada','2022-01-12 11:08:25.508917','2022-01-12 11:08:25.508937',39,115),(469,'Recepcionada','2022-01-12 12:28:26.402890','2022-01-12 12:28:26.402916',39,140),(470,'Inicial','2022-01-12 14:04:31.594008','2022-01-12 14:04:31.594045',42,143),(471,'Validada','2022-01-12 14:04:56.931372','2022-01-12 14:04:56.931410',42,143),(472,'Recepcionada','2022-01-14 14:23:22.975837','2022-01-14 14:23:22.975861',39,139),(473,'Recepcionada','2022-01-14 14:46:51.421889','2022-01-14 14:46:51.421925',39,131),(474,'Inicial','2022-01-17 08:25:08.660342','2022-01-17 08:25:08.660370',39,144),(475,'Validada','2022-01-17 08:25:26.726874','2022-01-17 08:25:26.726902',39,144),(476,'Recepcionada','2022-01-17 08:26:29.812692','2022-01-17 08:26:29.812723',39,144),(477,'Recepcionada','2022-01-17 08:30:39.984323','2022-01-17 08:30:39.984349',39,105),(478,'Semi-Recepcionada','2022-01-17 08:46:01.866126','2022-01-17 08:46:01.866154',39,136),(479,'Inicial','2022-01-17 12:48:13.758708','2022-01-17 12:48:13.758730',41,145),(480,'Validada','2022-01-17 12:48:26.270259','2022-01-17 12:48:26.270282',41,145),(481,'Inicial','2022-01-17 13:27:22.077684','2022-01-17 13:27:22.077708',41,146),(482,'Validada','2022-01-17 13:29:06.206053','2022-01-17 13:29:06.206073',41,146),(483,'Inicial','2022-01-17 14:33:54.477724','2022-01-17 14:33:54.477748',41,147),(484,'Validada','2022-01-17 14:34:39.554682','2022-01-17 14:34:39.554697',41,147),(485,'Inicial','2022-01-17 14:38:03.921381','2022-01-17 14:38:03.921407',41,148),(486,'Validada','2022-01-17 14:38:12.741321','2022-01-17 14:38:12.741345',41,148),(487,'Inicial','2022-01-17 16:06:31.463918','2022-01-17 16:06:31.463941',41,149),(488,'Validada','2022-01-17 16:06:38.982117','2022-01-17 16:06:38.982142',41,149),(489,'Inicial','2022-01-17 16:11:06.338813','2022-01-17 16:11:06.338836',41,146),(490,'Validada','2022-01-17 16:11:18.320070','2022-01-17 16:11:18.320095',41,146),(491,'Inicial','2022-01-18 09:35:44.419615','2022-01-18 09:35:44.419640',41,150),(492,'Validada','2022-01-18 09:36:03.036486','2022-01-18 09:36:03.036518',41,150),(493,'Inicial','2022-01-18 10:10:12.739042','2022-01-18 10:10:12.739068',48,151),(494,'Validada','2022-01-18 10:10:58.920995','2022-01-18 10:10:58.921023',48,151),(495,'Inicial','2022-01-18 10:23:29.199425','2022-01-18 10:23:29.199453',41,152),(496,'Validada','2022-01-18 10:23:33.964899','2022-01-18 10:23:33.964926',41,152),(497,'Inicial','2022-01-18 12:50:14.277033','2022-01-18 12:50:14.277062',41,153),(498,'Validada','2022-01-18 12:50:20.127406','2022-01-18 12:50:20.127424',41,153),(499,'Inicial','2022-01-19 11:07:52.573945','2022-01-19 11:07:52.573963',41,154),(500,'Validada','2022-01-19 11:08:01.469934','2022-01-19 11:08:01.469967',41,154),(501,'Inicial','2022-01-19 11:54:14.289332','2022-01-19 11:54:14.289355',41,155),(502,'Validada','2022-01-19 11:54:25.790581','2022-01-19 11:54:25.790601',41,155),(503,'Inicial','2022-01-19 12:28:09.074247','2022-01-19 12:28:09.074280',41,156),(504,'Validada','2022-01-19 12:28:21.188584','2022-01-19 12:28:21.188608',41,156),(505,'Inicial','2022-01-19 12:42:50.039861','2022-01-19 12:42:50.039892',41,157),(506,'Validada','2022-01-19 12:42:56.512398','2022-01-19 12:42:56.512434',41,157),(507,'Inicial','2022-01-19 13:23:35.764207','2022-01-19 13:23:35.764230',41,158),(508,'Validada','2022-01-19 13:23:47.426663','2022-01-19 13:23:47.426695',41,158),(509,'Inicial','2022-01-19 14:17:14.801751','2022-01-19 14:17:14.801783',41,159),(510,'Validada','2022-01-19 14:17:26.699178','2022-01-19 14:17:26.699193',41,159),(511,'Inicial','2022-01-19 14:28:42.748277','2022-01-19 14:28:42.748297',41,160),(512,'Validada','2022-01-19 14:28:52.652030','2022-01-19 14:28:52.652055',41,160),(513,'Semi-Recepcionada','2022-01-19 15:27:36.761546','2022-01-19 15:27:36.761582',39,149),(514,'Recepcionada','2022-01-20 10:28:59.060509','2022-01-20 10:28:59.060536',45,150),(515,'Recepcionada','2022-01-20 12:22:36.000981','2022-01-20 12:22:36.001010',45,155),(516,'Recepcionada','2022-01-20 12:32:07.764639','2022-01-20 12:32:07.764677',45,147),(517,'Recepcionada','2022-01-20 14:40:55.400539','2022-01-20 14:40:55.400575',45,160),(518,'Recepcionada','2022-01-20 14:41:20.713353','2022-01-20 14:41:20.713387',45,160),(519,'Recepcionada','2022-01-20 14:42:04.000042','2022-01-20 14:42:04.000073',45,160),(520,'Recepcionada','2022-01-20 14:45:49.118718','2022-01-20 14:45:49.118747',45,148),(521,'Validada','2022-01-20 14:46:09.600804','2022-01-20 14:46:09.600841',45,148),(522,'Recepcionada','2022-01-20 14:47:06.678999','2022-01-20 14:47:06.679037',45,148);
/*!40000 ALTER TABLE `ordendecompra_registro` ENABLE KEYS */;
UNLOCK TABLES;

--
-- Table structure for table `pauta_columna`
--

DROP TABLE IF EXISTS `pauta_columna`;
/*!40101 SET @saved_cs_client     = @@character_set_client */;
/*!40101 SET character_set_client = utf8 */;
CREATE TABLE `pauta_columna` (
  `id` bigint(20) NOT NULL AUTO_INCREMENT,
  `nombre` varchar(255) NOT NULL,
  `created` datetime(6) NOT NULL,
  `updated` datetime(6) NOT NULL,
  `tipo` varchar(255) NOT NULL,
  PRIMARY KEY (`id`)
) ENGINE=InnoDB AUTO_INCREMENT=11 DEFAULT CHARSET=latin1;
/*!40101 SET character_set_client = @saved_cs_client */;

--
-- Dumping data for table `pauta_columna`
--

LOCK TABLES `pauta_columna` WRITE;
/*!40000 ALTER TABLE `pauta_columna` DISABLE KEYS */;
INSERT INTO `pauta_columna` VALUES (1,'PH','2021-08-31 09:05:21.308906','2021-08-31 09:05:21.308925','1'),(2,'T°','2021-08-31 09:05:25.452690','2021-08-31 09:05:25.452711','1'),(3,'H Inicio','2021-09-07 15:49:18.441163','2021-09-07 15:49:18.441184','2'),(4,'Acidez','2021-11-18 12:13:24.560596','2021-11-18 12:13:24.560626','1'),(5,'H Termino','2021-11-18 12:13:58.475238','2021-11-18 12:13:58.475257','2'),(6,'Si','2021-12-08 08:14:14.498663','2021-12-08 08:14:14.498685','0'),(7,'No','2021-12-08 08:14:30.825243','2021-12-08 08:14:30.825270','0'),(8,'Hora','2021-12-08 08:50:31.119446','2021-12-08 08:50:31.119469','2'),(9,'Observaciones','2021-12-08 11:02:31.583301','2021-12-22 12:35:38.213382','4'),(10,'No Cumple','2021-12-08 11:02:47.621612','2021-12-08 11:02:47.621634','0');
/*!40000 ALTER TABLE `pauta_columna` ENABLE KEYS */;
UNLOCK TABLES;

--
-- Table structure for table `pauta_etapa`
--

DROP TABLE IF EXISTS `pauta_etapa`;
/*!40101 SET @saved_cs_client     = @@character_set_client */;
/*!40101 SET character_set_client = utf8 */;
CREATE TABLE `pauta_etapa` (
  `id` bigint(20) NOT NULL AUTO_INCREMENT,
  `orden` int(11) NOT NULL,
  `nombre` varchar(255) NOT NULL,
  `created` datetime(6) NOT NULL,
  `updated` datetime(6) NOT NULL,
  `pauta_id` bigint(20) NOT NULL,
  PRIMARY KEY (`id`),
  KEY `pauta_etapa_pauta_id_15c79de0_fk_pauta_pauta_id` (`pauta_id`),
  CONSTRAINT `pauta_etapa_pauta_id_15c79de0_fk_pauta_pauta_id` FOREIGN KEY (`pauta_id`) REFERENCES `pauta_pauta` (`id`)
) ENGINE=InnoDB AUTO_INCREMENT=48 DEFAULT CHARSET=latin1;
/*!40101 SET character_set_client = @saved_cs_client */;

--
-- Dumping data for table `pauta_etapa`
--

LOCK TABLES `pauta_etapa` WRITE;
/*!40000 ALTER TABLE `pauta_etapa` DISABLE KEYS */;
INSERT INTO `pauta_etapa` VALUES (3,0,'Preparación','2021-11-18 12:28:08.692739','2022-01-13 20:12:46.074491',3),(4,1,'Corte - Agitación - Reposo','2021-11-29 11:42:14.529304','2022-01-13 20:12:46.131866',3),(5,2,'Cocimiento del grano','2021-11-29 11:42:14.547111','2022-01-13 20:12:46.186209',3),(6,3,'Final de tina','2021-12-06 18:28:10.638605','2022-01-13 20:12:46.200574',3),(7,4,'Moldeo','2021-12-06 18:28:10.649680','2022-01-13 20:12:46.232204',3),(9,0,'Proceso Dia 1','2021-12-08 08:24:46.977112','2022-01-13 14:47:43.221592',5),(10,1,'DÍA 2					','2021-12-08 08:24:47.055982','2022-01-13 14:47:43.402400',5),(11,0,'DIA 1','2021-12-08 09:04:49.130423','2021-12-08 11:36:56.475563',6),(12,1,'DIA 2','2021-12-08 09:04:49.231030','2021-12-08 11:36:56.786183',6),(13,0,'DIA 1','2021-12-08 11:00:25.572668','2021-12-22 12:37:16.136216',7),(14,1,'DÍA 2					','2021-12-08 11:00:25.618431','2021-12-22 12:37:16.250606',7),(15,2,'EVALUACION SENSORIAL','2021-12-08 11:00:25.637323','2021-12-22 12:37:16.297054',7),(16,0,'DIA 1','2021-12-08 11:16:05.876830','2022-01-13 15:35:09.630059',8),(17,1,'DIA 2','2021-12-08 11:16:05.951468','2022-01-13 15:35:09.818242',8),(18,2,'EVALUACION SENSORIAL','2021-12-08 11:16:05.987463','2022-01-13 15:35:09.901352',8),(19,0,'DIA 1','2021-12-08 11:51:16.899896','2021-12-08 11:51:16.899934',9),(20,1,'DIA 1 - Pasteurización ( 65º C x 30 Minutos )									','2021-12-08 11:51:16.915847','2021-12-08 11:51:16.915861',9),(21,2,'DIA 1 - Enfriamiento','2021-12-08 11:51:16.926464','2021-12-08 11:51:16.926479',9),(22,3,'DIA 2','2021-12-08 11:51:16.945196','2021-12-08 11:51:16.945212',9),(23,4,'DIA 2 - Cocimiento (hasta 50°C ) moviendo  cuajada desde la orilla al centro cada 10 minutos','2021-12-08 11:51:16.960522','2021-12-08 11:51:16.960540',9),(24,5,'Comienzo del enfriamiento con recirculación de agua helada.','2021-12-08 11:51:16.980823','2021-12-08 11:51:16.980835',9),(25,0,'DIA 1','2021-12-08 11:57:06.783799','2021-12-08 11:57:06.783812',10),(26,0,'pendietente','2021-12-08 12:06:28.190812','2021-12-08 12:06:28.190838',11),(27,0,'DIA 1','2021-12-08 12:10:11.729485','2021-12-08 12:23:17.641205',12),(28,1,'DIA 1 - Pasteurización (85°C x 15 minutos)','2021-12-08 12:20:36.812222','2021-12-08 12:23:17.675942',12),(29,2,'Desuerado de toda la cuajada				','2021-12-08 12:23:17.728286','2021-12-08 12:23:17.728319',12),(30,3,'DIA 2','2021-12-08 12:23:17.739616','2021-12-08 12:23:17.739633',12),(31,0,'DIA 1 - DESCREMADO LECHE','2021-12-08 12:35:28.220879','2021-12-08 12:35:28.220901',13),(32,1,'DIA 1 - Pasteurización  ( 64º C x 30 Minutos )','2021-12-08 12:35:28.234887','2021-12-08 12:35:28.234900',13),(33,2,'DIA 1 - Pasteurización  ( 75ºC x  20 segundos) 									','2021-12-08 12:35:28.252895','2021-12-08 12:35:28.252920',13),(34,3,'DIA 1 - Enfriamiento','2021-12-08 12:35:28.268788','2021-12-08 12:35:28.268801',13),(35,4,'DIA 1 - Moldeo','2021-12-08 12:35:28.295611','2021-12-08 12:35:28.295624',13),(36,5,'DIA 2','2021-12-08 12:35:28.305987','2021-12-08 12:35:28.305999',13),(37,0,'..','2021-12-15 12:11:58.880983','2021-12-15 13:10:40.667947',14),(39,0,'DIA 1 - Lotes, Insumo y maquinas','2021-12-22 14:43:06.260802','2022-01-12 14:51:24.693450',16),(41,0,'Verificación de Materia Prima e Insumos','2022-01-13 11:06:13.810125','2022-01-13 14:45:10.673163',17),(42,1,'Dosificacion','2022-01-13 14:45:10.704025','2022-01-13 14:45:10.704057',17),(43,0,'Adición de Especias','2022-01-13 17:30:45.018735','2022-01-14 20:54:41.416827',18),(44,0,'ADICIÓN DE ESPECIAS','2022-01-13 18:00:59.645669','2022-01-13 18:00:59.645702',19),(45,0,'ADICIÓN DE ESPECIAS','2022-01-13 18:01:46.041212','2022-01-13 20:22:21.459370',20),(46,0,'Moldear Masa Queso Cabra PIP Natural','2022-01-13 18:02:06.468254','2022-01-13 18:02:06.468287',21),(47,0,'ADICIÓN DE ESPECIAS','2022-01-13 18:03:47.634934','2022-01-13 18:03:47.634967',22);
/*!40000 ALTER TABLE `pauta_etapa` ENABLE KEYS */;
UNLOCK TABLES;

--
-- Table structure for table `pauta_historicalcolumna`
--

DROP TABLE IF EXISTS `pauta_historicalcolumna`;
/*!40101 SET @saved_cs_client     = @@character_set_client */;
/*!40101 SET character_set_client = utf8 */;
CREATE TABLE `pauta_historicalcolumna` (
  `id` bigint(20) NOT NULL,
  `nombre` varchar(255) NOT NULL,
  `created` datetime(6) NOT NULL,
  `updated` datetime(6) NOT NULL,
  `history_id` int(11) NOT NULL AUTO_INCREMENT,
  `history_date` datetime(6) NOT NULL,
  `history_change_reason` varchar(100) DEFAULT NULL,
  `history_type` varchar(1) NOT NULL,
  `history_user_id` int(11) DEFAULT NULL,
  `tipo` varchar(255) NOT NULL,
  PRIMARY KEY (`history_id`),
  KEY `pauta_historicalcolumna_history_user_id_7eb65072_fk_auth_user_id` (`history_user_id`),
  KEY `pauta_historicalcolumna_id_9035091f` (`id`),
  CONSTRAINT `pauta_historicalcolumna_history_user_id_7eb65072_fk_auth_user_id` FOREIGN KEY (`history_user_id`) REFERENCES `auth_user` (`id`)
) ENGINE=InnoDB AUTO_INCREMENT=15 DEFAULT CHARSET=latin1;
/*!40101 SET character_set_client = @saved_cs_client */;

--
-- Dumping data for table `pauta_historicalcolumna`
--

LOCK TABLES `pauta_historicalcolumna` WRITE;
/*!40000 ALTER TABLE `pauta_historicalcolumna` DISABLE KEYS */;
INSERT INTO `pauta_historicalcolumna` VALUES (3,'Fecha','2021-08-31 16:30:04.940538','2021-08-31 16:30:04.940557',1,'2021-08-31 16:30:05.024161',NULL,'+',1,'1'),(3,'Fecha','2021-08-31 16:30:04.940538','2021-08-31 16:30:04.940557',2,'2021-08-31 17:12:41.459306',NULL,'-',1,'1'),(3,'Hora Inicio','2021-09-07 15:49:18.441163','2021-09-07 15:49:18.441184',3,'2021-09-07 15:49:18.473020',NULL,'+',NULL,'1'),(4,'Hora Fin','2021-09-07 15:50:20.058192','2021-09-07 15:50:20.058234',4,'2021-09-07 15:50:20.115173',NULL,'+',NULL,'1'),(4,'Hora Find','2021-09-07 15:50:20.058192','2021-09-07 15:53:10.187996',5,'2021-09-07 15:53:10.239349',NULL,'~',NULL,'1'),(4,'Hora Find','2021-09-07 15:50:20.058192','2021-09-07 15:53:10.187996',6,'2021-09-07 15:57:18.503056',NULL,'-',NULL,'1'),(4,'Acidez','2021-11-18 12:13:24.560596','2021-11-18 12:13:24.560626',7,'2021-11-18 12:13:24.561829',NULL,'+',1,'1'),(5,'Hora Termino','2021-11-18 12:13:58.475238','2021-11-18 12:13:58.475257',8,'2021-11-18 12:13:58.476192',NULL,'+',1,'1'),(6,'Si','2021-12-08 08:14:14.498663','2021-12-08 08:14:14.498685',9,'2021-12-08 08:14:14.502535',NULL,'+',42,'0'),(7,'No','2021-12-08 08:14:30.825243','2021-12-08 08:14:30.825270',10,'2021-12-08 08:14:30.826852',NULL,'+',42,'0'),(8,'Hora','2021-12-08 08:50:31.119446','2021-12-08 08:50:31.119469',11,'2021-12-08 08:50:31.120720',NULL,'+',42,'2'),(9,'Cumple','2021-12-08 11:02:31.583301','2021-12-08 11:02:31.583323',12,'2021-12-08 11:02:31.584830',NULL,'+',42,'0'),(10,'No Cumple','2021-12-08 11:02:47.621612','2021-12-08 11:02:47.621634',13,'2021-12-08 11:02:47.622903',NULL,'+',42,'0'),(9,'Observaciones','2021-12-08 11:02:31.583301','2021-12-22 12:35:38.213382',14,'2021-12-22 12:35:38.214757',NULL,'~',41,'4');
/*!40000 ALTER TABLE `pauta_historicalcolumna` ENABLE KEYS */;
UNLOCK TABLES;

--
-- Table structure for table `pauta_historicaletapa`
--

DROP TABLE IF EXISTS `pauta_historicaletapa`;
/*!40101 SET @saved_cs_client     = @@character_set_client */;
/*!40101 SET character_set_client = utf8 */;
CREATE TABLE `pauta_historicaletapa` (
  `id` bigint(20) NOT NULL,
  `orden` int(11) NOT NULL,
  `nombre` varchar(255) NOT NULL,
  `created` datetime(6) NOT NULL,
  `updated` datetime(6) NOT NULL,
  `history_id` int(11) NOT NULL AUTO_INCREMENT,
  `history_date` datetime(6) NOT NULL,
  `history_change_reason` varchar(100) DEFAULT NULL,
  `history_type` varchar(1) NOT NULL,
  `history_user_id` int(11) DEFAULT NULL,
  `pauta_id` bigint(20) DEFAULT NULL,
  PRIMARY KEY (`history_id`),
  KEY `pauta_historicaletapa_history_user_id_0f5b43e3_fk_auth_user_id` (`history_user_id`),
  KEY `pauta_historicaletapa_id_a6c60ee8` (`id`),
  KEY `pauta_historicaletapa_pauta_id_a4386f66` (`pauta_id`),
  CONSTRAINT `pauta_historicaletapa_history_user_id_0f5b43e3_fk_auth_user_id` FOREIGN KEY (`history_user_id`) REFERENCES `auth_user` (`id`)
) ENGINE=InnoDB AUTO_INCREMENT=202 DEFAULT CHARSET=latin1;
/*!40101 SET character_set_client = @saved_cs_client */;

--
-- Dumping data for table `pauta_historicaletapa`
--

LOCK TABLES `pauta_historicaletapa` WRITE;
/*!40000 ALTER TABLE `pauta_historicaletapa` DISABLE KEYS */;
INSERT INTO `pauta_historicaletapa` VALUES (11,0,'asd','2021-08-31 15:39:09.589120','2021-08-31 16:30:11.956319',1,'2021-08-31 16:30:11.983696',NULL,'~',1,5),(11,0,'asd','2021-08-31 15:39:09.589120','2021-08-31 16:31:52.534603',2,'2021-08-31 16:31:52.574863',NULL,'~',1,5),(11,0,'asd','2021-08-31 15:39:09.589120','2021-08-31 16:32:16.806406',3,'2021-08-31 16:32:16.848718',NULL,'~',1,5),(11,0,'asd','2021-08-31 15:39:09.589120','2021-08-31 16:32:27.863227',4,'2021-08-31 16:32:27.907183',NULL,'~',1,5),(11,0,'asd','2021-08-31 15:39:09.589120','2021-08-31 16:33:43.106138',5,'2021-08-31 16:33:43.157423',NULL,'~',1,5),(11,0,'asd','2021-08-31 15:39:09.589120','2021-08-31 16:34:40.414225',6,'2021-08-31 16:34:40.432539',NULL,'~',1,5),(11,0,'asd','2021-08-31 15:39:09.589120','2021-08-31 16:35:22.405107',7,'2021-08-31 16:35:22.430999',NULL,'~',1,5),(11,0,'asd','2021-08-31 15:39:09.589120','2021-08-31 16:35:41.534495',8,'2021-08-31 16:35:41.582727',NULL,'~',1,5),(11,0,'asd','2021-08-31 15:39:09.589120','2021-08-31 16:35:49.565669',9,'2021-08-31 16:35:49.590416',NULL,'~',1,5),(11,0,'asd','2021-08-31 15:39:09.589120','2021-08-31 16:36:02.160727',10,'2021-08-31 16:36:02.223483',NULL,'~',1,5),(11,0,'asd','2021-08-31 15:39:09.589120','2021-08-31 16:36:10.646330',11,'2021-08-31 16:36:10.674583',NULL,'~',1,5),(11,0,'asd','2021-08-31 15:39:09.589120','2021-08-31 16:36:42.266476',12,'2021-08-31 16:36:42.289838',NULL,'~',1,5),(11,0,'asd','2021-08-31 15:39:09.589120','2021-08-31 16:37:27.848278',13,'2021-08-31 16:37:27.872401',NULL,'~',1,5),(11,0,'asd','2021-08-31 15:39:09.589120','2021-08-31 16:37:36.162639',14,'2021-08-31 16:37:36.188994',NULL,'~',1,5),(11,0,'asd','2021-08-31 15:39:09.589120','2021-08-31 16:37:53.267428',15,'2021-08-31 16:37:53.289967',NULL,'~',1,5),(11,0,'asd','2021-08-31 15:39:09.589120','2021-08-31 16:37:59.041259',16,'2021-08-31 16:37:59.064208',NULL,'~',1,5),(11,0,'asd','2021-08-31 15:39:09.589120','2021-08-31 16:38:04.949960',17,'2021-08-31 16:38:04.972381',NULL,'~',1,5),(11,0,'asd','2021-08-31 15:39:09.589120','2021-08-31 16:38:30.072145',18,'2021-08-31 16:38:30.139723',NULL,'~',1,5),(12,0,'asd','2021-09-03 15:21:35.806716','2021-09-03 15:21:35.806739',19,'2021-09-03 15:21:35.864389',NULL,'+',1,6),(12,0,'asd','2021-09-03 15:21:35.806716','2021-09-03 16:08:25.881935',20,'2021-09-03 16:08:25.900734',NULL,'~',1,6),(11,0,'asd','2021-08-31 15:39:09.589120','2021-09-03 16:12:16.941545',21,'2021-09-03 16:12:16.965560',NULL,'~',1,5),(11,0,'asd','2021-08-31 15:39:09.589120','2021-09-03 16:12:25.984907',22,'2021-09-03 16:12:26.007308',NULL,'~',1,5),(11,0,'asd','2021-08-31 15:39:09.589120','2021-09-03 16:12:34.417182',23,'2021-09-03 16:12:34.515438',NULL,'~',1,5),(12,0,'asd','2021-09-03 15:21:35.806716','2021-09-03 16:14:28.569789',24,'2021-09-03 16:14:28.589142',NULL,'~',1,6),(12,0,'asd','2021-09-03 15:21:35.806716','2021-09-03 16:15:34.581029',25,'2021-09-03 16:15:34.597472',NULL,'~',1,6),(11,0,'asd','2021-08-31 15:39:09.589120','2021-09-03 16:15:40.938654',26,'2021-09-03 16:15:40.956220',NULL,'~',1,5),(12,0,'asd','2021-09-03 15:21:35.806716','2021-09-03 16:17:30.555434',27,'2021-09-03 16:17:30.571471',NULL,'~',1,6),(13,0,'Etapa 2','2021-09-07 15:25:11.123903','2021-09-07 15:25:11.123947',28,'2021-09-07 15:25:11.172824',NULL,'+',NULL,7),(13,0,'Etapa 2','2021-09-07 15:25:11.123903','2021-09-07 15:27:33.939621',29,'2021-09-07 15:27:33.963903',NULL,'~',NULL,7),(13,0,'Etapa 2','2021-09-07 15:25:11.123903','2021-09-07 15:27:44.610073',30,'2021-09-07 15:27:44.728467',NULL,'~',NULL,7),(13,0,'Etapon','2021-09-07 15:25:11.123903','2021-09-07 15:27:56.470537',31,'2021-09-07 15:27:56.487663',NULL,'~',NULL,7),(13,0,'Etapon','2021-09-07 15:25:11.123903','2021-09-07 15:27:56.470537',32,'2021-09-07 15:28:27.277719',NULL,'-',NULL,7),(12,0,'asd','2021-09-03 15:21:35.806716','2021-09-07 15:29:44.496522',33,'2021-09-07 15:29:44.512510',NULL,'~',1,6),(12,0,'asd','2021-09-03 15:21:35.806716','2021-09-07 15:29:44.496522',34,'2021-11-10 09:02:19.598490',NULL,'-',1,6),(11,0,'asd','2021-08-31 15:39:09.589120','2021-09-03 16:15:40.938654',35,'2021-11-10 09:02:22.192589',NULL,'-',1,5),(8,2,'La morición','2021-08-31 15:05:18.539636','2021-08-31 16:00:18.441067',36,'2021-11-10 09:02:27.765248',NULL,'-',1,2),(7,1,'Matrimonio','2021-08-31 15:05:18.439627','2021-08-31 16:00:18.375679',37,'2021-11-10 09:02:27.986977',NULL,'-',1,2),(6,4,'CALENTAMIENTO Hasta 45°C','2021-08-31 13:15:21.746788','2021-08-31 16:00:18.315051',38,'2021-11-10 09:02:27.987972',NULL,'-',1,2),(9,0,'Bailar','2021-08-31 15:31:45.172690','2021-08-31 15:31:45.172715',39,'2021-11-10 09:02:30.160756',NULL,'-',1,3),(10,0,'Bailar','2021-08-31 15:32:13.610054','2021-08-31 15:32:13.610087',40,'2021-11-10 09:02:32.284933',NULL,'-',1,4),(1,0,'asd','2021-11-11 17:18:47.385100','2021-11-11 17:18:47.385117',41,'2021-11-11 17:18:47.387093',NULL,'+',1,1),(2,0,'Bailar','2021-11-12 15:23:27.994604','2021-11-12 15:23:27.994621',42,'2021-11-12 15:23:27.996561',NULL,'+',1,2),(3,0,'Dia 1','2021-11-18 12:28:08.692739','2021-11-18 12:28:08.692753',43,'2021-11-18 12:28:08.693280',NULL,'+',1,3),(3,0,'Dia 1','2021-11-18 12:28:08.692739','2021-11-18 12:47:03.901477',44,'2021-11-18 12:47:03.908928',NULL,'~',1,3),(3,0,'Dia 1','2021-11-18 12:28:08.692739','2021-11-21 21:56:35.815939',45,'2021-11-21 21:56:35.817301',NULL,'~',1,3),(3,0,'Dia 1','2021-11-18 12:28:08.692739','2021-11-29 11:28:03.453700',46,'2021-11-29 11:28:03.454781',NULL,'~',1,3),(3,0,'Preparación','2021-11-18 12:28:08.692739','2021-11-29 11:42:14.505094',47,'2021-11-29 11:42:14.506205',NULL,'~',1,3),(4,1,'Corte - Agitación - Reposo','2021-11-29 11:42:14.529304','2021-11-29 11:42:14.529321',48,'2021-11-29 11:42:14.530032',NULL,'+',1,3),(5,2,'Final','2021-11-29 11:42:14.547111','2021-11-29 11:42:14.547125',49,'2021-11-29 11:42:14.547612',NULL,'+',1,3),(3,0,'Preparación','2021-11-18 12:28:08.692739','2021-12-06 13:45:47.602398',50,'2021-12-06 13:45:47.603555',NULL,'~',41,3),(4,1,'Corte - Agitación - Reposo','2021-11-29 11:42:14.529304','2021-12-06 13:45:47.673144',51,'2021-12-06 13:45:47.674613',NULL,'~',41,3),(5,2,'Final','2021-11-29 11:42:14.547111','2021-12-06 13:45:47.727566',52,'2021-12-06 13:45:47.728817',NULL,'~',41,3),(3,0,'Preparación','2021-11-18 12:28:08.692739','2021-12-06 13:49:30.808690',53,'2021-12-06 13:49:30.810071',NULL,'~',41,3),(4,1,'Corte - Agitación - Reposo','2021-11-29 11:42:14.529304','2021-12-06 13:49:30.849639',54,'2021-12-06 13:49:30.850863',NULL,'~',41,3),(5,2,'Final','2021-11-29 11:42:14.547111','2021-12-06 13:49:30.893684',55,'2021-12-06 13:49:30.894986',NULL,'~',41,3),(3,0,'Preparación','2021-11-18 12:28:08.692739','2021-12-06 18:28:10.428055',56,'2021-12-06 18:28:10.429548',NULL,'~',1,3),(4,1,'Corte - Agitación - Reposo','2021-11-29 11:42:14.529304','2021-12-06 18:28:10.505344',57,'2021-12-06 18:28:10.506087',NULL,'~',1,3),(5,2,'Cocimiento del grano','2021-11-29 11:42:14.547111','2021-12-06 18:28:10.606841',58,'2021-12-06 18:28:10.607752',NULL,'~',1,3),(6,3,'Final de tina','2021-12-06 18:28:10.638605','2021-12-06 18:28:10.638625',59,'2021-12-06 18:28:10.639152',NULL,'+',1,3),(7,4,'Moldeo','2021-12-06 18:28:10.649680','2021-12-06 18:28:10.649693',60,'2021-12-06 18:28:10.651651',NULL,'+',1,3),(3,0,'Preparación','2021-11-18 12:28:08.692739','2021-12-06 18:40:25.850403',61,'2021-12-06 18:40:25.851923',NULL,'~',1,3),(4,1,'Corte - Agitación - Reposo','2021-11-29 11:42:14.529304','2021-12-06 18:40:26.001036',62,'2021-12-06 18:40:26.002503',NULL,'~',1,3),(5,2,'Cocimiento del grano','2021-11-29 11:42:14.547111','2021-12-06 18:40:26.085122',63,'2021-12-06 18:40:26.086401',NULL,'~',1,3),(6,3,'Final de tina','2021-12-06 18:28:10.638605','2021-12-06 18:40:26.100491',64,'2021-12-06 18:40:26.101603',NULL,'~',1,3),(7,4,'Moldeo','2021-12-06 18:28:10.649680','2021-12-06 18:40:26.127867',65,'2021-12-06 18:40:26.129035',NULL,'~',1,3),(8,0,'asd','2021-12-07 18:42:46.669624','2021-12-07 18:42:46.669654',66,'2021-12-07 18:42:46.670882',NULL,'+',1,4),(9,0,'Proceso Dia 1','2021-12-08 08:24:46.977112','2021-12-08 08:24:46.977125',67,'2021-12-08 08:24:46.978011',NULL,'+',42,5),(10,1,'DÍA 2					','2021-12-08 08:24:47.055982','2021-12-08 08:24:47.056022',68,'2021-12-08 08:24:47.057161',NULL,'+',42,5),(11,0,'DIA 1','2021-12-08 09:04:49.130423','2021-12-08 09:04:49.130444',69,'2021-12-08 09:04:49.132743',NULL,'+',42,6),(12,1,'DIA 2','2021-12-08 09:04:49.231030','2021-12-08 09:04:49.231043',70,'2021-12-08 09:04:49.231672',NULL,'+',42,6),(11,0,'DIA 1','2021-12-08 09:04:49.130423','2021-12-08 09:27:13.006658',71,'2021-12-08 09:27:13.008016',NULL,'~',42,6),(12,1,'DIA 2','2021-12-08 09:04:49.231030','2021-12-08 09:27:13.278064',72,'2021-12-08 09:27:13.279183',NULL,'~',42,6),(9,0,'Proceso Dia 1','2021-12-08 08:24:46.977112','2021-12-08 09:33:14.010883',73,'2021-12-08 09:33:14.011992',NULL,'~',1,5),(10,1,'DÍA 2					','2021-12-08 08:24:47.055982','2021-12-08 09:33:14.175763',74,'2021-12-08 09:33:14.176860',NULL,'~',1,5),(13,0,'DIA 1','2021-12-08 11:00:25.572668','2021-12-08 11:00:25.572685',75,'2021-12-08 11:00:25.573129',NULL,'+',42,7),(14,1,'DÍA 2					','2021-12-08 11:00:25.618431','2021-12-08 11:00:25.618445',76,'2021-12-08 11:00:25.618902',NULL,'+',42,7),(15,2,'EVALUACION SENSORIAL','2021-12-08 11:00:25.637323','2021-12-08 11:00:25.637337',77,'2021-12-08 11:00:25.637758',NULL,'+',42,7),(16,0,'DIA 1','2021-12-08 11:16:05.876830','2021-12-08 11:16:05.876843',78,'2021-12-08 11:16:05.877363',NULL,'+',42,8),(17,1,'DIA 2','2021-12-08 11:16:05.951468','2021-12-08 11:16:05.951481',79,'2021-12-08 11:16:05.952570',NULL,'+',42,8),(18,2,'EVALUACION SENSORIAL','2021-12-08 11:16:05.987463','2021-12-08 11:16:05.987475',80,'2021-12-08 11:16:05.988144',NULL,'+',42,8),(9,0,'Proceso Dia 1','2021-12-08 08:24:46.977112','2021-12-08 11:33:43.159561',81,'2021-12-08 11:33:43.160788',NULL,'~',41,5),(10,1,'DÍA 2					','2021-12-08 08:24:47.055982','2021-12-08 11:33:43.371855',82,'2021-12-08 11:33:43.373171',NULL,'~',41,5),(16,0,'DIA 1','2021-12-08 11:16:05.876830','2021-12-08 11:34:13.771545',83,'2021-12-08 11:34:13.773804',NULL,'~',41,8),(17,1,'DIA 2','2021-12-08 11:16:05.951468','2021-12-08 11:34:13.952133',84,'2021-12-08 11:34:13.963346',NULL,'~',41,8),(18,2,'EVALUACION SENSORIAL','2021-12-08 11:16:05.987463','2021-12-08 11:34:14.059009',85,'2021-12-08 11:34:14.060486',NULL,'~',41,8),(13,0,'DIA 1','2021-12-08 11:00:25.572668','2021-12-08 11:34:50.748971',86,'2021-12-08 11:34:50.750337',NULL,'~',41,7),(14,1,'DÍA 2					','2021-12-08 11:00:25.618431','2021-12-08 11:34:50.899287',87,'2021-12-08 11:34:50.900641',NULL,'~',41,7),(15,2,'EVALUACION SENSORIAL','2021-12-08 11:00:25.637323','2021-12-08 11:34:50.955672',88,'2021-12-08 11:34:50.957014',NULL,'~',41,7),(9,0,'Proceso Dia 1','2021-12-08 08:24:46.977112','2021-12-08 11:35:17.870404',89,'2021-12-08 11:35:17.871565',NULL,'~',41,5),(10,1,'DÍA 2					','2021-12-08 08:24:47.055982','2021-12-08 11:35:18.040181',90,'2021-12-08 11:35:18.041426',NULL,'~',41,5),(16,0,'DIA 1','2021-12-08 11:16:05.876830','2021-12-08 11:35:26.677400',91,'2021-12-08 11:35:26.678556',NULL,'~',41,8),(17,1,'DIA 2','2021-12-08 11:16:05.951468','2021-12-08 11:35:26.873763',92,'2021-12-08 11:35:26.874988',NULL,'~',41,8),(18,2,'EVALUACION SENSORIAL','2021-12-08 11:16:05.987463','2021-12-08 11:35:26.951665',93,'2021-12-08 11:35:26.952684',NULL,'~',41,8),(13,0,'DIA 1','2021-12-08 11:00:25.572668','2021-12-08 11:35:38.881083',94,'2021-12-08 11:35:38.882224',NULL,'~',41,7),(14,1,'DÍA 2					','2021-12-08 11:00:25.618431','2021-12-08 11:35:39.019174',95,'2021-12-08 11:35:39.020431',NULL,'~',41,7),(15,2,'EVALUACION SENSORIAL','2021-12-08 11:00:25.637323','2021-12-08 11:35:39.074026',96,'2021-12-08 11:35:39.075207',NULL,'~',41,7),(9,0,'Proceso Dia 1','2021-12-08 08:24:46.977112','2021-12-08 11:35:54.085100',97,'2021-12-08 11:35:54.088796',NULL,'~',41,5),(10,1,'DÍA 2					','2021-12-08 08:24:47.055982','2021-12-08 11:35:54.291933',98,'2021-12-08 11:35:54.293338',NULL,'~',41,5),(11,0,'DIA 1','2021-12-08 09:04:49.130423','2021-12-08 11:36:56.475563',99,'2021-12-08 11:36:56.477013',NULL,'~',41,6),(12,1,'DIA 2','2021-12-08 09:04:49.231030','2021-12-08 11:36:56.786183',100,'2021-12-08 11:36:56.788625',NULL,'~',41,6),(3,0,'Preparación','2021-11-18 12:28:08.692739','2021-12-08 11:37:52.183388',101,'2021-12-08 11:37:52.184841',NULL,'~',41,3),(4,1,'Corte - Agitación - Reposo','2021-11-29 11:42:14.529304','2021-12-08 11:37:52.377134',102,'2021-12-08 11:37:52.378705',NULL,'~',41,3),(5,2,'Cocimiento del grano','2021-11-29 11:42:14.547111','2021-12-08 11:37:52.482424',103,'2021-12-08 11:37:52.483578',NULL,'~',41,3),(6,3,'Final de tina','2021-12-06 18:28:10.638605','2021-12-08 11:37:52.497342',104,'2021-12-08 11:37:52.498454',NULL,'~',41,3),(7,4,'Moldeo','2021-12-06 18:28:10.649680','2021-12-08 11:37:52.524730',105,'2021-12-08 11:37:52.525883',NULL,'~',41,3),(16,0,'DIA 1','2021-12-08 11:16:05.876830','2021-12-08 11:39:28.301701',106,'2021-12-08 11:39:28.302923',NULL,'~',41,8),(17,1,'DIA 2','2021-12-08 11:16:05.951468','2021-12-08 11:39:28.479929',107,'2021-12-08 11:39:28.481142',NULL,'~',41,8),(18,2,'EVALUACION SENSORIAL','2021-12-08 11:16:05.987463','2021-12-08 11:39:28.559433',108,'2021-12-08 11:39:28.560623',NULL,'~',41,8),(1,0,'asd','2021-11-11 17:18:47.385100','2021-11-11 17:18:47.385117',109,'2021-12-08 11:39:56.734991',NULL,'-',41,1),(2,0,'Bailar','2021-11-12 15:23:27.994604','2021-11-12 15:23:27.994621',110,'2021-12-08 11:40:00.696775',NULL,'-',41,2),(8,0,'asd','2021-12-07 18:42:46.669624','2021-12-07 18:42:46.669654',111,'2021-12-08 11:40:04.105535',NULL,'-',41,4),(19,0,'DIA 1','2021-12-08 11:51:16.899896','2021-12-08 11:51:16.899934',112,'2021-12-08 11:51:16.900662',NULL,'+',42,9),(20,1,'DIA 1 - Pasteurización ( 65º C x 30 Minutos )									','2021-12-08 11:51:16.915847','2021-12-08 11:51:16.915861',113,'2021-12-08 11:51:16.916672',NULL,'+',42,9),(21,2,'DIA 1 - Enfriamiento','2021-12-08 11:51:16.926464','2021-12-08 11:51:16.926479',114,'2021-12-08 11:51:16.927839',NULL,'+',42,9),(22,3,'DIA 2','2021-12-08 11:51:16.945196','2021-12-08 11:51:16.945212',115,'2021-12-08 11:51:16.945894',NULL,'+',42,9),(23,4,'DIA 2 - Cocimiento (hasta 50°C ) moviendo  cuajada desde la orilla al centro cada 10 minutos','2021-12-08 11:51:16.960522','2021-12-08 11:51:16.960540',116,'2021-12-08 11:51:16.961439',NULL,'+',42,9),(24,5,'Comienzo del enfriamiento con recirculación de agua helada.','2021-12-08 11:51:16.980823','2021-12-08 11:51:16.980835',117,'2021-12-08 11:51:16.981261',NULL,'+',42,9),(25,0,'DIA 1','2021-12-08 11:57:06.783799','2021-12-08 11:57:06.783812',118,'2021-12-08 11:57:06.785199',NULL,'+',42,10),(26,0,'pendietente','2021-12-08 12:06:28.190812','2021-12-08 12:06:28.190838',119,'2021-12-08 12:06:28.191308',NULL,'+',42,11),(27,0,'s','2021-12-08 12:10:11.729485','2021-12-08 12:10:11.729497',120,'2021-12-08 12:10:11.729918',NULL,'+',42,12),(27,0,'DIA 1','2021-12-08 12:10:11.729485','2021-12-08 12:20:36.795224',121,'2021-12-08 12:20:36.796530',NULL,'~',42,12),(28,1,'DIA 1 - Pasteurización (85°C x 15 minutos)','2021-12-08 12:20:36.812222','2021-12-08 12:20:36.812243',122,'2021-12-08 12:20:36.813010',NULL,'+',42,12),(27,0,'DIA 1','2021-12-08 12:10:11.729485','2021-12-08 12:23:17.641205',123,'2021-12-08 12:23:17.642373',NULL,'~',42,12),(28,1,'DIA 1 - Pasteurización (85°C x 15 minutos)','2021-12-08 12:20:36.812222','2021-12-08 12:23:17.675942',124,'2021-12-08 12:23:17.677257',NULL,'~',42,12),(29,2,'Desuerado de toda la cuajada				','2021-12-08 12:23:17.728286','2021-12-08 12:23:17.728319',125,'2021-12-08 12:23:17.729881',NULL,'+',42,12),(30,3,'DIA 2','2021-12-08 12:23:17.739616','2021-12-08 12:23:17.739633',126,'2021-12-08 12:23:17.740265',NULL,'+',42,12),(31,0,'DIA 1 - DESCREMADO LECHE','2021-12-08 12:35:28.220879','2021-12-08 12:35:28.220901',127,'2021-12-08 12:35:28.221296',NULL,'+',42,13),(32,1,'DIA 1 - Pasteurización  ( 64º C x 30 Minutos )','2021-12-08 12:35:28.234887','2021-12-08 12:35:28.234900',128,'2021-12-08 12:35:28.235297',NULL,'+',42,13),(33,2,'DIA 1 - Pasteurización  ( 75ºC x  20 segundos) 									','2021-12-08 12:35:28.252895','2021-12-08 12:35:28.252920',129,'2021-12-08 12:35:28.253396',NULL,'+',42,13),(34,3,'DIA 1 - Enfriamiento','2021-12-08 12:35:28.268788','2021-12-08 12:35:28.268801',130,'2021-12-08 12:35:28.269944',NULL,'+',42,13),(35,4,'DIA 1 - Moldeo','2021-12-08 12:35:28.295611','2021-12-08 12:35:28.295624',131,'2021-12-08 12:35:28.296160',NULL,'+',42,13),(36,5,'DIA 2','2021-12-08 12:35:28.305987','2021-12-08 12:35:28.305999',132,'2021-12-08 12:35:28.306402',NULL,'+',42,13),(13,0,'DIA 1','2021-12-08 11:00:25.572668','2021-12-15 11:55:41.520286',133,'2021-12-15 11:55:41.521454',NULL,'~',41,7),(14,1,'DÍA 2					','2021-12-08 11:00:25.618431','2021-12-15 11:55:41.641998',134,'2021-12-15 11:55:41.643374',NULL,'~',41,7),(15,2,'EVALUACION SENSORIAL','2021-12-08 11:00:25.637323','2021-12-15 11:55:41.688676',135,'2021-12-15 11:55:41.689783',NULL,'~',41,7),(37,0,'..','2021-12-15 12:11:58.880983','2021-12-15 12:11:58.881000',136,'2021-12-15 12:11:58.881612',NULL,'+',41,14),(37,0,'..','2021-12-15 12:11:58.880983','2021-12-15 13:09:41.731895',137,'2021-12-15 13:09:41.733215',NULL,'~',1,14),(37,0,'..','2021-12-15 12:11:58.880983','2021-12-15 13:10:40.667947',138,'2021-12-15 13:10:40.669127',NULL,'~',41,14),(13,0,'DIA 1','2021-12-08 11:00:25.572668','2021-12-15 13:36:04.870636',139,'2021-12-15 13:36:04.871854',NULL,'~',41,7),(14,1,'DÍA 2					','2021-12-08 11:00:25.618431','2021-12-15 13:36:05.022736',140,'2021-12-15 13:36:05.023732',NULL,'~',41,7),(15,2,'EVALUACION SENSORIAL','2021-12-08 11:00:25.637323','2021-12-15 13:36:05.070090',141,'2021-12-15 13:36:05.071320',NULL,'~',41,7),(13,0,'DIA 1','2021-12-08 11:00:25.572668','2021-12-15 14:07:19.813821',142,'2021-12-15 14:07:19.815072',NULL,'~',41,7),(14,1,'DÍA 2					','2021-12-08 11:00:25.618431','2021-12-15 14:07:19.935959',143,'2021-12-15 14:07:19.937981',NULL,'~',41,7),(15,2,'EVALUACION SENSORIAL','2021-12-08 11:00:25.637323','2021-12-15 14:07:19.987424',144,'2021-12-15 14:07:19.988733',NULL,'~',41,7),(13,0,'DIA 1','2021-12-08 11:00:25.572668','2021-12-22 12:34:10.326061',145,'2021-12-22 12:34:10.327168',NULL,'~',41,7),(14,1,'DÍA 2					','2021-12-08 11:00:25.618431','2021-12-22 12:34:10.440478',146,'2021-12-22 12:34:10.441530',NULL,'~',41,7),(15,2,'EVALUACION SENSORIAL','2021-12-08 11:00:25.637323','2021-12-22 12:34:10.484241',147,'2021-12-22 12:34:10.485368',NULL,'~',41,7),(13,0,'DIA 1','2021-12-08 11:00:25.572668','2021-12-22 12:37:16.136216',148,'2021-12-22 12:37:16.137255',NULL,'~',41,7),(14,1,'DÍA 2					','2021-12-08 11:00:25.618431','2021-12-22 12:37:16.250606',149,'2021-12-22 12:37:16.251806',NULL,'~',41,7),(15,2,'EVALUACION SENSORIAL','2021-12-08 11:00:25.637323','2021-12-22 12:37:16.297054',150,'2021-12-22 12:37:16.298312',NULL,'~',41,7),(38,0,'asd','2021-12-22 14:41:50.397548','2021-12-22 14:41:50.397568',151,'2021-12-22 14:41:50.398151',NULL,'+',1,15),(38,0,'asd','2021-12-22 14:41:50.397548','2021-12-22 14:41:50.397568',152,'2021-12-22 14:41:55.080070',NULL,'-',1,15),(39,0,'DIA 1','2021-12-22 14:43:06.260802','2021-12-22 14:43:06.260829',153,'2021-12-22 14:43:06.261528',NULL,'+',42,16),(39,0,'DIA 1','2021-12-22 14:43:06.260802','2021-12-22 17:04:29.364534',154,'2021-12-22 17:04:29.365704',NULL,'~',41,16),(39,0,'DIA 1 - Lotes, Insumo y maquinas','2021-12-22 14:43:06.260802','2021-12-23 17:20:05.155247',155,'2021-12-23 17:20:05.156489',NULL,'~',42,16),(40,1,'DIA 1 - Dosificado','2021-12-23 17:20:05.191425','2021-12-23 17:20:05.191439',156,'2021-12-23 17:20:05.192001',NULL,'+',42,16),(9,0,'Proceso Dia 1','2021-12-08 08:24:46.977112','2021-12-24 10:07:40.299885',157,'2021-12-24 10:07:40.300999',NULL,'~',41,5),(10,1,'DÍA 2					','2021-12-08 08:24:47.055982','2021-12-24 10:07:40.790960',158,'2021-12-24 10:07:40.796875',NULL,'~',41,5),(9,0,'Proceso Dia 1','2021-12-08 08:24:46.977112','2021-12-24 10:49:42.406403',159,'2021-12-24 10:49:42.407609',NULL,'~',41,5),(10,1,'DÍA 2					','2021-12-08 08:24:47.055982','2021-12-24 10:49:43.299150',160,'2021-12-24 10:49:43.302129',NULL,'~',41,5),(40,1,'DIA 1 - Dosificado','2021-12-23 17:20:05.191425','2021-12-23 17:20:05.191439',161,'2022-01-12 14:50:38.381729',NULL,'-',42,16),(39,0,'DIA 1 - Lotes, Insumo y maquinas','2021-12-22 14:43:06.260802','2022-01-12 14:50:38.387109',162,'2022-01-12 14:50:38.389702',NULL,'~',42,16),(39,0,'DIA 1 - Lotes, Insumo y maquinas','2021-12-22 14:43:06.260802','2022-01-12 14:51:24.693450',163,'2022-01-12 14:51:24.694558',NULL,'~',42,16),(41,0,'griego 360','2022-01-13 11:06:13.810125','2022-01-13 11:06:13.810152',164,'2022-01-13 11:06:13.810580',NULL,'+',1,17),(41,0,'Verificación de Materia Prima e Insumos','2022-01-13 11:06:13.810125','2022-01-13 14:45:10.673163',165,'2022-01-13 14:45:10.674436',NULL,'~',42,17),(42,1,'Dosificacion','2022-01-13 14:45:10.704025','2022-01-13 14:45:10.704057',166,'2022-01-13 14:45:10.705584',NULL,'+',42,17),(9,0,'Proceso Dia 1','2021-12-08 08:24:46.977112','2022-01-13 14:47:43.221592',167,'2022-01-13 14:47:43.222951',NULL,'~',42,5),(10,1,'DÍA 2					','2021-12-08 08:24:47.055982','2022-01-13 14:47:43.402400',168,'2022-01-13 14:47:43.403472',NULL,'~',42,5),(16,0,'DIA 1','2021-12-08 11:16:05.876830','2022-01-13 15:18:39.286681',169,'2022-01-13 15:18:39.287792',NULL,'~',1,8),(17,1,'DIA 2','2021-12-08 11:16:05.951468','2022-01-13 15:18:39.692842',170,'2022-01-13 15:18:39.694942',NULL,'~',1,8),(18,2,'EVALUACION SENSORIAL','2021-12-08 11:16:05.987463','2022-01-13 15:18:40.024497',171,'2022-01-13 15:18:40.026082',NULL,'~',1,8),(16,0,'DIA 1','2021-12-08 11:16:05.876830','2022-01-13 15:35:09.630059',172,'2022-01-13 15:35:09.631495',NULL,'~',1,8),(17,1,'DIA 2','2021-12-08 11:16:05.951468','2022-01-13 15:35:09.818242',173,'2022-01-13 15:35:09.819533',NULL,'~',1,8),(18,2,'EVALUACION SENSORIAL','2021-12-08 11:16:05.987463','2022-01-13 15:35:09.901352',174,'2022-01-13 15:35:09.903046',NULL,'~',1,8),(3,0,'Preparación','2021-11-18 12:28:08.692739','2022-01-13 16:54:33.714530',175,'2022-01-13 16:54:33.715752',NULL,'~',42,3),(4,1,'Corte - Agitación - Reposo','2021-11-29 11:42:14.529304','2022-01-13 16:54:33.845785',176,'2022-01-13 16:54:33.846610',NULL,'~',42,3),(5,2,'Cocimiento del grano','2021-11-29 11:42:14.547111','2022-01-13 16:54:33.940746',177,'2022-01-13 16:54:33.942032',NULL,'~',42,3),(6,3,'Final de tina','2021-12-06 18:28:10.638605','2022-01-13 16:54:33.961640',178,'2022-01-13 16:54:33.962759',NULL,'~',42,3),(7,4,'Moldeo','2021-12-06 18:28:10.649680','2022-01-13 16:54:33.991026',179,'2022-01-13 16:54:33.991918',NULL,'~',42,3),(3,0,'Preparación','2021-11-18 12:28:08.692739','2022-01-13 17:00:56.071267',180,'2022-01-13 17:00:56.072595',NULL,'~',42,3),(4,1,'Corte - Agitación - Reposo','2021-11-29 11:42:14.529304','2022-01-13 17:00:56.133898',181,'2022-01-13 17:00:56.135596',NULL,'~',42,3),(5,2,'Cocimiento del grano','2021-11-29 11:42:14.547111','2022-01-13 17:00:56.183223',182,'2022-01-13 17:00:56.184583',NULL,'~',42,3),(6,3,'Final de tina','2021-12-06 18:28:10.638605','2022-01-13 17:00:56.195988',183,'2022-01-13 17:00:56.197054',NULL,'~',42,3),(7,4,'Moldeo','2021-12-06 18:28:10.649680','2022-01-13 17:00:56.219080',184,'2022-01-13 17:00:56.220239',NULL,'~',42,3),(43,0,'Adición de Especias','2022-01-13 17:30:45.018735','2022-01-13 17:30:45.018762',185,'2022-01-13 17:30:45.019644',NULL,'+',42,18),(44,0,'ADICIÓN DE ESPECIAS','2022-01-13 18:00:59.645669','2022-01-13 18:00:59.645702',186,'2022-01-13 18:00:59.646461',NULL,'+',1,19),(45,0,'ADICIÓN DE ESPECIAS','2022-01-13 18:01:46.041212','2022-01-13 18:01:46.041239',187,'2022-01-13 18:01:46.041975',NULL,'+',1,20),(46,0,'Moldear Masa Queso Cabra PIP Natural','2022-01-13 18:02:06.468254','2022-01-13 18:02:06.468287',188,'2022-01-13 18:02:06.469279',NULL,'+',42,21),(43,0,'Adición de Especias','2022-01-13 17:30:45.018735','2022-01-13 18:02:13.831477',189,'2022-01-13 18:02:13.832740',NULL,'~',1,18),(47,0,'ADICIÓN DE ESPECIAS','2022-01-13 18:03:47.634934','2022-01-13 18:03:47.634967',190,'2022-01-13 18:03:47.635811',NULL,'+',1,22),(3,0,'Preparación','2021-11-18 12:28:08.692739','2022-01-13 20:12:46.074491',191,'2022-01-13 20:12:46.075698',NULL,'~',1,3),(4,1,'Corte - Agitación - Reposo','2021-11-29 11:42:14.529304','2022-01-13 20:12:46.131866',192,'2022-01-13 20:12:46.132856',NULL,'~',1,3),(5,2,'Cocimiento del grano','2021-11-29 11:42:14.547111','2022-01-13 20:12:46.186209',193,'2022-01-13 20:12:46.187417',NULL,'~',1,3),(6,3,'Final de tina','2021-12-06 18:28:10.638605','2022-01-13 20:12:46.200574',194,'2022-01-13 20:12:46.201761',NULL,'~',1,3),(7,4,'Moldeo','2021-12-06 18:28:10.649680','2022-01-13 20:12:46.232204',195,'2022-01-13 20:12:46.233518',NULL,'~',1,3),(45,0,'ADICIÓN DE ESPECIAS','2022-01-13 18:01:46.041212','2022-01-13 20:22:21.459370',196,'2022-01-13 20:22:21.460480',NULL,'~',42,20),(43,0,'Adición de Especias','2022-01-13 17:30:45.018735','2022-01-13 20:22:52.859660',197,'2022-01-13 20:22:52.860890',NULL,'~',42,18),(43,0,'Adición de Especias','2022-01-13 17:30:45.018735','2022-01-14 20:52:41.826284',198,'2022-01-14 20:52:41.829604',NULL,'~',1,18),(43,0,'Adición de Especias','2022-01-13 17:30:45.018735','2022-01-14 20:52:54.570945',199,'2022-01-14 20:52:54.574242',NULL,'~',1,18),(43,0,'Adición de Especias','2022-01-13 17:30:45.018735','2022-01-14 20:53:51.451575',200,'2022-01-14 20:53:51.454748',NULL,'~',1,18),(43,0,'Adición de Especias','2022-01-13 17:30:45.018735','2022-01-14 20:54:41.416827',201,'2022-01-14 20:54:41.420272',NULL,'~',1,18);
/*!40000 ALTER TABLE `pauta_historicaletapa` ENABLE KEYS */;
UNLOCK TABLES;

--
-- Table structure for table `pauta_historicalingrediente`
--

DROP TABLE IF EXISTS `pauta_historicalingrediente`;
/*!40101 SET @saved_cs_client     = @@character_set_client */;
/*!40101 SET character_set_client = utf8 */;
CREATE TABLE `pauta_historicalingrediente` (
  `id` bigint(20) NOT NULL,
  `cantidad` double NOT NULL,
  `created` datetime(6) NOT NULL,
  `updated` datetime(6) NOT NULL,
  `history_id` int(11) NOT NULL AUTO_INCREMENT,
  `history_date` datetime(6) NOT NULL,
  `history_change_reason` varchar(100) DEFAULT NULL,
  `history_type` varchar(1) NOT NULL,
  `history_user_id` int(11) DEFAULT NULL,
  `insumo_id` bigint(20) DEFAULT NULL,
  `pauta_id` bigint(20) DEFAULT NULL,
  `unidad` varchar(255) NOT NULL,
  `opcional` tinyint(1) NOT NULL,
  `original` tinyint(1) NOT NULL,
  `lider` tinyint(1) NOT NULL,
  PRIMARY KEY (`history_id`),
  KEY `pauta_historicalingr_history_user_id_c7fe1e93_fk_auth_user` (`history_user_id`),
  KEY `pauta_historicalingrediente_id_2c8088a4` (`id`),
  KEY `pauta_historicalingrediente_insumo_id_925ce4c9` (`insumo_id`),
  KEY `pauta_historicalingrediente_pauta_id_ef3eabee` (`pauta_id`),
  CONSTRAINT `pauta_historicalingr_history_user_id_c7fe1e93_fk_auth_user` FOREIGN KEY (`history_user_id`) REFERENCES `auth_user` (`id`)
) ENGINE=InnoDB AUTO_INCREMENT=392 DEFAULT CHARSET=latin1;
/*!40101 SET character_set_client = @saved_cs_client */;

--
-- Dumping data for table `pauta_historicalingrediente`
--

LOCK TABLES `pauta_historicalingrediente` WRITE;
/*!40000 ALTER TABLE `pauta_historicalingrediente` DISABLE KEYS */;
INSERT INTO `pauta_historicalingrediente` VALUES (22,15,'2021-08-31 16:31:52.077600','2021-08-31 16:31:52.077629',1,'2021-08-31 16:31:52.272645',NULL,'+',1,2,5,'gr',0,1,0),(23,10,'2021-08-31 16:31:52.408318','2021-08-31 16:31:52.408355',2,'2021-08-31 16:31:52.483360',NULL,'+',1,1,5,'gr',0,1,0),(22,15,'2021-08-31 16:31:52.077600','2021-08-31 16:32:16.701874',3,'2021-08-31 16:32:16.732574',NULL,'~',1,2,5,'gr',0,1,0),(23,10,'2021-08-31 16:31:52.408318','2021-08-31 16:32:16.759345',4,'2021-08-31 16:32:16.782218',NULL,'~',1,1,5,'gr',0,1,0),(22,15,'2021-08-31 16:31:52.077600','2021-08-31 16:32:27.737680',5,'2021-08-31 16:32:27.790224',NULL,'~',1,2,5,'gr',0,1,0),(23,10,'2021-08-31 16:31:52.408318','2021-08-31 16:32:27.808932',6,'2021-08-31 16:32:27.823300',NULL,'~',1,1,5,'gr',0,1,0),(22,15,'2021-08-31 16:31:52.077600','2021-08-31 16:33:43.008343',7,'2021-08-31 16:33:43.023923',NULL,'~',1,2,5,'gr',0,1,0),(23,10,'2021-08-31 16:31:52.408318','2021-08-31 16:33:43.058167',8,'2021-08-31 16:33:43.073622',NULL,'~',1,1,5,'gr',0,1,0),(22,15,'2021-08-31 16:31:52.077600','2021-08-31 16:34:40.318789',9,'2021-08-31 16:34:40.349176',NULL,'~',1,2,5,'gr',0,1,0),(23,10,'2021-08-31 16:31:52.408318','2021-08-31 16:34:40.367985',10,'2021-08-31 16:34:40.390914',NULL,'~',1,1,5,'gr',0,1,0),(22,15,'2021-08-31 16:31:52.077600','2021-08-31 16:35:22.259918',11,'2021-08-31 16:35:22.289470',NULL,'~',1,2,5,'gr',0,1,0),(23,10,'2021-08-31 16:31:52.408318','2021-08-31 16:35:22.308548',12,'2021-08-31 16:35:22.347901',NULL,'~',1,1,5,'gr',0,1,0),(22,15,'2021-08-31 16:31:52.077600','2021-08-31 16:35:41.442235',13,'2021-08-31 16:35:41.457284',NULL,'~',1,2,5,'gr',0,1,0),(23,10,'2021-08-31 16:31:52.408318','2021-08-31 16:35:41.483740',14,'2021-08-31 16:35:41.498924',NULL,'~',1,1,5,'gr',0,1,0),(22,15,'2021-08-31 16:31:52.077600','2021-08-31 16:35:49.392658',15,'2021-08-31 16:35:49.414838',NULL,'~',1,2,5,'gr',0,1,0),(23,10,'2021-08-31 16:31:52.408318','2021-08-31 16:35:49.492241',16,'2021-08-31 16:35:49.514715',NULL,'~',1,1,5,'gr',0,1,0),(22,15,'2021-08-31 16:31:52.077600','2021-08-31 16:36:01.993657',17,'2021-08-31 16:36:02.023871',NULL,'~',1,2,5,'gr',0,1,0),(23,10,'2021-08-31 16:31:52.408318','2021-08-31 16:36:02.051155',18,'2021-08-31 16:36:02.099243',NULL,'~',1,1,5,'gr',0,1,0),(22,15,'2021-08-31 16:31:52.077600','2021-08-31 16:36:10.540795',19,'2021-08-31 16:36:10.565079',NULL,'~',1,2,5,'gr',0,1,0),(23,10,'2021-08-31 16:31:52.408318','2021-08-31 16:36:10.591840',20,'2021-08-31 16:36:10.615498',NULL,'~',1,1,5,'gr',0,1,0),(22,15,'2021-08-31 16:31:52.077600','2021-08-31 16:36:42.110420',21,'2021-08-31 16:36:42.131052',NULL,'~',1,2,5,'gr',0,1,0),(23,10,'2021-08-31 16:31:52.408318','2021-08-31 16:36:42.160234',22,'2021-08-31 16:36:42.206628',NULL,'~',1,1,5,'gr',0,1,0),(22,15,'2021-08-31 16:31:52.077600','2021-08-31 16:37:27.737684',23,'2021-08-31 16:37:27.763798',NULL,'~',1,2,5,'gr',0,1,0),(23,10,'2021-08-31 16:31:52.408318','2021-08-31 16:37:27.791086',24,'2021-08-31 16:37:27.813829',NULL,'~',1,1,5,'gr',0,1,0),(22,15,'2021-08-31 16:31:52.077600','2021-08-31 16:37:35.961006',25,'2021-08-31 16:37:35.990218',NULL,'~',1,2,5,'gr',0,1,0),(23,10,'2021-08-31 16:31:52.408318','2021-08-31 16:37:36.051347',26,'2021-08-31 16:37:36.111102',NULL,'~',1,1,5,'gr',0,1,0),(22,15,'2021-08-31 16:31:52.077600','2021-08-31 16:37:53.127742',27,'2021-08-31 16:37:53.156522',NULL,'~',1,2,5,'gr',0,1,0),(23,10,'2021-08-31 16:31:52.408318','2021-08-31 16:37:53.183840',28,'2021-08-31 16:37:53.231698',NULL,'~',1,1,5,'gr',0,1,0),(22,15,'2021-08-31 16:31:52.077600','2021-08-31 16:37:58.884988',29,'2021-08-31 16:37:58.906454',NULL,'~',1,2,5,'gr',0,1,0),(23,10,'2021-08-31 16:31:52.408318','2021-08-31 16:37:58.933424',30,'2021-08-31 16:37:58.981027',NULL,'~',1,1,5,'gr',0,1,0),(22,15,'2021-08-31 16:31:52.077600','2021-08-31 16:38:04.843230',31,'2021-08-31 16:38:04.864004',NULL,'~',1,2,5,'gr',0,1,0),(23,10,'2021-08-31 16:31:52.408318','2021-08-31 16:38:04.892021',32,'2021-08-31 16:38:04.914071',NULL,'~',1,1,5,'gr',0,1,0),(22,15,'2021-08-31 16:31:52.077600','2021-08-31 16:38:29.959969',33,'2021-08-31 16:38:29.988752',NULL,'~',1,2,5,'gr',0,1,0),(23,10,'2021-08-31 16:31:52.408318','2021-08-31 16:38:30.016189',34,'2021-08-31 16:38:30.038885',NULL,'~',1,1,5,'gr',0,1,0),(24,5,'2021-09-03 15:21:35.699300','2021-09-03 15:21:35.699322',35,'2021-09-03 15:21:35.714681',NULL,'+',1,2,6,'gramo',0,1,0),(25,12,'2021-09-03 15:21:35.740032','2021-09-03 15:21:35.740054',36,'2021-09-03 15:21:35.756118',NULL,'+',1,1,6,'litro',0,1,0),(24,5,'2021-09-03 15:21:35.699300','2021-09-03 16:08:25.784141',37,'2021-09-03 16:08:25.808655',NULL,'~',1,2,6,'gramo',0,1,0),(25,12,'2021-09-03 15:21:35.740032','2021-09-03 16:08:25.835266',38,'2021-09-03 16:08:25.858896',NULL,'~',1,1,6,'litro',0,1,0),(22,15,'2021-08-31 16:31:52.077600','2021-09-03 16:12:16.758144',39,'2021-09-03 16:12:16.790493',NULL,'~',1,2,5,'kilogramo',0,1,0),(22,15,'2021-08-31 16:31:52.077600','2021-09-03 16:12:16.862573',40,'2021-09-03 16:12:16.882469',NULL,'~',1,2,5,'kilogramo',0,1,0),(23,10,'2021-08-31 16:31:52.408318','2021-08-31 16:38:30.016189',41,'2021-09-03 16:12:16.914092',NULL,'-',1,1,5,'gramo',0,1,0),(22,15,'2021-08-31 16:31:52.077600','2021-09-03 16:12:25.854681',42,'2021-09-03 16:12:25.874194',NULL,'~',1,2,5,'kilogramo',0,1,0),(26,15,'2021-09-03 16:12:25.901299','2021-09-03 16:12:25.901321',43,'2021-09-03 16:12:25.924167',NULL,'+',1,1,5,'litro',0,1,0),(22,15,'2021-08-31 16:31:52.077600','2021-09-03 16:12:34.319599',44,'2021-09-03 16:12:34.340093',NULL,'~',1,2,5,'kilogramo',0,1,0),(26,15,'2021-09-03 16:12:25.901299','2021-09-03 16:12:34.368598',45,'2021-09-03 16:12:34.390822',NULL,'~',1,1,5,'cc',0,1,0),(24,5,'2021-09-03 15:21:35.699300','2021-09-03 16:14:28.463444',46,'2021-09-03 16:14:28.481050',NULL,'~',1,2,6,'gramo',0,1,0),(25,12,'2021-09-03 15:21:35.740032','2021-09-03 16:14:28.507975',47,'2021-09-03 16:14:28.542138',NULL,'~',1,1,6,'cc',0,1,0),(24,5,'2021-09-03 15:21:35.699300','2021-09-03 16:15:34.423107',48,'2021-09-03 16:15:34.439800',NULL,'~',1,2,6,'gramo',0,1,0),(25,12,'2021-09-03 15:21:35.740032','2021-09-03 16:15:34.527445',49,'2021-09-03 16:15:34.556150',NULL,'~',1,1,6,'cc',0,1,0),(22,15,'2021-08-31 16:31:52.077600','2021-09-03 16:15:40.835781',50,'2021-09-03 16:15:40.856289',NULL,'~',1,2,5,'kilogramo',0,1,0),(26,15,'2021-09-03 16:12:25.901299','2021-09-03 16:15:40.883352',51,'2021-09-03 16:15:40.906635',NULL,'~',1,1,5,'litro',0,1,0),(24,5,'2021-09-03 15:21:35.699300','2021-09-03 16:17:30.294283',52,'2021-09-03 16:17:30.314016',NULL,'~',1,2,6,'gramo',0,1,0),(25,12,'2021-09-03 15:21:35.740032','2021-09-03 16:17:30.332801',53,'2021-09-03 16:17:30.422740',NULL,'~',1,1,6,'cc',0,1,0),(27,15,'2021-09-07 15:25:11.023779','2021-09-07 15:25:11.023828',54,'2021-09-07 15:25:11.039027',NULL,'+',NULL,2,7,'kilogramo',0,1,0),(27,10,'2021-09-07 15:25:11.023779','2021-09-07 15:27:33.888328',55,'2021-09-07 15:27:33.913620',NULL,'~',NULL,2,7,'kilogramo',0,1,0),(28,10,'2021-09-07 15:27:44.486621','2021-09-07 15:27:44.486646',56,'2021-09-07 15:27:44.524995',NULL,'+',NULL,1,7,'litro',0,1,0),(27,10,'2021-09-07 15:25:11.023779','2021-09-07 15:27:33.888328',57,'2021-09-07 15:27:44.550463',NULL,'-',NULL,2,7,'kilogramo',0,1,0),(28,10,'2021-09-07 15:27:44.486621','2021-09-07 15:27:56.420160',58,'2021-09-07 15:27:56.438129',NULL,'~',NULL,1,7,'litro',0,1,0),(28,10,'2021-09-07 15:27:44.486621','2021-09-07 15:27:56.420160',59,'2021-09-07 15:28:27.269104',NULL,'-',NULL,1,7,'litro',0,1,0),(24,5,'2021-09-03 15:21:35.699300','2021-09-07 15:29:44.165116',60,'2021-09-07 15:29:44.213490',NULL,'~',1,2,6,'gramo',0,1,0),(25,12,'2021-09-03 15:21:35.740032','2021-09-07 15:29:44.331557',61,'2021-09-07 15:29:44.379092',NULL,'~',1,1,6,'cc',0,1,0),(24,5,'2021-09-03 15:21:35.699300','2021-09-07 15:29:44.165116',62,'2021-11-08 12:19:11.428081',NULL,'-',41,2,6,'gramo',0,1,0),(22,15,'2021-08-31 16:31:52.077600','2021-09-03 16:15:40.835781',63,'2021-11-08 12:19:11.433246',NULL,'-',41,2,5,'kilogramo',0,1,0),(18,150,'2021-08-31 15:04:06.122557','2021-08-31 16:00:18.283676',64,'2021-11-08 12:19:11.434509',NULL,'-',41,2,2,'gramo',0,1,0),(26,15,'2021-09-03 16:12:25.901299','2021-09-03 16:15:40.883352',65,'2021-11-08 12:19:26.761460',NULL,'-',41,1,5,'litro',0,1,0),(25,12,'2021-09-03 15:21:35.740032','2021-09-07 15:29:44.331557',66,'2021-11-08 12:19:26.762833',NULL,'-',41,1,6,'cc',0,1,0),(20,15,'2021-08-31 15:32:13.535758','2021-08-31 15:32:13.535784',67,'2021-11-08 12:19:26.764739',NULL,'-',41,1,4,'gramo',0,1,0),(19,15,'2021-08-31 15:31:45.122985','2021-08-31 15:31:45.123007',68,'2021-11-08 12:19:26.765858',NULL,'-',41,1,3,'gramo',0,1,0),(17,15,'2021-08-31 13:16:38.348952','2021-08-31 16:00:18.230357',69,'2021-11-08 12:19:26.766861',NULL,'-',41,1,2,'gramo',0,1,0),(1,5,'2021-11-11 17:18:47.378675','2021-11-11 17:18:47.378695',70,'2021-11-11 17:18:47.381962',NULL,'+',1,19,1,'unidad',0,1,0),(2,1,'2021-11-12 15:23:27.984748','2021-11-12 15:23:27.984764',71,'2021-11-12 15:23:27.986967',NULL,'+',1,31,2,'unidad',0,1,0),(3,5,'2021-11-12 15:23:27.990417','2021-11-12 15:23:27.990434',72,'2021-11-12 15:23:27.991665',NULL,'+',1,29,2,'kilogramo',0,1,0),(4,2000,'2021-11-18 12:28:08.683341','2021-11-18 12:28:08.683366',73,'2021-11-18 12:28:08.683839',NULL,'+',1,108,3,'litro',0,1,0),(5,4,'2021-11-18 12:28:08.686860','2021-11-18 12:28:08.686889',74,'2021-11-18 12:28:08.687389',NULL,'+',1,11,3,'unidad',0,1,0),(6,320,'2021-11-18 12:28:08.688429','2021-11-18 12:28:08.688441',75,'2021-11-18 12:28:08.688877',NULL,'+',1,38,3,'gramo',0,1,0),(7,10,'2021-11-18 12:28:08.689802','2021-11-18 12:28:08.689816',76,'2021-11-18 12:28:08.690244',NULL,'+',1,109,3,'gramo',0,1,0),(8,80,'2021-11-18 12:28:08.691150','2021-11-18 12:28:08.691163',77,'2021-11-18 12:28:08.691570',NULL,'+',1,107,3,'miligramo',0,1,0),(4,100,'2021-11-18 12:28:08.683341','2021-11-18 12:47:03.871881',78,'2021-11-18 12:47:03.873345',NULL,'~',1,108,3,'litro',0,1,0),(5,0.2,'2021-11-18 12:28:08.686860','2021-11-18 12:47:03.876075',79,'2021-11-18 12:47:03.877763',NULL,'~',1,11,3,'unidad',0,1,0),(6,16,'2021-11-18 12:28:08.688429','2021-11-18 12:47:03.880329',80,'2021-11-18 12:47:03.881754',NULL,'~',1,38,3,'gramo',0,1,0),(7,10,'2021-11-18 12:28:08.689802','2021-11-18 12:47:03.884321',81,'2021-11-18 12:47:03.886511',NULL,'~',1,109,3,'gramo',0,1,0),(8,4,'2021-11-18 12:28:08.691150','2021-11-18 12:47:03.889232',82,'2021-11-18 12:47:03.890591',NULL,'~',1,107,3,'miligramo',0,1,0),(4,100,'2021-11-18 12:28:08.683341','2021-11-21 21:56:35.791110',83,'2021-11-21 21:56:35.792708',NULL,'~',1,108,3,'litro',0,1,0),(5,0.2,'2021-11-18 12:28:08.686860','2021-11-21 21:56:35.796292',84,'2021-11-21 21:56:35.797577',NULL,'~',1,11,3,'unidad',0,1,0),(6,16,'2021-11-18 12:28:08.688429','2021-11-21 21:56:35.799725',85,'2021-11-21 21:56:35.800972',NULL,'~',1,38,3,'gramo',0,1,0),(7,10,'2021-11-18 12:28:08.689802','2021-11-21 21:56:35.803018',86,'2021-11-21 21:56:35.804179',NULL,'~',1,109,3,'gramo',0,1,0),(8,4,'2021-11-18 12:28:08.691150','2021-11-21 21:56:35.806403',87,'2021-11-21 21:56:35.807531',NULL,'~',1,107,3,'miligramo',0,1,0),(4,100,'2021-11-18 12:28:08.683341','2021-11-29 11:28:03.433686',88,'2021-11-29 11:28:03.434858',NULL,'~',1,108,3,'litro',0,1,0),(5,0.2,'2021-11-18 12:28:08.686860','2021-11-29 11:28:03.437289',89,'2021-11-29 11:28:03.437972',NULL,'~',1,11,3,'unidad',0,1,0),(6,16,'2021-11-18 12:28:08.688429','2021-11-29 11:28:03.439775',90,'2021-11-29 11:28:03.440622',NULL,'~',1,38,3,'gramo',0,1,0),(7,10,'2021-11-18 12:28:08.689802','2021-11-29 11:28:03.442391',91,'2021-11-29 11:28:03.443127',NULL,'~',1,109,3,'gramo',0,1,0),(8,4,'2021-11-18 12:28:08.691150','2021-11-29 11:28:03.445407',92,'2021-11-29 11:28:03.446412',NULL,'~',1,107,3,'miligramo',0,1,0),(4,100,'2021-11-18 12:28:08.683341','2021-11-29 11:42:14.486567',93,'2021-11-29 11:42:14.487557',NULL,'~',1,108,3,'litro',0,1,0),(5,0.2,'2021-11-18 12:28:08.686860','2021-11-29 11:42:14.489651',94,'2021-11-29 11:42:14.490339',NULL,'~',1,11,3,'unidad',0,1,0),(6,16,'2021-11-18 12:28:08.688429','2021-11-29 11:42:14.492128',95,'2021-11-29 11:42:14.493024',NULL,'~',1,38,3,'gramo',0,1,0),(7,10,'2021-11-18 12:28:08.689802','2021-11-29 11:42:14.494777',96,'2021-11-29 11:42:14.495481',NULL,'~',1,109,3,'gramo',0,1,0),(8,4,'2021-11-18 12:28:08.691150','2021-11-29 11:42:14.497655',97,'2021-11-29 11:42:14.498334',NULL,'~',1,107,3,'miligramo',0,1,0),(4,100,'2021-11-18 12:28:08.683341','2021-12-06 13:45:47.579932',98,'2021-12-06 13:45:47.580896',NULL,'~',41,108,3,'litro',0,1,0),(5,0.2,'2021-11-18 12:28:08.686860','2021-12-06 13:45:47.584664',99,'2021-12-06 13:45:47.585677',NULL,'~',41,11,3,'unidad',0,1,0),(6,16,'2021-11-18 12:28:08.688429','2021-12-06 13:45:47.587930',100,'2021-12-06 13:45:47.589018',NULL,'~',41,38,3,'gramo',0,1,0),(7,10,'2021-11-18 12:28:08.689802','2021-12-06 13:45:47.591062',101,'2021-12-06 13:45:47.592213',NULL,'~',41,109,3,'gramo',0,1,0),(8,4,'2021-11-18 12:28:08.691150','2021-12-06 13:45:47.594555',102,'2021-12-06 13:45:47.595452',NULL,'~',41,107,3,'miligramo',0,1,0),(4,100,'2021-11-18 12:28:08.683341','2021-12-06 13:49:30.781988',103,'2021-12-06 13:49:30.784081',NULL,'~',41,108,3,'litro',0,1,0),(5,0.2,'2021-11-18 12:28:08.686860','2021-12-06 13:49:30.787065',104,'2021-12-06 13:49:30.788381',NULL,'~',41,11,3,'unidad',0,1,0),(6,16,'2021-11-18 12:28:08.688429','2021-12-06 13:49:30.790792',105,'2021-12-06 13:49:30.791852',NULL,'~',41,38,3,'gramo',0,1,0),(7,10,'2021-11-18 12:28:08.689802','2021-12-06 13:49:30.794513',106,'2021-12-06 13:49:30.795553',NULL,'~',41,109,3,'gramo',0,1,0),(8,4,'2021-11-18 12:28:08.691150','2021-12-06 13:49:30.798201',107,'2021-12-06 13:49:30.799213',NULL,'~',41,107,3,'miligramo',0,1,0),(4,100,'2021-11-18 12:28:08.683341','2021-12-06 18:28:10.405769',108,'2021-12-06 18:28:10.407027',NULL,'~',1,108,3,'litro',0,1,0),(5,0.2,'2021-11-18 12:28:08.686860','2021-12-06 18:28:10.409720',109,'2021-12-06 18:28:10.410522',NULL,'~',1,11,3,'unidad',0,1,0),(6,16,'2021-11-18 12:28:08.688429','2021-12-06 18:28:10.413580',110,'2021-12-06 18:28:10.414374',NULL,'~',1,38,3,'gramo',0,1,0),(7,10,'2021-11-18 12:28:08.689802','2021-12-06 18:28:10.416510',111,'2021-12-06 18:28:10.417515',NULL,'~',1,109,3,'gramo',0,1,0),(8,4,'2021-11-18 12:28:08.691150','2021-12-06 18:28:10.419409',112,'2021-12-06 18:28:10.420251',NULL,'~',1,107,3,'miligramo',0,1,0),(4,100,'2021-11-18 12:28:08.683341','2021-12-06 18:40:25.817813',113,'2021-12-06 18:40:25.819584',NULL,'~',1,108,3,'litro',0,1,0),(5,0.2,'2021-11-18 12:28:08.686860','2021-12-06 18:40:25.823115',114,'2021-12-06 18:40:25.824758',NULL,'~',1,11,3,'unidad',0,1,0),(6,16,'2021-11-18 12:28:08.688429','2021-12-06 18:40:25.827795',115,'2021-12-06 18:40:25.829550',NULL,'~',1,38,3,'gramo',0,1,0),(7,0.08,'2021-11-18 12:28:08.689802','2021-12-06 18:40:25.832630',116,'2021-12-06 18:40:25.834146',NULL,'~',1,109,3,'kilogramo',0,1,0),(8,4,'2021-11-18 12:28:08.691150','2021-12-06 18:40:25.837135',117,'2021-12-06 18:40:25.839016',NULL,'~',1,107,3,'miligramo',0,1,0),(9,1,'2021-12-07 18:42:46.661066','2021-12-07 18:42:46.661101',118,'2021-12-07 18:42:46.663077',NULL,'+',1,130,4,'unidad',1,1,0),(10,1,'2021-12-08 08:24:46.955917','2021-12-08 08:24:46.955943',119,'2021-12-08 08:24:46.956791',NULL,'+',42,130,5,'unidad',0,1,0),(11,350,'2021-12-08 08:24:46.958702','2021-12-08 08:24:46.958722',120,'2021-12-08 08:24:46.959161',NULL,'+',42,129,5,'litro',0,1,0),(12,21000,'2021-12-08 08:24:46.962216','2021-12-08 08:24:46.962236',121,'2021-12-08 08:24:46.964800',NULL,'+',42,21,5,'gramo',0,1,0),(13,5,'2021-12-08 08:24:46.966268','2021-12-08 08:24:46.966286',122,'2021-12-08 08:24:46.966793',NULL,'+',42,47,5,'unidad',1,1,0),(14,8,'2021-12-08 08:24:46.967742','2021-12-08 08:24:46.967758',123,'2021-12-08 08:24:46.968384',NULL,'+',42,40,5,'unidad',1,1,0),(15,315,'2021-12-08 08:24:46.969400','2021-12-08 08:24:46.969414',124,'2021-12-08 08:24:46.969834',NULL,'+',42,76,5,'mililitro',0,1,0),(16,3150,'2021-12-08 08:24:46.970807','2021-12-08 08:24:46.970820',125,'2021-12-08 08:24:46.971257',NULL,'+',42,111,5,'gramo',0,1,0),(17,1050,'2021-12-08 08:24:46.972800','2021-12-08 08:24:46.972815',126,'2021-12-08 08:24:46.973250',NULL,'+',42,112,5,'gramo',0,1,0),(18,1050,'2021-12-08 08:24:46.974161','2021-12-08 08:24:46.974177',127,'2021-12-08 08:24:46.974606',NULL,'+',42,24,5,'gramo',0,1,0),(19,10,'2021-12-08 08:24:46.975524','2021-12-08 08:24:46.975540',128,'2021-12-08 08:24:46.976184',NULL,'+',42,98,5,'miligramo',0,1,0),(20,1,'2021-12-08 09:04:49.113839','2021-12-08 09:04:49.113872',129,'2021-12-08 09:04:49.114535',NULL,'+',42,130,6,'unidad',0,1,0),(21,8400,'2021-12-08 09:04:49.115897','2021-12-08 09:04:49.115917',130,'2021-12-08 09:04:49.116814',NULL,'+',42,129,6,'litro',0,1,0),(22,2100,'2021-12-08 09:04:49.117992','2021-12-08 09:04:49.118012',131,'2021-12-08 09:04:49.118504',NULL,'+',42,38,6,'gramo',0,1,0),(23,1680,'2021-12-08 09:04:49.119680','2021-12-08 09:04:49.119699',132,'2021-12-08 09:04:49.121515',NULL,'+',42,35,6,'mililitro',0,1,0),(24,1,'2021-12-08 09:04:49.122864','2021-12-08 09:04:49.122883',133,'2021-12-08 09:04:49.123390',NULL,'+',42,95,6,'unidad',0,1,0),(25,0.5,'2021-12-08 09:04:49.126252','2021-12-08 09:04:49.126283',134,'2021-12-08 09:04:49.126976',NULL,'+',42,59,6,'unidad',0,1,0),(26,126,'2021-12-08 09:04:49.128573','2021-12-08 09:04:49.128594',135,'2021-12-08 09:04:49.129129',NULL,'+',42,70,6,'mililitro',0,1,0),(20,1,'2021-12-08 09:04:49.113839','2021-12-08 09:27:12.969383',136,'2021-12-08 09:27:12.971073',NULL,'~',42,130,6,'unidad',0,1,0),(21,8400,'2021-12-08 09:04:49.115897','2021-12-08 09:27:12.974581',137,'2021-12-08 09:27:12.975787',NULL,'~',42,129,6,'litro',0,1,0),(22,2100,'2021-12-08 09:04:49.117992','2021-12-08 09:27:12.978984',138,'2021-12-08 09:27:12.980390',NULL,'~',42,38,6,'gramo',0,1,0),(23,1680,'2021-12-08 09:04:49.119680','2021-12-08 09:27:12.983221',139,'2021-12-08 09:27:12.984525',NULL,'~',42,35,6,'litro',0,1,0),(24,1,'2021-12-08 09:04:49.122864','2021-12-08 09:27:12.987096',140,'2021-12-08 09:27:12.988450',NULL,'~',42,95,6,'unidad',0,1,0),(25,0.5,'2021-12-08 09:04:49.126252','2021-12-08 09:27:12.991177',141,'2021-12-08 09:27:12.992518',NULL,'~',42,59,6,'unidad',0,1,0),(26,126,'2021-12-08 09:04:49.128573','2021-12-08 09:27:12.995323',142,'2021-12-08 09:27:12.996963',NULL,'~',42,70,6,'litro',0,1,0),(10,1,'2021-12-08 08:24:46.955917','2021-12-08 09:33:13.969163',143,'2021-12-08 09:33:13.970285',NULL,'~',1,130,5,'unidad',0,1,0),(11,350,'2021-12-08 08:24:46.958702','2021-12-08 09:33:13.972985',144,'2021-12-08 09:33:13.974593',NULL,'~',1,129,5,'litro',0,1,0),(12,21000,'2021-12-08 08:24:46.962216','2021-12-08 09:33:13.977147',145,'2021-12-08 09:33:13.978330',NULL,'~',1,21,5,'gramo',0,1,0),(13,5,'2021-12-08 08:24:46.966268','2021-12-08 09:33:13.980351',146,'2021-12-08 09:33:13.981444',NULL,'~',1,47,5,'unidad',1,1,0),(14,8,'2021-12-08 08:24:46.967742','2021-12-08 09:33:13.983244',147,'2021-12-08 09:33:13.984130',NULL,'~',1,40,5,'unidad',1,1,0),(15,315,'2021-12-08 08:24:46.969400','2021-12-08 09:33:13.986192',148,'2021-12-08 09:33:13.986956',NULL,'~',1,76,5,'litro',0,1,0),(16,3150,'2021-12-08 08:24:46.970807','2021-12-08 09:33:13.988800',149,'2021-12-08 09:33:13.989685',NULL,'~',1,111,5,'gramo',0,1,0),(17,1050,'2021-12-08 08:24:46.972800','2021-12-08 09:33:13.992941',150,'2021-12-08 09:33:13.994023',NULL,'~',1,112,5,'gramo',0,1,0),(18,1050,'2021-12-08 08:24:46.974161','2021-12-08 09:33:13.995852',151,'2021-12-08 09:33:13.996669',NULL,'~',1,24,5,'gramo',0,1,0),(19,10,'2021-12-08 08:24:46.975524','2021-12-08 09:33:13.998595',152,'2021-12-08 09:33:13.999459',NULL,'~',1,98,5,'miligramo',0,1,0),(27,1,'2021-12-08 11:00:25.563676','2021-12-08 11:00:25.563702',153,'2021-12-08 11:00:25.564372',NULL,'+',42,130,7,'unidad',0,1,0),(28,400,'2021-12-08 11:00:25.565436','2021-12-08 11:00:25.565452',154,'2021-12-08 11:00:25.565904',NULL,'+',42,129,7,'litro',0,1,0),(29,21,'2021-12-08 11:00:25.566839','2021-12-08 11:00:25.566852',155,'2021-12-08 11:00:25.567253',NULL,'+',42,21,7,'kilogramo',0,1,0),(30,5,'2021-12-08 11:00:25.568339','2021-12-08 11:00:25.568361',156,'2021-12-08 11:00:25.568828',NULL,'+',42,47,7,'unidad',1,1,0),(31,7,'2021-12-08 11:00:25.569710','2021-12-08 11:00:25.569722',157,'2021-12-08 11:00:25.570148',NULL,'+',42,40,7,'unidad',1,1,0),(32,360,'2021-12-08 11:00:25.571044','2021-12-08 11:00:25.571057',158,'2021-12-08 11:00:25.571461',NULL,'+',42,76,7,'mililitro',0,1,0),(33,1,'2021-12-08 11:16:05.861120','2021-12-08 11:16:05.861150',159,'2021-12-08 11:16:05.861679',NULL,'+',42,130,8,'unidad',0,1,0),(34,375,'2021-12-08 11:16:05.862876','2021-12-08 11:16:05.862889',160,'2021-12-08 11:16:05.863407',NULL,'+',42,129,8,'mililitro',0,1,0),(35,11.25,'2021-12-08 11:16:05.864982','2021-12-08 11:16:05.864996',161,'2021-12-08 11:16:05.865491',NULL,'+',42,21,8,'kilogramo',0,1,0),(36,1.88,'2021-12-08 11:16:05.866493','2021-12-08 11:16:05.866506',162,'2021-12-08 11:16:05.866898',NULL,'+',42,111,8,'kilogramo',0,1,0),(37,5,'2021-12-08 11:16:05.868332','2021-12-08 11:16:05.868350',163,'2021-12-08 11:16:05.869861',NULL,'+',42,47,8,'unidad',0,1,0),(38,337.5,'2021-12-08 11:16:05.872699','2021-12-08 11:16:05.872722',164,'2021-12-08 11:16:05.873731',NULL,'+',42,76,8,'mililitro',0,1,0),(39,187.5,'2021-12-08 11:16:05.874920','2021-12-08 11:16:05.874934',165,'2021-12-08 11:16:05.875385',NULL,'+',42,98,8,'gramo',0,1,0),(10,1,'2021-12-08 08:24:46.955917','2021-12-08 11:33:43.110597',166,'2021-12-08 11:33:43.112305',NULL,'~',41,130,5,'unidad',0,1,0),(11,350,'2021-12-08 08:24:46.958702','2021-12-08 11:33:43.115086',167,'2021-12-08 11:33:43.116257',NULL,'~',41,129,5,'litro',0,1,0),(12,21000,'2021-12-08 08:24:46.962216','2021-12-08 11:33:43.119863',168,'2021-12-08 11:33:43.121132',NULL,'~',41,21,5,'gramo',0,1,0),(13,5,'2021-12-08 08:24:46.966268','2021-12-08 11:33:43.123750',169,'2021-12-08 11:33:43.126459',NULL,'~',41,47,5,'unidad',1,1,0),(14,8,'2021-12-08 08:24:46.967742','2021-12-08 11:33:43.129299',170,'2021-12-08 11:33:43.130373',NULL,'~',41,40,5,'unidad',1,1,0),(15,315,'2021-12-08 08:24:46.969400','2021-12-08 11:33:43.132853',171,'2021-12-08 11:33:43.133913',NULL,'~',41,76,5,'cc',0,1,0),(16,3150,'2021-12-08 08:24:46.970807','2021-12-08 11:33:43.136144',172,'2021-12-08 11:33:43.137155',NULL,'~',41,111,5,'gramo',0,1,0),(17,1050,'2021-12-08 08:24:46.972800','2021-12-08 11:33:43.139470',173,'2021-12-08 11:33:43.140693',NULL,'~',41,112,5,'gramo',0,1,0),(18,1050,'2021-12-08 08:24:46.974161','2021-12-08 11:33:43.143242',174,'2021-12-08 11:33:43.144585',NULL,'~',41,24,5,'gramo',0,1,0),(19,10,'2021-12-08 08:24:46.975524','2021-12-08 11:33:43.147166',175,'2021-12-08 11:33:43.148658',NULL,'~',41,98,5,'miligramo',0,1,0),(33,1,'2021-12-08 11:16:05.861120','2021-12-08 11:34:13.734766',176,'2021-12-08 11:34:13.736082',NULL,'~',41,130,8,'unidad',0,1,0),(34,375,'2021-12-08 11:16:05.862876','2021-12-08 11:34:13.739321',177,'2021-12-08 11:34:13.740674',NULL,'~',41,129,8,'litro',0,1,0),(35,11.25,'2021-12-08 11:16:05.864982','2021-12-08 11:34:13.743152',178,'2021-12-08 11:34:13.744303',NULL,'~',41,21,8,'kilogramo',0,1,0),(36,1.88,'2021-12-08 11:16:05.866493','2021-12-08 11:34:13.746428',179,'2021-12-08 11:34:13.747246',NULL,'~',41,111,8,'kilogramo',0,1,0),(37,5,'2021-12-08 11:16:05.868332','2021-12-08 11:34:13.749977',180,'2021-12-08 11:34:13.751147',NULL,'~',41,47,8,'unidad',0,1,0),(38,337.5,'2021-12-08 11:16:05.872699','2021-12-08 11:34:13.753751',181,'2021-12-08 11:34:13.754816',NULL,'~',41,76,8,'cc',0,1,0),(39,187.5,'2021-12-08 11:16:05.874920','2021-12-08 11:34:13.757123',182,'2021-12-08 11:34:13.758202',NULL,'~',41,98,8,'gramo',0,1,0),(27,1,'2021-12-08 11:00:25.563676','2021-12-08 11:34:50.718404',183,'2021-12-08 11:34:50.720100',NULL,'~',41,130,7,'unidad',0,1,0),(28,400,'2021-12-08 11:00:25.565436','2021-12-08 11:34:50.722988',184,'2021-12-08 11:34:50.724153',NULL,'~',41,129,7,'litro',0,1,0),(29,21,'2021-12-08 11:00:25.566839','2021-12-08 11:34:50.726869',185,'2021-12-08 11:34:50.728002',NULL,'~',41,21,7,'kilogramo',0,1,0),(30,5,'2021-12-08 11:00:25.568339','2021-12-08 11:34:50.730977',186,'2021-12-08 11:34:50.732314',NULL,'~',41,47,7,'unidad',1,1,0),(31,7,'2021-12-08 11:00:25.569710','2021-12-08 11:34:50.734500',187,'2021-12-08 11:34:50.735414',NULL,'~',41,40,7,'unidad',1,1,0),(32,360,'2021-12-08 11:00:25.571044','2021-12-08 11:34:50.739142',188,'2021-12-08 11:34:50.740327',NULL,'~',41,76,7,'cc',0,1,0),(10,1,'2021-12-08 08:24:46.955917','2021-12-08 11:35:17.779290',189,'2021-12-08 11:35:17.786613',NULL,'~',41,130,5,'unidad',0,1,0),(11,350,'2021-12-08 08:24:46.958702','2021-12-08 11:35:17.800644',190,'2021-12-08 11:35:17.804308',NULL,'~',41,129,5,'litro',0,1,0),(12,21000,'2021-12-08 08:24:46.962216','2021-12-08 11:35:17.806912',191,'2021-12-08 11:35:17.807679',NULL,'~',41,21,5,'gramo',0,1,0),(13,5,'2021-12-08 08:24:46.966268','2021-12-08 11:35:17.809756',192,'2021-12-08 11:35:17.810878',NULL,'~',41,47,5,'unidad',1,1,0),(14,8,'2021-12-08 08:24:46.967742','2021-12-08 11:35:17.813576',193,'2021-12-08 11:35:17.819721',NULL,'~',41,40,5,'unidad',1,1,0),(15,315,'2021-12-08 08:24:46.969400','2021-12-08 11:35:17.837954',194,'2021-12-08 11:35:17.846547',NULL,'~',41,76,5,'cc',0,1,0),(16,3150,'2021-12-08 08:24:46.970807','2021-12-08 11:35:17.849280',195,'2021-12-08 11:35:17.850147',NULL,'~',41,111,5,'gramo',0,1,0),(17,1050,'2021-12-08 08:24:46.972800','2021-12-08 11:35:17.852168',196,'2021-12-08 11:35:17.853299',NULL,'~',41,112,5,'gramo',0,1,0),(18,1050,'2021-12-08 08:24:46.974161','2021-12-08 11:35:17.855261',197,'2021-12-08 11:35:17.856398',NULL,'~',41,24,5,'gramo',0,1,0),(19,10,'2021-12-08 08:24:46.975524','2021-12-08 11:35:17.858887',198,'2021-12-08 11:35:17.859710',NULL,'~',41,98,5,'miligramo',0,1,0),(33,1,'2021-12-08 11:16:05.861120','2021-12-08 11:35:26.645063',199,'2021-12-08 11:35:26.646226',NULL,'~',41,130,8,'unidad',0,1,0),(34,375,'2021-12-08 11:16:05.862876','2021-12-08 11:35:26.648414',200,'2021-12-08 11:35:26.649397',NULL,'~',41,129,8,'litro',0,1,0),(35,11.25,'2021-12-08 11:16:05.864982','2021-12-08 11:35:26.651434',201,'2021-12-08 11:35:26.652542',NULL,'~',41,21,8,'kilogramo',0,1,0),(36,1.88,'2021-12-08 11:16:05.866493','2021-12-08 11:35:26.654859',202,'2021-12-08 11:35:26.655870',NULL,'~',41,111,8,'kilogramo',0,1,0),(37,5,'2021-12-08 11:16:05.868332','2021-12-08 11:35:26.658255',203,'2021-12-08 11:35:26.659049',NULL,'~',41,47,8,'unidad',0,1,0),(38,337.5,'2021-12-08 11:16:05.872699','2021-12-08 11:35:26.661147',204,'2021-12-08 11:35:26.664969',NULL,'~',41,76,8,'cc',0,1,0),(39,187.5,'2021-12-08 11:16:05.874920','2021-12-08 11:35:26.667529',205,'2021-12-08 11:35:26.668527',NULL,'~',41,98,8,'gramo',0,1,0),(27,1,'2021-12-08 11:00:25.563676','2021-12-08 11:35:38.851871',206,'2021-12-08 11:35:38.853312',NULL,'~',41,130,7,'unidad',0,1,0),(28,400,'2021-12-08 11:00:25.565436','2021-12-08 11:35:38.855954',207,'2021-12-08 11:35:38.857190',NULL,'~',41,129,7,'litro',0,1,0),(29,21,'2021-12-08 11:00:25.566839','2021-12-08 11:35:38.859614',208,'2021-12-08 11:35:38.860650',NULL,'~',41,21,7,'kilogramo',0,1,0),(30,5,'2021-12-08 11:00:25.568339','2021-12-08 11:35:38.863050',209,'2021-12-08 11:35:38.864212',NULL,'~',41,47,7,'unidad',1,1,0),(31,7,'2021-12-08 11:00:25.569710','2021-12-08 11:35:38.867790',210,'2021-12-08 11:35:38.868853',NULL,'~',41,40,7,'unidad',1,1,0),(32,360,'2021-12-08 11:00:25.571044','2021-12-08 11:35:38.870934',211,'2021-12-08 11:35:38.871701',NULL,'~',41,76,7,'cc',0,1,0),(10,1,'2021-12-08 08:24:46.955917','2021-12-08 11:35:54.019168',212,'2021-12-08 11:35:54.020556',NULL,'~',41,130,5,'unidad',0,1,0),(11,350,'2021-12-08 08:24:46.958702','2021-12-08 11:35:54.023720',213,'2021-12-08 11:35:54.025485',NULL,'~',41,129,5,'litro',0,1,0),(12,21000,'2021-12-08 08:24:46.962216','2021-12-08 11:35:54.028378',214,'2021-12-08 11:35:54.029749',NULL,'~',41,21,5,'gramo',0,1,0),(13,5,'2021-12-08 08:24:46.966268','2021-12-08 11:35:54.032483',215,'2021-12-08 11:35:54.034385',NULL,'~',41,47,5,'unidad',1,1,0),(14,8,'2021-12-08 08:24:46.967742','2021-12-08 11:35:54.036651',216,'2021-12-08 11:35:54.037854',NULL,'~',41,40,5,'unidad',1,1,0),(15,315,'2021-12-08 08:24:46.969400','2021-12-08 11:35:54.040494',217,'2021-12-08 11:35:54.041766',NULL,'~',41,76,5,'cc',0,1,0),(16,3150,'2021-12-08 08:24:46.970807','2021-12-08 11:35:54.044381',218,'2021-12-08 11:35:54.045629',NULL,'~',41,111,5,'gramo',0,1,0),(17,1050,'2021-12-08 08:24:46.972800','2021-12-08 11:35:54.047775',219,'2021-12-08 11:35:54.048899',NULL,'~',41,112,5,'gramo',0,1,0),(18,1050,'2021-12-08 08:24:46.974161','2021-12-08 11:35:54.051297',220,'2021-12-08 11:35:54.052501',NULL,'~',41,24,5,'gramo',0,1,0),(19,10,'2021-12-08 08:24:46.975524','2021-12-08 11:35:54.055205',221,'2021-12-08 11:35:54.060684',NULL,'~',41,98,5,'miligramo',0,1,0),(20,1,'2021-12-08 09:04:49.113839','2021-12-08 11:36:56.437119',222,'2021-12-08 11:36:56.438767',NULL,'~',41,130,6,'unidad',0,1,0),(21,8400,'2021-12-08 09:04:49.115897','2021-12-08 11:36:56.441352',223,'2021-12-08 11:36:56.442809',NULL,'~',41,129,6,'litro',0,1,0),(22,2100,'2021-12-08 09:04:49.117992','2021-12-08 11:36:56.446074',224,'2021-12-08 11:36:56.447434',NULL,'~',41,38,6,'gramo',0,1,0),(23,1680,'2021-12-08 09:04:49.119680','2021-12-08 11:36:56.450683',225,'2021-12-08 11:36:56.451806',NULL,'~',41,35,6,'cc',0,1,0),(24,1,'2021-12-08 09:04:49.122864','2021-12-08 11:36:56.454461',226,'2021-12-08 11:36:56.455456',NULL,'~',41,95,6,'unidad',0,1,0),(25,0.5,'2021-12-08 09:04:49.126252','2021-12-08 11:36:56.458516',227,'2021-12-08 11:36:56.459652',NULL,'~',41,59,6,'unidad',0,1,0),(26,126,'2021-12-08 09:04:49.128573','2021-12-08 11:36:56.462639',228,'2021-12-08 11:36:56.463868',NULL,'~',41,70,6,'cc',0,1,0),(4,100,'2021-11-18 12:28:08.683341','2021-12-08 11:37:52.154055',229,'2021-12-08 11:37:52.155523',NULL,'~',41,108,3,'litro',0,1,0),(5,0.2,'2021-11-18 12:28:08.686860','2021-12-08 11:37:52.158875',230,'2021-12-08 11:37:52.160248',NULL,'~',41,11,3,'unidad',0,1,0),(6,16,'2021-11-18 12:28:08.688429','2021-12-08 11:37:52.163365',231,'2021-12-08 11:37:52.164754',NULL,'~',41,38,3,'gramo',0,1,0),(7,0.8,'2021-11-18 12:28:08.689802','2021-12-08 11:37:52.167730',232,'2021-12-08 11:37:52.169162',NULL,'~',41,109,3,'kilogramo',0,1,0),(8,4,'2021-11-18 12:28:08.691150','2021-12-08 11:37:52.172031',233,'2021-12-08 11:37:52.173397',NULL,'~',41,107,3,'cc',0,1,0),(33,1,'2021-12-08 11:16:05.861120','2021-12-08 11:39:28.264526',234,'2021-12-08 11:39:28.265990',NULL,'~',41,130,8,'unidad',0,1,0),(34,375,'2021-12-08 11:16:05.862876','2021-12-08 11:39:28.270901',235,'2021-12-08 11:39:28.271939',NULL,'~',41,129,8,'litro',0,1,0),(35,11.25,'2021-12-08 11:16:05.864982','2021-12-08 11:39:28.275079',236,'2021-12-08 11:39:28.276774',NULL,'~',41,21,8,'kilogramo',0,1,0),(36,1.88,'2021-12-08 11:16:05.866493','2021-12-08 11:39:28.280101',237,'2021-12-08 11:39:28.281346',NULL,'~',41,111,8,'kilogramo',0,1,0),(37,5,'2021-12-08 11:16:05.868332','2021-12-08 11:39:28.283887',238,'2021-12-08 11:39:28.285050',NULL,'~',41,47,8,'unidad',0,1,0),(38,337.5,'2021-12-08 11:16:05.872699','2021-12-08 11:39:28.287457',239,'2021-12-08 11:39:28.288511',NULL,'~',41,76,8,'cc',0,1,0),(39,187.5,'2021-12-08 11:16:05.874920','2021-12-08 11:39:28.291160',240,'2021-12-08 11:39:28.292583',NULL,'~',41,98,8,'gramo',0,1,0),(1,5,'2021-11-11 17:18:47.378675','2021-11-11 17:18:47.378695',241,'2021-12-08 11:39:56.726838',NULL,'-',41,19,1,'unidad',0,1,0),(3,5,'2021-11-12 15:23:27.990417','2021-11-12 15:23:27.990434',242,'2021-12-08 11:40:00.692637',NULL,'-',41,29,2,'kilogramo',0,1,0),(2,1,'2021-11-12 15:23:27.984748','2021-11-12 15:23:27.984764',243,'2021-12-08 11:40:00.693519',NULL,'-',41,31,2,'unidad',0,1,0),(9,1,'2021-12-07 18:42:46.661066','2021-12-07 18:42:46.661101',244,'2021-12-08 11:40:04.100022',NULL,'-',41,130,4,'unidad',1,1,0),(40,1,'2021-12-08 11:51:16.877657','2021-12-08 11:51:16.877692',245,'2021-12-08 11:51:16.879460',NULL,'+',42,130,9,'unidad',0,1,0),(41,750,'2021-12-08 11:51:16.881584','2021-12-08 11:51:16.881611',246,'2021-12-08 11:51:16.882324',NULL,'+',42,129,9,'litro',0,1,0),(42,5,'2021-12-08 11:51:16.883490','2021-12-08 11:51:16.883507',247,'2021-12-08 11:51:16.884323',NULL,'+',42,96,9,'unidad',1,1,0),(43,3,'2021-12-08 11:51:16.885534','2021-12-08 11:51:16.885552',248,'2021-12-08 11:51:16.894478',NULL,'+',42,95,9,'unidad',1,1,0),(44,7,'2021-12-08 11:57:06.770397','2021-12-08 11:57:06.770425',249,'2021-12-08 11:57:06.770959',NULL,'+',42,131,10,'kilogramo',1,1,0),(45,7,'2021-12-08 11:57:06.772055','2021-12-08 11:57:06.772068',250,'2021-12-08 11:57:06.772673',NULL,'+',42,34,10,'litro',1,1,0),(46,20.67,'2021-12-08 11:57:06.773738','2021-12-08 11:57:06.773752',251,'2021-12-08 11:57:06.775143',NULL,'+',42,129,10,'litro',0,1,0),(47,827,'2021-12-08 11:57:06.776552','2021-12-08 11:57:06.776568',252,'2021-12-08 11:57:06.777058',NULL,'+',42,21,10,'gramo',0,1,0),(48,402,'2021-12-08 11:57:06.778040','2021-12-08 11:57:06.778053',253,'2021-12-08 11:57:06.778461',NULL,'+',42,111,10,'gramo',0,1,0),(49,792,'2021-12-08 11:57:06.779385','2021-12-08 11:57:06.779399',254,'2021-12-08 11:57:06.779831',NULL,'+',42,109,10,'gramo',0,1,0),(50,175,'2021-12-08 11:57:06.781060','2021-12-08 11:57:06.781074',255,'2021-12-08 11:57:06.781504',NULL,'+',42,24,10,'gramo',0,1,0),(51,26,'2021-12-08 11:57:06.782461','2021-12-08 11:57:06.782474',256,'2021-12-08 11:57:06.782868',NULL,'+',42,98,10,'gramo',0,1,0),(52,401,'2021-12-08 12:10:11.719983','2021-12-08 12:10:11.720017',257,'2021-12-08 12:10:11.721730',NULL,'+',42,129,12,'litro',0,1,0),(53,172,'2021-12-08 12:10:11.723090','2021-12-08 12:10:11.723107',258,'2021-12-08 12:10:11.723677',NULL,'+',42,131,12,'kilogramo',1,1,0),(54,172,'2021-12-08 12:10:11.724928','2021-12-08 12:10:11.724944',259,'2021-12-08 12:10:11.725400',NULL,'+',42,34,12,'litro',1,1,0),(55,1147,'2021-12-08 12:10:11.726381','2021-12-08 12:10:11.726394',260,'2021-12-08 12:10:11.726846',NULL,'+',42,109,12,'gramo',0,1,0),(56,1433,'2021-12-08 12:10:11.727876','2021-12-08 12:10:11.727891',261,'2021-12-08 12:10:11.728551',NULL,'+',42,14,12,'gramo',0,1,0),(52,401,'2021-12-08 12:10:11.719983','2021-12-08 12:20:36.767294',262,'2021-12-08 12:20:36.768725',NULL,'~',42,129,12,'litro',0,1,0),(53,172,'2021-12-08 12:10:11.723090','2021-12-08 12:20:36.772623',263,'2021-12-08 12:20:36.773897',NULL,'~',42,131,12,'kilogramo',1,1,0),(54,172,'2021-12-08 12:10:11.724928','2021-12-08 12:20:36.776209',264,'2021-12-08 12:20:36.777277',NULL,'~',42,34,12,'litro',1,1,0),(55,1147,'2021-12-08 12:10:11.726381','2021-12-08 12:20:36.779358',265,'2021-12-08 12:20:36.780438',NULL,'~',42,109,12,'gramo',0,1,0),(56,1433,'2021-12-08 12:10:11.727876','2021-12-08 12:20:36.782859',266,'2021-12-08 12:20:36.783969',NULL,'~',42,14,12,'gramo',0,1,0),(57,1433,'2021-12-08 12:20:36.786552','2021-12-08 12:20:36.786573',267,'2021-12-08 12:20:36.787139',NULL,'+',42,132,12,'mililitro',1,1,0),(52,401,'2021-12-08 12:10:11.719983','2021-12-08 12:23:17.614632',268,'2021-12-08 12:23:17.615992',NULL,'~',42,129,12,'litro',0,1,0),(53,172,'2021-12-08 12:10:11.723090','2021-12-08 12:23:17.618632',269,'2021-12-08 12:23:17.619427',NULL,'~',42,131,12,'kilogramo',1,1,0),(54,172,'2021-12-08 12:10:11.724928','2021-12-08 12:23:17.621683',270,'2021-12-08 12:23:17.622488',NULL,'~',42,34,12,'litro',1,1,0),(55,1147,'2021-12-08 12:10:11.726381','2021-12-08 12:23:17.624441',271,'2021-12-08 12:23:17.625370',NULL,'~',42,109,12,'gramo',0,1,0),(56,1433,'2021-12-08 12:10:11.727876','2021-12-08 12:23:17.627545',272,'2021-12-08 12:23:17.628751',NULL,'~',42,14,12,'gramo',0,1,0),(57,1433,'2021-12-08 12:20:36.786552','2021-12-08 12:23:17.631186',273,'2021-12-08 12:23:17.632800',NULL,'~',42,132,12,'litro',1,1,0),(58,950,'2021-12-08 12:35:28.203929','2021-12-08 12:35:28.203955',274,'2021-12-08 12:35:28.204608',NULL,'+',42,129,13,'litro',0,1,0),(59,237,'2021-12-08 12:35:28.206675','2021-12-08 12:35:28.206693',275,'2021-12-08 12:35:28.208690',NULL,'+',42,38,13,'gramo',0,1,0),(60,190,'2021-12-08 12:35:28.209725','2021-12-08 12:35:28.209741',276,'2021-12-08 12:35:28.210203',NULL,'+',42,35,13,'mililitro',0,1,0),(61,6.5,'2021-12-08 12:35:28.211059','2021-12-08 12:35:28.211079',277,'2021-12-08 12:35:28.211466',NULL,'+',42,9,13,'unidad',0,1,0),(62,5.1,'2021-12-08 12:35:28.212592','2021-12-08 12:35:28.212605',278,'2021-12-08 12:35:28.213028',NULL,'+',42,37,13,'unidad',0,1,0),(63,3.5,'2021-12-08 12:35:28.213917','2021-12-08 12:35:28.213931',279,'2021-12-08 12:35:28.214407',NULL,'+',42,10,13,'unidad',0,1,0),(64,1.3,'2021-12-08 12:35:28.215542','2021-12-08 12:35:28.215561',280,'2021-12-08 12:35:28.216232',NULL,'+',42,46,13,'unidad',0,1,0),(65,950,'2021-12-08 12:35:28.217169','2021-12-08 12:35:28.217181',281,'2021-12-08 12:35:28.217568',NULL,'+',42,109,13,'gramo',0,1,0),(27,1,'2021-12-08 11:00:25.563676','2021-12-15 11:55:41.491938',282,'2021-12-15 11:55:41.493681',NULL,'~',41,130,7,'unidad',0,1,0),(28,400,'2021-12-08 11:00:25.565436','2021-12-15 11:55:41.498786',283,'2021-12-15 11:55:41.499688',NULL,'~',41,129,7,'litro',0,1,1),(29,21,'2021-12-08 11:00:25.566839','2021-12-15 11:55:41.502015',284,'2021-12-15 11:55:41.503068',NULL,'~',41,21,7,'kilogramo',0,1,0),(30,5,'2021-12-08 11:00:25.568339','2021-12-15 11:55:41.505286',285,'2021-12-15 11:55:41.506222',NULL,'~',41,47,7,'unidad',0,1,0),(31,7,'2021-12-08 11:00:25.569710','2021-12-15 11:55:41.508204',286,'2021-12-15 11:55:41.509120',NULL,'~',41,40,7,'unidad',0,1,0),(32,360,'2021-12-08 11:00:25.571044','2021-12-15 11:55:41.511319',287,'2021-12-15 11:55:41.512197',NULL,'~',41,76,7,'cc',0,1,0),(66,1,'2021-12-15 12:11:58.875548','2021-12-15 12:11:58.875561',288,'2021-12-15 12:11:58.876438',NULL,'+',41,142,14,'n/a',0,1,1),(67,1,'2021-12-15 12:11:58.877529','2021-12-15 12:11:58.877543',289,'2021-12-15 12:11:58.877980',NULL,'+',41,129,14,'litro',0,1,0),(66,1,'2021-12-15 12:11:58.875548','2021-12-15 13:09:41.722555',290,'2021-12-15 13:09:41.723434',NULL,'~',1,142,14,'n/a',0,1,1),(67,1,'2021-12-15 12:11:58.877529','2021-12-15 13:09:41.726002',291,'2021-12-15 13:09:41.726787',NULL,'~',1,129,14,'litro',0,1,0),(66,1,'2021-12-15 12:11:58.875548','2021-12-15 13:10:40.655792',292,'2021-12-15 13:10:40.657164',NULL,'~',41,142,14,'n/a',1,1,0),(67,1,'2021-12-15 12:11:58.877529','2021-12-15 13:10:40.660383',293,'2021-12-15 13:10:40.661850',NULL,'~',41,129,14,'litro',0,1,1),(40,1,'2021-12-08 11:51:16.877657','2021-12-08 11:51:16.877692',294,'2021-12-15 13:13:47.003848',NULL,'-',41,130,9,'unidad',0,1,0),(33,1,'2021-12-08 11:16:05.861120','2021-12-08 11:39:28.264526',295,'2021-12-15 13:13:47.005282',NULL,'-',41,130,8,'unidad',0,1,0),(27,1,'2021-12-08 11:00:25.563676','2021-12-15 11:55:41.491938',296,'2021-12-15 13:13:47.005840',NULL,'-',41,130,7,'unidad',0,1,0),(20,1,'2021-12-08 09:04:49.113839','2021-12-08 11:36:56.437119',297,'2021-12-15 13:13:47.006430',NULL,'-',41,130,6,'unidad',0,1,0),(10,1,'2021-12-08 08:24:46.955917','2021-12-08 11:35:54.019168',298,'2021-12-15 13:13:47.006965',NULL,'-',41,130,5,'unidad',0,1,0),(68,400,'2021-12-15 13:36:04.844584','2021-12-15 13:36:04.844605',299,'2021-12-15 13:36:04.845495',NULL,'+',41,141,7,'litro',0,1,1),(29,21,'2021-12-08 11:00:25.566839','2021-12-15 13:36:04.848235',300,'2021-12-15 13:36:04.849336',NULL,'~',41,21,7,'kilogramo',0,1,0),(30,5,'2021-12-08 11:00:25.568339','2021-12-15 13:36:04.851561',301,'2021-12-15 13:36:04.852877',NULL,'~',41,47,7,'unidad',1,1,0),(31,7,'2021-12-08 11:00:25.569710','2021-12-15 13:36:04.855225',302,'2021-12-15 13:36:04.856296',NULL,'~',41,40,7,'unidad',1,1,0),(32,360,'2021-12-08 11:00:25.571044','2021-12-15 13:36:04.858474',303,'2021-12-15 13:36:04.859291',NULL,'~',41,76,7,'cc',0,1,0),(28,400,'2021-12-08 11:00:25.565436','2021-12-15 11:55:41.498786',304,'2021-12-15 13:36:04.863753',NULL,'-',41,129,7,'litro',0,1,1),(29,0.0562,'2021-12-08 11:00:25.566839','2021-12-15 14:07:19.784894',305,'2021-12-15 14:07:19.786142',NULL,'~',41,21,7,'kilogramo',0,1,0),(30,0.00006,'2021-12-08 11:00:25.568339','2021-12-15 14:07:19.788788',306,'2021-12-15 14:07:19.789931',NULL,'~',41,47,7,'unidad',0,1,0),(31,0.00006,'2021-12-08 11:00:25.569710','2021-12-15 14:07:19.792479',307,'2021-12-15 14:07:19.793601',NULL,'~',41,40,7,'unidad',0,1,0),(32,0.0009,'2021-12-08 11:00:25.571044','2021-12-15 14:07:19.796076',308,'2021-12-15 14:07:19.797233',NULL,'~',41,76,7,'litro',0,1,0),(68,1.07,'2021-12-15 13:36:04.844584','2021-12-15 14:07:19.799647',309,'2021-12-15 14:07:19.800735',NULL,'~',41,141,7,'litro',0,1,1),(69,0.0005,'2021-12-15 14:07:19.803330','2021-12-15 14:07:19.803352',310,'2021-12-15 14:07:19.803918',NULL,'+',41,98,7,'kilogramo',0,1,0),(29,0.0562,'2021-12-08 11:00:25.566839','2021-12-22 12:34:10.302289',311,'2021-12-22 12:34:10.303134',NULL,'~',41,21,7,'kilogramo',0,1,0),(30,0.00006,'2021-12-08 11:00:25.568339','2021-12-22 12:34:10.306554',312,'2021-12-22 12:34:10.307422',NULL,'~',41,47,7,'unidad',0,1,0),(31,0.00006,'2021-12-08 11:00:25.569710','2021-12-22 12:34:10.309506',313,'2021-12-22 12:34:10.310276',NULL,'~',41,40,7,'unidad',0,1,0),(32,0.0009,'2021-12-08 11:00:25.571044','2021-12-22 12:34:10.312465',314,'2021-12-22 12:34:10.313304',NULL,'~',41,76,7,'litro',0,1,0),(68,1.07,'2021-12-15 13:36:04.844584','2021-12-22 12:34:10.315079',315,'2021-12-22 12:34:10.315818',NULL,'~',41,141,7,'litro',0,1,1),(69,0.0005,'2021-12-15 14:07:19.803330','2021-12-22 12:34:10.317835',316,'2021-12-22 12:34:10.318569',NULL,'~',41,98,7,'kilogramo',0,1,0),(29,0.0562,'2021-12-08 11:00:25.566839','2021-12-22 12:37:16.108679',317,'2021-12-22 12:37:16.109800',NULL,'~',41,21,7,'kilogramo',0,1,0),(30,0.00006,'2021-12-08 11:00:25.568339','2021-12-22 12:37:16.112323',318,'2021-12-22 12:37:16.113543',NULL,'~',41,47,7,'unidad',0,1,0),(31,0.00006,'2021-12-08 11:00:25.569710','2021-12-22 12:37:16.116340',319,'2021-12-22 12:37:16.117432',NULL,'~',41,40,7,'unidad',0,1,0),(32,0.0009,'2021-12-08 11:00:25.571044','2021-12-22 12:37:16.119824',320,'2021-12-22 12:37:16.121058',NULL,'~',41,76,7,'litro',0,1,0),(68,1.07,'2021-12-15 13:36:04.844584','2021-12-22 12:37:16.123494',321,'2021-12-22 12:37:16.124678',NULL,'~',41,141,7,'litro',0,1,1),(69,0.0005,'2021-12-15 14:07:19.803330','2021-12-22 12:37:16.127178',322,'2021-12-22 12:37:16.128365',NULL,'~',41,98,7,'kilogramo',0,1,0),(70,100,'2021-12-22 15:22:57.358705','2021-12-22 15:22:57.358735',323,'2021-12-22 15:22:57.359681',NULL,'+',42,143,16,'kilogramo',0,0,0),(70,100,'2021-12-22 15:22:57.358705','2021-12-22 17:04:29.357240',324,'2021-12-22 17:04:29.359137',NULL,'~',41,143,16,'kilogramo',0,0,1),(70,100,'2021-12-22 15:22:57.358705','2021-12-23 17:20:05.144984',325,'2021-12-23 17:20:05.146125',NULL,'~',42,143,16,'kilogramo',0,0,1),(71,350,'2021-12-24 10:07:40.200967','2021-12-24 10:07:40.200984',326,'2021-12-24 10:07:40.201579',NULL,'+',41,141,5,'litro',0,1,1),(12,21000,'2021-12-08 08:24:46.962216','2021-12-24 10:07:40.205941',327,'2021-12-24 10:07:40.212248',NULL,'~',41,21,5,'gramo',0,1,0),(13,5,'2021-12-08 08:24:46.966268','2021-12-24 10:07:40.220146',328,'2021-12-24 10:07:40.226406',NULL,'~',41,47,5,'unidad',0,1,0),(14,8,'2021-12-08 08:24:46.967742','2021-12-24 10:07:40.229058',329,'2021-12-24 10:07:40.230135',NULL,'~',41,40,5,'unidad',0,1,0),(15,315,'2021-12-08 08:24:46.969400','2021-12-24 10:07:40.232145',330,'2021-12-24 10:07:40.234293',NULL,'~',41,76,5,'cc',0,1,0),(16,3150,'2021-12-08 08:24:46.970807','2021-12-24 10:07:40.237188',331,'2021-12-24 10:07:40.238381',NULL,'~',41,111,5,'gramo',0,1,0),(17,1050,'2021-12-08 08:24:46.972800','2021-12-24 10:07:40.246204',332,'2021-12-24 10:07:40.249723',NULL,'~',41,112,5,'gramo',0,1,0),(18,1050,'2021-12-08 08:24:46.974161','2021-12-24 10:07:40.252372',333,'2021-12-24 10:07:40.253225',NULL,'~',41,24,5,'gramo',0,1,0),(19,10,'2021-12-08 08:24:46.975524','2021-12-24 10:07:40.258035',334,'2021-12-24 10:07:40.264292',NULL,'~',41,98,5,'miligramo',0,1,0),(11,350,'2021-12-08 08:24:46.958702','2021-12-08 11:35:54.023720',335,'2021-12-24 10:07:40.280858',NULL,'-',41,129,5,'litro',0,1,0),(72,0,'2021-12-24 10:43:16.773307','2021-12-24 10:43:16.773329',336,'2021-12-24 10:43:16.774215',NULL,'+',41,145,5,'kilogramo',0,0,0),(12,21000,'2021-12-08 08:24:46.962216','2021-12-24 10:49:42.305932',337,'2021-12-24 10:49:42.306999',NULL,'~',41,21,5,'gramo',0,1,0),(13,5,'2021-12-08 08:24:46.966268','2021-12-24 10:49:42.310445',338,'2021-12-24 10:49:42.312043',NULL,'~',41,47,5,'unidad',0,1,0),(14,8,'2021-12-08 08:24:46.967742','2021-12-24 10:49:42.314621',339,'2021-12-24 10:49:42.322147',NULL,'~',41,40,5,'unidad',0,1,0),(15,315,'2021-12-08 08:24:46.969400','2021-12-24 10:49:42.324829',340,'2021-12-24 10:49:42.325654',NULL,'~',41,76,5,'cc',0,1,0),(16,3150,'2021-12-08 08:24:46.970807','2021-12-24 10:49:42.336396',341,'2021-12-24 10:49:42.342760',NULL,'~',41,111,5,'gramo',0,1,0),(17,1050,'2021-12-08 08:24:46.972800','2021-12-24 10:49:42.350798',342,'2021-12-24 10:49:42.352763',NULL,'~',41,112,5,'gramo',0,1,0),(18,1050,'2021-12-08 08:24:46.974161','2021-12-24 10:49:42.354936',343,'2021-12-24 10:49:42.355899',NULL,'~',41,24,5,'gramo',0,1,0),(19,10,'2021-12-08 08:24:46.975524','2021-12-24 10:49:42.358407',344,'2021-12-24 10:49:42.359838',NULL,'~',41,98,5,'miligramo',0,1,0),(71,350,'2021-12-24 10:07:40.200967','2021-12-24 10:49:42.362891',345,'2021-12-24 10:49:42.370656',NULL,'~',41,141,5,'litro',0,1,1),(72,0,'2021-12-24 10:43:16.773307','2021-12-24 10:43:16.773329',346,'2021-12-24 10:49:42.376336',NULL,'-',41,145,5,'kilogramo',0,0,0),(70,100,'2021-12-22 15:22:57.358705','2021-12-23 17:20:05.144984',347,'2022-01-12 14:50:38.352576',NULL,'-',42,143,16,'kilogramo',0,0,1),(12,21000,'2021-12-08 08:24:46.962216','2022-01-13 14:47:43.174037',348,'2022-01-13 14:47:43.177194',NULL,'~',42,21,5,'gramo',0,1,0),(13,5,'2021-12-08 08:24:46.966268','2022-01-13 14:47:43.181968',349,'2022-01-13 14:47:43.183184',NULL,'~',42,47,5,'unidad',0,1,0),(14,8,'2021-12-08 08:24:46.967742','2022-01-13 14:47:43.185553',350,'2022-01-13 14:47:43.186988',NULL,'~',42,40,5,'unidad',0,1,0),(15,315,'2021-12-08 08:24:46.969400','2022-01-13 14:47:43.189671',351,'2022-01-13 14:47:43.190782',NULL,'~',42,76,5,'cc',0,1,0),(16,3150,'2021-12-08 08:24:46.970807','2022-01-13 14:47:43.193001',352,'2022-01-13 14:47:43.194164',NULL,'~',42,111,5,'gramo',0,1,0),(17,1050,'2021-12-08 08:24:46.972800','2022-01-13 14:47:43.196539',353,'2022-01-13 14:47:43.197578',NULL,'~',42,112,5,'gramo',0,1,0),(18,1050,'2021-12-08 08:24:46.974161','2022-01-13 14:47:43.200226',354,'2022-01-13 14:47:43.201276',NULL,'~',42,24,5,'gramo',0,1,0),(19,10,'2021-12-08 08:24:46.975524','2022-01-13 14:47:43.204077',355,'2022-01-13 14:47:43.205402',NULL,'~',42,98,5,'miligramo',0,1,0),(71,350,'2021-12-24 10:07:40.200967','2022-01-13 14:47:43.208261',356,'2022-01-13 14:47:43.209332',NULL,'~',42,141,5,'litro',0,1,1),(34,375,'2021-12-08 11:16:05.862876','2022-01-13 15:18:39.256916',357,'2022-01-13 15:18:39.258084',NULL,'~',1,129,8,'litro',0,1,1),(35,11.25,'2021-12-08 11:16:05.864982','2022-01-13 15:18:39.261324',358,'2022-01-13 15:18:39.262651',NULL,'~',1,21,8,'kilogramo',0,1,0),(36,1.88,'2021-12-08 11:16:05.866493','2022-01-13 15:18:39.265200',359,'2022-01-13 15:18:39.266557',NULL,'~',1,111,8,'kilogramo',0,1,0),(37,5,'2021-12-08 11:16:05.868332','2022-01-13 15:18:39.269663',360,'2022-01-13 15:18:39.270990',NULL,'~',1,47,8,'unidad',0,1,0),(38,337.5,'2021-12-08 11:16:05.872699','2022-01-13 15:18:39.275380',361,'2022-01-13 15:18:39.276177',NULL,'~',1,76,8,'cc',0,1,0),(39,187.5,'2021-12-08 11:16:05.874920','2022-01-13 15:18:39.278128',362,'2022-01-13 15:18:39.279045',NULL,'~',1,98,8,'gramo',0,1,0),(34,375,'2021-12-08 11:16:05.862876','2022-01-13 15:35:09.597712',363,'2022-01-13 15:35:09.599092',NULL,'~',1,129,8,'litro',0,1,1),(35,11.25,'2021-12-08 11:16:05.864982','2022-01-13 15:35:09.601551',364,'2022-01-13 15:35:09.602892',NULL,'~',1,21,8,'kilogramo',0,1,0),(36,1.88,'2021-12-08 11:16:05.866493','2022-01-13 15:35:09.605438',365,'2022-01-13 15:35:09.606817',NULL,'~',1,111,8,'kilogramo',0,1,0),(37,5,'2021-12-08 11:16:05.868332','2022-01-13 15:35:09.609182',366,'2022-01-13 15:35:09.610484',NULL,'~',1,47,8,'unidad',0,1,0),(38,337.5,'2021-12-08 11:16:05.872699','2022-01-13 15:35:09.612791',367,'2022-01-13 15:35:09.613731',NULL,'~',1,76,8,'cc',0,1,0),(39,187.5,'2021-12-08 11:16:05.874920','2022-01-13 15:35:09.617212',368,'2022-01-13 15:35:09.618785',NULL,'~',1,98,8,'gramo',0,1,0),(73,45,'2022-01-13 16:02:50.346914','2022-01-13 16:02:50.346940',369,'2022-01-13 16:02:50.347737',NULL,'+',42,167,16,'kilogramo',0,0,0),(74,240,'2022-01-13 16:02:50.357660','2022-01-13 16:02:50.357683',370,'2022-01-13 16:02:50.358408',NULL,'+',42,29,16,'gramo',0,0,0),(75,240,'2022-01-13 16:02:50.366636','2022-01-13 16:02:50.366656',371,'2022-01-13 16:02:50.368137',NULL,'+',42,28,16,'gramo',0,0,0),(76,3.12,'2022-01-13 16:02:50.376464','2022-01-13 16:02:50.376480',372,'2022-01-13 16:02:50.376917',NULL,'+',42,145,16,'kilogramo',0,0,0),(4,100,'2021-11-18 12:28:08.683341','2022-01-13 16:54:33.681821',373,'2022-01-13 16:54:33.683221',NULL,'~',42,108,3,'litro',0,1,1),(5,0.2,'2021-11-18 12:28:08.686860','2022-01-13 16:54:33.687303',374,'2022-01-13 16:54:33.688618',NULL,'~',42,11,3,'unidad',0,1,0),(6,16,'2021-11-18 12:28:08.688429','2022-01-13 16:54:33.692296',375,'2022-01-13 16:54:33.694041',NULL,'~',42,38,3,'gramo',0,1,0),(7,0.8,'2021-11-18 12:28:08.689802','2022-01-13 16:54:33.698265',376,'2022-01-13 16:54:33.700251',NULL,'~',42,109,3,'kilogramo',0,1,0),(8,4,'2021-11-18 12:28:08.691150','2022-01-13 16:54:33.704438',377,'2022-01-13 16:54:33.706102',NULL,'~',42,107,3,'cc',0,1,0),(4,100,'2021-11-18 12:28:08.683341','2022-01-13 17:00:56.048810',378,'2022-01-13 17:00:56.049738',NULL,'~',42,108,3,'litro',0,1,1),(5,0.2,'2021-11-18 12:28:08.686860','2022-01-13 17:00:56.052399',379,'2022-01-13 17:00:56.053215',NULL,'~',42,11,3,'unidad',0,1,0),(6,16,'2021-11-18 12:28:08.688429','2022-01-13 17:00:56.055699',380,'2022-01-13 17:00:56.056663',NULL,'~',42,38,3,'gramo',0,1,0),(7,0.8,'2021-11-18 12:28:08.689802','2022-01-13 17:00:56.059197',381,'2022-01-13 17:00:56.060304',NULL,'~',42,109,3,'kilogramo',0,1,0),(8,4,'2021-11-18 12:28:08.691150','2022-01-13 17:00:56.062448',382,'2022-01-13 17:00:56.063425',NULL,'~',42,107,3,'cc',0,1,0),(4,100,'2021-11-18 12:28:08.683341','2022-01-13 20:12:46.047099',383,'2022-01-13 20:12:46.048286',NULL,'~',1,108,3,'litro',0,1,1),(5,0.2,'2021-11-18 12:28:08.686860','2022-01-13 20:12:46.051802',384,'2022-01-13 20:12:46.053238',NULL,'~',1,11,3,'unidad',0,1,0),(6,16,'2021-11-18 12:28:08.688429','2022-01-13 20:12:46.056497',385,'2022-01-13 20:12:46.057653',NULL,'~',1,38,3,'gramo',0,1,0),(7,0.8,'2021-11-18 12:28:08.689802','2022-01-13 20:12:46.060579',386,'2022-01-13 20:12:46.061854',NULL,'~',1,109,3,'kilogramo',0,1,0),(8,4,'2021-11-18 12:28:08.691150','2022-01-13 20:12:46.064721',387,'2022-01-13 20:12:46.065712',NULL,'~',1,107,3,'cc',0,1,0),(77,5,'2022-01-13 20:25:57.913223','2022-01-13 20:25:57.913254',388,'2022-01-13 20:25:57.914029',NULL,'+',42,117,18,'kilogramo',0,0,0),(78,50,'2022-01-13 20:25:57.934360','2022-01-13 20:25:57.934391',389,'2022-01-13 20:25:57.935291',NULL,'+',42,168,18,'kilogramo',0,0,0),(77,5,'2022-01-13 20:25:57.913223','2022-01-13 20:25:57.913254',390,'2022-01-14 20:52:41.813642',NULL,'-',1,117,18,'kilogramo',0,0,0),(78,50,'2022-01-13 20:25:57.934360','2022-01-13 20:25:57.934391',391,'2022-01-14 20:52:41.820177',NULL,'-',1,168,18,'kilogramo',0,0,0);
/*!40000 ALTER TABLE `pauta_historicalingrediente` ENABLE KEYS */;
UNLOCK TABLES;

--
-- Table structure for table `pauta_historicalinstruccion`
--

DROP TABLE IF EXISTS `pauta_historicalinstruccion`;
/*!40101 SET @saved_cs_client     = @@character_set_client */;
/*!40101 SET character_set_client = utf8 */;
CREATE TABLE `pauta_historicalinstruccion` (
  `id` bigint(20) NOT NULL,
  `orden` int(11) NOT NULL,
  `descripcion` varchar(255) NOT NULL,
  `created` datetime(6) NOT NULL,
  `updated` datetime(6) NOT NULL,
  `history_id` int(11) NOT NULL AUTO_INCREMENT,
  `history_date` datetime(6) NOT NULL,
  `history_change_reason` varchar(100) DEFAULT NULL,
  `history_type` varchar(1) NOT NULL,
  `etapa_id` bigint(20) DEFAULT NULL,
  `history_user_id` int(11) DEFAULT NULL,
  `puntocontrol` tinyint(1) NOT NULL,
  PRIMARY KEY (`history_id`),
  KEY `pauta_historicalinst_history_user_id_ec256d34_fk_auth_user` (`history_user_id`),
  KEY `pauta_historicalinstruccion_id_310fc94b` (`id`),
  KEY `pauta_historicalinstruccion_etapa_id_4613db9f` (`etapa_id`),
  CONSTRAINT `pauta_historicalinst_history_user_id_ec256d34_fk_auth_user` FOREIGN KEY (`history_user_id`) REFERENCES `auth_user` (`id`)
) ENGINE=InnoDB AUTO_INCREMENT=907 DEFAULT CHARSET=latin1;
/*!40101 SET character_set_client = @saved_cs_client */;

--
-- Dumping data for table `pauta_historicalinstruccion`
--

LOCK TABLES `pauta_historicalinstruccion` WRITE;
/*!40000 ALTER TABLE `pauta_historicalinstruccion` DISABLE KEYS */;
INSERT INTO `pauta_historicalinstruccion` VALUES (27,0,'Calentar el Queso','2021-08-31 16:32:16.876341','2021-08-31 16:32:16.876365',1,'2021-08-31 16:32:16.898541',NULL,'+',11,1,0),(28,1,'Introducir el Queso','2021-08-31 16:32:17.001102','2021-08-31 16:32:17.001122',2,'2021-08-31 16:32:17.066039',NULL,'+',11,1,0),(27,0,'Calentar el Queso','2021-08-31 16:32:16.876341','2021-08-31 16:32:16.876365',3,'2021-08-31 16:32:17.221023',NULL,'-',11,1,0),(28,1,'Introducir el Queso','2021-08-31 16:32:17.001102','2021-08-31 16:32:17.001122',4,'2021-08-31 16:32:17.252726',NULL,'-',11,1,0),(29,0,'Calentar el Queso','2021-08-31 16:32:27.926305','2021-08-31 16:32:27.926327',5,'2021-08-31 16:32:27.973674',NULL,'+',11,1,0),(29,0,'Calentar el Queso','2021-08-31 16:32:27.926305','2021-08-31 16:32:27.926327',6,'2021-08-31 16:32:28.132740',NULL,'-',11,1,0),(30,0,'Calentar el Queso','2021-08-31 16:35:22.460159','2021-08-31 16:35:22.460200',7,'2021-08-31 16:35:22.489427',NULL,'+',11,1,0),(30,0,'Calentar el Queso','2021-08-31 16:35:22.460159','2021-08-31 16:35:22.460200',8,'2021-08-31 16:35:41.656682',NULL,'-',11,1,0),(31,0,'Calentar el Queso','2021-08-31 16:35:49.626851','2021-08-31 16:35:49.626927',9,'2021-08-31 16:35:49.648195',NULL,'+',11,1,0),(32,0,'Calentar el Queso','2021-08-31 16:36:02.253133','2021-08-31 16:36:02.253157',10,'2021-08-31 16:36:02.311034',NULL,'+',11,1,0),(31,0,'Calentar el Queso','2021-08-31 16:35:49.626851','2021-08-31 16:35:49.626927',11,'2021-08-31 16:36:02.589187',NULL,'-',11,1,0),(32,0,'Calentar el Queso','2021-08-31 16:36:02.253133','2021-08-31 16:36:02.253157',12,'2021-08-31 16:36:02.730895',NULL,'-',11,1,0),(33,0,'Calentar el Queso','2021-08-31 16:36:10.726245','2021-08-31 16:36:10.726267',13,'2021-08-31 16:36:10.773712',NULL,'+',11,1,0),(33,0,'Calentar el Queso','2021-08-31 16:36:10.726245','2021-08-31 16:36:10.726267',14,'2021-08-31 16:36:10.903777',NULL,'-',11,1,0),(34,0,'Calentar el Queso','2021-08-31 16:36:42.318903','2021-08-31 16:36:42.318942',15,'2021-08-31 16:36:42.378327',NULL,'+',11,1,0),(35,0,'Calentar el Queso','2021-08-31 16:37:27.902079','2021-08-31 16:37:27.902119',16,'2021-08-31 16:37:27.922532',NULL,'+',11,1,0),(34,0,'Calentar el Queso','2021-08-31 16:36:42.318903','2021-08-31 16:37:53.318100',17,'2021-08-31 16:37:53.378289',NULL,'~',11,1,0),(35,0,'Calentar el Queso','2021-08-31 16:37:27.902079','2021-08-31 16:37:27.902119',18,'2021-08-31 16:37:53.689464',NULL,'-',11,1,0),(34,0,'Calentar el Queso','2021-08-31 16:36:42.318903','2021-08-31 16:37:53.318100',19,'2021-08-31 16:37:59.094387',NULL,'-',11,1,0),(36,0,'Introducir el Queso','2021-08-31 16:38:05.002043','2021-08-31 16:38:05.002087',20,'2021-08-31 16:38:05.072893',NULL,'+',11,1,0),(36,0,'Introducir el Queso','2021-08-31 16:38:05.002043','2021-08-31 16:38:05.002087',21,'2021-08-31 16:38:05.256742',NULL,'-',11,1,0),(37,0,'Calentar el Queso','2021-08-31 16:38:30.204274','2021-08-31 16:38:30.204321',22,'2021-08-31 16:38:30.231435',NULL,'+',11,1,0),(38,0,'xdas','2021-09-03 15:21:35.898935','2021-09-03 15:21:35.898959',23,'2021-09-03 15:21:35.956405',NULL,'+',12,1,0),(38,0,'xdas','2021-09-03 15:21:35.898935','2021-09-03 16:08:25.927003',24,'2021-09-03 16:08:25.950770',NULL,'~',12,1,0),(37,0,'Calentar el Queso','2021-08-31 16:38:30.204274','2021-09-03 16:12:16.996536',25,'2021-09-03 16:12:17.015556',NULL,'~',11,1,0),(37,0,'Calentar el Queso','2021-08-31 16:38:30.204274','2021-09-03 16:12:26.036090',26,'2021-09-03 16:12:26.140590',NULL,'~',11,1,0),(37,0,'Calentar el Queso','2021-08-31 16:38:30.204274','2021-09-03 16:12:34.543787',27,'2021-09-03 16:12:34.566798',NULL,'~',11,1,0),(38,0,'xdas','2021-09-03 15:21:35.898935','2021-09-03 16:14:28.616218',28,'2021-09-03 16:14:28.639490',NULL,'~',12,1,0),(38,0,'xdas','2021-09-03 15:21:35.898935','2021-09-03 16:15:34.624748',29,'2021-09-03 16:15:34.647649',NULL,'~',12,1,0),(37,0,'Calentar el Queso','2021-08-31 16:38:30.204274','2021-09-03 16:15:40.983810',30,'2021-09-03 16:15:41.097912',NULL,'~',11,1,0),(38,0,'xdas','2021-09-03 15:21:35.898935','2021-09-03 16:17:30.590214',31,'2021-09-03 16:17:30.612926',NULL,'~',12,1,0),(39,0,'Hola','2021-09-07 15:25:11.231731','2021-09-07 15:25:11.231755',32,'2021-09-07 15:25:11.289409',NULL,'+',13,NULL,0),(39,0,'Hola','2021-09-07 15:25:11.231731','2021-09-07 15:27:33.992478',33,'2021-09-07 15:27:34.005741',NULL,'~',13,NULL,0),(39,0,'Hola','2021-09-07 15:25:11.231731','2021-09-07 15:27:44.771381',34,'2021-09-07 15:27:44.796972',NULL,'~',13,NULL,0),(39,0,'Hola','2021-09-07 15:25:11.231731','2021-09-07 15:27:56.515304',35,'2021-09-07 15:27:56.538066',NULL,'~',13,NULL,0),(39,0,'Hola','2021-09-07 15:25:11.231731','2021-09-07 15:27:56.515304',36,'2021-09-07 15:28:27.273247',NULL,'-',13,NULL,0),(38,0,'xdas','2021-09-03 15:21:35.898935','2021-09-07 15:29:44.540922',37,'2021-09-07 15:29:44.654097',NULL,'~',12,1,0),(38,0,'xdas','2021-09-03 15:21:35.898935','2021-09-07 15:29:44.540922',38,'2021-11-10 09:02:19.593447',NULL,'-',12,1,0),(37,0,'Calentar el Queso','2021-08-31 16:38:30.204274','2021-09-03 16:15:40.983810',39,'2021-11-10 09:02:22.187942',NULL,'-',11,1,0),(19,1,'Bailamos?','2021-08-31 15:05:18.741818','2021-08-31 16:00:18.513940',40,'2021-11-10 09:02:27.471509',NULL,'-',8,1,0),(18,0,'A dormir se ha dicho','2021-08-31 15:05:18.562420','2021-08-31 16:00:18.477925',41,'2021-11-10 09:02:27.617592',NULL,'-',8,1,0),(17,0,'Bailar con el queso hasta que no de más','2021-08-31 15:05:18.462649','2021-08-31 16:00:18.402705',42,'2021-11-10 09:02:27.618715',NULL,'-',7,1,0),(14,0,'Calentar el Queso','2021-08-31 13:15:21.771800','2021-08-31 16:00:18.334803',43,'2021-11-10 09:02:27.619711',NULL,'-',6,1,0),(22,2,'danza','2021-08-31 15:31:45.406153','2021-08-31 15:31:45.406174',44,'2021-11-10 09:02:30.154381',NULL,'-',9,1,0),(21,1,'baila','2021-08-31 15:31:45.307570','2021-08-31 15:31:45.307635',45,'2021-11-10 09:02:30.157493',NULL,'-',9,1,0),(20,0,'Ponte de pie','2021-08-31 15:31:45.247879','2021-08-31 15:31:45.247901',46,'2021-11-10 09:02:30.158685',NULL,'-',9,1,0),(25,2,'danza','2021-08-31 15:32:13.881273','2021-08-31 15:32:13.881294',47,'2021-11-10 09:02:32.275749',NULL,'-',10,1,0),(24,1,'baila','2021-08-31 15:32:13.789416','2021-08-31 15:32:13.789436',48,'2021-11-10 09:02:32.279527',NULL,'-',10,1,0),(23,0,'Ponte de pie','2021-08-31 15:32:13.639443','2021-08-31 15:32:13.639488',49,'2021-11-10 09:02:32.281495',NULL,'-',10,1,0),(1,0,'asd','2021-11-11 17:18:47.389945','2021-11-11 17:18:47.389961',50,'2021-11-11 17:18:47.392084',NULL,'+',1,1,0),(2,0,'Danzar','2021-11-12 15:23:27.999885','2021-11-12 15:23:27.999899',51,'2021-11-12 15:23:28.001715',NULL,'+',2,1,0),(3,0,'Instruccion 1','2021-11-18 12:28:08.695412','2021-11-18 12:28:08.695432',52,'2021-11-18 12:28:08.696209',NULL,'+',3,1,0),(3,0,'Instruccion 1','2021-11-18 12:28:08.695412','2021-11-18 12:47:03.912724',53,'2021-11-18 12:47:03.914098',NULL,'~',3,1,0),(3,0,'Instruccion 1','2021-11-18 12:28:08.695412','2021-11-21 21:56:35.821364',54,'2021-11-21 21:56:35.822667',NULL,'~',3,1,0),(3,0,'Instruccion 1','2021-11-18 12:28:08.695412','2021-11-29 11:28:03.458535',55,'2021-11-29 11:28:03.460103',NULL,'~',3,1,0),(3,0,'Recepción de Leche en Tina','2021-11-18 12:28:08.695412','2021-11-29 11:42:14.508221',56,'2021-11-29 11:42:14.509065',NULL,'~',3,1,0),(4,1,'Adición de calcio/cultivo (u)','2021-11-29 11:42:14.517847','2021-11-29 11:42:14.517866',57,'2021-11-29 11:42:14.518540',NULL,'+',3,1,0),(5,2,'Integración de Cuajo (u)','2021-11-29 11:42:14.523717','2021-11-29 11:42:14.523730',58,'2021-11-29 11:42:14.524350',NULL,'+',3,1,0),(6,0,'Corte','2021-11-29 11:42:14.530916','2021-11-29 11:42:14.530928',59,'2021-11-29 11:42:14.531318',NULL,'+',4,1,0),(7,1,'Agitación','2021-11-29 11:42:14.534464','2021-11-29 11:42:14.534476',60,'2021-11-29 11:42:14.534867',NULL,'+',4,1,0),(8,2,'Desuerado','2021-11-29 11:42:14.538005','2021-11-29 11:42:14.538017',61,'2021-11-29 11:42:14.538369',NULL,'+',4,1,0),(9,3,'Lavado - Cocción - Salado','2021-11-29 11:42:14.541234','2021-11-29 11:42:14.541246',62,'2021-11-29 11:42:14.541596',NULL,'+',4,1,0),(10,0,'Moldeo','2021-11-29 11:42:14.548594','2021-11-29 11:42:14.548607',63,'2021-11-29 11:42:14.548951',NULL,'+',5,1,0),(11,1,'Volteo 1','2021-11-29 11:42:14.551648','2021-11-29 11:42:14.551661',64,'2021-11-29 11:42:14.552208',NULL,'+',5,1,0),(12,2,'Volteo 2','2021-11-29 11:42:14.555011','2021-11-29 11:42:14.555023',65,'2021-11-29 11:42:14.555813',NULL,'+',5,1,0),(13,3,'Cambio T° Sala','2021-11-29 11:42:14.559235','2021-11-29 11:42:14.559248',66,'2021-11-29 11:42:14.559621',NULL,'+',5,1,0),(3,0,'Recepción de Leche en Tina','2021-11-18 12:28:08.695412','2021-12-06 13:45:47.606415',67,'2021-12-06 13:45:47.607170',NULL,'~',3,41,0),(4,1,'Adición de calcio/cultivo (u)','2021-11-29 11:42:14.517847','2021-12-06 13:45:47.628000',68,'2021-12-06 13:45:47.629695',NULL,'~',3,41,0),(5,2,'Integración de Cuajo (u)','2021-11-29 11:42:14.523717','2021-12-06 13:45:47.646921',69,'2021-12-06 13:45:47.648023',NULL,'~',3,41,0),(6,0,'Corte','2021-11-29 11:42:14.530916','2021-12-06 13:45:47.676645',70,'2021-12-06 13:45:47.677554',NULL,'~',4,41,0),(7,1,'Agitación','2021-11-29 11:42:14.534464','2021-12-06 13:45:47.689799',71,'2021-12-06 13:45:47.691023',NULL,'~',4,41,0),(8,2,'Desuerado','2021-11-29 11:42:14.538005','2021-12-06 13:45:47.701289',72,'2021-12-06 13:45:47.702448',NULL,'~',4,41,0),(9,3,'Lavado - Cocción - Salado','2021-11-29 11:42:14.541234','2021-12-06 13:45:47.711714',73,'2021-12-06 13:45:47.712847',NULL,'~',4,41,0),(10,0,'Moldeo','2021-11-29 11:42:14.548594','2021-12-06 13:45:47.730956',74,'2021-12-06 13:45:47.731632',NULL,'~',5,41,0),(11,1,'Volteo 1','2021-11-29 11:42:14.551648','2021-12-06 13:45:47.741029',75,'2021-12-06 13:45:47.742118',NULL,'~',5,41,0),(12,2,'Volteo 2','2021-11-29 11:42:14.555011','2021-12-06 13:45:47.752603',76,'2021-12-06 13:45:47.754138',NULL,'~',5,41,0),(13,3,'Cambio T° Sala','2021-11-29 11:42:14.559235','2021-12-06 13:45:47.763812',77,'2021-12-06 13:45:47.764861',NULL,'~',5,41,0),(3,0,'Recepción de Leche en Tina','2021-11-18 12:28:08.695412','2021-12-06 13:49:30.812721',78,'2021-12-06 13:49:30.813967',NULL,'~',3,41,0),(4,1,'Adición de calcio/cultivo (u)','2021-11-29 11:42:14.517847','2021-12-06 13:49:30.825286',79,'2021-12-06 13:49:30.826539',NULL,'~',3,41,0),(5,2,'Integración de Cuajo (u)','2021-11-29 11:42:14.523717','2021-12-06 13:49:30.838787',80,'2021-12-06 13:49:30.840025',NULL,'~',3,41,0),(6,0,'Corte','2021-11-29 11:42:14.530916','2021-12-06 13:49:30.852819',81,'2021-12-06 13:49:30.853819',NULL,'~',4,41,0),(7,1,'Agitación','2021-11-29 11:42:14.534464','2021-12-06 13:49:30.862336',82,'2021-12-06 13:49:30.863698',NULL,'~',4,41,0),(8,2,'Desuerado','2021-11-29 11:42:14.538005','2021-12-06 13:49:30.872599',83,'2021-12-06 13:49:30.874093',NULL,'~',4,41,0),(9,3,'Lavado - Cocción - Salado','2021-11-29 11:42:14.541234','2021-12-06 13:49:30.882641',84,'2021-12-06 13:49:30.883857',NULL,'~',4,41,0),(10,0,'Moldeo','2021-11-29 11:42:14.548594','2021-12-06 13:49:30.896805',85,'2021-12-06 13:49:30.897699',NULL,'~',5,41,0),(11,1,'Volteo 1','2021-11-29 11:42:14.551648','2021-12-06 13:49:30.907195',86,'2021-12-06 13:49:30.908381',NULL,'~',5,41,0),(12,2,'Volteo 2','2021-11-29 11:42:14.555011','2021-12-06 13:49:30.916988',87,'2021-12-06 13:49:30.918602',NULL,'~',5,41,0),(13,3,'Cambio T° Sala','2021-11-29 11:42:14.559235','2021-12-06 13:49:30.927902',88,'2021-12-06 13:49:30.929127',NULL,'~',5,41,0),(3,0,'Recepción de Leche en Tina para medición de parámetros.','2021-11-18 12:28:08.695412','2021-12-06 18:28:10.434736',89,'2021-12-06 18:28:10.435870',NULL,'~',3,1,0),(14,1,'Verificación sensorial de la leche (olor, gusto y color)','2021-12-06 18:28:10.451610','2021-12-06 18:28:10.451637',90,'2021-12-06 18:28:10.452664',NULL,'+',3,1,0),(15,2,'Verificación de temperatura a 34 grados y encendido de equipo de agitación de tina.','2021-12-06 18:28:10.458589','2021-12-06 18:28:10.458611',91,'2021-12-06 18:28:10.459215',NULL,'+',3,1,0),(16,3,'Adición de calcio y cultivo.','2021-12-06 18:28:10.466237','2021-12-06 18:28:10.466260',92,'2021-12-06 18:28:10.467071',NULL,'+',3,1,0),(17,4,'Esperar aproximadamente 30 minutos hasta subir un grado de acidez (rango: 16 a 20).','2021-12-06 18:28:10.474065','2021-12-06 18:28:10.474085',93,'2021-12-06 18:28:10.474544',NULL,'+',3,1,0),(18,5,'Adicionar el Cuajo e inmediatamente reemplazar las paletas por liras.','2021-12-06 18:28:10.479694','2021-12-06 18:28:10.479707',94,'2021-12-06 18:28:10.480264',NULL,'+',3,1,0),(19,6,'Esperar aproximadamente 60 minutos y verificar coagulación de la leche.','2021-12-06 18:28:10.484674','2021-12-06 18:28:10.484687',95,'2021-12-06 18:28:10.485271',NULL,'+',3,1,0),(20,7,'Llame a su supervisor para verificar coagulación.','2021-12-06 18:28:10.490144','2021-12-06 18:28:10.490159',96,'2021-12-06 18:28:10.490589',NULL,'+',3,1,0),(4,1,'Adición de calcio/cultivo (u)','2021-11-29 11:42:14.517847','2021-12-06 13:49:30.825286',97,'2021-12-06 18:28:10.498406',NULL,'-',3,1,0),(5,2,'Integración de Cuajo (u)','2021-11-29 11:42:14.523717','2021-12-06 13:49:30.838787',98,'2021-12-06 18:28:10.502906',NULL,'-',3,1,0),(6,0,'Corte con lira hasta que se vean cubos de cuajada de 1 centímetro.','2021-11-29 11:42:14.530916','2021-12-06 18:28:10.508064',99,'2021-12-06 18:28:10.508961',NULL,'~',4,1,0),(7,1,'Medición de acidez','2021-11-29 11:42:14.534464','2021-12-06 18:28:10.520396',100,'2021-12-06 18:28:10.521486',NULL,'~',4,1,0),(8,2,'Agitar 10 minutos para sellar cubo de cuajada','2021-11-29 11:42:14.538005','2021-12-06 18:28:10.540472',101,'2021-12-06 18:28:10.542113',NULL,'~',4,1,0),(9,3,'Dejar reposar por 5 minutos.','2021-11-29 11:42:14.541234','2021-12-06 18:28:10.565789',102,'2021-12-06 18:28:10.567020',NULL,'~',4,1,0),(21,4,'Desuerar el 50% de los litros de leche inicial.','2021-12-06 18:28:10.587376','2021-12-06 18:28:10.587397',103,'2021-12-06 18:28:10.591746',NULL,'+',4,1,0),(22,5,'Llamar a supervisor y evalué el cocimiento del grano.','2021-12-06 18:28:10.597219','2021-12-06 18:28:10.597233',104,'2021-12-06 18:28:10.597669',NULL,'+',4,1,0),(10,0,'Ejecute junto a su supervisor el cocimiento del grano.','2021-11-29 11:42:14.548594','2021-12-06 18:28:10.610071',105,'2021-12-06 18:28:10.610912',NULL,'~',5,1,0),(11,1,'Volteo 1','2021-11-29 11:42:14.551648','2021-12-06 13:49:30.907195',106,'2021-12-06 18:28:10.626122',NULL,'-',5,1,0),(12,2,'Volteo 2','2021-11-29 11:42:14.555011','2021-12-06 13:49:30.916988',107,'2021-12-06 18:28:10.630623',NULL,'-',5,1,0),(13,3,'Cambio T° Sala','2021-11-29 11:42:14.559235','2021-12-06 13:49:30.927902',108,'2021-12-06 18:28:10.635752',NULL,'-',5,1,0),(23,0,'Adición de sal y especias.','2021-12-06 18:28:10.640276','2021-12-06 18:28:10.640290',109,'2021-12-06 18:28:10.640699',NULL,'+',6,1,0),(24,1,'Medir acidez','2021-12-06 18:28:10.644660','2021-12-06 18:28:10.644674',110,'2021-12-06 18:28:10.645057',NULL,'+',6,1,0),(25,0,'Cargue todos los moldes con cuajada.','2021-12-06 18:28:10.652754','2021-12-06 18:28:10.652766',111,'2021-12-06 18:28:10.653171',NULL,'+',7,1,0),(26,1,'Voltear los moldes con cuajada.','2021-12-06 18:28:10.656507','2021-12-06 18:28:10.656519',112,'2021-12-06 18:28:10.656885',NULL,'+',7,1,0),(27,2,'Tapar con plástico los moldes volteados.','2021-12-06 18:28:10.660245','2021-12-06 18:28:10.660256',113,'2021-12-06 18:28:10.660626',NULL,'+',7,1,0),(28,3,'Dejar reposar sobre mesón por 12 horas mínimo.','2021-12-06 18:28:10.664359','2021-12-06 18:28:10.664371',114,'2021-12-06 18:28:10.664726',NULL,'+',7,1,0),(3,0,'Recepción de Leche en Tina para medición de parámetros.','2021-11-18 12:28:08.695412','2021-12-06 18:40:25.855394',115,'2021-12-06 18:40:25.856914',NULL,'~',3,1,0),(14,1,'Verificación sensorial de la leche (olor, gusto y color)','2021-12-06 18:28:10.451610','2021-12-06 18:40:25.876318',116,'2021-12-06 18:40:25.877893',NULL,'~',3,1,0),(15,2,'Verificación de temperatura a 34 grados y encendido de equipo de agitación de tina.','2021-12-06 18:28:10.458589','2021-12-06 18:40:25.893682',117,'2021-12-06 18:40:25.895392',NULL,'~',3,1,0),(16,3,'Adición de calcio y cultivo.','2021-12-06 18:28:10.466237','2021-12-06 18:40:25.911431',118,'2021-12-06 18:40:25.913205',NULL,'~',3,1,0),(17,4,'Esperar aproximadamente 30 minutos hasta subir un grado de acidez (rango: 16 a 20).','2021-12-06 18:28:10.474065','2021-12-06 18:40:25.929136',119,'2021-12-06 18:40:25.931212',NULL,'~',3,1,0),(18,5,'Adicionar el Cuajo e inmediatamente reemplazar las paletas por liras.','2021-12-06 18:28:10.479694','2021-12-06 18:40:25.956669',120,'2021-12-06 18:40:25.958274',NULL,'~',3,1,0),(19,6,'Esperar aproximadamente 60 minutos y verificar coagulación de la leche.','2021-12-06 18:28:10.484674','2021-12-06 18:40:25.975923',121,'2021-12-06 18:40:25.977373',NULL,'~',3,1,0),(20,7,'Llame a su supervisor para verificar coagulación.','2021-12-06 18:28:10.490144','2021-12-06 18:40:25.987636',122,'2021-12-06 18:40:25.989012',NULL,'~',3,1,0),(6,0,'Corte con lira hasta que se vean cubos de cuajada de 1 centímetro.','2021-11-29 11:42:14.530916','2021-12-06 18:40:26.004397',123,'2021-12-06 18:40:26.005371',NULL,'~',4,1,0),(7,1,'Medición de acidez','2021-11-29 11:42:14.534464','2021-12-06 18:40:26.017488',124,'2021-12-06 18:40:26.018936',NULL,'~',4,1,0),(8,2,'Agitar 10 minutos para sellar cubo de cuajada','2021-11-29 11:42:14.538005','2021-12-06 18:40:26.032292',125,'2021-12-06 18:40:26.033668',NULL,'~',4,1,0),(9,3,'Dejar reposar por 5 minutos.','2021-11-29 11:42:14.541234','2021-12-06 18:40:26.046387',126,'2021-12-06 18:40:26.047994',NULL,'~',4,1,0),(21,4,'Desuerar el 50% de los litros de leche inicial.','2021-12-06 18:28:10.587376','2021-12-06 18:40:26.059367',127,'2021-12-06 18:40:26.061079',NULL,'~',4,1,0),(22,5,'Llamar a supervisor y evalué el cocimiento del grano.','2021-12-06 18:28:10.597219','2021-12-06 18:40:26.072341',128,'2021-12-06 18:40:26.073535',NULL,'~',4,1,0),(10,0,'Ejecute junto a su supervisor el cocimiento del grano.','2021-11-29 11:42:14.548594','2021-12-06 18:40:26.088597',129,'2021-12-06 18:40:26.089636',NULL,'~',5,1,0),(23,0,'Adición de sal y especias.','2021-12-06 18:28:10.640276','2021-12-06 18:40:26.104588',130,'2021-12-06 18:40:26.105569',NULL,'~',6,1,0),(24,1,'Medir acidez','2021-12-06 18:28:10.644660','2021-12-06 18:40:26.116066',131,'2021-12-06 18:40:26.117235',NULL,'~',6,1,0),(25,0,'Cargue todos los moldes con cuajada.','2021-12-06 18:28:10.652754','2021-12-06 18:40:26.131014',132,'2021-12-06 18:40:26.131758',NULL,'~',7,1,0),(26,1,'Voltear los moldes con cuajada.','2021-12-06 18:28:10.656507','2021-12-06 18:40:26.142061',133,'2021-12-06 18:40:26.143202',NULL,'~',7,1,0),(27,2,'Tapar con plástico los moldes volteados.','2021-12-06 18:28:10.660245','2021-12-06 18:40:26.154472',134,'2021-12-06 18:40:26.155778',NULL,'~',7,1,0),(28,3,'Dejar reposar sobre mesón por 12 horas mínimo.','2021-12-06 18:28:10.664359','2021-12-06 18:40:26.166632',135,'2021-12-06 18:40:26.167714',NULL,'~',7,1,0),(29,0,'asd','2021-12-07 18:42:46.676043','2021-12-07 18:42:46.676077',136,'2021-12-07 18:42:46.678650',NULL,'+',8,1,0),(30,0,'Hora Inicio','2021-12-08 08:24:46.979230','2021-12-08 08:24:46.979250',137,'2021-12-08 08:24:46.980199',NULL,'+',9,42,0),(31,1,'Adición de sólidos (leche en polvo, almidones y gelatina)					','2021-12-08 08:24:46.988472','2021-12-08 08:24:46.988488',138,'2021-12-08 08:24:46.988981',NULL,'+',9,42,0),(32,2,'Filtrado de mezcla para eliminar posibles grumos					','2021-12-08 08:24:46.994435','2021-12-08 08:24:46.994452',139,'2021-12-08 08:24:46.994945',NULL,'+',9,42,0),(33,3,'PCC1 - Pasteurización (85°C/30 minutos)								','2021-12-08 08:24:47.000622','2021-12-08 08:24:47.000639',140,'2021-12-08 08:24:47.002284',NULL,'+',9,42,0),(34,4,'Primer control a los 0 minutos					','2021-12-08 08:24:47.009431','2021-12-08 08:24:47.009448',141,'2021-12-08 08:24:47.009882',NULL,'+',9,42,0),(35,5,'Segundo control a los 15 minutos					','2021-12-08 08:24:47.014999','2021-12-08 08:24:47.015015',142,'2021-12-08 08:24:47.015670',NULL,'+',9,42,0),(36,6,'Tercer control a los 30 minutos					','2021-12-08 08:24:47.020949','2021-12-08 08:24:47.020962',143,'2021-12-08 08:24:47.021373',NULL,'+',9,42,0),(37,7,'Se cumple tiempo y temperatura de pasteurización (completar Sí o No):					','2021-12-08 08:24:47.025963','2021-12-08 08:24:47.025979',144,'2021-12-08 08:24:47.026420',NULL,'+',9,42,0),(38,8,'Enfriamiento hasta 45°C					','2021-12-08 08:24:47.031113','2021-12-08 08:24:47.031136',145,'2021-12-08 08:24:47.031536',NULL,'+',9,42,0),(39,9,'Adición de cultivos lácticos y lactasa con agitación durante 3 minutos					','2021-12-08 08:24:47.035880','2021-12-08 08:24:47.035894',146,'2021-12-08 08:24:47.036539',NULL,'+',9,42,0),(40,10,'Reposo a 45°C hasta alcanzar pH entre 5,0 a 5,3 					','2021-12-08 08:24:47.041035','2021-12-08 08:24:47.041052',147,'2021-12-08 08:24:47.041481',NULL,'+',9,42,0),(41,11,'Enfriamiento de tina alcanzado en día 1					','2021-12-08 08:24:47.046505','2021-12-08 08:24:47.046519',148,'2021-12-08 08:24:47.046949',NULL,'+',9,42,0),(42,0,'Eliminación de capa superficial formada en frío (pH optimo 4,8)					','2021-12-08 08:24:47.058686','2021-12-08 08:24:47.058709',149,'2021-12-08 08:24:47.059277',NULL,'+',10,42,0),(43,1,'Adición de preservante sorbato de potasio (0,5 gr por 1 kg de yogurt)					','2021-12-08 08:24:47.064302','2021-12-08 08:24:47.064315',150,'2021-12-08 08:24:47.064740',NULL,'+',10,42,0),(44,2,'PCC 2 - Filtrado de producto final (Porosidad maxima de 2,5 mm se constata con R-AC-010)								','2021-12-08 08:24:47.069866','2021-12-08 08:24:47.069883',151,'2021-12-08 08:24:47.070356',NULL,'+',10,42,0),(45,3,'Filtro bien instalado (completar Sí o No):					','2021-12-08 08:24:47.075843','2021-12-08 08:24:47.075859',152,'2021-12-08 08:24:47.076638',NULL,'+',10,42,0),(46,4,'Filtro se encuentra integro sin deterioro (completar Sí o No):					','2021-12-08 08:24:47.083666','2021-12-08 08:24:47.083681',153,'2021-12-08 08:24:47.084337',NULL,'+',10,42,0),(47,0,'Pasteurización 75°C/15 seg								','2021-12-08 09:04:49.134261','2021-12-08 09:04:49.134282',154,'2021-12-08 09:04:49.134776',NULL,'+',11,42,0),(48,1,'Hora Inicio					','2021-12-08 09:04:49.138446','2021-12-08 09:04:49.138464',155,'2021-12-08 09:04:49.138971',NULL,'+',11,42,0),(49,2,'Hora termino					','2021-12-08 09:04:49.142618','2021-12-08 09:04:49.142637',156,'2021-12-08 09:04:49.143148',NULL,'+',11,42,0),(50,3,'Adición de cloruro de calcio a 35°C (CaCl) con agitación 3 minutos					','2021-12-08 09:04:49.146397','2021-12-08 09:04:49.146414',157,'2021-12-08 09:04:49.146863',NULL,'+',11,42,0),(51,4,'Adición de cultivos a 35°C (Helv A y RA21) con agitación 3 minutos					','2021-12-08 09:04:49.150098','2021-12-08 09:04:49.150117',158,'2021-12-08 09:04:49.150584',NULL,'+',11,42,0),(52,5,'Adición de colorante a 35°C con agitación 3 minutos					','2021-12-08 09:04:49.153982','2021-12-08 09:04:49.154000',159,'2021-12-08 09:04:49.155388',NULL,'+',11,42,0),(53,6,'Reposo por 10 minutos								','2021-12-08 09:04:49.158956','2021-12-08 09:04:49.158974',160,'2021-12-08 09:04:49.159437',NULL,'+',11,42,0),(54,7,'Adición de cuajo 35°C, agitación 3 minutos					','2021-12-08 09:04:49.164026','2021-12-08 09:04:49.164044',161,'2021-12-08 09:04:49.164705',NULL,'+',11,42,0),(55,8,'Reposo por 30 minutos (coagulación)								','2021-12-08 09:04:49.168366','2021-12-08 09:04:49.168383',162,'2021-12-08 09:04:49.168881',NULL,'+',11,42,0),(56,9,'Primer corte (cortar hasta lograr un grano pequeño)					','2021-12-08 09:04:49.171940','2021-12-08 09:04:49.171957',163,'2021-12-08 09:04:49.172703',NULL,'+',11,42,0),(57,10,'Reposo de 10 minutos								','2021-12-08 09:04:49.175941','2021-12-08 09:04:49.175958',164,'2021-12-08 09:04:49.176633',NULL,'+',11,42,0),(58,11,'Primera agitación suave por 15 minutos					','2021-12-08 09:04:49.179846','2021-12-08 09:04:49.179864',165,'2021-12-08 09:04:49.180572',NULL,'+',11,42,0),(59,12,'Desuere (30%)					','2021-12-08 09:04:49.183772','2021-12-08 09:04:49.183789',166,'2021-12-08 09:04:49.184417',NULL,'+',11,42,0),(60,13,'Cocimiento (20% de agua a 70°C) en 15 minutos								','2021-12-08 09:04:49.187424','2021-12-08 09:04:49.187442',167,'2021-12-08 09:04:49.188857',NULL,'+',11,42,0),(61,14,'Hora inicio					','2021-12-08 09:04:49.192266','2021-12-08 09:04:49.192282',168,'2021-12-08 09:04:49.192730',NULL,'+',11,42,0),(62,15,'Hora termino					','2021-12-08 09:04:49.195676','2021-12-08 09:04:49.195693',169,'2021-12-08 09:04:49.196308',NULL,'+',11,42,0),(63,16,'Segunda agitación (mantener temperatura a 38°C durante 10 minutos)					','2021-12-08 09:04:49.199206','2021-12-08 09:04:49.199223',170,'2021-12-08 09:04:49.199726',NULL,'+',11,42,0),(64,17,'Subir de 38°C a 42°C en 10 minutos. Mantener agitando 10 minutos					','2021-12-08 09:04:49.203357','2021-12-08 09:04:49.203374',171,'2021-12-08 09:04:49.203848',NULL,'+',11,42,0),(65,18,'Subir de 42°C a 49°C en 10 minutos con agitación					','2021-12-08 09:04:49.207086','2021-12-08 09:04:49.207103',172,'2021-12-08 09:04:49.207548',NULL,'+',11,42,0),(66,19,'Mantener según secado del grano con agitación					','2021-12-08 09:04:49.210799','2021-12-08 09:04:49.210818',173,'2021-12-08 09:04:49.211316',NULL,'+',11,42,0),(67,20,'Traslado a tina de desuere y moldeo					','2021-12-08 09:04:49.215079','2021-12-08 09:04:49.215096',174,'2021-12-08 09:04:49.215533',NULL,'+',11,42,0),(68,21,'Moldeo (indicar cantidad de piezas): 								','2021-12-08 09:04:49.218810','2021-12-08 09:04:49.218823',175,'2021-12-08 09:04:49.219198',NULL,'+',11,42,0),(69,22,'Prensado presion 20					','2021-12-08 09:04:49.221921','2021-12-08 09:04:49.221934',176,'2021-12-08 09:04:49.222319',NULL,'+',11,42,0),(70,23,'Volteo (tomar pH después de 1 hora del prensado) 					','2021-12-08 09:04:49.224864','2021-12-08 09:04:49.224877',177,'2021-12-08 09:04:49.225284',NULL,'+',11,42,0),(71,24,'Prensado presión 20 durante 14 hrs								','2021-12-08 09:04:49.227729','2021-12-08 09:04:49.227742',178,'2021-12-08 09:04:49.228417',NULL,'+',11,42,0),(72,0,'Desmolde (Toma de pH entre 5.1 y 5.4)					','2021-12-08 09:04:49.232752','2021-12-08 09:04:49.232765',179,'2021-12-08 09:04:49.233145',NULL,'+',12,42,0),(73,1,'Sumergir en salmuera 18 a 22°Be durante 4 horas					','2021-12-08 09:04:49.235563','2021-12-08 09:04:49.235575',180,'2021-12-08 09:04:49.236253',NULL,'+',12,42,0),(74,2,'Ingreso a cámara de maduración (12°C a 18°C durante 14 días.					','2021-12-08 09:04:49.238610','2021-12-08 09:04:49.238622',181,'2021-12-08 09:04:49.239010',NULL,'+',12,42,0),(47,0,'Pasteurización 75°C/15 seg								','2021-12-08 09:04:49.134261','2021-12-08 09:27:13.010991',182,'2021-12-08 09:27:13.012352',NULL,'~',11,42,0),(48,1,'Hora Inicio					','2021-12-08 09:04:49.138446','2021-12-08 09:27:13.021304',183,'2021-12-08 09:27:13.022924',NULL,'~',11,42,0),(49,2,'Hora termino					','2021-12-08 09:04:49.142618','2021-12-08 09:27:13.033466',184,'2021-12-08 09:27:13.034706',NULL,'~',11,42,0),(50,3,'Adición de cloruro de calcio a 35°C (CaCl) con agitación 3 minutos					','2021-12-08 09:04:49.146397','2021-12-08 09:27:13.044768',185,'2021-12-08 09:27:13.045813',NULL,'~',11,42,0),(51,4,'Adición de cultivos a 35°C (Helv A y RA21) con agitación 3 minutos					','2021-12-08 09:04:49.150098','2021-12-08 09:27:13.069310',186,'2021-12-08 09:27:13.070448',NULL,'~',11,42,0),(52,5,'Adición de colorante a 35°C con agitación 3 minutos					','2021-12-08 09:04:49.153982','2021-12-08 09:27:13.089101',187,'2021-12-08 09:27:13.090327',NULL,'~',11,42,0),(53,6,'Reposo por 10 minutos								','2021-12-08 09:04:49.158956','2021-12-08 09:27:13.104994',188,'2021-12-08 09:27:13.106184',NULL,'~',11,42,0),(54,7,'Adición de cuajo 35°C, agitación 3 minutos					','2021-12-08 09:04:49.164026','2021-12-08 09:27:13.114823',189,'2021-12-08 09:27:13.115907',NULL,'~',11,42,0),(55,8,'Reposo por 30 minutos (coagulación)								','2021-12-08 09:04:49.168366','2021-12-08 09:27:13.123238',190,'2021-12-08 09:27:13.124316',NULL,'~',11,42,0),(56,9,'Primer corte (cortar hasta lograr un grano pequeño)					','2021-12-08 09:04:49.171940','2021-12-08 09:27:13.132629',191,'2021-12-08 09:27:13.133710',NULL,'~',11,42,0),(57,10,'Reposo de 10 minutos								','2021-12-08 09:04:49.175941','2021-12-08 09:27:13.140988',192,'2021-12-08 09:27:13.142017',NULL,'~',11,42,0),(58,11,'Primera agitación suave por 15 minutos					','2021-12-08 09:04:49.179846','2021-12-08 09:27:13.149161',193,'2021-12-08 09:27:13.150453',NULL,'~',11,42,0),(59,12,'Desuere (30%)					','2021-12-08 09:04:49.183772','2021-12-08 09:27:13.158675',194,'2021-12-08 09:27:13.159859',NULL,'~',11,42,0),(60,13,'Cocimiento (20% de agua a 70°C) en 15 minutos								','2021-12-08 09:04:49.187424','2021-12-08 09:27:13.168693',195,'2021-12-08 09:27:13.169869',NULL,'~',11,42,0),(61,14,'Hora inicio					','2021-12-08 09:04:49.192266','2021-12-08 09:27:13.177523',196,'2021-12-08 09:27:13.178579',NULL,'~',11,42,0),(62,15,'Hora termino					','2021-12-08 09:04:49.195676','2021-12-08 09:27:13.186468',197,'2021-12-08 09:27:13.187713',NULL,'~',11,42,0),(63,16,'Segunda agitación (mantener temperatura a 38°C durante 10 minutos)					','2021-12-08 09:04:49.199206','2021-12-08 09:27:13.195268',198,'2021-12-08 09:27:13.196491',NULL,'~',11,42,0),(64,17,'Subir de 38°C a 42°C en 10 minutos. Mantener agitando 10 minutos					','2021-12-08 09:04:49.203357','2021-12-08 09:27:13.203745',199,'2021-12-08 09:27:13.204854',NULL,'~',11,42,0),(65,18,'Subir de 42°C a 49°C en 10 minutos con agitación					','2021-12-08 09:04:49.207086','2021-12-08 09:27:13.212681',200,'2021-12-08 09:27:13.213923',NULL,'~',11,42,0),(66,19,'Mantener según secado del grano con agitación					','2021-12-08 09:04:49.210799','2021-12-08 09:27:13.222124',201,'2021-12-08 09:27:13.223177',NULL,'~',11,42,0),(67,20,'Traslado a tina de desuere y moldeo					','2021-12-08 09:04:49.215079','2021-12-08 09:27:13.230854',202,'2021-12-08 09:27:13.232087',NULL,'~',11,42,0),(68,21,'Moldeo (indicar cantidad de piezas): 								','2021-12-08 09:04:49.218810','2021-12-08 09:27:13.240104',203,'2021-12-08 09:27:13.241358',NULL,'~',11,42,0),(69,22,'Prensado presion 20					','2021-12-08 09:04:49.221921','2021-12-08 09:27:13.250155',204,'2021-12-08 09:27:13.251398',NULL,'~',11,42,0),(70,23,'Volteo (tomar pH después de 1 hora del prensado) 					','2021-12-08 09:04:49.224864','2021-12-08 09:27:13.259670',205,'2021-12-08 09:27:13.260725',NULL,'~',11,42,0),(71,24,'Prensado presión 20 durante 14 hrs								','2021-12-08 09:04:49.227729','2021-12-08 09:27:13.268478',206,'2021-12-08 09:27:13.269603',NULL,'~',11,42,0),(72,0,'Desmolde (Toma de pH entre 5.1 y 5.4)					','2021-12-08 09:04:49.232752','2021-12-08 09:27:13.281495',207,'2021-12-08 09:27:13.282215',NULL,'~',12,42,0),(73,1,'Sumergir en salmuera 18 a 22°Be durante 4 horas					','2021-12-08 09:04:49.235563','2021-12-08 09:27:13.289986',208,'2021-12-08 09:27:13.291273',NULL,'~',12,42,0),(74,2,'Ingreso a cámara de maduración (12°C a 18°C durante 14 días.					','2021-12-08 09:04:49.238610','2021-12-08 09:27:13.298745',209,'2021-12-08 09:27:13.299825',NULL,'~',12,42,0),(30,0,'Hora Inicio','2021-12-08 08:24:46.979230','2021-12-08 09:33:14.014307',210,'2021-12-08 09:33:14.015145',NULL,'~',9,1,0),(31,1,'Adición de sólidos (leche en polvo, almidones y gelatina)					','2021-12-08 08:24:46.988472','2021-12-08 09:33:14.027390',211,'2021-12-08 09:33:14.028576',NULL,'~',9,1,0),(32,2,'Filtrado de mezcla para eliminar posibles grumos					','2021-12-08 08:24:46.994435','2021-12-08 09:33:14.040508',212,'2021-12-08 09:33:14.041790',NULL,'~',9,1,0),(33,3,'PCC1 - Pasteurización (85°C/30 minutos)								','2021-12-08 08:24:47.000622','2021-12-08 09:33:14.055482',213,'2021-12-08 09:33:14.056774',NULL,'~',9,1,0),(34,4,'Primer control a los 0 minutos					','2021-12-08 08:24:47.009431','2021-12-08 09:33:14.069133',214,'2021-12-08 09:33:14.070321',NULL,'~',9,1,0),(35,5,'Segundo control a los 15 minutos					','2021-12-08 08:24:47.014999','2021-12-08 09:33:14.082112',215,'2021-12-08 09:33:14.083340',NULL,'~',9,1,0),(36,6,'Tercer control a los 30 minutos					','2021-12-08 08:24:47.020949','2021-12-08 09:33:14.096185',216,'2021-12-08 09:33:14.097328',NULL,'~',9,1,0),(37,7,'Se cumple tiempo y temperatura de pasteurización (completar Sí o No):					','2021-12-08 08:24:47.025963','2021-12-08 09:33:14.109080',217,'2021-12-08 09:33:14.110345',NULL,'~',9,1,0),(38,8,'Enfriamiento hasta 45°C					','2021-12-08 08:24:47.031113','2021-12-08 09:33:14.122206',218,'2021-12-08 09:33:14.123345',NULL,'~',9,1,0),(39,9,'Adición de cultivos lácticos y lactasa con agitación durante 3 minutos					','2021-12-08 08:24:47.035880','2021-12-08 09:33:14.135572',219,'2021-12-08 09:33:14.136665',NULL,'~',9,1,0),(40,10,'Reposo a 45°C hasta alcanzar pH entre 5,0 a 5,3 					','2021-12-08 08:24:47.041035','2021-12-08 09:33:14.148692',220,'2021-12-08 09:33:14.149828',NULL,'~',9,1,0),(41,11,'Enfriamiento de tina alcanzado en día 1					','2021-12-08 08:24:47.046505','2021-12-08 09:33:14.161956',221,'2021-12-08 09:33:14.163051',NULL,'~',9,1,0),(42,0,'Eliminación de capa superficial formada en frío (pH optimo 4,8)					','2021-12-08 08:24:47.058686','2021-12-08 09:33:14.178913',222,'2021-12-08 09:33:14.179718',NULL,'~',10,1,0),(43,1,'Adición de preservante sorbato de potasio (0,5 gr por 1 kg de yogurt)					','2021-12-08 08:24:47.064302','2021-12-08 09:33:14.191908',223,'2021-12-08 09:33:14.193157',NULL,'~',10,1,0),(44,2,'PCC 2 - Filtrado de producto final (Porosidad maxima de 2,5 mm se constata con R-AC-010)								','2021-12-08 08:24:47.069866','2021-12-08 09:33:14.205470',224,'2021-12-08 09:33:14.206706',NULL,'~',10,1,0),(45,3,'Filtro bien instalado (completar Sí o No):					','2021-12-08 08:24:47.075843','2021-12-08 09:33:14.218991',225,'2021-12-08 09:33:14.220149',NULL,'~',10,1,0),(46,4,'Filtro se encuentra integro sin deterioro (completar Sí o No):					','2021-12-08 08:24:47.083666','2021-12-08 09:33:14.232125',226,'2021-12-08 09:33:14.233365',NULL,'~',10,1,0),(75,0,'Hora Inicio','2021-12-08 11:00:25.575476','2021-12-08 11:00:25.575499',227,'2021-12-08 11:00:25.576118',NULL,'+',13,42,0),(76,1,'Inicio de calentamiento y descremado a 45°C','2021-12-08 11:00:25.578791','2021-12-08 11:00:25.578803',228,'2021-12-08 11:00:25.579187',NULL,'+',13,42,0),(77,2,'Término de calentamiento y descremado a 45°C','2021-12-08 11:00:25.581780','2021-12-08 11:00:25.581793',229,'2021-12-08 11:00:25.582296',NULL,'+',13,42,0),(78,3,'Adición de sólidos (leche en polvo)					','2021-12-08 11:00:25.585035','2021-12-08 11:00:25.585050',230,'2021-12-08 11:00:25.585479',NULL,'+',13,42,0),(79,4,'PCC 1 - Pasteurización (85°C/30 minutos)								','2021-12-08 11:00:25.588638','2021-12-08 11:00:25.588656',231,'2021-12-08 11:00:25.589113',NULL,'+',13,42,0),(80,5,'Primer control a los 0 minutos					','2021-12-08 11:00:25.591615','2021-12-08 11:00:25.591629',232,'2021-12-08 11:00:25.592326',NULL,'+',13,42,0),(81,6,'Segundo control a los 15 minutos					','2021-12-08 11:00:25.595017','2021-12-08 11:00:25.595030',233,'2021-12-08 11:00:25.595424',NULL,'+',13,42,0),(82,7,'Tercer control a los 30 minutos					','2021-12-08 11:00:25.597949','2021-12-08 11:00:25.597965',234,'2021-12-08 11:00:25.598362',NULL,'+',13,42,0),(83,8,'Se cumple tiempo y temperatura de pasteurización (completar Sí o No):					','2021-12-08 11:00:25.600820','2021-12-08 11:00:25.600832',235,'2021-12-08 11:00:25.601883',NULL,'+',13,42,0),(84,9,'Enfriamiento hasta 45°C					','2021-12-08 11:00:25.604516','2021-12-08 11:00:25.604529',236,'2021-12-08 11:00:25.605086',NULL,'+',13,42,0),(85,10,'Adición de cultivos lacticos y lactasa con agitación durante 3 minutos					','2021-12-08 11:00:25.607527','2021-12-08 11:00:25.607543',237,'2021-12-08 11:00:25.608321',NULL,'+',13,42,0),(86,11,'Reposo a 45°C hasta alcanzar pH entre 5,0 a 5,3								','2021-12-08 11:00:25.610734','2021-12-08 11:00:25.610746',238,'2021-12-08 11:00:25.611251',NULL,'+',13,42,0),(87,12,'Enfriamiento de tina alcanzado en día 1					','2021-12-08 11:00:25.614768','2021-12-08 11:00:25.614781',239,'2021-12-08 11:00:25.615194',NULL,'+',13,42,0),(88,0,'Eliminación de capa superficial formada en frío (pH optimo 4,8)					','2021-12-08 11:00:25.619915','2021-12-08 11:00:25.619929',240,'2021-12-08 11:00:25.620545',NULL,'+',14,42,0),(89,1,'Adición de preservante sorbato de potasio (0,5 gr por 1 kg de yogurt) + batido					','2021-12-08 11:00:25.623196','2021-12-08 11:00:25.623212',241,'2021-12-08 11:00:25.623657',NULL,'+',14,42,0),(90,2,'PCC 2 - Filtrado de producto final (Porosidad maxima de 2,5 mm se constata con R-AC-010)								','2021-12-08 11:00:25.626397','2021-12-08 11:00:25.626410',242,'2021-12-08 11:00:25.626794',NULL,'+',14,42,0),(91,3,'Filtro bien instalado (completar Sí o No):					','2021-12-08 11:00:25.629495','2021-12-08 11:00:25.629508',243,'2021-12-08 11:00:25.629884',NULL,'+',14,42,0),(92,4,'Filtro se encuentra integro sin deterioro (completar Sí o No):					','2021-12-08 11:00:25.633129','2021-12-08 11:00:25.633147',244,'2021-12-08 11:00:25.633796',NULL,'+',14,42,0),(93,0,'Indicar pH (cumple o no No cumple)','2021-12-08 11:00:25.638761','2021-12-08 11:00:25.638776',245,'2021-12-08 11:00:25.639318',NULL,'+',15,42,0),(94,1,'Textura (cumple o no No cumple)','2021-12-08 11:00:25.642433','2021-12-08 11:00:25.642448',246,'2021-12-08 11:00:25.642890',NULL,'+',15,42,0),(95,2,'Color (cumple o no No cumple)','2021-12-08 11:00:25.646059','2021-12-08 11:00:25.646075',247,'2021-12-08 11:00:25.646533',NULL,'+',15,42,0),(96,3,'Aroma (cumple o no No cumple)','2021-12-08 11:00:25.650741','2021-12-08 11:00:25.650759',248,'2021-12-08 11:00:25.651505',NULL,'+',15,42,0),(97,4,'Aspecto (cumple o no No cumple)','2021-12-08 11:00:25.654805','2021-12-08 11:00:25.654822',249,'2021-12-08 11:00:25.655277',NULL,'+',15,42,0),(98,5,'Sabor (cumple o no No cumple)','2021-12-08 11:00:25.658380','2021-12-08 11:00:25.658395',250,'2021-12-08 11:00:25.658881',NULL,'+',15,42,0),(99,0,'Hora Inicio','2021-12-08 11:16:05.879528','2021-12-08 11:16:05.879550',251,'2021-12-08 11:16:05.880341',NULL,'+',16,42,0),(100,1,'Adición de sólidos (leche en polvo)','2021-12-08 11:16:05.885877','2021-12-08 11:16:05.885889',252,'2021-12-08 11:16:05.886320',NULL,'+',16,42,0),(101,2,'PCC 1 - Pasteurización (85°C/30 minutos)','2021-12-08 11:16:05.892909','2021-12-08 11:16:05.892926',253,'2021-12-08 11:16:05.893425',NULL,'+',16,42,0),(102,3,'Primer control a los 0 minutos','2021-12-08 11:16:05.899094','2021-12-08 11:16:05.899109',254,'2021-12-08 11:16:05.899583',NULL,'+',16,42,0),(103,4,'Segundo control a los 15 minutos','2021-12-08 11:16:05.908226','2021-12-08 11:16:05.908240',255,'2021-12-08 11:16:05.908674',NULL,'+',16,42,0),(104,5,'Tercer control a los 30 minutos','2021-12-08 11:16:05.913991','2021-12-08 11:16:05.914008',256,'2021-12-08 11:16:05.914454',NULL,'+',16,42,0),(105,6,'Se cumple tiempo y temperatura de pasteurización (completar Sí o No):','2021-12-08 11:16:05.919605','2021-12-08 11:16:05.919621',257,'2021-12-08 11:16:05.920279',NULL,'+',16,42,0),(106,7,'Enfriamiento hasta 45°C','2021-12-08 11:16:05.925003','2021-12-08 11:16:05.925015',258,'2021-12-08 11:16:05.925522',NULL,'+',16,42,0),(107,8,'Adición de cultivos lácticos y lactasa con agitación durante 6 minutos','2021-12-08 11:16:05.930959','2021-12-08 11:16:05.930972',259,'2021-12-08 11:16:05.931436',NULL,'+',16,42,0),(108,9,'Reposo a 45°C hasta alcanzar pH entre 5,0 a 5,3 (*)','2021-12-08 11:16:05.937411','2021-12-08 11:16:05.937428',260,'2021-12-08 11:16:05.937874',NULL,'+',16,42,0),(109,10,'Enfriamiento de tina alcanzado en día 1','2021-12-08 11:16:05.945237','2021-12-08 11:16:05.945249',261,'2021-12-08 11:16:05.945799',NULL,'+',16,42,0),(110,0,'Eliminación de capa superficial formada en frío (pH optimo 4,8)					','2021-12-08 11:16:05.953633','2021-12-08 11:16:05.953646',262,'2021-12-08 11:16:05.954984',NULL,'+',17,42,0),(111,1,'Adición de preservante sorbato de potasio (0,5 gr por 1 kg de yogurt)					','2021-12-08 11:16:05.960258','2021-12-08 11:16:05.960270',263,'2021-12-08 11:16:05.960713',NULL,'+',17,42,0),(112,2,'PCC 2 - Filtrado de producto final (Porosidad maxima de 2,5 mm se constata con R-AC-010)								','2021-12-08 11:16:05.966233','2021-12-08 11:16:05.966249',264,'2021-12-08 11:16:05.966768',NULL,'+',17,42,0),(113,3,'Filtro bien instalado (completar Sí o No):					','2021-12-08 11:16:05.973790','2021-12-08 11:16:05.973803',265,'2021-12-08 11:16:05.974466',NULL,'+',17,42,0),(114,4,'Filtro se encuentra integro sin deterioro (completar Sí o No):					','2021-12-08 11:16:05.981017','2021-12-08 11:16:05.981033',266,'2021-12-08 11:16:05.981479',NULL,'+',17,42,0),(115,0,'Indicar pH (cumple o no No cumple)','2021-12-08 11:16:05.989047','2021-12-08 11:16:05.989066',267,'2021-12-08 11:16:05.989485',NULL,'+',18,42,0),(116,1,'Aroma (cumple o no No cumple)','2021-12-08 11:16:05.994852','2021-12-08 11:16:05.994870',268,'2021-12-08 11:16:05.995510',NULL,'+',18,42,0),(117,2,'Textura (cumple o no No cumple)','2021-12-08 11:16:06.002520','2021-12-08 11:16:06.002534',269,'2021-12-08 11:16:06.003051',NULL,'+',18,42,0),(118,3,'Sabor (cumple o no No cumple)','2021-12-08 11:16:06.008634','2021-12-08 11:16:06.008647',270,'2021-12-08 11:16:06.009053',NULL,'+',18,42,0),(119,4,'Color (cumple o no No cumple)','2021-12-08 11:16:06.015956','2021-12-08 11:16:06.015968',271,'2021-12-08 11:16:06.016665',NULL,'+',18,42,0),(120,5,'Aspecto (cumple o no No cumple)','2021-12-08 11:16:06.022186','2021-12-08 11:16:06.022198',272,'2021-12-08 11:16:06.022647',NULL,'+',18,42,0),(30,0,'Hora Inicio','2021-12-08 08:24:46.979230','2021-12-08 11:33:43.162799',273,'2021-12-08 11:33:43.163604',NULL,'~',9,41,0),(31,1,'Adición de sólidos (leche en polvo, almidones y gelatina)					','2021-12-08 08:24:46.988472','2021-12-08 11:33:43.176395',274,'2021-12-08 11:33:43.177653',NULL,'~',9,41,0),(32,2,'Filtrado de mezcla para eliminar posibles grumos					','2021-12-08 08:24:46.994435','2021-12-08 11:33:43.190732',275,'2021-12-08 11:33:43.191925',NULL,'~',9,41,0),(33,3,'PCC1 - Pasteurización (85°C/30 minutos)								','2021-12-08 08:24:47.000622','2021-12-08 11:33:43.222397',276,'2021-12-08 11:33:43.223802',NULL,'~',9,41,0),(34,4,'Primer control a los 0 minutos					','2021-12-08 08:24:47.009431','2021-12-08 11:33:43.253857',277,'2021-12-08 11:33:43.255131',NULL,'~',9,41,0),(35,5,'Segundo control a los 15 minutos					','2021-12-08 08:24:47.014999','2021-12-08 11:33:43.270551',278,'2021-12-08 11:33:43.271792',NULL,'~',9,41,0),(36,6,'Tercer control a los 30 minutos					','2021-12-08 08:24:47.020949','2021-12-08 11:33:43.284840',279,'2021-12-08 11:33:43.286118',NULL,'~',9,41,0),(37,7,'Se cumple tiempo y temperatura de pasteurización (completar Sí o No):					','2021-12-08 08:24:47.025963','2021-12-08 11:33:43.298517',280,'2021-12-08 11:33:43.300123',NULL,'~',9,41,0),(38,8,'Enfriamiento hasta 45°C					','2021-12-08 08:24:47.031113','2021-12-08 11:33:43.313601',281,'2021-12-08 11:33:43.314694',NULL,'~',9,41,0),(39,9,'Adición de cultivos lácticos y lactasa con agitación durante 3 minutos					','2021-12-08 08:24:47.035880','2021-12-08 11:33:43.327337',282,'2021-12-08 11:33:43.328478',NULL,'~',9,41,0),(40,10,'Reposo a 45°C hasta alcanzar pH entre 5,0 a 5,3 					','2021-12-08 08:24:47.041035','2021-12-08 11:33:43.340766',283,'2021-12-08 11:33:43.342868',NULL,'~',9,41,0),(41,11,'Enfriamiento de tina alcanzado en día 1					','2021-12-08 08:24:47.046505','2021-12-08 11:33:43.357308',284,'2021-12-08 11:33:43.358635',NULL,'~',9,41,0),(42,0,'Eliminación de capa superficial formada en frío (pH optimo 4,8)					','2021-12-08 08:24:47.058686','2021-12-08 11:33:43.375625',285,'2021-12-08 11:33:43.376812',NULL,'~',10,41,0),(43,1,'Adición de preservante sorbato de potasio (0,5 gr por 1 kg de yogurt)					','2021-12-08 08:24:47.064302','2021-12-08 11:33:43.389209',286,'2021-12-08 11:33:43.390441',NULL,'~',10,41,0),(44,2,'PCC 2 - Filtrado de producto final (Porosidad maxima de 2,5 mm se constata con R-AC-010)								','2021-12-08 08:24:47.069866','2021-12-08 11:33:43.402582',287,'2021-12-08 11:33:43.403827',NULL,'~',10,41,0),(45,3,'Filtro bien instalado (completar Sí o No):					','2021-12-08 08:24:47.075843','2021-12-08 11:33:43.417796',288,'2021-12-08 11:33:43.418998',NULL,'~',10,41,0),(46,4,'Filtro se encuentra integro sin deterioro (completar Sí o No):					','2021-12-08 08:24:47.083666','2021-12-08 11:33:43.432549',289,'2021-12-08 11:33:43.433874',NULL,'~',10,41,0),(99,0,'Hora Inicio','2021-12-08 11:16:05.879528','2021-12-08 11:34:13.776748',290,'2021-12-08 11:34:13.778071',NULL,'~',16,41,0),(100,1,'Adición de sólidos (leche en polvo)','2021-12-08 11:16:05.885877','2021-12-08 11:34:13.792827',291,'2021-12-08 11:34:13.794047',NULL,'~',16,41,0),(101,2,'PCC 1 - Pasteurización (85°C/30 minutos)','2021-12-08 11:16:05.892909','2021-12-08 11:34:13.807775',292,'2021-12-08 11:34:13.808865',NULL,'~',16,41,0),(102,3,'Primer control a los 0 minutos','2021-12-08 11:16:05.899094','2021-12-08 11:34:13.822885',293,'2021-12-08 11:34:13.824186',NULL,'~',16,41,0),(103,4,'Segundo control a los 15 minutos','2021-12-08 11:16:05.908226','2021-12-08 11:34:13.839913',294,'2021-12-08 11:34:13.841211',NULL,'~',16,41,0),(104,5,'Tercer control a los 30 minutos','2021-12-08 11:16:05.913991','2021-12-08 11:34:13.858636',295,'2021-12-08 11:34:13.859718',NULL,'~',16,41,0),(105,6,'Se cumple tiempo y temperatura de pasteurización (completar Sí o No):','2021-12-08 11:16:05.919605','2021-12-08 11:34:13.873590',296,'2021-12-08 11:34:13.874684',NULL,'~',16,41,0),(106,7,'Enfriamiento hasta 45°C','2021-12-08 11:16:05.925003','2021-12-08 11:34:13.888086',297,'2021-12-08 11:34:13.889223',NULL,'~',16,41,0),(107,8,'Adición de cultivos lácticos y lactasa con agitación durante 6 minutos','2021-12-08 11:16:05.930959','2021-12-08 11:34:13.902666',298,'2021-12-08 11:34:13.903833',NULL,'~',16,41,0),(108,9,'Reposo a 45°C hasta alcanzar pH entre 5,0 a 5,3 (*)','2021-12-08 11:16:05.937411','2021-12-08 11:34:13.917935',299,'2021-12-08 11:34:13.919139',NULL,'~',16,41,0),(109,10,'Enfriamiento de tina alcanzado en día 1','2021-12-08 11:16:05.945237','2021-12-08 11:34:13.934139',300,'2021-12-08 11:34:13.935387',NULL,'~',16,41,0),(110,0,'Eliminación de capa superficial formada en frío (pH optimo 4,8)					','2021-12-08 11:16:05.953633','2021-12-08 11:34:13.966349',301,'2021-12-08 11:34:13.967344',NULL,'~',17,41,0),(111,1,'Adición de preservante sorbato de potasio (0,5 gr por 1 kg de yogurt)					','2021-12-08 11:16:05.960258','2021-12-08 11:34:13.982728',302,'2021-12-08 11:34:13.983990',NULL,'~',17,41,0),(112,2,'PCC 2 - Filtrado de producto final (Porosidad maxima de 2,5 mm se constata con R-AC-010)								','2021-12-08 11:16:05.966233','2021-12-08 11:34:13.999148',303,'2021-12-08 11:34:14.000602',NULL,'~',17,41,0),(113,3,'Filtro bien instalado (completar Sí o No):					','2021-12-08 11:16:05.973790','2021-12-08 11:34:14.016147',304,'2021-12-08 11:34:14.017488',NULL,'~',17,41,0),(114,4,'Filtro se encuentra integro sin deterioro (completar Sí o No):					','2021-12-08 11:16:05.981017','2021-12-08 11:34:14.035695',305,'2021-12-08 11:34:14.036923',NULL,'~',17,41,0),(115,0,'Indicar pH (cumple o no No cumple)','2021-12-08 11:16:05.989047','2021-12-08 11:34:14.065424',306,'2021-12-08 11:34:14.066819',NULL,'~',18,41,0),(116,1,'Aroma (cumple o no No cumple)','2021-12-08 11:16:05.994852','2021-12-08 11:34:14.088502',307,'2021-12-08 11:34:14.090708',NULL,'~',18,41,0),(117,2,'Textura (cumple o no No cumple)','2021-12-08 11:16:06.002520','2021-12-08 11:34:14.113169',308,'2021-12-08 11:34:14.114899',NULL,'~',18,41,0),(118,3,'Sabor (cumple o no No cumple)','2021-12-08 11:16:06.008634','2021-12-08 11:34:14.134781',309,'2021-12-08 11:34:14.136170',NULL,'~',18,41,0),(119,4,'Color (cumple o no No cumple)','2021-12-08 11:16:06.015956','2021-12-08 11:34:14.155952',310,'2021-12-08 11:34:14.157266',NULL,'~',18,41,0),(120,5,'Aspecto (cumple o no No cumple)','2021-12-08 11:16:06.022186','2021-12-08 11:34:14.176462',311,'2021-12-08 11:34:14.177766',NULL,'~',18,41,0),(75,0,'Hora Inicio','2021-12-08 11:00:25.575476','2021-12-08 11:34:50.753159',312,'2021-12-08 11:34:50.754218',NULL,'~',13,41,0),(76,1,'Inicio de calentamiento y descremado a 45°C','2021-12-08 11:00:25.578791','2021-12-08 11:34:50.763738',313,'2021-12-08 11:34:50.765008',NULL,'~',13,41,0),(77,2,'Término de calentamiento y descremado a 45°C','2021-12-08 11:00:25.581780','2021-12-08 11:34:50.778760',314,'2021-12-08 11:34:50.782325',NULL,'~',13,41,0),(78,3,'Adición de sólidos (leche en polvo)					','2021-12-08 11:00:25.585035','2021-12-08 11:34:50.792461',315,'2021-12-08 11:34:50.793677',NULL,'~',13,41,0),(79,4,'PCC 1 - Pasteurización (85°C/30 minutos)								','2021-12-08 11:00:25.588638','2021-12-08 11:34:50.802428',316,'2021-12-08 11:34:50.803703',NULL,'~',13,41,0),(80,5,'Primer control a los 0 minutos					','2021-12-08 11:00:25.591615','2021-12-08 11:34:50.812353',317,'2021-12-08 11:34:50.813546',NULL,'~',13,41,0),(81,6,'Segundo control a los 15 minutos					','2021-12-08 11:00:25.595017','2021-12-08 11:34:50.820884',318,'2021-12-08 11:34:50.822003',NULL,'~',13,41,0),(82,7,'Tercer control a los 30 minutos					','2021-12-08 11:00:25.597949','2021-12-08 11:34:50.832024',319,'2021-12-08 11:34:50.833380',NULL,'~',13,41,0),(83,8,'Se cumple tiempo y temperatura de pasteurización (completar Sí o No):					','2021-12-08 11:00:25.600820','2021-12-08 11:34:50.841219',320,'2021-12-08 11:34:50.842563',NULL,'~',13,41,0),(84,9,'Enfriamiento hasta 45°C					','2021-12-08 11:00:25.604516','2021-12-08 11:34:50.854095',321,'2021-12-08 11:34:50.855706',NULL,'~',13,41,0),(85,10,'Adición de cultivos lacticos y lactasa con agitación durante 3 minutos					','2021-12-08 11:00:25.607527','2021-12-08 11:34:50.865004',322,'2021-12-08 11:34:50.866376',NULL,'~',13,41,0),(86,11,'Reposo a 45°C hasta alcanzar pH entre 5,0 a 5,3								','2021-12-08 11:00:25.610734','2021-12-08 11:34:50.875094',323,'2021-12-08 11:34:50.876468',NULL,'~',13,41,0),(87,12,'Enfriamiento de tina alcanzado en día 1					','2021-12-08 11:00:25.614768','2021-12-08 11:34:50.888750',324,'2021-12-08 11:34:50.890098',NULL,'~',13,41,0),(88,0,'Eliminación de capa superficial formada en frío (pH optimo 4,8)					','2021-12-08 11:00:25.619915','2021-12-08 11:34:50.903224',325,'2021-12-08 11:34:50.904377',NULL,'~',14,41,0),(89,1,'Adición de preservante sorbato de potasio (0,5 gr por 1 kg de yogurt) + batido					','2021-12-08 11:00:25.623196','2021-12-08 11:34:50.913055',326,'2021-12-08 11:34:50.914601',NULL,'~',14,41,0),(90,2,'PCC 2 - Filtrado de producto final (Porosidad maxima de 2,5 mm se constata con R-AC-010)								','2021-12-08 11:00:25.626397','2021-12-08 11:34:50.923112',327,'2021-12-08 11:34:50.924472',NULL,'~',14,41,0),(91,3,'Filtro bien instalado (completar Sí o No):					','2021-12-08 11:00:25.629495','2021-12-08 11:34:50.933448',328,'2021-12-08 11:34:50.934674',NULL,'~',14,41,0),(92,4,'Filtro se encuentra integro sin deterioro (completar Sí o No):					','2021-12-08 11:00:25.633129','2021-12-08 11:34:50.943484',329,'2021-12-08 11:34:50.944785',NULL,'~',14,41,0),(93,0,'Indicar pH (cumple o no No cumple)','2021-12-08 11:00:25.638761','2021-12-08 11:34:50.959502',330,'2021-12-08 11:34:50.960888',NULL,'~',15,41,0),(94,1,'Textura (cumple o no No cumple)','2021-12-08 11:00:25.642433','2021-12-08 11:34:50.968973',331,'2021-12-08 11:34:50.970237',NULL,'~',15,41,0),(95,2,'Color (cumple o no No cumple)','2021-12-08 11:00:25.646059','2021-12-08 11:34:50.979066',332,'2021-12-08 11:34:50.980188',NULL,'~',15,41,0),(96,3,'Aroma (cumple o no No cumple)','2021-12-08 11:00:25.650741','2021-12-08 11:34:50.988093',333,'2021-12-08 11:34:50.989326',NULL,'~',15,41,0),(97,4,'Aspecto (cumple o no No cumple)','2021-12-08 11:00:25.654805','2021-12-08 11:34:50.998037',334,'2021-12-08 11:34:50.999480',NULL,'~',15,41,0),(98,5,'Sabor (cumple o no No cumple)','2021-12-08 11:00:25.658380','2021-12-08 11:34:51.010617',335,'2021-12-08 11:34:51.011909',NULL,'~',15,41,0),(30,0,'Hora Inicio','2021-12-08 08:24:46.979230','2021-12-08 11:35:17.874087',336,'2021-12-08 11:35:17.874850',NULL,'~',9,41,0),(31,1,'Adición de sólidos (leche en polvo, almidones y gelatina)					','2021-12-08 08:24:46.988472','2021-12-08 11:35:17.887347',337,'2021-12-08 11:35:17.888480',NULL,'~',9,41,0),(32,2,'Filtrado de mezcla para eliminar posibles grumos					','2021-12-08 08:24:46.994435','2021-12-08 11:35:17.900960',338,'2021-12-08 11:35:17.902031',NULL,'~',9,41,0),(33,3,'PCC1 - Pasteurización (85°C/30 minutos)								','2021-12-08 08:24:47.000622','2021-12-08 11:35:17.914217',339,'2021-12-08 11:35:17.915326',NULL,'~',9,41,0),(34,4,'Primer control a los 0 minutos					','2021-12-08 08:24:47.009431','2021-12-08 11:35:17.928626',340,'2021-12-08 11:35:17.929749',NULL,'~',9,41,0),(35,5,'Segundo control a los 15 minutos					','2021-12-08 08:24:47.014999','2021-12-08 11:35:17.942133',341,'2021-12-08 11:35:17.943285',NULL,'~',9,41,0),(36,6,'Tercer control a los 30 minutos					','2021-12-08 08:24:47.020949','2021-12-08 11:35:17.955876',342,'2021-12-08 11:35:17.956956',NULL,'~',9,41,0),(37,7,'Se cumple tiempo y temperatura de pasteurización (completar Sí o No):					','2021-12-08 08:24:47.025963','2021-12-08 11:35:17.968995',343,'2021-12-08 11:35:17.970084',NULL,'~',9,41,0),(38,8,'Enfriamiento hasta 45°C					','2021-12-08 08:24:47.031113','2021-12-08 11:35:17.982042',344,'2021-12-08 11:35:17.983106',NULL,'~',9,41,0),(39,9,'Adición de cultivos lácticos y lactasa con agitación durante 3 minutos					','2021-12-08 08:24:47.035880','2021-12-08 11:35:17.995099',345,'2021-12-08 11:35:17.996182',NULL,'~',9,41,0),(40,10,'Reposo a 45°C hasta alcanzar pH entre 5,0 a 5,3 					','2021-12-08 08:24:47.041035','2021-12-08 11:35:18.008610',346,'2021-12-08 11:35:18.009689',NULL,'~',9,41,0),(41,11,'Enfriamiento de tina alcanzado en día 1					','2021-12-08 08:24:47.046505','2021-12-08 11:35:18.025259',347,'2021-12-08 11:35:18.026299',NULL,'~',9,41,0),(42,0,'Eliminación de capa superficial formada en frío (pH optimo 4,8)					','2021-12-08 08:24:47.058686','2021-12-08 11:35:18.043506',348,'2021-12-08 11:35:18.044561',NULL,'~',10,41,0),(43,1,'Adición de preservante sorbato de potasio (0,5 gr por 1 kg de yogurt)					','2021-12-08 08:24:47.064302','2021-12-08 11:35:18.056815',349,'2021-12-08 11:35:18.058091',NULL,'~',10,41,0),(44,2,'PCC 2 - Filtrado de producto final (Porosidad maxima de 2,5 mm se constata con R-AC-010)								','2021-12-08 08:24:47.069866','2021-12-08 11:35:18.070408',350,'2021-12-08 11:35:18.071760',NULL,'~',10,41,0),(45,3,'Filtro bien instalado (completar Sí o No):					','2021-12-08 08:24:47.075843','2021-12-08 11:35:18.084938',351,'2021-12-08 11:35:18.086059',NULL,'~',10,41,0),(46,4,'Filtro se encuentra integro sin deterioro (completar Sí o No):					','2021-12-08 08:24:47.083666','2021-12-08 11:35:18.098403',352,'2021-12-08 11:35:18.099530',NULL,'~',10,41,0),(99,0,'Hora Inicio','2021-12-08 11:16:05.879528','2021-12-08 11:35:26.680583',353,'2021-12-08 11:35:26.681634',NULL,'~',16,41,0),(100,1,'Adición de sólidos (leche en polvo)','2021-12-08 11:16:05.885877','2021-12-08 11:35:26.696256',354,'2021-12-08 11:35:26.697375',NULL,'~',16,41,0),(101,2,'PCC 1 - Pasteurización (85°C/30 minutos)','2021-12-08 11:16:05.892909','2021-12-08 11:35:26.711636',355,'2021-12-08 11:35:26.712851',NULL,'~',16,41,0),(102,3,'Primer control a los 0 minutos','2021-12-08 11:16:05.899094','2021-12-08 11:35:26.729322',356,'2021-12-08 11:35:26.730566',NULL,'~',16,41,0),(103,4,'Segundo control a los 15 minutos','2021-12-08 11:16:05.908226','2021-12-08 11:35:26.745826',357,'2021-12-08 11:35:26.746954',NULL,'~',16,41,0),(104,5,'Tercer control a los 30 minutos','2021-12-08 11:16:05.913991','2021-12-08 11:35:26.761504',358,'2021-12-08 11:35:26.762714',NULL,'~',16,41,0),(105,6,'Se cumple tiempo y temperatura de pasteurización (completar Sí o No):','2021-12-08 11:16:05.919605','2021-12-08 11:35:26.776796',359,'2021-12-08 11:35:26.785330',NULL,'~',16,41,0),(106,7,'Enfriamiento hasta 45°C','2021-12-08 11:16:05.925003','2021-12-08 11:35:26.802122',360,'2021-12-08 11:35:26.803388',NULL,'~',16,41,0),(107,8,'Adición de cultivos lácticos y lactasa con agitación durante 6 minutos','2021-12-08 11:16:05.930959','2021-12-08 11:35:26.818167',361,'2021-12-08 11:35:26.819550',NULL,'~',16,41,0),(108,9,'Reposo a 45°C hasta alcanzar pH entre 5,0 a 5,3 (*)','2021-12-08 11:16:05.937411','2021-12-08 11:35:26.835801',362,'2021-12-08 11:35:26.837087',NULL,'~',16,41,0),(109,10,'Enfriamiento de tina alcanzado en día 1','2021-12-08 11:16:05.945237','2021-12-08 11:35:26.851876',363,'2021-12-08 11:35:26.853208',NULL,'~',16,41,0),(110,0,'Eliminación de capa superficial formada en frío (pH optimo 4,8)					','2021-12-08 11:16:05.953633','2021-12-08 11:35:26.877963',364,'2021-12-08 11:35:26.878914',NULL,'~',17,41,0),(111,1,'Adición de preservante sorbato de potasio (0,5 gr por 1 kg de yogurt)					','2021-12-08 11:16:05.960258','2021-12-08 11:35:26.894103',365,'2021-12-08 11:35:26.895159',NULL,'~',17,41,0),(112,2,'PCC 2 - Filtrado de producto final (Porosidad maxima de 2,5 mm se constata con R-AC-010)								','2021-12-08 11:16:05.966233','2021-12-08 11:35:26.908910',366,'2021-12-08 11:35:26.910061',NULL,'~',17,41,0),(113,3,'Filtro bien instalado (completar Sí o No):					','2021-12-08 11:16:05.973790','2021-12-08 11:35:26.923069',367,'2021-12-08 11:35:26.924101',NULL,'~',17,41,0),(114,4,'Filtro se encuentra integro sin deterioro (completar Sí o No):					','2021-12-08 11:16:05.981017','2021-12-08 11:35:26.937126',368,'2021-12-08 11:35:26.938269',NULL,'~',17,41,0),(115,0,'Indicar pH (cumple o no No cumple)','2021-12-08 11:16:05.989047','2021-12-08 11:35:26.954443',369,'2021-12-08 11:35:26.955127',NULL,'~',18,41,0),(116,1,'Aroma (cumple o no No cumple)','2021-12-08 11:16:05.994852','2021-12-08 11:35:26.969213',370,'2021-12-08 11:35:26.970380',NULL,'~',18,41,0),(117,2,'Textura (cumple o no No cumple)','2021-12-08 11:16:06.002520','2021-12-08 11:35:26.983520',371,'2021-12-08 11:35:26.984553',NULL,'~',18,41,0),(118,3,'Sabor (cumple o no No cumple)','2021-12-08 11:16:06.008634','2021-12-08 11:35:27.016142',372,'2021-12-08 11:35:27.017847',NULL,'~',18,41,0),(119,4,'Color (cumple o no No cumple)','2021-12-08 11:16:06.015956','2021-12-08 11:35:27.052061',373,'2021-12-08 11:35:27.053523',NULL,'~',18,41,0),(120,5,'Aspecto (cumple o no No cumple)','2021-12-08 11:16:06.022186','2021-12-08 11:35:27.070362',374,'2021-12-08 11:35:27.071409',NULL,'~',18,41,0),(75,0,'Hora Inicio','2021-12-08 11:00:25.575476','2021-12-08 11:35:38.884716',375,'2021-12-08 11:35:38.885714',NULL,'~',13,41,0),(76,1,'Inicio de calentamiento y descremado a 45°C','2021-12-08 11:00:25.578791','2021-12-08 11:35:38.893650',376,'2021-12-08 11:35:38.894841',NULL,'~',13,41,0),(77,2,'Término de calentamiento y descremado a 45°C','2021-12-08 11:00:25.581780','2021-12-08 11:35:38.902863',377,'2021-12-08 11:35:38.903983',NULL,'~',13,41,0),(78,3,'Adición de sólidos (leche en polvo)					','2021-12-08 11:00:25.585035','2021-12-08 11:35:38.911565',378,'2021-12-08 11:35:38.912781',NULL,'~',13,41,0),(79,4,'PCC 1 - Pasteurización (85°C/30 minutos)								','2021-12-08 11:00:25.588638','2021-12-08 11:35:38.924469',379,'2021-12-08 11:35:38.926113',NULL,'~',13,41,0),(80,5,'Primer control a los 0 minutos					','2021-12-08 11:00:25.591615','2021-12-08 11:35:38.936654',380,'2021-12-08 11:35:38.938017',NULL,'~',13,41,0),(81,6,'Segundo control a los 15 minutos					','2021-12-08 11:00:25.595017','2021-12-08 11:35:38.947867',381,'2021-12-08 11:35:38.949152',NULL,'~',13,41,0),(82,7,'Tercer control a los 30 minutos					','2021-12-08 11:00:25.597949','2021-12-08 11:35:38.958774',382,'2021-12-08 11:35:38.959912',NULL,'~',13,41,0),(83,8,'Se cumple tiempo y temperatura de pasteurización (completar Sí o No):					','2021-12-08 11:00:25.600820','2021-12-08 11:35:38.967889',383,'2021-12-08 11:35:38.973172',NULL,'~',13,41,0),(84,9,'Enfriamiento hasta 45°C					','2021-12-08 11:00:25.604516','2021-12-08 11:35:38.982049',384,'2021-12-08 11:35:38.983302',NULL,'~',13,41,0),(85,10,'Adición de cultivos lacticos y lactasa con agitación durante 3 minutos					','2021-12-08 11:00:25.607527','2021-12-08 11:35:38.990782',385,'2021-12-08 11:35:38.992219',NULL,'~',13,41,0),(86,11,'Reposo a 45°C hasta alcanzar pH entre 5,0 a 5,3								','2021-12-08 11:00:25.610734','2021-12-08 11:35:39.000105',386,'2021-12-08 11:35:39.001408',NULL,'~',13,41,0),(87,12,'Enfriamiento de tina alcanzado en día 1					','2021-12-08 11:00:25.614768','2021-12-08 11:35:39.009644',387,'2021-12-08 11:35:39.010818',NULL,'~',13,41,0),(88,0,'Eliminación de capa superficial formada en frío (pH optimo 4,8)					','2021-12-08 11:00:25.619915','2021-12-08 11:35:39.022449',388,'2021-12-08 11:35:39.023243',NULL,'~',14,41,0),(89,1,'Adición de preservante sorbato de potasio (0,5 gr por 1 kg de yogurt) + batido					','2021-12-08 11:00:25.623196','2021-12-08 11:35:39.036288',389,'2021-12-08 11:35:39.037487',NULL,'~',14,41,0),(90,2,'PCC 2 - Filtrado de producto final (Porosidad maxima de 2,5 mm se constata con R-AC-010)								','2021-12-08 11:00:25.626397','2021-12-08 11:35:39.044998',390,'2021-12-08 11:35:39.046252',NULL,'~',14,41,0),(91,3,'Filtro bien instalado (completar Sí o No):					','2021-12-08 11:00:25.629495','2021-12-08 11:35:39.054344',391,'2021-12-08 11:35:39.055659',NULL,'~',14,41,0),(92,4,'Filtro se encuentra integro sin deterioro (completar Sí o No):					','2021-12-08 11:00:25.633129','2021-12-08 11:35:39.064380',392,'2021-12-08 11:35:39.065585',NULL,'~',14,41,0),(93,0,'Indicar pH (cumple o no No cumple)','2021-12-08 11:00:25.638761','2021-12-08 11:35:39.078851',393,'2021-12-08 11:35:39.079704',NULL,'~',15,41,0),(94,1,'Textura (cumple o no No cumple)','2021-12-08 11:00:25.642433','2021-12-08 11:35:39.088487',394,'2021-12-08 11:35:39.089733',NULL,'~',15,41,0),(95,2,'Color (cumple o no No cumple)','2021-12-08 11:00:25.646059','2021-12-08 11:35:39.097528',395,'2021-12-08 11:35:39.098693',NULL,'~',15,41,0),(96,3,'Aroma (cumple o no No cumple)','2021-12-08 11:00:25.650741','2021-12-08 11:35:39.106063',396,'2021-12-08 11:35:39.107147',NULL,'~',15,41,0),(97,4,'Aspecto (cumple o no No cumple)','2021-12-08 11:00:25.654805','2021-12-08 11:35:39.114910',397,'2021-12-08 11:35:39.116125',NULL,'~',15,41,0),(98,5,'Sabor (cumple o no No cumple)','2021-12-08 11:00:25.658380','2021-12-08 11:35:39.124398',398,'2021-12-08 11:35:39.125587',NULL,'~',15,41,0),(30,0,'Hora Inicio','2021-12-08 08:24:46.979230','2021-12-08 11:35:54.091708',399,'2021-12-08 11:35:54.092906',NULL,'~',9,41,0),(31,1,'Adición de sólidos (leche en polvo, almidones y gelatina)					','2021-12-08 08:24:46.988472','2021-12-08 11:35:54.120468',400,'2021-12-08 11:35:54.121764',NULL,'~',9,41,0),(32,2,'Filtrado de mezcla para eliminar posibles grumos					','2021-12-08 08:24:46.994435','2021-12-08 11:35:54.137460',401,'2021-12-08 11:35:54.138689',NULL,'~',9,41,0),(33,3,'PCC1 - Pasteurización (85°C/30 minutos)								','2021-12-08 08:24:47.000622','2021-12-08 11:35:54.150448',402,'2021-12-08 11:35:54.151751',NULL,'~',9,41,0),(34,4,'Primer control a los 0 minutos					','2021-12-08 08:24:47.009431','2021-12-08 11:35:54.164891',403,'2021-12-08 11:35:54.165981',NULL,'~',9,41,0),(35,5,'Segundo control a los 15 minutos					','2021-12-08 08:24:47.014999','2021-12-08 11:35:54.178039',404,'2021-12-08 11:35:54.179199',NULL,'~',9,41,0),(36,6,'Tercer control a los 30 minutos					','2021-12-08 08:24:47.020949','2021-12-08 11:35:54.191335',405,'2021-12-08 11:35:54.192661',NULL,'~',9,41,0),(37,7,'Se cumple tiempo y temperatura de pasteurización (completar Sí o No):					','2021-12-08 08:24:47.025963','2021-12-08 11:35:54.204314',406,'2021-12-08 11:35:54.207390',NULL,'~',9,41,0),(38,8,'Enfriamiento hasta 45°C					','2021-12-08 08:24:47.031113','2021-12-08 11:35:54.220519',407,'2021-12-08 11:35:54.224775',NULL,'~',9,41,0),(39,9,'Adición de cultivos lácticos y lactasa con agitación durante 3 minutos					','2021-12-08 08:24:47.035880','2021-12-08 11:35:54.244254',408,'2021-12-08 11:35:54.245743',NULL,'~',9,41,0),(40,10,'Reposo a 45°C hasta alcanzar pH entre 5,0 a 5,3 					','2021-12-08 08:24:47.041035','2021-12-08 11:35:54.263007',409,'2021-12-08 11:35:54.264139',NULL,'~',9,41,0),(41,11,'Enfriamiento de tina alcanzado en día 1					','2021-12-08 08:24:47.046505','2021-12-08 11:35:54.276674',410,'2021-12-08 11:35:54.278013',NULL,'~',9,41,0),(42,0,'Eliminación de capa superficial formada en frío (pH optimo 4,8)					','2021-12-08 08:24:47.058686','2021-12-08 11:35:54.295891',411,'2021-12-08 11:35:54.296974',NULL,'~',10,41,0),(43,1,'Adición de preservante sorbato de potasio (0,5 gr por 1 kg de yogurt)					','2021-12-08 08:24:47.064302','2021-12-08 11:35:54.310312',412,'2021-12-08 11:35:54.311774',NULL,'~',10,41,0),(44,2,'PCC 2 - Filtrado de producto final (Porosidad maxima de 2,5 mm se constata con R-AC-010)								','2021-12-08 08:24:47.069866','2021-12-08 11:35:54.325616',413,'2021-12-08 11:35:54.326726',NULL,'~',10,41,0),(45,3,'Filtro bien instalado (completar Sí o No):					','2021-12-08 08:24:47.075843','2021-12-08 11:35:54.339072',414,'2021-12-08 11:35:54.340297',NULL,'~',10,41,0),(46,4,'Filtro se encuentra integro sin deterioro (completar Sí o No):					','2021-12-08 08:24:47.083666','2021-12-08 11:35:54.352981',415,'2021-12-08 11:35:54.354096',NULL,'~',10,41,0),(47,0,'Pasteurización 75°C/15 seg								','2021-12-08 09:04:49.134261','2021-12-08 11:36:56.479860',416,'2021-12-08 11:36:56.481100',NULL,'~',11,41,0),(48,1,'Hora Inicio					','2021-12-08 09:04:49.138446','2021-12-08 11:36:56.490350',417,'2021-12-08 11:36:56.491767',NULL,'~',11,41,0),(49,2,'Hora termino					','2021-12-08 09:04:49.142618','2021-12-08 11:36:56.501219',418,'2021-12-08 11:36:56.502618',NULL,'~',11,41,0),(50,3,'Adición de cloruro de calcio a 35°C (CaCl) con agitación 3 minutos					','2021-12-08 09:04:49.146397','2021-12-08 11:36:56.512031',419,'2021-12-08 11:36:56.514517',NULL,'~',11,41,0),(51,4,'Adición de cultivos a 35°C (Helv A y RA21) con agitación 3 minutos					','2021-12-08 09:04:49.150098','2021-12-08 11:36:56.526604',420,'2021-12-08 11:36:56.529720',NULL,'~',11,41,0),(52,5,'Adición de colorante a 35°C con agitación 3 minutos					','2021-12-08 09:04:49.153982','2021-12-08 11:36:56.541006',421,'2021-12-08 11:36:56.543146',NULL,'~',11,41,0),(53,6,'Reposo por 10 minutos								','2021-12-08 09:04:49.158956','2021-12-08 11:36:56.553690',422,'2021-12-08 11:36:56.555114',NULL,'~',11,41,0),(54,7,'Adición de cuajo 35°C, agitación 3 minutos					','2021-12-08 09:04:49.164026','2021-12-08 11:36:56.567783',423,'2021-12-08 11:36:56.569306',NULL,'~',11,41,0),(55,8,'Reposo por 30 minutos (coagulación)								','2021-12-08 09:04:49.168366','2021-12-08 11:36:56.579445',424,'2021-12-08 11:36:56.581459',NULL,'~',11,41,0),(56,9,'Primer corte (cortar hasta lograr un grano pequeño)					','2021-12-08 09:04:49.171940','2021-12-08 11:36:56.591697',425,'2021-12-08 11:36:56.597416',NULL,'~',11,41,0),(57,10,'Reposo de 10 minutos								','2021-12-08 09:04:49.175941','2021-12-08 11:36:56.610973',426,'2021-12-08 11:36:56.613026',NULL,'~',11,41,0),(58,11,'Primera agitación suave por 15 minutos					','2021-12-08 09:04:49.179846','2021-12-08 11:36:56.621816',427,'2021-12-08 11:36:56.623631',NULL,'~',11,41,0),(59,12,'Desuere (30%)					','2021-12-08 09:04:49.183772','2021-12-08 11:36:56.633281',428,'2021-12-08 11:36:56.634421',NULL,'~',11,41,0),(60,13,'Cocimiento (20% de agua a 70°C) en 15 minutos								','2021-12-08 09:04:49.187424','2021-12-08 11:36:56.642583',429,'2021-12-08 11:36:56.643906',NULL,'~',11,41,0),(61,14,'Hora inicio					','2021-12-08 09:04:49.192266','2021-12-08 11:36:56.651246',430,'2021-12-08 11:36:56.652679',NULL,'~',11,41,0),(62,15,'Hora termino					','2021-12-08 09:04:49.195676','2021-12-08 11:36:56.660100',431,'2021-12-08 11:36:56.664043',NULL,'~',11,41,0),(63,16,'Segunda agitación (mantener temperatura a 38°C durante 10 minutos)					','2021-12-08 09:04:49.199206','2021-12-08 11:36:56.673150',432,'2021-12-08 11:36:56.677850',NULL,'~',11,41,0),(64,17,'Subir de 38°C a 42°C en 10 minutos. Mantener agitando 10 minutos					','2021-12-08 09:04:49.203357','2021-12-08 11:36:56.688262',433,'2021-12-08 11:36:56.689399',NULL,'~',11,41,0),(65,18,'Subir de 42°C a 49°C en 10 minutos con agitación					','2021-12-08 09:04:49.207086','2021-12-08 11:36:56.697167',434,'2021-12-08 11:36:56.709099',NULL,'~',11,41,0),(66,19,'Mantener según secado del grano con agitación					','2021-12-08 09:04:49.210799','2021-12-08 11:36:56.726599',435,'2021-12-08 11:36:56.727770',NULL,'~',11,41,0),(67,20,'Traslado a tina de desuere y moldeo					','2021-12-08 09:04:49.215079','2021-12-08 11:36:56.735538',436,'2021-12-08 11:36:56.736726',NULL,'~',11,41,0),(68,21,'Moldeo (indicar cantidad de piezas): 								','2021-12-08 09:04:49.218810','2021-12-08 11:36:56.744070',437,'2021-12-08 11:36:56.745173',NULL,'~',11,41,0),(69,22,'Prensado presion 20					','2021-12-08 09:04:49.221921','2021-12-08 11:36:56.754642',438,'2021-12-08 11:36:56.755932',NULL,'~',11,41,0),(70,23,'Volteo (tomar pH después de 1 hora del prensado) 					','2021-12-08 09:04:49.224864','2021-12-08 11:36:56.765043',439,'2021-12-08 11:36:56.766208',NULL,'~',11,41,0),(71,24,'Prensado presión 20 durante 14 hrs								','2021-12-08 09:04:49.227729','2021-12-08 11:36:56.774731',440,'2021-12-08 11:36:56.775948',NULL,'~',11,41,0),(72,0,'Desmolde (Toma de pH entre 5.1 y 5.4)					','2021-12-08 09:04:49.232752','2021-12-08 11:36:56.796809',441,'2021-12-08 11:36:56.798073',NULL,'~',12,41,0),(73,1,'Sumergir en salmuera 18 a 22°Be durante 4 horas					','2021-12-08 09:04:49.235563','2021-12-08 11:36:56.808166',442,'2021-12-08 11:36:56.809307',NULL,'~',12,41,0),(74,2,'Ingreso a cámara de maduración (12°C a 18°C durante 14 días.					','2021-12-08 09:04:49.238610','2021-12-08 11:36:56.818726',443,'2021-12-08 11:36:56.819996',NULL,'~',12,41,0),(3,0,'Recepción de Leche en Tina para medición de parámetros.','2021-11-18 12:28:08.695412','2021-12-08 11:37:52.187854',444,'2021-12-08 11:37:52.189136',NULL,'~',3,41,0),(14,1,'Verificación sensorial de la leche (olor, gusto y color)','2021-12-06 18:28:10.451610','2021-12-08 11:37:52.204419',445,'2021-12-08 11:37:52.205879',NULL,'~',3,41,0),(15,2,'Verificación de temperatura a 34 grados y encendido de equipo de agitación de tina.','2021-12-06 18:28:10.458589','2021-12-08 11:37:52.221125',446,'2021-12-08 11:37:52.222741',NULL,'~',3,41,0),(16,3,'Adición de calcio y cultivo.','2021-12-06 18:28:10.466237','2021-12-08 11:37:52.237717',447,'2021-12-08 11:37:52.239212',NULL,'~',3,41,0),(17,4,'Esperar aproximadamente 30 minutos hasta subir un grado de acidez (rango: 16 a 20).','2021-12-06 18:28:10.474065','2021-12-08 11:37:52.255305',448,'2021-12-08 11:37:52.256767',NULL,'~',3,41,0),(18,5,'Adicionar el Cuajo e inmediatamente reemplazar las paletas por liras.','2021-12-06 18:28:10.479694','2021-12-08 11:37:52.283643',449,'2021-12-08 11:37:52.285176',NULL,'~',3,41,0),(19,6,'Esperar aproximadamente 60 minutos y verificar coagulación de la leche.','2021-12-06 18:28:10.484674','2021-12-08 11:37:52.315055',450,'2021-12-08 11:37:52.319859',NULL,'~',3,41,0),(20,7,'Llame a su supervisor para verificar coagulación.','2021-12-06 18:28:10.490144','2021-12-08 11:37:52.353810',451,'2021-12-08 11:37:52.355410',NULL,'~',3,41,0),(6,0,'Corte con lira hasta que se vean cubos de cuajada de 1 centímetro.','2021-11-29 11:42:14.530916','2021-12-08 11:37:52.381948',452,'2021-12-08 11:37:52.383380',NULL,'~',4,41,0),(7,1,'Medición de acidez','2021-11-29 11:42:14.534464','2021-12-08 11:37:52.399226',453,'2021-12-08 11:37:52.400675',NULL,'~',4,41,0),(8,2,'Agitar 10 minutos para sellar cubo de cuajada','2021-11-29 11:42:14.538005','2021-12-08 11:37:52.415912',454,'2021-12-08 11:37:52.417438',NULL,'~',4,41,0),(9,3,'Dejar reposar por 5 minutos.','2021-11-29 11:42:14.541234','2021-12-08 11:37:52.432765',455,'2021-12-08 11:37:52.434250',NULL,'~',4,41,0),(21,4,'Desuerar el 50% de los litros de leche inicial.','2021-12-06 18:28:10.587376','2021-12-08 11:37:52.450894',456,'2021-12-08 11:37:52.452316',NULL,'~',4,41,0),(22,5,'Llamar a supervisor y evalué el cocimiento del grano.','2021-12-06 18:28:10.597219','2021-12-08 11:37:52.468091',457,'2021-12-08 11:37:52.469488',NULL,'~',4,41,0),(10,0,'Ejecute junto a su supervisor el cocimiento del grano.','2021-11-29 11:42:14.548594','2021-12-08 11:37:52.485748',458,'2021-12-08 11:37:52.486412',NULL,'~',5,41,0),(23,0,'Adición de sal y especias.','2021-12-06 18:28:10.640276','2021-12-08 11:37:52.500784',459,'2021-12-08 11:37:52.501822',NULL,'~',6,41,0),(24,1,'Medir acidez','2021-12-06 18:28:10.644660','2021-12-08 11:37:52.512647',460,'2021-12-08 11:37:52.513801',NULL,'~',6,41,0),(25,0,'Cargue todos los moldes con cuajada.','2021-12-06 18:28:10.652754','2021-12-08 11:37:52.527860',461,'2021-12-08 11:37:52.528817',NULL,'~',7,41,0),(26,1,'Voltear los moldes con cuajada.','2021-12-06 18:28:10.656507','2021-12-08 11:37:52.539192',462,'2021-12-08 11:37:52.540444',NULL,'~',7,41,0),(27,2,'Tapar con plástico los moldes volteados.','2021-12-06 18:28:10.660245','2021-12-08 11:37:52.551658',463,'2021-12-08 11:37:52.553017',NULL,'~',7,41,0),(28,3,'Dejar reposar sobre mesón por 12 horas mínimo.','2021-12-06 18:28:10.664359','2021-12-08 11:37:52.564332',464,'2021-12-08 11:37:52.565450',NULL,'~',7,41,0),(99,0,'Hora Inicio','2021-12-08 11:16:05.879528','2021-12-08 11:39:28.305014',465,'2021-12-08 11:39:28.305997',NULL,'~',16,41,0),(100,1,'Adición de sólidos (leche en polvo)','2021-12-08 11:16:05.885877','2021-12-08 11:39:28.319783',466,'2021-12-08 11:39:28.320987',NULL,'~',16,41,0),(101,2,'PCC 1 - Pasteurización (85°C/30 minutos)','2021-12-08 11:16:05.892909','2021-12-08 11:39:28.335162',467,'2021-12-08 11:39:28.336559',NULL,'~',16,41,0),(102,3,'Primer control a los 0 minutos','2021-12-08 11:16:05.899094','2021-12-08 11:39:28.353605',468,'2021-12-08 11:39:28.354941',NULL,'~',16,41,0),(103,4,'Segundo control a los 15 minutos','2021-12-08 11:16:05.908226','2021-12-08 11:39:28.369566',469,'2021-12-08 11:39:28.370776',NULL,'~',16,41,0),(104,5,'Tercer control a los 30 minutos','2021-12-08 11:16:05.913991','2021-12-08 11:39:28.383679',470,'2021-12-08 11:39:28.384832',NULL,'~',16,41,0),(105,6,'Se cumple tiempo y temperatura de pasteurización (completar Sí o No):','2021-12-08 11:16:05.919605','2021-12-08 11:39:28.402872',471,'2021-12-08 11:39:28.404112',NULL,'~',16,41,0),(106,7,'Enfriamiento hasta 45°C','2021-12-08 11:16:05.925003','2021-12-08 11:39:28.418767',472,'2021-12-08 11:39:28.420041',NULL,'~',16,41,0),(107,8,'Adición de cultivos lácticos y lactasa con agitación durante 6 minutos','2021-12-08 11:16:05.930959','2021-12-08 11:39:28.433759',473,'2021-12-08 11:39:28.435104',NULL,'~',16,41,0),(108,9,'Reposo a 45°C hasta alcanzar pH entre 5,0 a 5,3 (*)','2021-12-08 11:16:05.937411','2021-12-08 11:39:28.449363',474,'2021-12-08 11:39:28.450572',NULL,'~',16,41,0),(109,10,'Enfriamiento de tina alcanzado en día 1','2021-12-08 11:16:05.945237','2021-12-08 11:39:28.464312',475,'2021-12-08 11:39:28.465588',NULL,'~',16,41,0),(110,0,'Eliminación de capa superficial formada en frío (pH optimo 4,8)					','2021-12-08 11:16:05.953633','2021-12-08 11:39:28.483169',476,'2021-12-08 11:39:28.483914',NULL,'~',17,41,0),(111,1,'Adición de preservante sorbato de potasio (0,5 gr por 1 kg de yogurt)					','2021-12-08 11:16:05.960258','2021-12-08 11:39:28.497104',477,'2021-12-08 11:39:28.498262',NULL,'~',17,41,0),(112,2,'PCC 2 - Filtrado de producto final (Porosidad maxima de 2,5 mm se constata con R-AC-010)								','2021-12-08 11:16:05.966233','2021-12-08 11:39:28.511790',478,'2021-12-08 11:39:28.513002',NULL,'~',17,41,0),(113,3,'Filtro bien instalado (completar Sí o No):					','2021-12-08 11:16:05.973790','2021-12-08 11:39:28.526206',479,'2021-12-08 11:39:28.527357',NULL,'~',17,41,0),(114,4,'Filtro se encuentra integro sin deterioro (completar Sí o No):					','2021-12-08 11:16:05.981017','2021-12-08 11:39:28.543668',480,'2021-12-08 11:39:28.545134',NULL,'~',17,41,0),(115,0,'Indicar pH (cumple o no No cumple)','2021-12-08 11:16:05.989047','2021-12-08 11:39:28.563632',481,'2021-12-08 11:39:28.564641',NULL,'~',18,41,0),(116,1,'Aroma (cumple o no No cumple)','2021-12-08 11:16:05.994852','2021-12-08 11:39:28.578922',482,'2021-12-08 11:39:28.580274',NULL,'~',18,41,0),(117,2,'Textura (cumple o no No cumple)','2021-12-08 11:16:06.002520','2021-12-08 11:39:28.594078',483,'2021-12-08 11:39:28.595468',NULL,'~',18,41,0),(118,3,'Sabor (cumple o no No cumple)','2021-12-08 11:16:06.008634','2021-12-08 11:39:28.610399',484,'2021-12-08 11:39:28.611624',NULL,'~',18,41,0),(119,4,'Color (cumple o no No cumple)','2021-12-08 11:16:06.015956','2021-12-08 11:39:28.625964',485,'2021-12-08 11:39:28.627119',NULL,'~',18,41,0),(120,5,'Aspecto (cumple o no No cumple)','2021-12-08 11:16:06.022186','2021-12-08 11:39:28.641873',486,'2021-12-08 11:39:28.643191',NULL,'~',18,41,0),(1,0,'asd','2021-11-11 17:18:47.389945','2021-11-11 17:18:47.389961',487,'2021-12-08 11:39:56.733434',NULL,'-',1,41,0),(2,0,'Danzar','2021-11-12 15:23:27.999885','2021-11-12 15:23:27.999899',488,'2021-12-08 11:40:00.695613',NULL,'-',2,41,0),(29,0,'asd','2021-12-07 18:42:46.676043','2021-12-07 18:42:46.676077',489,'2021-12-08 11:40:04.101779',NULL,'-',8,41,0),(121,0,'Hora de inicio','2021-12-08 11:51:16.901756','2021-12-08 11:51:16.901769',490,'2021-12-08 11:51:16.902244',NULL,'+',19,42,0),(122,1,'Calentamiento a hasta 45ºC','2021-12-08 11:51:16.906570','2021-12-08 11:51:16.906587',491,'2021-12-08 11:51:16.907026',NULL,'+',19,42,0),(123,2,'Activación de repique','2021-12-08 11:51:16.912103','2021-12-08 11:51:16.912118',492,'2021-12-08 11:51:16.912877',NULL,'+',19,42,0),(124,0,'Hora de inicio						','2021-12-08 11:51:16.917754','2021-12-08 11:51:16.917770',493,'2021-12-08 11:51:16.918296',NULL,'+',20,42,0),(125,1,'Hora termino						','2021-12-08 11:51:16.922654','2021-12-08 11:51:16.922676',494,'2021-12-08 11:51:16.923182',NULL,'+',20,42,0),(126,0,'Descenso de temperaturas hasta 33°C','2021-12-08 11:51:16.929279','2021-12-08 11:51:16.929298',495,'2021-12-08 11:51:16.929813',NULL,'+',21,42,0),(127,1,'Toma de pH Repique','2021-12-08 11:51:16.933624','2021-12-08 11:51:16.933639',496,'2021-12-08 11:51:16.934071',NULL,'+',21,42,0),(128,2,'Adición de cultivos a 33°, agitación de 3 minutos','2021-12-08 11:51:16.937301','2021-12-08 11:51:16.937317',497,'2021-12-08 11:51:16.937826',NULL,'+',21,42,0),(129,3,'Reposo 14-16 horas','2021-12-08 11:51:16.941079','2021-12-08 11:51:16.941094',498,'2021-12-08 11:51:16.941538',NULL,'+',21,42,0),(130,0,'Toma de pH del grano, optimo 4.5','2021-12-08 11:51:16.947095','2021-12-08 11:51:16.947109',499,'2021-12-08 11:51:16.947652',NULL,'+',22,42,0),(131,1,'Primer corte con lira horizontal (lira 2 cm.). Reposo 10 minutos','2021-12-08 11:51:16.951035','2021-12-08 11:51:16.951050',500,'2021-12-08 11:51:16.953210',NULL,'+',22,42,0),(132,2,'Segundo corte con lira vertical. Reposo 10 minutos.','2021-12-08 11:51:16.956595','2021-12-08 11:51:16.956610',501,'2021-12-08 11:51:16.957059',NULL,'+',22,42,0),(133,0,'Hora de inicio','2021-12-08 11:51:16.962711','2021-12-08 11:51:16.962726',502,'2021-12-08 11:51:16.963247',NULL,'+',23,42,0),(134,1,'Hora de termino','2021-12-08 11:51:16.967678','2021-12-08 11:51:16.967694',503,'2021-12-08 11:51:16.968465',NULL,'+',23,42,0),(135,2,'Agitación suave por 10 minutos','2021-12-08 11:51:16.972429','2021-12-08 11:51:16.972463',504,'2021-12-08 11:51:16.974085',NULL,'+',23,42,0),(136,3,'Desuere Total','2021-12-08 11:51:16.977634','2021-12-08 11:51:16.977647',505,'2021-12-08 11:51:16.978064',NULL,'+',23,42,0),(137,0,'Primer lavado con agua fria por sobre cuajada (30%lts)','2021-12-08 11:51:16.982273','2021-12-08 11:51:16.982286',506,'2021-12-08 11:51:16.982712',NULL,'+',24,42,0),(138,1,'Reposo 5 minutos','2021-12-08 11:51:16.985914','2021-12-08 11:51:16.985926',507,'2021-12-08 11:51:16.986347',NULL,'+',24,42,0),(139,2,'Segundo lavado con agua fria por sobre cuajada (30%lts)','2021-12-08 11:51:16.989041','2021-12-08 11:51:16.989056',508,'2021-12-08 11:51:16.990255',NULL,'+',24,42,0),(140,3,'Reposo 5 minutos','2021-12-08 11:51:16.993403','2021-12-08 11:51:16.993416',509,'2021-12-08 11:51:16.993827',NULL,'+',24,42,0),(141,4,'Tercer lavado  con agua fria por sobre cuajada (30%)','2021-12-08 11:51:16.997450','2021-12-08 11:51:16.997469',510,'2021-12-08 11:51:16.997890',NULL,'+',24,42,0),(142,5,'Reposo 5 minutos','2021-12-08 11:51:17.001859','2021-12-08 11:51:17.001882',511,'2021-12-08 11:51:17.002474',NULL,'+',24,42,0),(143,6,'Drenado 14 horas (6-8°)','2021-12-08 11:51:17.005566','2021-12-08 11:51:17.005581',512,'2021-12-08 11:51:17.006005',NULL,'+',24,42,0),(144,0,'Pasteurización de crema y sal (85.5°C por 15 minutos)','2021-12-08 11:57:06.786195','2021-12-08 11:57:06.786208',513,'2021-12-08 11:57:06.786627',NULL,'+',25,42,0),(145,1,'Hora Inicio','2021-12-08 11:57:06.789346','2021-12-08 11:57:06.789359',514,'2021-12-08 11:57:06.789776',NULL,'+',25,42,0),(146,2,'Hora de Termino','2021-12-08 11:57:06.792561','2021-12-08 11:57:06.792573',515,'2021-12-08 11:57:06.794066',NULL,'+',25,42,0),(147,0,'pendiente','2021-12-08 12:06:28.192794','2021-12-08 12:06:28.192809',516,'2021-12-08 12:06:28.193339',NULL,'+',26,42,0),(148,0,'s','2021-12-08 12:10:11.730913','2021-12-08 12:10:11.730932',517,'2021-12-08 12:10:11.731351',NULL,'+',27,42,0),(148,0,'Hora de inicio','2021-12-08 12:10:11.730913','2021-12-08 12:20:36.798845',518,'2021-12-08 12:20:36.799616',NULL,'~',27,42,0),(149,1,'Adición de Sal (2%) y Crema','2021-12-08 12:20:36.807257','2021-12-08 12:20:36.807285',519,'2021-12-08 12:20:36.808025',NULL,'+',27,42,0),(150,0,'Hora de inicio','2021-12-08 12:20:36.814872','2021-12-08 12:20:36.814888',520,'2021-12-08 12:20:36.815317',NULL,'+',28,42,0),(151,1,'Adición de Ác. cítrico al inicio de pasteurización (2,5%) y agitar suave 3 minutos.','2021-12-08 12:20:36.817446','2021-12-08 12:20:36.817458',521,'2021-12-08 12:20:36.817811',NULL,'+',28,42,0),(152,2,'Hora término	','2021-12-08 12:20:36.819730','2021-12-08 12:20:36.819741',522,'2021-12-08 12:20:36.820274',NULL,'+',28,42,0),(148,0,'Hora de inicio','2021-12-08 12:10:11.730913','2021-12-08 12:23:17.645161',523,'2021-12-08 12:23:17.646292',NULL,'~',27,42,0),(149,1,'Adición de Sal (2%) y Crema','2021-12-08 12:20:36.807257','2021-12-08 12:23:17.654003',524,'2021-12-08 12:23:17.655182',NULL,'~',27,42,0),(150,0,'Hora de inicio','2021-12-08 12:20:36.814872','2021-12-08 12:23:17.679485',525,'2021-12-08 12:23:17.683726',NULL,'~',28,42,0),(151,1,'Adición de Ác. cítrico al inicio de pasteurización (2,5%) y agitar suave 3 minutos.','2021-12-08 12:20:36.817446','2021-12-08 12:23:17.698052',526,'2021-12-08 12:23:17.699731',NULL,'~',28,42,0),(152,2,'Hora término	','2021-12-08 12:20:36.819730','2021-12-08 12:23:17.710586',527,'2021-12-08 12:23:17.713661',NULL,'~',28,42,0),(153,0,'Hora Inicio','2021-12-08 12:23:17.730841','2021-12-08 12:23:17.730857',528,'2021-12-08 12:23:17.731230',NULL,'+',29,42,0),(154,1,'Drenado de cuajada en un cedazo por 14 horas a 6-8°C','2021-12-08 12:23:17.733662','2021-12-08 12:23:17.733674',529,'2021-12-08 12:23:17.734055',NULL,'+',29,42,0),(155,2,'pH final día 1:','2021-12-08 12:23:17.736014','2021-12-08 12:23:17.736030',530,'2021-12-08 12:23:17.736689',NULL,'+',29,42,0),(156,0,'Hora Inicio','2021-12-08 12:23:17.741193','2021-12-08 12:23:17.741206',531,'2021-12-08 12:23:17.741573',NULL,'+',30,42,0),(157,1,'Medición de pH','2021-12-08 12:23:17.743752','2021-12-08 12:23:17.743766',532,'2021-12-08 12:23:17.744328',NULL,'+',30,42,0),(158,0,'Hora de inicio','2021-12-08 12:35:28.222161','2021-12-08 12:35:28.222174',533,'2021-12-08 12:35:28.222606',NULL,'+',31,42,0),(159,1,'Calentamiento a hasta 45ºC','2021-12-08 12:35:28.225470','2021-12-08 12:35:28.225483',534,'2021-12-08 12:35:28.225886',NULL,'+',31,42,0),(160,2,'Descremado (30% del total)			','2021-12-08 12:35:28.228625','2021-12-08 12:35:28.228638',535,'2021-12-08 12:35:28.229060',NULL,'+',31,42,0),(161,3,'Calentamiento a hasta 64ºC con agitación constante','2021-12-08 12:35:28.231802','2021-12-08 12:35:28.231815',536,'2021-12-08 12:35:28.232441',NULL,'+',31,42,0),(162,0,'Hora de inicio (Control Temperatura 1)						','2021-12-08 12:35:28.236335','2021-12-08 12:35:28.236348',537,'2021-12-08 12:35:28.236756',NULL,'+',32,42,0),(163,1,'Hora Intermedia (Control Temperatura 3)						','2021-12-08 12:35:28.242411','2021-12-08 12:35:28.242453',538,'2021-12-08 12:35:28.244946',NULL,'+',32,42,0),(164,2,'Hora termino  (Control Temperatura 2)						','2021-12-08 12:35:28.249175','2021-12-08 12:35:28.249191',539,'2021-12-08 12:35:28.249622',NULL,'+',32,42,0),(165,0,'Hora de inicio (Control Temperatura 1)						','2021-12-08 12:35:28.254517','2021-12-08 12:35:28.254538',540,'2021-12-08 12:35:28.254947',NULL,'+',33,42,0),(166,1,'Hora Intermedia (Control Temperatura 2)						','2021-12-08 12:35:28.257582','2021-12-08 12:35:28.257595',541,'2021-12-08 12:35:28.258733',NULL,'+',33,42,0),(167,2,'Hora termino  (Control Temperatura 2)						','2021-12-08 12:35:28.262424','2021-12-08 12:35:28.262439',542,'2021-12-08 12:35:28.262853',NULL,'+',33,42,0),(168,3,'Temperatura Promedio entrada Tina 						','2021-12-08 12:35:28.265571','2021-12-08 12:35:28.265584',543,'2021-12-08 12:35:28.265999',NULL,'+',33,42,0),(169,0,'Adición de cloruro de calcio ( 40 ºC )						','2021-12-08 12:35:28.270871','2021-12-08 12:35:28.270889',544,'2021-12-08 12:35:28.271295',NULL,'+',34,42,0),(170,1,'Adición de cultivos ( 35ºC ) (agitación 3 minutos)						','2021-12-08 12:35:28.274149','2021-12-08 12:35:28.274162',545,'2021-12-08 12:35:28.274524',NULL,'+',34,42,0),(171,2,'Reposo por 10 minutos						','2021-12-08 12:35:28.277263','2021-12-08 12:35:28.277276',546,'2021-12-08 12:35:28.277635',NULL,'+',34,42,0),(172,3,'Adición de cuajo ( 34ºC ) (agitación 3 minutos )						','2021-12-08 12:35:28.280137','2021-12-08 12:35:28.280150',547,'2021-12-08 12:35:28.280528',NULL,'+',34,42,0),(173,4,'Reposo ( coagulación 35 a 40 minutos )						','2021-12-08 12:35:28.283243','2021-12-08 12:35:28.283256',548,'2021-12-08 12:35:28.283682',NULL,'+',34,42,0),(174,5,'Corte (Lira 2 cm. )						','2021-12-08 12:35:28.286419','2021-12-08 12:35:28.286431',549,'2021-12-08 12:35:28.286859',NULL,'+',34,42,0),(175,6,'Reposo  (15  minutos )						','2021-12-08 12:35:28.289571','2021-12-08 12:35:28.289587',550,'2021-12-08 12:35:28.289981',NULL,'+',34,42,0),(176,7,'Primera agitación (de menor a mayor intensidad por 15 min.)						','2021-12-08 12:35:28.292772','2021-12-08 12:35:28.292788',551,'2021-12-08 12:35:28.293212',NULL,'+',34,42,0),(177,0,'Primer volteo ( aprox1/2 hora después de terminar el moldeo)						','2021-12-08 12:35:28.296973','2021-12-08 12:35:28.296986',552,'2021-12-08 12:35:28.297354',NULL,'+',35,42,0),(178,1,'Segundo volteo ( 1 hora después de terminar el primer volteo )						','2021-12-08 12:35:28.299755','2021-12-08 12:35:28.299767',553,'2021-12-08 12:35:28.300318',NULL,'+',35,42,0),(179,2,'Reposo (15-19°C) x 14 horas						','2021-12-08 12:35:28.302760','2021-12-08 12:35:28.302773',554,'2021-12-08 12:35:28.303210',NULL,'+',35,42,0),(180,0,'Desmolde						','2021-12-08 12:35:28.307237','2021-12-08 12:35:28.307250',555,'2021-12-08 12:35:28.307667',NULL,'+',36,42,0),(181,1,'Determinar pH  ( optimo 5.0 )						','2021-12-08 12:35:28.310335','2021-12-08 12:35:28.310349',556,'2021-12-08 12:35:28.310797',NULL,'+',36,42,0),(182,2,'Salado superficial						','2021-12-08 12:35:28.313774','2021-12-08 12:35:28.313787',557,'2021-12-08 12:35:28.314235',NULL,'+',36,42,0),(183,3,'Ingreso a cámara de maduración (6-8°C) x 15 dias 						','2021-12-08 12:35:28.317099','2021-12-08 12:35:28.317113',558,'2021-12-08 12:35:28.317545',NULL,'+',36,42,0),(75,0,'Hora Inicio','2021-12-08 11:00:25.575476','2021-12-15 11:55:41.525526',559,'2021-12-15 11:55:41.526642',NULL,'~',13,41,0),(76,1,'Inicio de calentamiento y descremado a 45°C','2021-12-08 11:00:25.578791','2021-12-15 11:55:41.537179',560,'2021-12-15 11:55:41.538466',NULL,'~',13,41,0),(77,2,'Término de calentamiento y descremado a 45°C','2021-12-08 11:00:25.581780','2021-12-15 11:55:41.545495',561,'2021-12-15 11:55:41.546883',NULL,'~',13,41,0),(78,3,'Adición de sólidos (leche en polvo)					','2021-12-08 11:00:25.585035','2021-12-15 11:55:41.554072',562,'2021-12-15 11:55:41.555413',NULL,'~',13,41,0),(79,4,'PCC 1 - Pasteurización (85°C/30 minutos)								','2021-12-08 11:00:25.588638','2021-12-15 11:55:41.563094',563,'2021-12-15 11:55:41.564249',NULL,'~',13,41,0),(80,5,'Primer control a los 0 minutos					','2021-12-08 11:00:25.591615','2021-12-15 11:55:41.571207',564,'2021-12-15 11:55:41.572678',NULL,'~',13,41,0),(81,6,'Segundo control a los 15 minutos					','2021-12-08 11:00:25.595017','2021-12-15 11:55:41.579698',565,'2021-12-15 11:55:41.581252',NULL,'~',13,41,0),(82,7,'Tercer control a los 30 minutos					','2021-12-08 11:00:25.597949','2021-12-15 11:55:41.588547',566,'2021-12-15 11:55:41.590322',NULL,'~',13,41,0),(83,8,'Se cumple tiempo y temperatura de pasteurización (completar Sí o No):					','2021-12-08 11:00:25.600820','2021-12-15 11:55:41.597654',567,'2021-12-15 11:55:41.599042',NULL,'~',13,41,0),(84,9,'Enfriamiento hasta 45°C					','2021-12-08 11:00:25.604516','2021-12-15 11:55:41.606395',568,'2021-12-15 11:55:41.607459',NULL,'~',13,41,0),(85,10,'Adición de cultivos lacticos y lactasa con agitación durante 3 minutos					','2021-12-08 11:00:25.607527','2021-12-15 11:55:41.615136',569,'2021-12-15 11:55:41.616472',NULL,'~',13,41,0),(86,11,'Reposo a 45°C hasta alcanzar pH entre 5,0 a 5,3								','2021-12-08 11:00:25.610734','2021-12-15 11:55:41.623964',570,'2021-12-15 11:55:41.625225',NULL,'~',13,41,0),(87,12,'Enfriamiento de tina alcanzado en día 1					','2021-12-08 11:00:25.614768','2021-12-15 11:55:41.633005',571,'2021-12-15 11:55:41.634103',NULL,'~',13,41,0),(88,0,'Eliminación de capa superficial formada en frío (pH optimo 4,8)					','2021-12-08 11:00:25.619915','2021-12-15 11:55:41.645677',572,'2021-12-15 11:55:41.646609',NULL,'~',14,41,0),(89,1,'Adición de preservante sorbato de potasio (0,5 gr por 1 kg de yogurt) + batido					','2021-12-08 11:00:25.623196','2021-12-15 11:55:41.653702',573,'2021-12-15 11:55:41.654889',NULL,'~',14,41,0),(90,2,'PCC 2 - Filtrado de producto final (Porosidad maxima de 2,5 mm se constata con R-AC-010)								','2021-12-08 11:00:25.626397','2021-12-15 11:55:41.662022',574,'2021-12-15 11:55:41.663527',NULL,'~',14,41,0),(91,3,'Filtro bien instalado (completar Sí o No):					','2021-12-08 11:00:25.629495','2021-12-15 11:55:41.670919',575,'2021-12-15 11:55:41.672033',NULL,'~',14,41,0),(92,4,'Filtro se encuentra integro sin deterioro (completar Sí o No):					','2021-12-08 11:00:25.633129','2021-12-15 11:55:41.679357',576,'2021-12-15 11:55:41.680493',NULL,'~',14,41,0),(93,0,'Indicar pH (cumple o no No cumple)','2021-12-08 11:00:25.638761','2021-12-15 11:55:41.691746',577,'2021-12-15 11:55:41.692684',NULL,'~',15,41,0),(94,1,'Textura (cumple o no No cumple)','2021-12-08 11:00:25.642433','2021-12-15 11:55:41.699951',578,'2021-12-15 11:55:41.701094',NULL,'~',15,41,0),(95,2,'Color (cumple o no No cumple)','2021-12-08 11:00:25.646059','2021-12-15 11:55:41.709175',579,'2021-12-15 11:55:41.710192',NULL,'~',15,41,0),(96,3,'Aroma (cumple o no No cumple)','2021-12-08 11:00:25.650741','2021-12-15 11:55:41.717478',580,'2021-12-15 11:55:41.718583',NULL,'~',15,41,0),(97,4,'Aspecto (cumple o no No cumple)','2021-12-08 11:00:25.654805','2021-12-15 11:55:41.725766',581,'2021-12-15 11:55:41.726785',NULL,'~',15,41,0),(98,5,'Sabor (cumple o no No cumple)','2021-12-08 11:00:25.658380','2021-12-15 11:55:41.733910',582,'2021-12-15 11:55:41.734940',NULL,'~',15,41,0),(184,0,'.','2021-12-15 12:11:58.882625','2021-12-15 12:11:58.882637',583,'2021-12-15 12:11:58.883114',NULL,'+',37,41,0),(184,0,'.','2021-12-15 12:11:58.882625','2021-12-15 13:09:41.735548',584,'2021-12-15 13:09:41.736518',NULL,'~',37,1,0),(184,0,'.','2021-12-15 12:11:58.882625','2021-12-15 13:10:40.671461',585,'2021-12-15 13:10:40.672549',NULL,'~',37,41,0),(75,0,'Hora Inicio','2021-12-08 11:00:25.575476','2021-12-15 13:36:04.874720',586,'2021-12-15 13:36:04.875742',NULL,'~',13,41,0),(76,1,'Inicio de calentamiento y descremado a 45°C','2021-12-08 11:00:25.578791','2021-12-15 13:36:04.884441',587,'2021-12-15 13:36:04.885850',NULL,'~',13,41,0),(77,2,'Término de calentamiento y descremado a 45°C','2021-12-08 11:00:25.581780','2021-12-15 13:36:04.895741',588,'2021-12-15 13:36:04.897073',NULL,'~',13,41,0),(78,3,'Adición de sólidos (leche en polvo)					','2021-12-08 11:00:25.585035','2021-12-15 13:36:04.906422',589,'2021-12-15 13:36:04.907600',NULL,'~',13,41,0),(79,4,'PCC 1 - Pasteurización (85°C/30 minutos)								','2021-12-08 11:00:25.588638','2021-12-15 13:36:04.915922',590,'2021-12-15 13:36:04.917440',NULL,'~',13,41,0),(80,5,'Primer control a los 0 minutos					','2021-12-08 11:00:25.591615','2021-12-15 13:36:04.928438',591,'2021-12-15 13:36:04.929969',NULL,'~',13,41,0),(81,6,'Segundo control a los 15 minutos					','2021-12-08 11:00:25.595017','2021-12-15 13:36:04.939945',592,'2021-12-15 13:36:04.941290',NULL,'~',13,41,0),(82,7,'Tercer control a los 30 minutos					','2021-12-08 11:00:25.597949','2021-12-15 13:36:04.952288',593,'2021-12-15 13:36:04.953780',NULL,'~',13,41,0),(83,8,'Se cumple tiempo y temperatura de pasteurización (completar Sí o No):					','2021-12-08 11:00:25.600820','2021-12-15 13:36:04.964320',594,'2021-12-15 13:36:04.965658',NULL,'~',13,41,0),(84,9,'Enfriamiento hasta 45°C					','2021-12-08 11:00:25.604516','2021-12-15 13:36:04.976252',595,'2021-12-15 13:36:04.977703',NULL,'~',13,41,0),(85,10,'Adición de cultivos lacticos y lactasa con agitación durante 3 minutos					','2021-12-08 11:00:25.607527','2021-12-15 13:36:04.987926',596,'2021-12-15 13:36:04.989647',NULL,'~',13,41,0),(86,11,'Reposo a 45°C hasta alcanzar pH entre 5,0 a 5,3								','2021-12-08 11:00:25.610734','2021-12-15 13:36:04.998265',597,'2021-12-15 13:36:04.999694',NULL,'~',13,41,0),(87,12,'Enfriamiento de tina alcanzado en día 1					','2021-12-08 11:00:25.614768','2021-12-15 13:36:05.013339',598,'2021-12-15 13:36:05.014497',NULL,'~',13,41,0),(88,0,'Eliminación de capa superficial formada en frío (pH optimo 4,8)					','2021-12-08 11:00:25.619915','2021-12-15 13:36:05.025757',599,'2021-12-15 13:36:05.026466',NULL,'~',14,41,0),(89,1,'Adición de preservante sorbato de potasio (0,5 gr por 1 kg de yogurt) + batido					','2021-12-08 11:00:25.623196','2021-12-15 13:36:05.033677',600,'2021-12-15 13:36:05.034822',NULL,'~',14,41,0),(90,2,'PCC 2 - Filtrado de producto final (Porosidad maxima de 2,5 mm se constata con R-AC-010)								','2021-12-08 11:00:25.626397','2021-12-15 13:36:05.042388',601,'2021-12-15 13:36:05.043666',NULL,'~',14,41,0),(91,3,'Filtro bien instalado (completar Sí o No):					','2021-12-08 11:00:25.629495','2021-12-15 13:36:05.051807',602,'2021-12-15 13:36:05.053143',NULL,'~',14,41,0),(92,4,'Filtro se encuentra integro sin deterioro (completar Sí o No):					','2021-12-08 11:00:25.633129','2021-12-15 13:36:05.060808',603,'2021-12-15 13:36:05.061905',NULL,'~',14,41,0),(93,0,'Indicar pH (cumple o no No cumple)','2021-12-08 11:00:25.638761','2021-12-15 13:36:05.073725',604,'2021-12-15 13:36:05.074542',NULL,'~',15,41,0),(94,1,'Textura (cumple o no No cumple)','2021-12-08 11:00:25.642433','2021-12-15 13:36:05.081991',605,'2021-12-15 13:36:05.083270',NULL,'~',15,41,0),(95,2,'Color (cumple o no No cumple)','2021-12-08 11:00:25.646059','2021-12-15 13:36:05.090523',606,'2021-12-15 13:36:05.091658',NULL,'~',15,41,0),(96,3,'Aroma (cumple o no No cumple)','2021-12-08 11:00:25.650741','2021-12-15 13:36:05.099200',607,'2021-12-15 13:36:05.100398',NULL,'~',15,41,0),(97,4,'Aspecto (cumple o no No cumple)','2021-12-08 11:00:25.654805','2021-12-15 13:36:05.108283',608,'2021-12-15 13:36:05.109378',NULL,'~',15,41,0),(98,5,'Sabor (cumple o no No cumple)','2021-12-08 11:00:25.658380','2021-12-15 13:36:05.117388',609,'2021-12-15 13:36:05.118802',NULL,'~',15,41,0),(75,0,'Hora Inicio','2021-12-08 11:00:25.575476','2021-12-15 14:07:19.817882',610,'2021-12-15 14:07:19.818743',NULL,'~',13,41,0),(76,1,'Inicio de calentamiento y descremado a 45°C','2021-12-08 11:00:25.578791','2021-12-15 14:07:19.828025',611,'2021-12-15 14:07:19.829198',NULL,'~',13,41,0),(77,2,'Término de calentamiento y descremado a 45°C','2021-12-08 11:00:25.581780','2021-12-15 14:07:19.838515',612,'2021-12-15 14:07:19.839904',NULL,'~',13,41,0),(78,3,'Adición de sólidos (leche en polvo)					','2021-12-08 11:00:25.585035','2021-12-15 14:07:19.849423',613,'2021-12-15 14:07:19.850616',NULL,'~',13,41,0),(79,4,'PCC 1 - Pasteurización (85°C/30 minutos)								','2021-12-08 11:00:25.588638','2021-12-15 14:07:19.860120',614,'2021-12-15 14:07:19.861409',NULL,'~',13,41,0),(80,5,'Primer control a los 0 minutos					','2021-12-08 11:00:25.591615','2021-12-15 14:07:19.868706',615,'2021-12-15 14:07:19.869717',NULL,'~',13,41,0),(81,6,'Segundo control a los 15 minutos					','2021-12-08 11:00:25.595017','2021-12-15 14:07:19.876756',616,'2021-12-15 14:07:19.877733',NULL,'~',13,41,0),(82,7,'Tercer control a los 30 minutos					','2021-12-08 11:00:25.597949','2021-12-15 14:07:19.884807',617,'2021-12-15 14:07:19.885823',NULL,'~',13,41,0),(83,8,'Se cumple tiempo y temperatura de pasteurización (completar Sí o No):					','2021-12-08 11:00:25.600820','2021-12-15 14:07:19.892772',618,'2021-12-15 14:07:19.893961',NULL,'~',13,41,0),(84,9,'Enfriamiento hasta 45°C					','2021-12-08 11:00:25.604516','2021-12-15 14:07:19.901245',619,'2021-12-15 14:07:19.902370',NULL,'~',13,41,0),(85,10,'Adición de cultivos lacticos y lactasa con agitación durante 3 minutos					','2021-12-08 11:00:25.607527','2021-12-15 14:07:19.909454',620,'2021-12-15 14:07:19.910534',NULL,'~',13,41,0),(86,11,'Reposo a 45°C hasta alcanzar pH entre 5,0 a 5,3								','2021-12-08 11:00:25.610734','2021-12-15 14:07:19.917614',621,'2021-12-15 14:07:19.918677',NULL,'~',13,41,0),(87,12,'Enfriamiento de tina alcanzado en día 1					','2021-12-08 11:00:25.614768','2021-12-15 14:07:19.925848',622,'2021-12-15 14:07:19.926923',NULL,'~',13,41,0),(88,0,'Eliminación de capa superficial formada en frío (pH optimo 4,8)					','2021-12-08 11:00:25.619915','2021-12-15 14:07:19.940028',623,'2021-12-15 14:07:19.940944',NULL,'~',14,41,0),(89,1,'Adición de preservante sorbato de potasio (0,5 gr por 1 kg de yogurt) + batido					','2021-12-08 11:00:25.623196','2021-12-15 14:07:19.948085',624,'2021-12-15 14:07:19.949084',NULL,'~',14,41,0),(90,2,'PCC 2 - Filtrado de producto final (Porosidad maxima de 2,5 mm se constata con R-AC-010)								','2021-12-08 11:00:25.626397','2021-12-15 14:07:19.956384',625,'2021-12-15 14:07:19.957369',NULL,'~',14,41,0),(91,3,'Filtro bien instalado (completar Sí o No):					','2021-12-08 11:00:25.629495','2021-12-15 14:07:19.964804',626,'2021-12-15 14:07:19.966052',NULL,'~',14,41,0),(92,4,'Filtro se encuentra integro sin deterioro (completar Sí o No):					','2021-12-08 11:00:25.633129','2021-12-15 14:07:19.975510',627,'2021-12-15 14:07:19.976933',NULL,'~',14,41,0),(93,0,'Indicar pH (cumple o no No cumple)','2021-12-08 11:00:25.638761','2021-12-15 14:07:19.991545',628,'2021-12-15 14:07:19.992832',NULL,'~',15,41,0),(94,1,'Textura (cumple o no No cumple)','2021-12-08 11:00:25.642433','2021-12-15 14:07:20.002936',629,'2021-12-15 14:07:20.005306',NULL,'~',15,41,0),(95,2,'Color (cumple o no No cumple)','2021-12-08 11:00:25.646059','2021-12-15 14:07:20.015774',630,'2021-12-15 14:07:20.017066',NULL,'~',15,41,0),(96,3,'Aroma (cumple o no No cumple)','2021-12-08 11:00:25.650741','2021-12-15 14:07:20.026607',631,'2021-12-15 14:07:20.027986',NULL,'~',15,41,0),(97,4,'Aspecto (cumple o no No cumple)','2021-12-08 11:00:25.654805','2021-12-15 14:07:20.037960',632,'2021-12-15 14:07:20.039297',NULL,'~',15,41,0),(98,5,'Sabor (cumple o no No cumple)','2021-12-08 11:00:25.658380','2021-12-15 14:07:20.048991',633,'2021-12-15 14:07:20.050310',NULL,'~',15,41,0),(75,0,'Hora Inicio','2021-12-08 11:00:25.575476','2021-12-22 12:34:10.330605',634,'2021-12-22 12:34:10.331644',NULL,'~',13,41,0),(76,1,'Inicio de calentamiento y descremado a 45°C','2021-12-08 11:00:25.578791','2021-12-22 12:34:10.340278',635,'2021-12-22 12:34:10.341381',NULL,'~',13,41,0),(77,2,'Término de calentamiento y descremado a 45°C','2021-12-08 11:00:25.581780','2021-12-22 12:34:10.348659',636,'2021-12-22 12:34:10.349789',NULL,'~',13,41,0),(78,3,'Adición de sólidos (leche en polvo)					','2021-12-08 11:00:25.585035','2021-12-22 12:34:10.357409',637,'2021-12-22 12:34:10.358484',NULL,'~',13,41,0),(79,4,'PCC 1 - Pasteurización (85°C/30 minutos)								','2021-12-08 11:00:25.588638','2021-12-22 12:34:10.365734',638,'2021-12-22 12:34:10.366880',NULL,'~',13,41,0),(80,5,'Primer control a los 0 minutos					','2021-12-08 11:00:25.591615','2021-12-22 12:34:10.374115',639,'2021-12-22 12:34:10.375266',NULL,'~',13,41,0),(81,6,'Segundo control a los 15 minutos					','2021-12-08 11:00:25.595017','2021-12-22 12:34:10.382856',640,'2021-12-22 12:34:10.383873',NULL,'~',13,41,0),(82,7,'Tercer control a los 30 minutos					','2021-12-08 11:00:25.597949','2021-12-22 12:34:10.391307',641,'2021-12-22 12:34:10.392349',NULL,'~',13,41,0),(83,8,'Se cumple tiempo y temperatura de pasteurización (completar Sí o No):					','2021-12-08 11:00:25.600820','2021-12-22 12:34:10.399698',642,'2021-12-22 12:34:10.400755',NULL,'~',13,41,0),(84,9,'Enfriamiento hasta 45°C					','2021-12-08 11:00:25.604516','2021-12-22 12:34:10.407627',643,'2021-12-22 12:34:10.408592',NULL,'~',13,41,0),(85,10,'Adición de cultivos lacticos y lactasa con agitación durante 3 minutos					','2021-12-08 11:00:25.607527','2021-12-22 12:34:10.415394',644,'2021-12-22 12:34:10.416331',NULL,'~',13,41,0),(86,11,'Reposo a 45°C hasta alcanzar pH entre 5,0 a 5,3								','2021-12-08 11:00:25.610734','2021-12-22 12:34:10.423341',645,'2021-12-22 12:34:10.424372',NULL,'~',13,41,0),(87,12,'Enfriamiento de tina alcanzado en día 1					','2021-12-08 11:00:25.614768','2021-12-22 12:34:10.431548',646,'2021-12-22 12:34:10.432651',NULL,'~',13,41,0),(88,0,'Eliminación de capa superficial formada en frío (pH optimo 4,8)					','2021-12-08 11:00:25.619915','2021-12-22 12:34:10.443423',647,'2021-12-22 12:34:10.444407',NULL,'~',14,41,0),(89,1,'Adición de preservante sorbato de potasio (0,5 gr por 1 kg de yogurt) + batido					','2021-12-08 11:00:25.623196','2021-12-22 12:34:10.451400',648,'2021-12-22 12:34:10.452528',NULL,'~',14,41,0),(90,2,'PCC 2 - Filtrado de producto final (Porosidad maxima de 2,5 mm se constata con R-AC-010)								','2021-12-08 11:00:25.626397','2021-12-22 12:34:10.459448',649,'2021-12-22 12:34:10.460561',NULL,'~',14,41,0),(91,3,'Filtro bien instalado (completar Sí o No):					','2021-12-08 11:00:25.629495','2021-12-22 12:34:10.467459',650,'2021-12-22 12:34:10.468497',NULL,'~',14,41,0),(92,4,'Filtro se encuentra integro sin deterioro (completar Sí o No):					','2021-12-08 11:00:25.633129','2021-12-22 12:34:10.475425',651,'2021-12-22 12:34:10.476435',NULL,'~',14,41,0),(94,1,'Textura (cumple o no No cumple)','2021-12-08 11:00:25.642433','2021-12-22 12:34:10.487346',652,'2021-12-22 12:34:10.488245',NULL,'~',15,41,0),(95,2,'Color (cumple o no No cumple)','2021-12-08 11:00:25.646059','2021-12-22 12:34:10.500264',653,'2021-12-22 12:34:10.501116',NULL,'~',15,41,0),(96,3,'Aroma (cumple o no No cumple)','2021-12-08 11:00:25.650741','2021-12-22 12:34:10.507926',654,'2021-12-22 12:34:10.509037',NULL,'~',15,41,0),(97,4,'Aspecto (cumple o no No cumple)','2021-12-08 11:00:25.654805','2021-12-22 12:34:10.516158',655,'2021-12-22 12:34:10.517280',NULL,'~',15,41,0),(98,5,'Sabor (cumple o no No cumple)','2021-12-08 11:00:25.658380','2021-12-22 12:34:10.524781',656,'2021-12-22 12:34:10.525942',NULL,'~',15,41,0),(93,0,'Indicar pH (cumple o no No cumple)','2021-12-08 11:00:25.638761','2021-12-15 14:07:19.991545',657,'2021-12-22 12:34:10.536597',NULL,'-',15,41,0),(75,0,'Hora Inicio','2021-12-08 11:00:25.575476','2021-12-22 12:37:16.139151',658,'2021-12-22 12:37:16.140061',NULL,'~',13,41,0),(76,1,'Inicio de calentamiento y descremado a 45°C','2021-12-08 11:00:25.578791','2021-12-22 12:37:16.147311',659,'2021-12-22 12:37:16.148590',NULL,'~',13,41,0),(77,2,'Término de calentamiento y descremado a 45°C','2021-12-08 11:00:25.581780','2021-12-22 12:37:16.156135',660,'2021-12-22 12:37:16.157376',NULL,'~',13,41,0),(78,3,'Adición de sólidos (leche en polvo)					','2021-12-08 11:00:25.585035','2021-12-22 12:37:16.164733',661,'2021-12-22 12:37:16.165840',NULL,'~',13,41,0),(79,4,'PCC 1 - Pasteurización (85°C/30 minutos)								','2021-12-08 11:00:25.588638','2021-12-22 12:37:16.172544',662,'2021-12-22 12:37:16.173609',NULL,'~',13,41,0),(80,5,'Primer control a los 0 minutos					','2021-12-08 11:00:25.591615','2021-12-22 12:37:16.180748',663,'2021-12-22 12:37:16.181870',NULL,'~',13,41,0),(81,6,'Segundo control a los 15 minutos					','2021-12-08 11:00:25.595017','2021-12-22 12:37:16.188871',664,'2021-12-22 12:37:16.190252',NULL,'~',13,41,0),(82,7,'Tercer control a los 30 minutos					','2021-12-08 11:00:25.597949','2021-12-22 12:37:16.199203',665,'2021-12-22 12:37:16.200535',NULL,'~',13,41,0),(83,8,'Se cumple tiempo y temperatura de pasteurización (completar Sí o No):					','2021-12-08 11:00:25.600820','2021-12-22 12:37:16.207640',666,'2021-12-22 12:37:16.208667',NULL,'~',13,41,0),(84,9,'Enfriamiento hasta 45°C					','2021-12-08 11:00:25.604516','2021-12-22 12:37:16.215912',667,'2021-12-22 12:37:16.217082',NULL,'~',13,41,0),(85,10,'Adición de cultivos lacticos y lactasa con agitación durante 3 minutos					','2021-12-08 11:00:25.607527','2021-12-22 12:37:16.224636',668,'2021-12-22 12:37:16.225766',NULL,'~',13,41,0),(86,11,'Reposo a 45°C hasta alcanzar pH entre 5,0 a 5,3								','2021-12-08 11:00:25.610734','2021-12-22 12:37:16.232934',669,'2021-12-22 12:37:16.233977',NULL,'~',13,41,0),(87,12,'Enfriamiento de tina alcanzado en día 1					','2021-12-08 11:00:25.614768','2021-12-22 12:37:16.241012',670,'2021-12-22 12:37:16.242336',NULL,'~',13,41,0),(88,0,'Eliminación de capa superficial formada en frío (pH optimo 4,8)					','2021-12-08 11:00:25.619915','2021-12-22 12:37:16.253869',671,'2021-12-22 12:37:16.254602',NULL,'~',14,41,0),(89,1,'Adición de preservante sorbato de potasio (0,5 gr por 1 kg de yogurt) + batido					','2021-12-08 11:00:25.623196','2021-12-22 12:37:16.262013',672,'2021-12-22 12:37:16.263050',NULL,'~',14,41,0),(90,2,'PCC 2 - Filtrado de producto final (Porosidad maxima de 2,5 mm se constata con R-AC-010)								','2021-12-08 11:00:25.626397','2021-12-22 12:37:16.269959',673,'2021-12-22 12:37:16.271076',NULL,'~',14,41,0),(91,3,'Filtro bien instalado (completar Sí o No):					','2021-12-08 11:00:25.629495','2021-12-22 12:37:16.278258',674,'2021-12-22 12:37:16.279314',NULL,'~',14,41,0),(92,4,'Filtro se encuentra integro sin deterioro (completar Sí o No):					','2021-12-08 11:00:25.633129','2021-12-22 12:37:16.286650',675,'2021-12-22 12:37:16.287880',NULL,'~',14,41,0),(94,1,'Textura (cumple o no No cumple)','2021-12-08 11:00:25.642433','2021-12-22 12:37:16.300501',676,'2021-12-22 12:37:16.301385',NULL,'~',15,41,0),(95,2,'Color (cumple o no No cumple)','2021-12-08 11:00:25.646059','2021-12-22 12:37:16.305566',677,'2021-12-22 12:37:16.306660',NULL,'~',15,41,0),(96,3,'Aroma (cumple o no No cumple)','2021-12-08 11:00:25.650741','2021-12-22 12:37:16.317070',678,'2021-12-22 12:37:16.318002',NULL,'~',15,41,0),(97,4,'Aspecto (cumple o no No cumple)','2021-12-08 11:00:25.654805','2021-12-22 12:37:16.328608',679,'2021-12-22 12:37:16.329559',NULL,'~',15,41,0),(98,5,'Sabor (cumple o no No cumple)','2021-12-08 11:00:25.658380','2021-12-22 12:37:16.338979',680,'2021-12-22 12:37:16.339925',NULL,'~',15,41,0),(185,0,'asd','2021-12-22 14:41:50.399750','2021-12-22 14:41:50.399768',681,'2021-12-22 14:41:50.400515',NULL,'+',38,1,0),(185,0,'asd','2021-12-22 14:41:50.399750','2021-12-22 14:41:50.399768',682,'2021-12-22 14:41:55.078811',NULL,'-',38,1,0),(186,0,'felicitaciones','2021-12-22 14:43:06.262791','2021-12-22 14:43:06.262806',683,'2021-12-22 14:43:06.263293',NULL,'+',39,42,0),(186,0,'felicitaciones','2021-12-22 14:43:06.262791','2021-12-22 17:04:29.367928',684,'2021-12-22 17:04:29.368970',NULL,'~',39,41,0),(186,0,'Verifique el lote del yogur descremado PIP que usara','2021-12-22 14:43:06.262791','2021-12-23 17:20:05.163651',685,'2021-12-23 17:20:05.165308',NULL,'~',39,42,0),(187,1,'Verifique el lote de la Salsa que va a utilizar','2021-12-23 17:20:05.174826','2021-12-23 17:20:05.174849',686,'2021-12-23 17:20:05.175498',NULL,'+',39,42,0),(188,2,'Para el Yogur tome las siguientes mediciones','2021-12-23 17:20:05.178220','2021-12-23 17:20:05.178234',687,'2021-12-23 17:20:05.178882',NULL,'+',39,42,0),(189,3,'Para la salsa mida los siguientes parametros','2021-12-23 17:20:05.182478','2021-12-23 17:20:05.182498',688,'2021-12-23 17:20:05.183113',NULL,'+',39,42,0),(190,4,'Verifique el estado de la maquina dosificadora y su correcto funcionamiento','2021-12-23 17:20:05.185621','2021-12-23 17:20:05.185635',689,'2021-12-23 17:20:05.186267',NULL,'+',39,42,0),(191,5,'Verifique que tenga los insumos de empaque necesarios para comenzar a dosificar','2021-12-23 17:20:05.188560','2021-12-23 17:20:05.188573',690,'2021-12-23 17:20:05.188979',NULL,'+',39,42,0),(192,0,'Dosifique 20 gr de Salsa','2021-12-23 17:20:05.192884','2021-12-23 17:20:05.192896',691,'2021-12-23 17:20:05.193280',NULL,'+',40,42,0),(193,1,'Dosifique 130 gr de Yogur','2021-12-23 17:20:05.194757','2021-12-23 17:20:05.194771',692,'2021-12-23 17:20:05.195163',NULL,'+',40,42,0),(30,0,'Hora Inicio','2021-12-08 08:24:46.979230','2021-12-24 10:07:40.303549',693,'2021-12-24 10:07:40.306233',NULL,'~',9,41,0),(31,1,'Adición de sólidos (leche en polvo, almidones y gelatina)					','2021-12-08 08:24:46.988472','2021-12-24 10:07:40.337829',694,'2021-12-24 10:07:40.339568',NULL,'~',9,41,0),(32,2,'Filtrado de mezcla para eliminar posibles grumos					','2021-12-08 08:24:46.994435','2021-12-24 10:07:40.370360',695,'2021-12-24 10:07:40.379907',NULL,'~',9,41,0),(33,3,'PCC1 - Pasteurización (85°C/30 minutos)								','2021-12-08 08:24:47.000622','2021-12-24 10:07:40.412000',696,'2021-12-24 10:07:40.418382',NULL,'~',9,41,0),(34,4,'Primer control a los 0 minutos					','2021-12-08 08:24:47.009431','2021-12-24 10:07:40.454885',697,'2021-12-24 10:07:40.461541',NULL,'~',9,41,0),(35,5,'Segundo control a los 15 minutos					','2021-12-08 08:24:47.014999','2021-12-24 10:07:40.492294',698,'2021-12-24 10:07:40.498467',NULL,'~',9,41,0),(36,6,'Tercer control a los 30 minutos					','2021-12-08 08:24:47.020949','2021-12-24 10:07:40.532808',699,'2021-12-24 10:07:40.535928',NULL,'~',9,41,0),(37,7,'Se cumple tiempo y temperatura de pasteurización (completar Sí o No):					','2021-12-08 08:24:47.025963','2021-12-24 10:07:40.570426',700,'2021-12-24 10:07:40.572361',NULL,'~',9,41,0),(38,8,'Enfriamiento hasta 45°C					','2021-12-08 08:24:47.031113','2021-12-24 10:07:40.621777',701,'2021-12-24 10:07:40.627874',NULL,'~',9,41,0),(39,9,'Adición de cultivos lácticos y lactasa con agitación durante 3 minutos					','2021-12-08 08:24:47.035880','2021-12-24 10:07:40.668605',702,'2021-12-24 10:07:40.678669',NULL,'~',9,41,0),(40,10,'Reposo a 45°C hasta alcanzar pH entre 5,0 a 5,3 					','2021-12-08 08:24:47.041035','2021-12-24 10:07:40.713174',703,'2021-12-24 10:07:40.717316',NULL,'~',9,41,0),(41,11,'Enfriamiento de tina alcanzado en día 1					','2021-12-08 08:24:47.046505','2021-12-24 10:07:40.751706',704,'2021-12-24 10:07:40.752985',NULL,'~',9,41,0),(42,0,'Eliminación de capa superficial formada en frío (pH optimo 4,8)					','2021-12-08 08:24:47.058686','2021-12-24 10:07:40.799625',705,'2021-12-24 10:07:40.800413',NULL,'~',10,41,0),(43,1,'Adición de preservante sorbato de potasio (0,5 gr por 1 kg de yogurt)					','2021-12-08 08:24:47.064302','2021-12-24 10:07:40.825279',706,'2021-12-24 10:07:40.831541',NULL,'~',10,41,0),(44,2,'PCC 2 - Filtrado de producto final (Porosidad maxima de 2,5 mm se constata con R-AC-010)								','2021-12-08 08:24:47.069866','2021-12-24 10:07:40.862948',707,'2021-12-24 10:07:40.865097',NULL,'~',10,41,0),(45,3,'Filtro bien instalado (completar Sí o No):					','2021-12-08 08:24:47.075843','2021-12-24 10:07:40.896741',708,'2021-12-24 10:07:40.898088',NULL,'~',10,41,0),(46,4,'Filtro se encuentra integro sin deterioro (completar Sí o No):					','2021-12-08 08:24:47.083666','2021-12-24 10:07:40.942391',709,'2021-12-24 10:07:40.944109',NULL,'~',10,41,0),(30,0,'Hora Inicio','2021-12-08 08:24:46.979230','2021-12-24 10:49:42.409684',710,'2021-12-24 10:49:42.410593',NULL,'~',9,41,0),(31,1,'Adición de sólidos (leche en polvo, almidones y gelatina)					','2021-12-08 08:24:46.988472','2021-12-24 10:49:42.434532',711,'2021-12-24 10:49:42.446692',NULL,'~',9,41,0),(32,2,'Filtrado de mezcla para eliminar posibles grumos					','2021-12-08 08:24:46.994435','2021-12-24 10:49:42.479436',712,'2021-12-24 10:49:42.485652',NULL,'~',9,41,0),(33,3,'PCC1 - Pasteurización (85°C/30 minutos)								','2021-12-08 08:24:47.000622','2021-12-24 10:49:42.527494',713,'2021-12-24 10:49:42.530816',NULL,'~',9,41,0),(34,4,'Primer control a los 0 minutos					','2021-12-08 08:24:47.009431','2021-12-24 10:49:42.679191',714,'2021-12-24 10:49:42.682408',NULL,'~',9,41,0),(35,5,'Segundo control a los 15 minutos					','2021-12-08 08:24:47.014999','2021-12-24 10:49:42.832113',715,'2021-12-24 10:49:42.842355',NULL,'~',9,41,0),(36,6,'Tercer control a los 30 minutos					','2021-12-08 08:24:47.020949','2021-12-24 10:49:42.902648',716,'2021-12-24 10:49:42.906144',NULL,'~',9,41,0),(37,7,'Se cumple tiempo y temperatura de pasteurización (completar Sí o No):					','2021-12-08 08:24:47.025963','2021-12-24 10:49:42.965005',717,'2021-12-24 10:49:42.966861',NULL,'~',9,41,0),(38,8,'Enfriamiento hasta 45°C					','2021-12-08 08:24:47.031113','2021-12-24 10:49:43.039859',718,'2021-12-24 10:49:43.042114',NULL,'~',9,41,0),(39,9,'Adición de cultivos lácticos y lactasa con agitación durante 3 minutos					','2021-12-08 08:24:47.035880','2021-12-24 10:49:43.072131',719,'2021-12-24 10:49:43.079479',NULL,'~',9,41,0),(40,10,'Reposo a 45°C hasta alcanzar pH entre 5,0 a 5,3 					','2021-12-08 08:24:47.041035','2021-12-24 10:49:43.148067',720,'2021-12-24 10:49:43.155830',NULL,'~',9,41,0),(41,11,'Enfriamiento de tina alcanzado en día 1					','2021-12-08 08:24:47.046505','2021-12-24 10:49:43.214709',721,'2021-12-24 10:49:43.218831',NULL,'~',9,41,0),(42,0,'Eliminación de capa superficial formada en frío (pH optimo 4,8)					','2021-12-08 08:24:47.058686','2021-12-24 10:49:43.404503',722,'2021-12-24 10:49:43.411619',NULL,'~',10,41,0),(43,1,'Adición de preservante sorbato de potasio (0,5 gr por 1 kg de yogurt)					','2021-12-08 08:24:47.064302','2021-12-24 10:49:43.479784',723,'2021-12-24 10:49:43.483068',NULL,'~',10,41,0),(44,2,'PCC 2 - Filtrado de producto final (Porosidad maxima de 2,5 mm se constata con R-AC-010)								','2021-12-08 08:24:47.069866','2021-12-24 10:49:43.562936',724,'2021-12-24 10:49:43.564687',NULL,'~',10,41,0),(45,3,'Filtro bien instalado (completar Sí o No):					','2021-12-08 08:24:47.075843','2021-12-24 10:49:43.643824',725,'2021-12-24 10:49:43.645132',NULL,'~',10,41,0),(46,4,'Filtro se encuentra integro sin deterioro (completar Sí o No):					','2021-12-08 08:24:47.083666','2021-12-24 10:49:43.763366',726,'2021-12-24 10:49:43.765302',NULL,'~',10,41,0),(193,1,'Dosifique 130 gr de Yogur','2021-12-23 17:20:05.194757','2021-12-23 17:20:05.194771',727,'2022-01-12 14:50:38.367353',NULL,'-',40,42,0),(192,0,'Dosifique 20 gr de Salsa','2021-12-23 17:20:05.192884','2021-12-23 17:20:05.192896',728,'2022-01-12 14:50:38.373311',NULL,'-',40,42,0),(186,0,'Verifique el lote del yogur PIP que usara','2021-12-22 14:43:06.262791','2022-01-12 14:50:38.398005',729,'2022-01-12 14:50:38.399682',NULL,'~',39,42,0),(187,1,'Verifique el lote de la Salsa que va a utilizar','2021-12-23 17:20:05.174826','2022-01-12 14:50:38.407173',730,'2022-01-12 14:50:38.408375',NULL,'~',39,42,0),(188,2,'Para el Yogur tome las siguientes mediciones','2021-12-23 17:20:05.178220','2022-01-12 14:50:38.413442',731,'2022-01-12 14:50:38.416012',NULL,'~',39,42,0),(189,3,'Para la salsa mida los siguientes parámetros (si corresponde)','2021-12-23 17:20:05.182478','2022-01-12 14:50:38.426960',732,'2022-01-12 14:50:38.428260',NULL,'~',39,42,0),(190,4,'Verifique el estado de la maquina dosificadora y su correcto funcionamiento','2021-12-23 17:20:05.185621','2022-01-12 14:50:38.433767',733,'2022-01-12 14:50:38.434954',NULL,'~',39,42,0),(191,5,'Verifique que tenga los insumos de empaque necesarios para comenzar a dosificar','2021-12-23 17:20:05.188560','2022-01-12 14:50:38.439460',734,'2022-01-12 14:50:38.440514',NULL,'~',39,42,0),(186,0,'Verifique el lote del yogur PIP que usara','2021-12-22 14:43:06.262791','2022-01-12 14:51:24.697671',735,'2022-01-12 14:51:24.698524',NULL,'~',39,42,0),(187,1,'Verifique el lote de la Salsa que va a utilizar','2021-12-23 17:20:05.174826','2022-01-12 14:51:24.703090',736,'2022-01-12 14:51:24.704053',NULL,'~',39,42,0),(188,2,'Para el Yogur tome las siguientes mediciones','2021-12-23 17:20:05.178220','2022-01-12 14:51:24.708032',737,'2022-01-12 14:51:24.708960',NULL,'~',39,42,0),(189,3,'Para la salsa mida los siguientes parámetros (si corresponde)','2021-12-23 17:20:05.182478','2022-01-12 14:51:24.716729',738,'2022-01-12 14:51:24.717869',NULL,'~',39,42,0),(190,4,'Verifique el estado de la maquina dosificadora y su correcto funcionamiento','2021-12-23 17:20:05.185621','2022-01-12 14:51:24.722813',739,'2022-01-12 14:51:24.723971',NULL,'~',39,42,0),(191,5,'Verifique que tenga los insumos de empaque necesarios para comenzar a dosificar','2021-12-23 17:20:05.188560','2022-01-12 14:51:24.728801',740,'2022-01-12 14:51:24.729881',NULL,'~',39,42,0),(194,0,'bailar','2022-01-13 11:06:13.813857','2022-01-13 11:06:13.813876',741,'2022-01-13 11:06:13.814549',NULL,'+',41,1,0),(194,0,'Verifique el lote del Yogur Griego PIP que usara','2022-01-13 11:06:13.813857','2022-01-13 14:45:10.678947',742,'2022-01-13 14:45:10.680084',NULL,'~',41,42,0),(195,1,'Para el Yogur tome las siguientes mediciones','2022-01-13 14:45:10.690270','2022-01-13 14:45:10.690291',743,'2022-01-13 14:45:10.691258',NULL,'+',41,42,0),(196,2,'Verifique el estado de la maquina dosificadora y su correcto funcionamiento','2022-01-13 14:45:10.695462','2022-01-13 14:45:10.695489',744,'2022-01-13 14:45:10.696084',NULL,'+',41,42,0),(197,3,'Verifique que tenga los insumos de empaque necesarios para comenzar a dosificar','2022-01-13 14:45:10.698847','2022-01-13 14:45:10.698868',745,'2022-01-13 14:45:10.699643',NULL,'+',41,42,0),(198,0,'Proceda a dosificar 360 gramos por envase','2022-01-13 14:45:10.707707','2022-01-13 14:45:10.707732',746,'2022-01-13 14:45:10.708273',NULL,'+',42,42,0),(30,0,'Hora Inicio','2021-12-08 08:24:46.979230','2022-01-13 14:47:43.225433',747,'2022-01-13 14:47:43.226925',NULL,'~',9,42,0),(31,1,'Adición de sólidos (leche en polvo, almidones y gelatina)					','2021-12-08 08:24:46.988472','2022-01-13 14:47:43.241642',748,'2022-01-13 14:47:43.242881',NULL,'~',9,42,0),(32,2,'Filtrado de mezcla para eliminar posibles grumos					','2021-12-08 08:24:46.994435','2022-01-13 14:47:43.256329',749,'2022-01-13 14:47:43.257674',NULL,'~',9,42,0),(33,3,'PCC1 - Pasteurización (85°C/30 minutos)								','2021-12-08 08:24:47.000622','2022-01-13 14:47:43.270150',750,'2022-01-13 14:47:43.271669',NULL,'~',9,42,0),(34,4,'Primer control a los 0 minutos					','2021-12-08 08:24:47.009431','2022-01-13 14:47:43.284393',751,'2022-01-13 14:47:43.285600',NULL,'~',9,42,0),(35,5,'Segundo control a los 15 minutos					','2021-12-08 08:24:47.014999','2022-01-13 14:47:43.299908',752,'2022-01-13 14:47:43.301309',NULL,'~',9,42,0),(36,6,'Tercer control a los 30 minutos					','2021-12-08 08:24:47.020949','2022-01-13 14:47:43.318417',753,'2022-01-13 14:47:43.319752',NULL,'~',9,42,0),(37,7,'Se cumple tiempo y temperatura de pasteurización (completar Sí o No):					','2021-12-08 08:24:47.025963','2022-01-13 14:47:43.332345',754,'2022-01-13 14:47:43.333548',NULL,'~',9,42,0),(38,8,'Enfriamiento hasta 45°C					','2021-12-08 08:24:47.031113','2022-01-13 14:47:43.345609',755,'2022-01-13 14:47:43.346751',NULL,'~',9,42,0),(39,9,'Adición de cultivos lácticos y lactasa con agitación durante 3 minutos					','2021-12-08 08:24:47.035880','2022-01-13 14:47:43.358780',756,'2022-01-13 14:47:43.359868',NULL,'~',9,42,0),(40,10,'Reposo a 45°C hasta alcanzar pH entre 5,0 a 5,3 					','2021-12-08 08:24:47.041035','2022-01-13 14:47:43.374180',757,'2022-01-13 14:47:43.375384',NULL,'~',9,42,0),(41,11,'Enfriamiento de tina alcanzado en día 1					','2021-12-08 08:24:47.046505','2022-01-13 14:47:43.388118',758,'2022-01-13 14:47:43.389246',NULL,'~',9,42,0),(42,0,'Eliminación de capa superficial formada en frío (pH optimo 4,8)					','2021-12-08 08:24:47.058686','2022-01-13 14:47:43.405505',759,'2022-01-13 14:47:43.406424',NULL,'~',10,42,0),(43,1,'Adición de preservante sorbato de potasio (0,5 gr por 1 kg de yogurt)					','2021-12-08 08:24:47.064302','2022-01-13 14:47:43.418875',760,'2022-01-13 14:47:43.419952',NULL,'~',10,42,0),(44,2,'PCC 2 - Filtrado de producto final (Porosidad maxima de 2,5 mm se constata con R-AC-010)								','2021-12-08 08:24:47.069866','2022-01-13 14:47:43.431556',761,'2022-01-13 14:47:43.432667',NULL,'~',10,42,0),(45,3,'Filtro bien instalado (completar Sí o No):					','2021-12-08 08:24:47.075843','2022-01-13 14:47:43.444618',762,'2022-01-13 14:47:43.445731',NULL,'~',10,42,0),(46,4,'Filtro se encuentra integro sin deterioro (completar Sí o No):					','2021-12-08 08:24:47.083666','2022-01-13 14:47:43.458379',763,'2022-01-13 14:47:43.459627',NULL,'~',10,42,0),(99,0,'Hora Inicio','2021-12-08 11:16:05.879528','2022-01-13 15:18:39.289908',764,'2022-01-13 15:18:39.290811',NULL,'~',16,1,0),(100,1,'Adición de sólidos (leche en polvo)','2021-12-08 11:16:05.885877','2022-01-13 15:18:39.306943',765,'2022-01-13 15:18:39.308054',NULL,'~',16,1,0),(101,2,'PCC 1 - Pasteurización (85°C/30 minutos)','2021-12-08 11:16:05.892909','2022-01-13 15:18:39.322399',766,'2022-01-13 15:18:39.323507',NULL,'~',16,1,0),(102,3,'Primer control a los 0 minutos','2021-12-08 11:16:05.899094','2022-01-13 15:18:39.337652',767,'2022-01-13 15:18:39.338865',NULL,'~',16,1,0),(103,4,'Segundo control a los 15 minutos','2021-12-08 11:16:05.908226','2022-01-13 15:18:39.352719',768,'2022-01-13 15:18:39.353921',NULL,'~',16,1,0),(104,5,'Tercer control a los 30 minutos','2021-12-08 11:16:05.913991','2022-01-13 15:18:39.369126',769,'2022-01-13 15:18:39.370557',NULL,'~',16,1,0),(105,6,'Se cumple tiempo y temperatura de pasteurización (completar Sí o No):','2021-12-08 11:16:05.919605','2022-01-13 15:18:39.398156',770,'2022-01-13 15:18:39.400226',NULL,'~',16,1,0),(106,7,'Enfriamiento hasta 45°C','2021-12-08 11:16:05.925003','2022-01-13 15:18:39.451613',771,'2022-01-13 15:18:39.454568',NULL,'~',16,1,0),(107,8,'Adición de cultivos lácticos y lactasa con agitación durante 6 minutos','2021-12-08 11:16:05.930959','2022-01-13 15:18:39.493861',772,'2022-01-13 15:18:39.496270',NULL,'~',16,1,0),(108,9,'Reposo a 45°C hasta alcanzar pH entre 5,0 a 5,3 (*)','2021-12-08 11:16:05.937411','2022-01-13 15:18:39.535214',773,'2022-01-13 15:18:39.537993',NULL,'~',16,1,0),(109,10,'Enfriamiento de tina alcanzado en día 1','2021-12-08 11:16:05.945237','2022-01-13 15:18:39.603025',774,'2022-01-13 15:18:39.611189',NULL,'~',16,1,0),(110,0,'Eliminación de capa superficial formada en frío (pH optimo 4,8)					','2021-12-08 11:16:05.953633','2022-01-13 15:18:39.710391',775,'2022-01-13 15:18:39.712189',NULL,'~',17,1,0),(111,1,'Adición de preservante sorbato de potasio (0,5 gr por 1 kg de yogurt)					','2021-12-08 11:16:05.960258','2022-01-13 15:18:39.772085',776,'2022-01-13 15:18:39.773829',NULL,'~',17,1,0),(112,2,'PCC 2 - Filtrado de producto final (Porosidad maxima de 2,5 mm se constata con R-AC-010)								','2021-12-08 11:16:05.966233','2022-01-13 15:18:39.832254',777,'2022-01-13 15:18:39.833956',NULL,'~',17,1,0),(113,3,'Filtro bien instalado (completar Sí o No):					','2021-12-08 11:16:05.973790','2022-01-13 15:18:39.900186',778,'2022-01-13 15:18:39.901951',NULL,'~',17,1,0),(114,4,'Filtro se encuentra integro sin deterioro (completar Sí o No):					','2021-12-08 11:16:05.981017','2022-01-13 15:18:39.961719',779,'2022-01-13 15:18:39.963396',NULL,'~',17,1,0),(115,0,'Indicar pH (cumple o no No cumple)','2021-12-08 11:16:05.989047','2022-01-13 15:18:40.029329',780,'2022-01-13 15:18:40.035292',NULL,'~',18,1,0),(116,1,'Aroma (cumple o no No cumple)','2021-12-08 11:16:05.994852','2022-01-13 15:18:40.091435',781,'2022-01-13 15:18:40.093206',NULL,'~',18,1,0),(117,2,'Textura (cumple o no No cumple)','2021-12-08 11:16:06.002520','2022-01-13 15:18:40.148975',782,'2022-01-13 15:18:40.150645',NULL,'~',18,1,0),(118,3,'Sabor (cumple o no No cumple)','2021-12-08 11:16:06.008634','2022-01-13 15:18:40.202398',783,'2022-01-13 15:18:40.210165',NULL,'~',18,1,0),(119,4,'Color (cumple o no No cumple)','2021-12-08 11:16:06.015956','2022-01-13 15:18:40.257726',784,'2022-01-13 15:18:40.264870',NULL,'~',18,1,0),(120,5,'Aspecto (cumple o no No cumple)','2021-12-08 11:16:06.022186','2022-01-13 15:18:40.327056',785,'2022-01-13 15:18:40.333801',NULL,'~',18,1,0),(99,0,'Hora Inicio','2021-12-08 11:16:05.879528','2022-01-13 15:35:09.635699',786,'2022-01-13 15:35:09.637108',NULL,'~',16,1,0),(100,1,'Adición de sólidos (leche en polvo)','2021-12-08 11:16:05.885877','2022-01-13 15:35:09.654160',787,'2022-01-13 15:35:09.655440',NULL,'~',16,1,0),(101,2,'PCC 1 - Pasteurización (85°C/30 minutos)','2021-12-08 11:16:05.892909','2022-01-13 15:35:09.671347',788,'2022-01-13 15:35:09.672721',NULL,'~',16,1,0),(102,3,'Primer control a los 0 minutos','2021-12-08 11:16:05.899094','2022-01-13 15:35:09.688342',789,'2022-01-13 15:35:09.689595',NULL,'~',16,1,0),(103,4,'Segundo control a los 15 minutos','2021-12-08 11:16:05.908226','2022-01-13 15:35:09.704524',790,'2022-01-13 15:35:09.705866',NULL,'~',16,1,0),(104,5,'Tercer control a los 30 minutos','2021-12-08 11:16:05.913991','2022-01-13 15:35:09.721339',791,'2022-01-13 15:35:09.722646',NULL,'~',16,1,0),(105,6,'Se cumple tiempo y temperatura de pasteurización (completar Sí o No):','2021-12-08 11:16:05.919605','2022-01-13 15:35:09.737511',792,'2022-01-13 15:35:09.738843',NULL,'~',16,1,0),(106,7,'Enfriamiento hasta 45°C','2021-12-08 11:16:05.925003','2022-01-13 15:35:09.754398',793,'2022-01-13 15:35:09.755562',NULL,'~',16,1,0),(107,8,'Adición de cultivos lácticos y lactasa con agitación durante 6 minutos','2021-12-08 11:16:05.930959','2022-01-13 15:35:09.771777',794,'2022-01-13 15:35:09.773001',NULL,'~',16,1,0),(108,9,'Reposo a 45°C hasta alcanzar pH entre 5,0 a 5,3 (*)','2021-12-08 11:16:05.937411','2022-01-13 15:35:09.786810',795,'2022-01-13 15:35:09.788098',NULL,'~',16,1,0),(109,10,'Enfriamiento de tina alcanzado en día 1','2021-12-08 11:16:05.945237','2022-01-13 15:35:09.802325',796,'2022-01-13 15:35:09.803508',NULL,'~',16,1,0),(110,0,'Eliminación de capa superficial formada en frío (pH optimo 4,8)					','2021-12-08 11:16:05.953633','2022-01-13 15:35:09.821797',797,'2022-01-13 15:35:09.822848',NULL,'~',17,1,0),(111,1,'Adición de preservante sorbato de potasio (0,5 gr por 1 kg de yogurt)					','2021-12-08 11:16:05.960258','2022-01-13 15:35:09.836777',798,'2022-01-13 15:35:09.837930',NULL,'~',17,1,0),(112,2,'PCC 2 - Filtrado de producto final (Porosidad maxima de 2,5 mm se constata con R-AC-010)								','2021-12-08 11:16:05.966233','2022-01-13 15:35:09.852757',799,'2022-01-13 15:35:09.853966',NULL,'~',17,1,0),(113,3,'Filtro bien instalado (completar Sí o No):					','2021-12-08 11:16:05.973790','2022-01-13 15:35:09.867909',800,'2022-01-13 15:35:09.869048',NULL,'~',17,1,0),(114,4,'Filtro se encuentra integro sin deterioro (completar Sí o No):					','2021-12-08 11:16:05.981017','2022-01-13 15:35:09.885908',801,'2022-01-13 15:35:09.887030',NULL,'~',17,1,0),(115,0,'Indicar pH (cumple o no No cumple)','2021-12-08 11:16:05.989047','2022-01-13 15:35:09.905305',802,'2022-01-13 15:35:09.906362',NULL,'~',18,1,0),(116,1,'Aroma (cumple o no No cumple)','2021-12-08 11:16:05.994852','2022-01-13 15:35:09.921035',803,'2022-01-13 15:35:09.922267',NULL,'~',18,1,0),(117,2,'Textura (cumple o no No cumple)','2021-12-08 11:16:06.002520','2022-01-13 15:35:09.936111',804,'2022-01-13 15:35:09.937348',NULL,'~',18,1,0),(118,3,'Sabor (cumple o no No cumple)','2021-12-08 11:16:06.008634','2022-01-13 15:35:09.951667',805,'2022-01-13 15:35:09.952705',NULL,'~',18,1,0),(119,4,'Color (cumple o no No cumple)','2021-12-08 11:16:06.015956','2022-01-13 15:35:09.966889',806,'2022-01-13 15:35:09.968061',NULL,'~',18,1,0),(120,5,'Aspecto (cumple o no No cumple)','2021-12-08 11:16:06.022186','2022-01-13 15:35:09.983411',807,'2022-01-13 15:35:09.985585',NULL,'~',18,1,0),(3,0,'Recepción de Leche en Tina para medición de parámetros.','2021-11-18 12:28:08.695412','2022-01-13 16:54:33.719648',808,'2022-01-13 16:54:33.720964',NULL,'~',3,42,0),(14,1,'Verificación sensorial de la leche (olor, gusto y color)','2021-12-06 18:28:10.451610','2022-01-13 16:54:33.737112',809,'2022-01-13 16:54:33.738248',NULL,'~',3,42,0),(15,2,'Verificación de temperatura a 34 grados y encendido de equipo de agitación de tina.','2021-12-06 18:28:10.458589','2022-01-13 16:54:33.752461',810,'2022-01-13 16:54:33.753532',NULL,'~',3,42,0),(16,3,'Adición de calcio y cultivo.','2021-12-06 18:28:10.466237','2022-01-13 16:54:33.767917',811,'2022-01-13 16:54:33.768847',NULL,'~',3,42,0),(17,4,'Esperar aproximadamente 30 minutos hasta subir un grado de acidez (rango: 16 a 20).','2021-12-06 18:28:10.474065','2022-01-13 16:54:33.786317',812,'2022-01-13 16:54:33.787598',NULL,'~',3,42,0),(18,5,'Adicionar el Cuajo e inmediatamente reemplazar las paletas por liras.','2021-12-06 18:28:10.479694','2022-01-13 16:54:33.800329',813,'2022-01-13 16:54:33.801322',NULL,'~',3,42,0),(19,6,'Esperar aproximadamente 60 minutos y verificar coagulación de la leche.','2021-12-06 18:28:10.484674','2022-01-13 16:54:33.813996',814,'2022-01-13 16:54:33.815168',NULL,'~',3,42,0),(20,7,'Llame a su supervisor para verificar coagulación.','2021-12-06 18:28:10.490144','2022-01-13 16:54:33.830762',815,'2022-01-13 16:54:33.831897',NULL,'~',3,42,0),(6,0,'Corte con lira hasta que se vean cubos de cuajada de 1 centímetro.','2021-11-29 11:42:14.530916','2022-01-13 16:54:33.848403',816,'2022-01-13 16:54:33.849073',NULL,'~',4,42,0),(7,1,'Medición de acidez','2021-11-29 11:42:14.534464','2022-01-13 16:54:33.860195',817,'2022-01-13 16:54:33.860887',NULL,'~',4,42,0),(8,2,'Agitar 10 minutos para sellar cubo de cuajada','2021-11-29 11:42:14.538005','2022-01-13 16:54:33.872913',818,'2022-01-13 16:54:33.873682',NULL,'~',4,42,0),(9,3,'Dejar reposar por 5 minutos.','2021-11-29 11:42:14.541234','2022-01-13 16:54:33.889525',819,'2022-01-13 16:54:33.890474',NULL,'~',4,42,0),(21,4,'Desuerar el 50% de los litros de leche inicial.','2021-12-06 18:28:10.587376','2022-01-13 16:54:33.902372',820,'2022-01-13 16:54:33.903207',NULL,'~',4,42,0),(22,5,'Llamar a supervisor y evalué el cocimiento del grano.','2021-12-06 18:28:10.597219','2022-01-13 16:54:33.919808',821,'2022-01-13 16:54:33.921288',NULL,'~',4,42,0),(10,0,'Ejecute junto a su supervisor el cocimiento del grano.','2021-11-29 11:42:14.548594','2022-01-13 16:54:33.945924',822,'2022-01-13 16:54:33.947013',NULL,'~',5,42,0),(23,0,'Adición de sal y especias.','2021-12-06 18:28:10.640276','2022-01-13 16:54:33.965194',823,'2022-01-13 16:54:33.966390',NULL,'~',6,42,0),(24,1,'Medir acidez','2021-12-06 18:28:10.644660','2022-01-13 16:54:33.979590',824,'2022-01-13 16:54:33.980492',NULL,'~',6,42,0),(25,0,'Cargue todos los moldes con cuajada.','2021-12-06 18:28:10.652754','2022-01-13 16:54:33.993668',825,'2022-01-13 16:54:33.994461',NULL,'~',7,42,0),(26,1,'Voltear los moldes con cuajada.','2021-12-06 18:28:10.656507','2022-01-13 16:54:34.005246',826,'2022-01-13 16:54:34.006777',NULL,'~',7,42,0),(27,2,'Tapar con plástico los moldes volteados.','2021-12-06 18:28:10.660245','2022-01-13 16:54:34.017271',827,'2022-01-13 16:54:34.018209',NULL,'~',7,42,0),(28,3,'Dejar reposar sobre mesón por 12 horas mínimo.','2021-12-06 18:28:10.664359','2022-01-13 16:54:34.028307',828,'2022-01-13 16:54:34.029150',NULL,'~',7,42,0),(3,0,'Recepción de Leche en Tina para medición de parámetros.','2021-11-18 12:28:08.695412','2022-01-13 17:00:56.074936',829,'2022-01-13 17:00:56.076053',NULL,'~',3,42,0),(14,1,'Verificación sensorial de la leche (olor, gusto y color)','2021-12-06 18:28:10.451610','2022-01-13 17:00:56.085738',830,'2022-01-13 17:00:56.086882',NULL,'~',3,42,0),(15,2,'Verificación de temperatura a 34 grados y encendido de equipo de agitación de tina.','2021-12-06 18:28:10.458589','2022-01-13 17:00:56.091519',831,'2022-01-13 17:00:56.092694',NULL,'~',3,42,0),(16,3,'Adición de calcio y cultivo.','2021-12-06 18:28:10.466237','2022-01-13 17:00:56.099042',832,'2022-01-13 17:00:56.100163',NULL,'~',3,42,0),(17,4,'Esperar aproximadamente 30 minutos hasta subir un grado de acidez (rango: 16 a 20).','2021-12-06 18:28:10.474065','2022-01-13 17:00:56.104432',833,'2022-01-13 17:00:56.105586',NULL,'~',3,42,0),(18,5,'Adicionar el Cuajo e inmediatamente reemplazar las paletas por liras.','2021-12-06 18:28:10.479694','2022-01-13 17:00:56.112654',834,'2022-01-13 17:00:56.113918',NULL,'~',3,42,0),(19,6,'Esperar aproximadamente 60 minutos y verificar coagulación de la leche.','2021-12-06 18:28:10.484674','2022-01-13 17:00:56.120097',835,'2022-01-13 17:00:56.121186',NULL,'~',3,42,0),(20,7,'Llame a su supervisor para verificar coagulación.','2021-12-06 18:28:10.490144','2022-01-13 17:00:56.127475',836,'2022-01-13 17:00:56.128779',NULL,'~',3,42,0),(6,0,'Corte con lira hasta que se vean cubos de cuajada de 1 centímetro.','2021-11-29 11:42:14.530916','2022-01-13 17:00:56.138411',837,'2022-01-13 17:00:56.139432',NULL,'~',4,42,0),(7,1,'Medición de acidez','2021-11-29 11:42:14.534464','2022-01-13 17:00:56.143695',838,'2022-01-13 17:00:56.144814',NULL,'~',4,42,0),(8,2,'Agitar 10 minutos para sellar cubo de cuajada','2021-11-29 11:42:14.538005','2022-01-13 17:00:56.154622',839,'2022-01-13 17:00:56.155830',NULL,'~',4,42,0),(9,3,'Dejar reposar por 5 minutos.','2021-11-29 11:42:14.541234','2022-01-13 17:00:56.160423',840,'2022-01-13 17:00:56.161801',NULL,'~',4,42,0),(21,4,'Desuerar el 50% de los litros de leche inicial.','2021-12-06 18:28:10.587376','2022-01-13 17:00:56.166407',841,'2022-01-13 17:00:56.167663',NULL,'~',4,42,0),(22,5,'Llamar a supervisor y evalué el cocimiento del grano.','2021-12-06 18:28:10.597219','2022-01-13 17:00:56.173725',842,'2022-01-13 17:00:56.174835',NULL,'~',4,42,0),(10,0,'Ejecute junto a su supervisor el cocimiento del grano.','2021-11-29 11:42:14.548594','2022-01-13 17:00:56.187082',843,'2022-01-13 17:00:56.188017',NULL,'~',5,42,0),(23,0,'Adición de sal y especias.','2021-12-06 18:28:10.640276','2022-01-13 17:00:56.199401',844,'2022-01-13 17:00:56.200225',NULL,'~',6,42,0),(24,1,'Medir acidez','2021-12-06 18:28:10.644660','2022-01-13 17:00:56.208162',845,'2022-01-13 17:00:56.209325',NULL,'~',6,42,0),(25,0,'Cargue todos los moldes con cuajada.','2021-12-06 18:28:10.652754','2022-01-13 17:00:56.222118',846,'2022-01-13 17:00:56.222905',NULL,'~',7,42,0),(26,1,'Voltear los moldes con cuajada.','2021-12-06 18:28:10.656507','2022-01-13 17:00:56.227070',847,'2022-01-13 17:00:56.228222',NULL,'~',7,42,0),(27,2,'Tapar con plástico los moldes volteados.','2021-12-06 18:28:10.660245','2022-01-13 17:00:56.232162',848,'2022-01-13 17:00:56.233129',NULL,'~',7,42,0),(28,3,'Dejar reposar sobre mesón por 12 horas mínimo.','2021-12-06 18:28:10.664359','2022-01-13 17:00:56.237800',849,'2022-01-13 17:00:56.238815',NULL,'~',7,42,0),(199,0,'Pesar la cantidad de especia a utilizar','2022-01-13 17:30:45.022542','2022-01-13 17:30:45.022565',850,'2022-01-13 17:30:45.023262',NULL,'+',43,42,0),(200,1,'Seleccionar la cantidad de Masa Cabra PIP a mezclar','2022-01-13 17:30:45.025716','2022-01-13 17:30:45.025729',851,'2022-01-13 17:30:45.026268',NULL,'+',43,42,0),(201,2,'Moldear masa cabra PIP','2022-01-13 17:30:45.027686','2022-01-13 17:30:45.027698',852,'2022-01-13 17:30:45.028504',NULL,'+',43,42,0),(202,0,'Pesar la cantidad de especia a utilizar','2022-01-13 18:00:59.648767','2022-01-13 18:00:59.648801',853,'2022-01-13 18:00:59.649531',NULL,'+',44,1,0),(203,1,' Seleccionar la cantidad de Masa Cabra PIP a mezclar','2022-01-13 18:00:59.652002','2022-01-13 18:00:59.652030',854,'2022-01-13 18:00:59.652642',NULL,'+',44,1,0),(204,2,'Moldear masa cabra PIP','2022-01-13 18:00:59.653871','2022-01-13 18:00:59.653889',855,'2022-01-13 18:00:59.654575',NULL,'+',44,1,0),(205,0,'Pesar la cantidad de especia a utilizar','2022-01-13 18:01:46.044191','2022-01-13 18:01:46.044209',856,'2022-01-13 18:01:46.045068',NULL,'+',45,1,0),(206,1,'Seleccionar la cantidad de Masa Cabra PIP a mezclar','2022-01-13 18:01:46.047747','2022-01-13 18:01:46.047760',857,'2022-01-13 18:01:46.048182',NULL,'+',45,1,0),(207,2,'Moldear masa cabra PIP','2022-01-13 18:01:46.049829','2022-01-13 18:01:46.049843',858,'2022-01-13 18:01:46.050429',NULL,'+',45,1,0),(208,0,'Pesar la cantidad de especia a utilizar','2022-01-13 18:02:06.471433','2022-01-13 18:02:06.471463',859,'2022-01-13 18:02:06.472281',NULL,'+',46,42,0),(209,1,'Seleccionar la cantidad de Masa Cabra PIP a mezclar','2022-01-13 18:02:06.475064','2022-01-13 18:02:06.475087',860,'2022-01-13 18:02:06.475677',NULL,'+',46,42,0),(210,2,'Moldear masa cabra PIP','2022-01-13 18:02:06.477725','2022-01-13 18:02:06.477745',861,'2022-01-13 18:02:06.478504',NULL,'+',46,42,0),(199,0,'Pesar la cantidad de especia a utilizar','2022-01-13 17:30:45.022542','2022-01-13 18:02:13.834928',862,'2022-01-13 18:02:13.836057',NULL,'~',43,1,0),(200,1,'Seleccionar la cantidad de Masa Cabra PIP a mezclar','2022-01-13 17:30:45.025716','2022-01-13 18:02:13.840747',863,'2022-01-13 18:02:13.841866',NULL,'~',43,1,0),(201,2,'Moldear masa cabra PIP','2022-01-13 17:30:45.027686','2022-01-13 18:02:13.846861',864,'2022-01-13 18:02:13.848012',NULL,'~',43,1,0),(211,0,'Pesar la cantidad de especia a utilizar','2022-01-13 18:03:47.637344','2022-01-13 18:03:47.637362',865,'2022-01-13 18:03:47.638504',NULL,'+',47,1,0),(212,1,' Seleccionar la cantidad de Masa Cabra PIP a mezclar','2022-01-13 18:03:47.639808','2022-01-13 18:03:47.639821',866,'2022-01-13 18:03:47.640278',NULL,'+',47,1,0),(213,2,'Moldear masa cabra PIP','2022-01-13 18:03:47.641278','2022-01-13 18:03:47.641293',867,'2022-01-13 18:03:47.641742',NULL,'+',47,1,0),(3,0,'Recepción de Leche en Tina para medición de parámetros.','2021-11-18 12:28:08.695412','2022-01-13 20:12:46.078277',868,'2022-01-13 20:12:46.079370',NULL,'~',3,1,0),(14,1,'Verificación sensorial de la leche (olor, gusto y color)','2021-12-06 18:28:10.451610','2022-01-13 20:12:46.088508',869,'2022-01-13 20:12:46.089670',NULL,'~',3,1,0),(15,2,'Verificación de temperatura a 34 grados y encendido de equipo de agitación de tina.','2021-12-06 18:28:10.458589','2022-01-13 20:12:46.094013',870,'2022-01-13 20:12:46.095085',NULL,'~',3,1,0),(16,3,'Adición de calcio y cultivo.','2021-12-06 18:28:10.466237','2022-01-13 20:12:46.100602',871,'2022-01-13 20:12:46.101725',NULL,'~',3,1,0),(17,4,'Esperar aproximadamente 30 minutos hasta subir un grado de acidez (rango: 16 a 20).','2021-12-06 18:28:10.474065','2022-01-13 20:12:46.106082',872,'2022-01-13 20:12:46.107134',NULL,'~',3,1,0),(18,5,'Adicionar el Cuajo e inmediatamente reemplazar las paletas por liras.','2021-12-06 18:28:10.479694','2022-01-13 20:12:46.112793',873,'2022-01-13 20:12:46.113894',NULL,'~',3,1,0),(19,6,'Esperar aproximadamente 60 minutos y verificar coagulación de la leche.','2021-12-06 18:28:10.484674','2022-01-13 20:12:46.119432',874,'2022-01-13 20:12:46.120487',NULL,'~',3,1,0),(20,7,'Llame a su supervisor para verificar coagulación.','2021-12-06 18:28:10.490144','2022-01-13 20:12:46.126043',875,'2022-01-13 20:12:46.127204',NULL,'~',3,1,0),(6,0,'Corte con lira hasta que se vean cubos de cuajada de 1 centímetro.','2021-11-29 11:42:14.530916','2022-01-13 20:12:46.135165',876,'2022-01-13 20:12:46.136695',NULL,'~',4,1,0),(7,1,'Medición de acidez','2021-11-29 11:42:14.534464','2022-01-13 20:12:46.141576',877,'2022-01-13 20:12:46.142763',NULL,'~',4,1,0),(8,2,'Agitar 10 minutos para sellar cubo de cuajada','2021-11-29 11:42:14.538005','2022-01-13 20:12:46.157426',878,'2022-01-13 20:12:46.158607',NULL,'~',4,1,0),(9,3,'Dejar reposar por 5 minutos.','2021-11-29 11:42:14.541234','2022-01-13 20:12:46.163312',879,'2022-01-13 20:12:46.164514',NULL,'~',4,1,0),(21,4,'Desuerar el 50% de los litros de leche inicial.','2021-12-06 18:28:10.587376','2022-01-13 20:12:46.170056',880,'2022-01-13 20:12:46.171388',NULL,'~',4,1,0),(22,5,'Llamar a supervisor y evalué el cocimiento del grano.','2021-12-06 18:28:10.597219','2022-01-13 20:12:46.177491',881,'2022-01-13 20:12:46.178625',NULL,'~',4,1,0),(10,0,'Ejecute junto a su supervisor el cocimiento del grano.','2021-11-29 11:42:14.548594','2022-01-13 20:12:46.190894',882,'2022-01-13 20:12:46.192257',NULL,'~',5,1,0),(23,0,'Adición de sal y especias.','2021-12-06 18:28:10.640276','2022-01-13 20:12:46.204240',883,'2022-01-13 20:12:46.205401',NULL,'~',6,1,0),(24,1,'Medir acidez','2021-12-06 18:28:10.644660','2022-01-13 20:12:46.216700',884,'2022-01-13 20:12:46.218212',NULL,'~',6,1,0),(25,0,'Cargue todos los moldes con cuajada.','2021-12-06 18:28:10.652754','2022-01-13 20:12:46.236367',885,'2022-01-13 20:12:46.238705',NULL,'~',7,1,0),(26,1,'Voltear los moldes con cuajada.','2021-12-06 18:28:10.656507','2022-01-13 20:12:46.244327',886,'2022-01-13 20:12:46.245618',NULL,'~',7,1,0),(27,2,'Tapar con plástico los moldes volteados.','2021-12-06 18:28:10.660245','2022-01-13 20:12:46.252193',887,'2022-01-13 20:12:46.253651',NULL,'~',7,1,0),(28,3,'Dejar reposar sobre mesón por 12 horas mínimo.','2021-12-06 18:28:10.664359','2022-01-13 20:12:46.259453',888,'2022-01-13 20:12:46.260686',NULL,'~',7,1,0),(205,0,'Pesar la cantidad de especia a utilizar','2022-01-13 18:01:46.044191','2022-01-13 20:22:21.462422',889,'2022-01-13 20:22:21.464728',NULL,'~',45,42,0),(206,1,'Seleccionar la cantidad de Masa Cabra PIP a mezclar','2022-01-13 18:01:46.047747','2022-01-13 20:22:21.468612',890,'2022-01-13 20:22:21.469520',NULL,'~',45,42,0),(207,2,'Moldear masa cabra PIP','2022-01-13 18:01:46.049829','2022-01-13 20:22:21.473618',891,'2022-01-13 20:22:21.474649',NULL,'~',45,42,0),(199,0,'Pesar la cantidad de especia a utilizar','2022-01-13 17:30:45.022542','2022-01-13 20:22:52.867665',892,'2022-01-13 20:22:52.869367',NULL,'~',43,42,0),(200,1,'Seleccionar la cantidad de Masa Cabra PIP a mezclar','2022-01-13 17:30:45.025716','2022-01-13 20:22:52.878224',893,'2022-01-13 20:22:52.879358',NULL,'~',43,42,0),(201,2,'Moldear masa cabra PIP','2022-01-13 17:30:45.027686','2022-01-13 20:22:52.883724',894,'2022-01-13 20:22:52.884621',NULL,'~',43,42,0),(199,0,'Pesar la cantidad de especia a utilizar','2022-01-13 17:30:45.022542','2022-01-14 20:52:41.836405',895,'2022-01-14 20:52:41.839982',NULL,'~',43,1,0),(200,1,'Seleccionar la cantidad de Masa Cabra PIP a mezclar','2022-01-13 17:30:45.025716','2022-01-14 20:52:41.848473',896,'2022-01-14 20:52:41.851986',NULL,'~',43,1,0),(201,2,'Moldear masa cabra PIP','2022-01-13 17:30:45.027686','2022-01-14 20:52:41.858408',897,'2022-01-14 20:52:41.861460',NULL,'~',43,1,0),(199,0,'Pesar la cantidad de especia a utilizar','2022-01-13 17:30:45.022542','2022-01-14 20:52:54.579671',898,'2022-01-14 20:52:54.582829',NULL,'~',43,1,0),(200,1,'Seleccionar la cantidad de Masa Cabra PIP a mezclar','2022-01-13 17:30:45.025716','2022-01-14 20:52:54.591507',899,'2022-01-14 20:52:54.594755',NULL,'~',43,1,0),(201,2,'Moldear masa cabra PIP','2022-01-13 17:30:45.027686','2022-01-14 20:52:54.600917',900,'2022-01-14 20:52:54.604393',NULL,'~',43,1,0),(199,0,'Pesar la cantidad de especia a utilizar','2022-01-13 17:30:45.022542','2022-01-14 20:53:51.462050',901,'2022-01-14 20:53:51.507286',NULL,'~',43,1,0),(200,1,'Seleccionar la cantidad de Masa Cabra PIP a mezclar','2022-01-13 17:30:45.025716','2022-01-14 20:53:51.518515',902,'2022-01-14 20:53:51.522052',NULL,'~',43,1,0),(201,2,'Moldear masa cabra PIP','2022-01-13 17:30:45.027686','2022-01-14 20:53:51.528341',903,'2022-01-14 20:53:51.531834',NULL,'~',43,1,0),(199,0,'Pesar la cantidad de especia a utilizar','2022-01-13 17:30:45.022542','2022-01-14 20:54:41.426427',904,'2022-01-14 20:54:41.429598',NULL,'~',43,1,0),(200,1,'Seleccionar la cantidad de Masa Cabra PIP a mezclar','2022-01-13 17:30:45.025716','2022-01-14 20:54:41.484517',905,'2022-01-14 20:54:41.488104',NULL,'~',43,1,0),(201,2,'Moldear masa cabra PIP','2022-01-13 17:30:45.027686','2022-01-14 20:54:41.494523',906,'2022-01-14 20:54:41.498011',NULL,'~',43,1,0);
/*!40000 ALTER TABLE `pauta_historicalinstruccion` ENABLE KEYS */;
UNLOCK TABLES;

--
-- Table structure for table `pauta_historicalpauta`
--

DROP TABLE IF EXISTS `pauta_historicalpauta`;
/*!40101 SET @saved_cs_client     = @@character_set_client */;
/*!40101 SET character_set_client = utf8 */;
CREATE TABLE `pauta_historicalpauta` (
  `id` bigint(20) NOT NULL,
  `nombre` varchar(255) NOT NULL,
  `created` datetime(6) NOT NULL,
  `updated` datetime(6) NOT NULL,
  `history_id` int(11) NOT NULL AUTO_INCREMENT,
  `history_date` datetime(6) NOT NULL,
  `history_change_reason` varchar(100) DEFAULT NULL,
  `history_type` varchar(1) NOT NULL,
  `history_user_id` int(11) DEFAULT NULL,
  `rendimiento` double DEFAULT NULL,
  `tipo` varchar(255) NOT NULL,
  PRIMARY KEY (`history_id`),
  KEY `pauta_historicalpauta_history_user_id_7f8471b1_fk_auth_user_id` (`history_user_id`),
  KEY `pauta_historicalpauta_id_f2e5b0bd` (`id`),
  CONSTRAINT `pauta_historicalpauta_history_user_id_7f8471b1_fk_auth_user_id` FOREIGN KEY (`history_user_id`) REFERENCES `auth_user` (`id`)
) ENGINE=InnoDB AUTO_INCREMENT=122 DEFAULT CHARSET=latin1;
/*!40101 SET character_set_client = @saved_cs_client */;

--
-- Dumping data for table `pauta_historicalpauta`
--

LOCK TABLES `pauta_historicalpauta` WRITE;
/*!40000 ALTER TABLE `pauta_historicalpauta` DISABLE KEYS */;
INSERT INTO `pauta_historicalpauta` VALUES (5,'Santiago','2021-08-31 15:39:09.435977','2021-08-31 15:39:09.435997',1,'2021-08-31 15:39:09.467274',NULL,'+',1,8.5,'PIP'),(6,'Santiago','2021-08-31 15:39:41.924839','2021-08-31 15:39:41.924860',2,'2021-08-31 15:39:41.954432',NULL,'+',1,8.5,'PIP'),(6,'Yogurt Clasico','2021-08-31 15:39:41.924839','2021-08-31 15:42:37.520719',3,'2021-08-31 15:42:37.562321',NULL,'~',1,8.5,'PIP'),(6,'Yogurt Clasico','2021-08-31 15:39:41.924839','2021-08-31 15:42:37.520719',4,'2021-08-31 15:44:39.251336',NULL,'-',1,8.5,'PIP'),(6,'Yogurt Clasico','2021-08-31 15:44:58.459914','2021-08-31 15:44:58.459938',5,'2021-08-31 15:44:58.483951',NULL,'+',1,8.5,'PIP'),(2,'Cottage','2021-08-31 09:39:37.682164','2021-08-31 16:00:18.115968',6,'2021-08-31 16:00:18.174128',NULL,'~',1,8.5,'PIP'),(6,'Yogurt Clasico','2021-08-31 15:44:58.459914','2021-08-31 15:44:58.459938',7,'2021-08-31 16:12:48.007331',NULL,'-',1,8.5,'PIP'),(5,'Santiago','2021-08-31 15:39:09.435977','2021-08-31 16:30:11.816131',8,'2021-08-31 16:30:11.858259',NULL,'~',1,8.5,'PIP'),(5,'Santiago','2021-08-31 15:39:09.435977','2021-08-31 16:31:51.973498',9,'2021-08-31 16:31:51.999175',NULL,'~',1,8.5,'PIP'),(5,'Santiago','2021-08-31 15:39:09.435977','2021-08-31 16:32:16.635888',10,'2021-08-31 16:32:16.667848',NULL,'~',1,8.5,'PIP'),(5,'Santiago','2021-08-31 15:39:09.435977','2021-08-31 16:32:27.488089',11,'2021-08-31 16:32:27.615229',NULL,'~',1,8.5,'PIP'),(5,'Santiago','2021-08-31 15:39:09.435977','2021-08-31 16:33:42.948182',12,'2021-08-31 16:33:42.973903',NULL,'~',1,8.5,'PIP'),(5,'Santiago','2021-08-31 15:39:09.435977','2021-08-31 16:34:40.231585',13,'2021-08-31 16:34:40.290543',NULL,'~',1,8.5,'PIP'),(5,'Santiago','2021-08-31 15:39:09.435977','2021-08-31 16:35:22.118661',14,'2021-08-31 16:35:22.180895',NULL,'~',1,8.5,'PIP'),(5,'Santiago','2021-08-31 15:39:09.435977','2021-08-31 16:35:41.382983',15,'2021-08-31 16:35:41.407604',NULL,'~',1,8.5,'PIP'),(5,'Santiago','2021-08-31 15:39:09.435977','2021-08-31 16:35:49.298144',16,'2021-08-31 16:35:49.349583',NULL,'~',1,8.5,'PIP'),(5,'Santiago','2021-08-31 15:39:09.435977','2021-08-31 16:36:01.877060',17,'2021-08-31 16:36:01.915147',NULL,'~',1,8.5,'PIP'),(5,'Santiago','2021-08-31 15:39:09.435977','2021-08-31 16:36:10.453891',18,'2021-08-31 16:36:10.499522',NULL,'~',1,8.5,'PIP'),(5,'Santiago','2021-08-31 15:39:09.435977','2021-08-31 16:36:42.007211',19,'2021-08-31 16:36:42.066276',NULL,'~',1,8.5,'PIP'),(5,'Santiago','2021-08-31 15:39:09.435977','2021-08-31 16:37:27.671329',20,'2021-08-31 16:37:27.697133',NULL,'~',1,8.5,'PIP'),(5,'Santiago','2021-08-31 15:39:09.435977','2021-08-31 16:37:35.852704',21,'2021-08-31 16:37:35.881919',NULL,'~',1,8.5,'PIP'),(5,'Santiago','2021-08-31 15:39:09.435977','2021-08-31 16:37:53.031565',22,'2021-08-31 16:37:53.089602',NULL,'~',1,8.5,'PIP'),(5,'Santiago','2021-08-31 15:39:09.435977','2021-08-31 16:37:58.819889',23,'2021-08-31 16:37:58.848547',NULL,'~',1,8.5,'PIP'),(5,'Santiago','2021-08-31 15:39:09.435977','2021-08-31 16:38:04.753432',24,'2021-08-31 16:38:04.798730',NULL,'~',1,8.5,'PIP'),(5,'Santiago','2021-08-31 15:39:09.435977','2021-08-31 16:38:29.787117',25,'2021-08-31 16:38:29.848920',NULL,'~',1,8.5,'PIP'),(6,'Asd','2021-09-03 15:21:35.575566','2021-09-03 15:21:35.575592',26,'2021-09-03 15:21:35.607326',NULL,'+',1,8.5,'PIP'),(5,'Santiago','2021-08-31 15:39:09.435977','2021-09-03 15:46:19.114722',27,'2021-09-03 15:46:19.150164',NULL,'~',1,8.5,'PIP'),(6,'Asd','2021-09-03 15:21:35.575566','2021-09-03 16:08:25.726537',28,'2021-09-03 16:08:25.750338',NULL,'~',1,8.5,'PIP'),(5,'Santiago','2021-08-31 15:39:09.435977','2021-09-03 16:12:16.587589',29,'2021-09-03 16:12:16.640113',NULL,'~',1,8.5,'PIP'),(5,'Santiago','2021-08-31 15:39:09.435977','2021-09-03 16:12:25.802370',30,'2021-09-03 16:12:25.827691',NULL,'~',1,8.5,'PIP'),(5,'Santiago','2021-08-31 15:39:09.435977','2021-09-03 16:12:34.250394',31,'2021-09-03 16:12:34.281851',NULL,'~',1,8.5,'PIP'),(6,'Asd','2021-09-03 15:21:35.575566','2021-09-03 16:14:28.398259',32,'2021-09-03 16:14:28.430911',NULL,'~',1,8.5,'PIP'),(6,'Asd','2021-09-03 15:21:35.575566','2021-09-03 16:15:34.371235',33,'2021-09-03 16:15:34.399277',NULL,'~',1,8.5,'PIP'),(5,'Santiago','2021-08-31 15:39:09.435977','2021-09-03 16:15:40.753619',34,'2021-09-03 16:15:40.772636',NULL,'~',1,8.5,'PIP'),(6,'Asd','2021-09-03 15:21:35.575566','2021-09-03 16:17:30.174406',35,'2021-09-03 16:17:30.197907',NULL,'~',1,8.5,'PIP'),(7,'Vegurti','2021-09-07 15:25:10.902536','2021-09-07 15:25:10.902558',36,'2021-09-07 15:25:10.930842',NULL,'+',NULL,8.5,'PIP'),(7,'Vegurti','2021-09-07 15:25:10.902536','2021-09-07 15:27:33.791002',37,'2021-09-07 15:27:33.846901',NULL,'~',NULL,8.5,'PIP'),(7,'Vegurti','2021-09-07 15:25:10.902536','2021-09-07 15:27:44.427380',38,'2021-09-07 15:27:44.446645',NULL,'~',NULL,8.5,'PIP'),(7,'Vegurti','2021-09-07 15:25:10.902536','2021-09-07 15:27:56.368054',39,'2021-09-07 15:27:56.387979',NULL,'~',NULL,8.5,'PIP'),(7,'Vegurti','2021-09-07 15:25:10.902536','2021-09-07 15:27:56.368054',40,'2021-09-07 15:28:27.281772',NULL,'-',NULL,8.5,'PIP'),(6,'Asdd','2021-09-03 15:21:35.575566','2021-09-07 15:29:44.080007',41,'2021-09-07 15:29:44.113846',NULL,'~',1,8.5,'PIP'),(6,'Asdd','2021-09-03 15:21:35.575566','2021-09-07 15:29:44.080007',42,'2021-11-10 09:02:19.603416',NULL,'-',1,8.5,'PIP'),(5,'Santiago','2021-08-31 15:39:09.435977','2021-09-03 16:15:40.753619',43,'2021-11-10 09:02:22.198170',NULL,'-',1,8.5,'PIP'),(2,'Cottage','2021-08-31 09:39:37.682164','2021-08-31 16:00:18.115968',44,'2021-11-10 09:02:27.989479',NULL,'-',1,8.5,'PIP'),(3,'Queso Campo','2021-08-31 15:31:45.019988','2021-08-31 15:31:45.020009',45,'2021-11-10 09:02:30.164921',NULL,'-',1,8.5,'PIP'),(4,'Queso Campo','2021-08-31 15:32:13.310752','2021-08-31 15:32:13.310807',46,'2021-11-10 09:02:32.291162',NULL,'-',1,8.5,'PIP'),(1,'Azucar','2021-11-11 17:18:47.369435','2021-11-11 17:18:47.369453',47,'2021-11-11 17:18:47.371240',NULL,'+',1,8.5,'PIP'),(2,'Azucar','2021-11-12 15:23:27.975294','2021-11-12 15:23:27.975313',48,'2021-11-12 15:23:27.976839',NULL,'+',1,8.5,'PIP'),(3,'Tina Queso Cabra Tradicional','2021-11-18 12:28:08.676820','2021-11-18 12:28:08.676844',49,'2021-11-18 12:28:08.677852',NULL,'+',1,8.5,'PIP'),(3,'Tina Queso Cabra Tradicional','2021-11-18 12:28:08.676820','2021-11-18 12:47:03.862278',50,'2021-11-18 12:47:03.865220',NULL,'~',1,8.5,'PIP'),(3,'Tina Queso Cabra Tradicional','2021-11-18 12:28:08.676820','2021-11-21 21:56:35.783089',51,'2021-11-21 21:56:35.784534',NULL,'~',1,8.5,'PIP'),(3,'Tina Queso Cabra Tradicional','2021-11-18 12:28:08.676820','2021-11-29 11:28:03.422021',52,'2021-11-29 11:28:03.423369',NULL,'~',1,8.5,'PIP'),(3,'Tina Queso Cabra Tradicional','2021-11-18 12:28:08.676820','2021-11-29 11:42:14.480703',53,'2021-11-29 11:42:14.482298',NULL,'~',1,8.5,'PIP'),(3,'Tina Queso Cabra Tradicional','2021-11-18 12:28:08.676820','2021-12-06 13:45:47.572680',54,'2021-12-06 13:45:47.574168',NULL,'~',41,8.5,'PIP'),(3,'Tina Queso Cabra Tradicional','2021-11-18 12:28:08.676820','2021-12-06 13:49:30.764825',55,'2021-12-06 13:49:30.771994',NULL,'~',41,8.5,'PIP'),(3,'Tina Queso Cabra Tradicional','2021-11-18 12:28:08.676820','2021-12-06 18:28:10.394784',56,'2021-12-06 18:28:10.396519',NULL,'~',1,8.5,'PIP'),(3,'Tina Queso Cabra Tradicional','2021-11-18 12:28:08.676820','2021-12-06 18:40:25.809069',57,'2021-12-06 18:40:25.810759',NULL,'~',1,8.5,'PIP'),(4,'Azucar','2021-12-07 18:42:46.638699','2021-12-07 18:42:46.638726',58,'2021-12-07 18:42:46.641294',NULL,'+',1,8.5,'PIP'),(5,'YOGUR GRIEGO PIP','2021-12-08 08:24:46.941734','2021-12-08 08:24:46.941766',59,'2021-12-08 08:24:46.942858',NULL,'+',42,8.5,'PIP'),(6,'PROVOLETA PIP','2021-12-08 09:04:49.102564','2021-12-08 09:04:49.102597',60,'2021-12-08 09:04:49.104469',NULL,'+',42,8.5,'PIP'),(6,'PROVOLETA PIP','2021-12-08 09:04:49.102564','2021-12-08 09:27:12.952921',61,'2021-12-08 09:27:12.955209',NULL,'~',42,8.3,'PIP'),(5,'YOGUR GRIEGO PIP','2021-12-08 08:24:46.941734','2021-12-08 09:33:13.962878',62,'2021-12-08 09:33:13.964152',NULL,'~',1,100,'PIP'),(7,'YOGUR DESCREMADO PIP','2021-12-08 11:00:25.549084','2021-12-08 11:00:25.549111',63,'2021-12-08 11:00:25.550162',NULL,'+',42,1,'PIP'),(8,'YOGUR CLASICO PIP','2021-12-08 11:16:05.847091','2021-12-08 11:16:05.847124',64,'2021-12-08 11:16:05.850236',NULL,'+',42,1,'PIP'),(5,'YOGUR GRIEGO PIP','2021-12-08 08:24:46.941734','2021-12-08 11:33:43.103244',65,'2021-12-08 11:33:43.104734',NULL,'~',41,100,'PIP'),(8,'YOGUR CLASICO PIP','2021-12-08 11:16:05.847091','2021-12-08 11:34:13.727901',66,'2021-12-08 11:34:13.729634',NULL,'~',41,1,'PIP'),(7,'YOGUR DESCREMADO PIP','2021-12-08 11:00:25.549084','2021-12-08 11:34:50.711014',67,'2021-12-08 11:34:50.712663',NULL,'~',41,1,'PIP'),(5,'YOGUR GRIEGO PIP','2021-12-08 08:24:46.941734','2021-12-08 11:35:17.768098',68,'2021-12-08 11:35:17.770245',NULL,'~',41,100,'PIP'),(8,'YOGUR CLASICO PIP','2021-12-08 11:16:05.847091','2021-12-08 11:35:26.638474',69,'2021-12-08 11:35:26.639947',NULL,'~',41,1,'PIP'),(7,'YOGUR DESCREMADO PIP','2021-12-08 11:00:25.549084','2021-12-08 11:35:38.845046',70,'2021-12-08 11:35:38.846321',NULL,'~',41,1,'PIP'),(5,'YOGUR GRIEGO PIP','2021-12-08 08:24:46.941734','2021-12-08 11:35:54.011195',71,'2021-12-08 11:35:54.012879',NULL,'~',41,100,'PIP'),(6,'PROVOLETA PIP','2021-12-08 09:04:49.102564','2021-12-08 11:36:56.428813',72,'2021-12-08 11:36:56.431106',NULL,'~',41,8.3,'PIP'),(3,'Tina Queso Cabra Tradicional','2021-11-18 12:28:08.676820','2021-12-08 11:37:52.145706',73,'2021-12-08 11:37:52.147285',NULL,'~',41,8.5,'PIP'),(8,'YOGUR CLASICO PIP','2021-12-08 11:16:05.847091','2021-12-08 11:39:28.256370',74,'2021-12-08 11:39:28.258013',NULL,'~',41,100,'PIP'),(1,'Azucar','2021-11-11 17:18:47.369435','2021-11-11 17:18:47.369453',75,'2021-12-08 11:39:56.736612',NULL,'-',41,8.5,'PIP'),(2,'Azucar','2021-11-12 15:23:27.975294','2021-11-12 15:23:27.975313',76,'2021-12-08 11:40:00.699009',NULL,'-',41,8.5,'PIP'),(4,'Azucar','2021-12-07 18:42:46.638699','2021-12-07 18:42:46.638726',77,'2021-12-08 11:40:04.107496',NULL,'-',41,8.5,'PIP'),(9,'COTTAGE PIP','2021-12-08 11:51:16.864986','2021-12-08 11:51:16.865021',78,'2021-12-08 11:51:16.866413',NULL,'+',42,8.5,'PIP'),(10,'SALSA COTTAGE PIP','2021-12-08 11:57:06.759417','2021-12-08 11:57:06.759472',79,'2021-12-08 11:57:06.760741',NULL,'+',42,1,'PIP'),(11,'Cottage mas Salsa PIP','2021-12-08 12:06:28.181589','2021-12-08 12:06:28.181619',80,'2021-12-08 12:06:28.183452',NULL,'+',42,8.5,'PIP'),(12,'MASCARPONE PIP','2021-12-08 12:10:11.707445','2021-12-08 12:10:11.707489',81,'2021-12-08 12:10:11.709406',NULL,'+',42,8.5,'PIP'),(12,'MASCARPONE PIP','2021-12-08 12:10:11.707445','2021-12-08 12:20:36.760835',82,'2021-12-08 12:20:36.762100',NULL,'~',42,0.704,'PIP'),(12,'MASCARPONE PIP','2021-12-08 12:10:11.707445','2021-12-08 12:23:17.608227',83,'2021-12-08 12:23:17.609730',NULL,'~',42,0.704,'PIP'),(13,'CAMBRIE PIP','2021-12-08 12:35:28.191214','2021-12-08 12:35:28.191240',84,'2021-12-08 12:35:28.193902',NULL,'+',42,8.5,'PIP'),(7,'YOGUR DESCREMADO PIP','2021-12-08 11:00:25.549084','2021-12-15 11:55:41.484948',85,'2021-12-15 11:55:41.486078',NULL,'~',41,1,'PIP'),(14,'Leche de Vaca con logistica','2021-12-15 12:11:58.872875','2021-12-15 12:11:58.872895',86,'2021-12-15 12:11:58.873918',NULL,'+',41,1,'PIP'),(14,'Leche de Vaca con logistica','2021-12-15 12:11:58.872875','2021-12-15 13:09:41.718878',87,'2021-12-15 13:09:41.720028',NULL,'~',1,1,'PIP'),(14,'Leche de Vaca con logistica','2021-12-15 12:11:58.872875','2021-12-15 13:10:40.649396',88,'2021-12-15 13:10:40.651688',NULL,'~',41,1,'PIP'),(7,'YOGUR DESCREMADO PIP','2021-12-08 11:00:25.549084','2021-12-15 13:36:04.839768',89,'2021-12-15 13:36:04.841401',NULL,'~',41,1,'PIP'),(7,'YOGUR DESCREMADO PIP','2021-12-08 11:00:25.549084','2021-12-15 14:07:19.779951',90,'2021-12-15 14:07:19.781708',NULL,'~',41,1,'PIP'),(7,'YOGUR DESCREMADO PIP','2021-12-08 11:00:25.549084','2021-12-22 12:34:10.297768',91,'2021-12-22 12:34:10.299180',NULL,'~',41,1,'PIP'),(7,'YOGUR DESCREMADO PIP','2021-12-08 11:00:25.549084','2021-12-22 12:37:16.104188',92,'2021-12-22 12:37:16.105693',NULL,'~',41,1,'PIP'),(15,'Linea Descremado','2021-12-22 14:41:50.394341','2021-12-22 14:41:50.394368',93,'2021-12-22 14:41:50.395500',NULL,'+',1,1,'PIP'),(15,'Linea Descremado','2021-12-22 14:41:50.394341','2021-12-22 14:41:50.394368',94,'2021-12-22 14:41:55.081281',NULL,'-',1,1,'PIP'),(16,'Pauta Linea Descremado','2021-12-22 14:43:06.252003','2021-12-22 14:43:06.252029',95,'2021-12-22 14:43:06.254022',NULL,'+',42,1,'PIP'),(16,'Pauta Linea Descremado','2021-12-22 14:43:06.252003','2021-12-22 17:04:29.351574',96,'2021-12-22 17:04:29.353464',NULL,'~',41,1.058,'PIP'),(16,'Pauta Empaque Yogur Descremado','2021-12-22 14:43:06.252003','2021-12-23 17:20:05.124713',97,'2021-12-23 17:20:05.129767',NULL,'~',42,1.058,'PIP'),(5,'YOGUR GRIEGO PIP','2021-12-08 08:24:46.941734','2021-12-24 10:07:40.195446',98,'2021-12-24 10:07:40.198204',NULL,'~',41,1.13,'PIP'),(5,'YOGUR GRIEGO PIP','2021-12-08 08:24:46.941734','2021-12-24 10:49:42.294274',99,'2021-12-24 10:49:42.302899',NULL,'~',41,1.13,'PIP'),(16,'Pauta Empaque Yogur Descremado','2021-12-22 14:43:06.252003','2022-01-12 14:50:38.335197',100,'2022-01-12 14:50:38.336986',NULL,'~',42,1.058,'PIP'),(16,'Pauta Empaque Yogur','2021-12-22 14:43:06.252003','2022-01-12 14:51:24.682784',101,'2022-01-12 14:51:24.685862',NULL,'~',42,1.058,'PIP'),(17,'Pauta Linea Griego','2022-01-13 11:06:13.801936','2022-01-13 11:06:13.801962',102,'2022-01-13 11:06:13.803011',NULL,'+',1,8.5,'PIP'),(17,'Pauta Linea Griego','2022-01-13 11:06:13.801936','2022-01-13 14:45:10.666381',103,'2022-01-13 14:45:10.667860',NULL,'~',42,8.5,'PIP'),(5,'YOGUR GRIEGO PIP','2021-12-08 08:24:46.941734','2022-01-13 14:47:43.166898',104,'2022-01-13 14:47:43.168634',NULL,'~',42,1.13,'PIP'),(8,'YOGUR CLASICO PIP','2021-12-08 11:16:05.847091','2022-01-13 15:18:39.252653',105,'2022-01-13 15:18:39.253965',NULL,'~',1,100,'PIP'),(8,'YOGUR CLASICO PIP','2021-12-08 11:16:05.847091','2022-01-13 15:35:09.592090',106,'2022-01-13 15:35:09.593927',NULL,'~',1,100,'PIP'),(3,'Queso Cabra Tradicional PIP','2021-11-18 12:28:08.676820','2022-01-13 16:54:33.672245',107,'2022-01-13 16:54:33.676187',NULL,'~',42,8.5,'PIP'),(3,'Queso Cabra Tradicional PIP','2021-11-18 12:28:08.676820','2022-01-13 17:00:56.042714',108,'2022-01-13 17:00:56.043975',NULL,'~',42,8.5,'PIP'),(18,'Pauta Línea Queso Cabra Sabores','2022-01-13 17:30:45.012993','2022-01-13 17:30:45.013015',109,'2022-01-13 17:30:45.014261',NULL,'+',42,8.5,'PIP'),(19,'Pauta Linea Queso Tradicional Aceituna','2022-01-13 18:00:59.640867','2022-01-13 18:00:59.640889',110,'2022-01-13 18:00:59.642474',NULL,'+',1,8.5,'PIP'),(20,'Pauta Linea Queso Tradicional Ciboulette','2022-01-13 18:01:46.029063','2022-01-13 18:01:46.029092',111,'2022-01-13 18:01:46.030326',NULL,'+',1,8.5,'PIP'),(21,'Pauta de Linea Queso Cabra Natural','2022-01-13 18:02:06.464645','2022-01-13 18:02:06.464678',112,'2022-01-13 18:02:06.466164',NULL,'+',42,8.5,'PIP'),(18,'Pauta Linea Queso Tradicional Oregano','2022-01-13 17:30:45.012993','2022-01-13 18:02:13.823258',113,'2022-01-13 18:02:13.825140',NULL,'~',1,8.5,'PIP'),(22,'Pauta Linea Queso Tradicional Albahaca','2022-01-13 18:03:47.628487','2022-01-13 18:03:47.628518',114,'2022-01-13 18:03:47.630454',NULL,'+',1,8.5,'PIP'),(3,'Queso Cabra Tradicional PIP','2021-11-18 12:28:08.676820','2022-01-13 20:12:46.039977',115,'2022-01-13 20:12:46.043371',NULL,'~',1,8.5,'PIP'),(20,'Pauta Linea Queso Tradicional Ciboulette','2022-01-13 18:01:46.029063','2022-01-13 20:22:21.453403',116,'2022-01-13 20:22:21.455551',NULL,'~',42,1,'PIP'),(18,'Pauta Linea Queso Tradicional Oregano','2022-01-13 17:30:45.012993','2022-01-13 20:22:52.850563',117,'2022-01-13 20:22:52.852153',NULL,'~',42,1,'PIP'),(18,'Pauta Linea Queso Tradicional Oregano','2022-01-13 17:30:45.012993','2022-01-14 20:52:41.800562',118,'2022-01-14 20:52:41.804584',NULL,'~',1,1,'PIP'),(18,'Pauta Linea Queso Tradicional Oregano','2022-01-13 17:30:45.012993','2022-01-14 20:52:54.559521',119,'2022-01-14 20:52:54.563154',NULL,'~',1,1,'Linea'),(18,'Pauta Linea Queso Tradicional Oregano','2022-01-13 17:30:45.012993','2022-01-14 20:53:51.439339',120,'2022-01-14 20:53:51.443174',NULL,'~',1,1,'Linea'),(18,'Pauta Linea Queso Tradicional Oregano','2022-01-13 17:30:45.012993','2022-01-14 20:54:41.405890',121,'2022-01-14 20:54:41.409482',NULL,'~',1,1,'Linea');
/*!40000 ALTER TABLE `pauta_historicalpauta` ENABLE KEYS */;
UNLOCK TABLES;

--
-- Table structure for table `pauta_ingrediente`
--

DROP TABLE IF EXISTS `pauta_ingrediente`;
/*!40101 SET @saved_cs_client     = @@character_set_client */;
/*!40101 SET character_set_client = utf8 */;
CREATE TABLE `pauta_ingrediente` (
  `id` bigint(20) NOT NULL AUTO_INCREMENT,
  `cantidad` double NOT NULL,
  `created` datetime(6) NOT NULL,
  `updated` datetime(6) NOT NULL,
  `insumo_id` bigint(20) NOT NULL,
  `pauta_id` bigint(20) NOT NULL,
  `unidad` varchar(255) NOT NULL,
  `opcional` tinyint(1) NOT NULL,
  `original` tinyint(1) NOT NULL,
  `lider` tinyint(1) NOT NULL,
  PRIMARY KEY (`id`),
  KEY `pauta_ingrediente_pauta_id_6b30c956_fk_pauta_pauta_id` (`pauta_id`),
  KEY `pauta_ingrediente_insumo_id_6dbb9fb2_fk_nucleo_insumo_id` (`insumo_id`),
  CONSTRAINT `pauta_ingrediente_insumo_id_6dbb9fb2_fk_nucleo_insumo_id` FOREIGN KEY (`insumo_id`) REFERENCES `nucleo_insumo` (`id`),
  CONSTRAINT `pauta_ingrediente_pauta_id_6b30c956_fk_pauta_pauta_id` FOREIGN KEY (`pauta_id`) REFERENCES `pauta_pauta` (`id`)
) ENGINE=InnoDB AUTO_INCREMENT=77 DEFAULT CHARSET=latin1;
/*!40101 SET character_set_client = @saved_cs_client */;

--
-- Dumping data for table `pauta_ingrediente`
--

LOCK TABLES `pauta_ingrediente` WRITE;
/*!40000 ALTER TABLE `pauta_ingrediente` DISABLE KEYS */;
INSERT INTO `pauta_ingrediente` VALUES (4,100,'2021-11-18 12:28:08.683341','2022-01-13 20:12:46.047099',108,3,'litro',0,1,1),(5,0.2,'2021-11-18 12:28:08.686860','2022-01-13 20:12:46.051802',11,3,'unidad',0,1,0),(6,16,'2021-11-18 12:28:08.688429','2022-01-13 20:12:46.056497',38,3,'gramo',0,1,0),(7,0.8,'2021-11-18 12:28:08.689802','2022-01-13 20:12:46.060579',109,3,'kilogramo',0,1,0),(8,4,'2021-11-18 12:28:08.691150','2022-01-13 20:12:46.064721',107,3,'cc',0,1,0),(12,21000,'2021-12-08 08:24:46.962216','2022-01-13 14:47:43.174037',21,5,'gramo',0,1,0),(13,5,'2021-12-08 08:24:46.966268','2022-01-13 14:47:43.181968',47,5,'unidad',0,1,0),(14,8,'2021-12-08 08:24:46.967742','2022-01-13 14:47:43.185553',40,5,'unidad',0,1,0),(15,315,'2021-12-08 08:24:46.969400','2022-01-13 14:47:43.189671',76,5,'cc',0,1,0),(16,3150,'2021-12-08 08:24:46.970807','2022-01-13 14:47:43.193001',111,5,'gramo',0,1,0),(17,1050,'2021-12-08 08:24:46.972800','2022-01-13 14:47:43.196539',112,5,'gramo',0,1,0),(18,1050,'2021-12-08 08:24:46.974161','2022-01-13 14:47:43.200226',24,5,'gramo',0,1,0),(19,10,'2021-12-08 08:24:46.975524','2022-01-13 14:47:43.204077',98,5,'miligramo',0,1,0),(21,8400,'2021-12-08 09:04:49.115897','2021-12-08 11:36:56.441352',129,6,'litro',0,1,0),(22,2100,'2021-12-08 09:04:49.117992','2021-12-08 11:36:56.446074',38,6,'gramo',0,1,0),(23,1680,'2021-12-08 09:04:49.119680','2021-12-08 11:36:56.450683',35,6,'cc',0,1,0),(24,1,'2021-12-08 09:04:49.122864','2021-12-08 11:36:56.454461',95,6,'unidad',0,1,0),(25,0.5,'2021-12-08 09:04:49.126252','2021-12-08 11:36:56.458516',59,6,'unidad',0,1,0),(26,126,'2021-12-08 09:04:49.128573','2021-12-08 11:36:56.462639',70,6,'cc',0,1,0),(29,0.0562,'2021-12-08 11:00:25.566839','2021-12-22 12:37:16.108679',21,7,'kilogramo',0,1,0),(30,0.00006,'2021-12-08 11:00:25.568339','2021-12-22 12:37:16.112323',47,7,'unidad',0,1,0),(31,0.00006,'2021-12-08 11:00:25.569710','2021-12-22 12:37:16.116340',40,7,'unidad',0,1,0),(32,0.0009,'2021-12-08 11:00:25.571044','2021-12-22 12:37:16.119824',76,7,'litro',0,1,0),(34,375,'2021-12-08 11:16:05.862876','2022-01-13 15:35:09.597712',129,8,'litro',0,1,1),(35,11.25,'2021-12-08 11:16:05.864982','2022-01-13 15:35:09.601551',21,8,'kilogramo',0,1,0),(36,1.88,'2021-12-08 11:16:05.866493','2022-01-13 15:35:09.605438',111,8,'kilogramo',0,1,0),(37,5,'2021-12-08 11:16:05.868332','2022-01-13 15:35:09.609182',47,8,'unidad',0,1,0),(38,337.5,'2021-12-08 11:16:05.872699','2022-01-13 15:35:09.612791',76,8,'cc',0,1,0),(39,187.5,'2021-12-08 11:16:05.874920','2022-01-13 15:35:09.617212',98,8,'gramo',0,1,0),(41,750,'2021-12-08 11:51:16.881584','2021-12-08 11:51:16.881611',129,9,'litro',0,1,0),(42,5,'2021-12-08 11:51:16.883490','2021-12-08 11:51:16.883507',96,9,'unidad',1,1,0),(43,3,'2021-12-08 11:51:16.885534','2021-12-08 11:51:16.885552',95,9,'unidad',1,1,0),(44,7,'2021-12-08 11:57:06.770397','2021-12-08 11:57:06.770425',131,10,'kilogramo',1,1,0),(45,7,'2021-12-08 11:57:06.772055','2021-12-08 11:57:06.772068',34,10,'litro',1,1,0),(46,20.67,'2021-12-08 11:57:06.773738','2021-12-08 11:57:06.773752',129,10,'litro',0,1,0),(47,827,'2021-12-08 11:57:06.776552','2021-12-08 11:57:06.776568',21,10,'gramo',0,1,0),(48,402,'2021-12-08 11:57:06.778040','2021-12-08 11:57:06.778053',111,10,'gramo',0,1,0),(49,792,'2021-12-08 11:57:06.779385','2021-12-08 11:57:06.779399',109,10,'gramo',0,1,0),(50,175,'2021-12-08 11:57:06.781060','2021-12-08 11:57:06.781074',24,10,'gramo',0,1,0),(51,26,'2021-12-08 11:57:06.782461','2021-12-08 11:57:06.782474',98,10,'gramo',0,1,0),(52,401,'2021-12-08 12:10:11.719983','2021-12-08 12:23:17.614632',129,12,'litro',0,1,0),(53,172,'2021-12-08 12:10:11.723090','2021-12-08 12:23:17.618632',131,12,'kilogramo',1,1,0),(54,172,'2021-12-08 12:10:11.724928','2021-12-08 12:23:17.621683',34,12,'litro',1,1,0),(55,1147,'2021-12-08 12:10:11.726381','2021-12-08 12:23:17.624441',109,12,'gramo',0,1,0),(56,1433,'2021-12-08 12:10:11.727876','2021-12-08 12:23:17.627545',14,12,'gramo',0,1,0),(57,1433,'2021-12-08 12:20:36.786552','2021-12-08 12:23:17.631186',132,12,'litro',1,1,0),(58,950,'2021-12-08 12:35:28.203929','2021-12-08 12:35:28.203955',129,13,'litro',0,1,0),(59,237,'2021-12-08 12:35:28.206675','2021-12-08 12:35:28.206693',38,13,'gramo',0,1,0),(60,190,'2021-12-08 12:35:28.209725','2021-12-08 12:35:28.209741',35,13,'mililitro',0,1,0),(61,6.5,'2021-12-08 12:35:28.211059','2021-12-08 12:35:28.211079',9,13,'unidad',0,1,0),(62,5.1,'2021-12-08 12:35:28.212592','2021-12-08 12:35:28.212605',37,13,'unidad',0,1,0),(63,3.5,'2021-12-08 12:35:28.213917','2021-12-08 12:35:28.213931',10,13,'unidad',0,1,0),(64,1.3,'2021-12-08 12:35:28.215542','2021-12-08 12:35:28.215561',46,13,'unidad',0,1,0),(65,950,'2021-12-08 12:35:28.217169','2021-12-08 12:35:28.217181',109,13,'gramo',0,1,0),(66,1,'2021-12-15 12:11:58.875548','2021-12-15 13:10:40.655792',142,14,'n/a',1,1,0),(67,1,'2021-12-15 12:11:58.877529','2021-12-15 13:10:40.660383',129,14,'litro',0,1,1),(68,1.07,'2021-12-15 13:36:04.844584','2021-12-22 12:37:16.123494',141,7,'litro',0,1,1),(69,0.0005,'2021-12-15 14:07:19.803330','2021-12-22 12:37:16.127178',98,7,'kilogramo',0,1,0),(71,350,'2021-12-24 10:07:40.200967','2022-01-13 14:47:43.208261',141,5,'litro',0,1,1),(73,45,'2022-01-13 16:02:50.346914','2022-01-13 16:02:50.346940',167,16,'kilogramo',0,0,0),(74,240,'2022-01-13 16:02:50.357660','2022-01-13 16:02:50.357683',29,16,'gramo',0,0,0),(75,240,'2022-01-13 16:02:50.366636','2022-01-13 16:02:50.366656',28,16,'gramo',0,0,0),(76,3.12,'2022-01-13 16:02:50.376464','2022-01-13 16:02:50.376480',145,16,'kilogramo',0,0,0);
/*!40000 ALTER TABLE `pauta_ingrediente` ENABLE KEYS */;
UNLOCK TABLES;

--
-- Table structure for table `pauta_ingredienteproducto`
--

DROP TABLE IF EXISTS `pauta_ingredienteproducto`;
/*!40101 SET @saved_cs_client     = @@character_set_client */;
/*!40101 SET character_set_client = utf8 */;
CREATE TABLE `pauta_ingredienteproducto` (
  `id` bigint(20) NOT NULL AUTO_INCREMENT,
  `pauta_id` bigint(20) NOT NULL,
  `producto_id` bigint(20) NOT NULL,
  PRIMARY KEY (`id`),
  UNIQUE KEY `pauta_ingredienteproducto_pauta_id_producto_id_a2f47a49_uniq` (`pauta_id`,`producto_id`),
  KEY `pauta_ingredientepro_producto_id_e38a84ff_fk_nucleo_pr` (`producto_id`),
  CONSTRAINT `pauta_ingredientepro_producto_id_e38a84ff_fk_nucleo_pr` FOREIGN KEY (`producto_id`) REFERENCES `nucleo_producto` (`id`),
  CONSTRAINT `pauta_ingredienteproducto_pauta_id_4985537b_fk_pauta_pauta_id` FOREIGN KEY (`pauta_id`) REFERENCES `pauta_pauta` (`id`)
) ENGINE=InnoDB DEFAULT CHARSET=utf8;
/*!40101 SET character_set_client = @saved_cs_client */;

--
-- Dumping data for table `pauta_ingredienteproducto`
--

LOCK TABLES `pauta_ingredienteproducto` WRITE;
/*!40000 ALTER TABLE `pauta_ingredienteproducto` DISABLE KEYS */;
/*!40000 ALTER TABLE `pauta_ingredienteproducto` ENABLE KEYS */;
UNLOCK TABLES;

--
-- Table structure for table `pauta_ingredienteproductorestriccion`
--

DROP TABLE IF EXISTS `pauta_ingredienteproductorestriccion`;
/*!40101 SET @saved_cs_client     = @@character_set_client */;
/*!40101 SET character_set_client = utf8 */;
CREATE TABLE `pauta_ingredienteproductorestriccion` (
  `id` bigint(20) NOT NULL AUTO_INCREMENT,
  `simbolo` int(11) NOT NULL,
  `pmasa` double NOT NULL,
  `pauta_id` bigint(20) NOT NULL,
  `producto_id` bigint(20) NOT NULL,
  PRIMARY KEY (`id`),
  KEY `pauta_ingredientepro_pauta_id_8c5d2480_fk_pauta_pau` (`pauta_id`),
  KEY `pauta_ingredientepro_producto_id_39f77ed7_fk_nucleo_pr` (`producto_id`),
  CONSTRAINT `pauta_ingredientepro_pauta_id_8c5d2480_fk_pauta_pau` FOREIGN KEY (`pauta_id`) REFERENCES `pauta_pauta` (`id`),
  CONSTRAINT `pauta_ingredientepro_producto_id_39f77ed7_fk_nucleo_pr` FOREIGN KEY (`producto_id`) REFERENCES `nucleo_producto` (`id`)
) ENGINE=InnoDB DEFAULT CHARSET=utf8;
/*!40101 SET character_set_client = @saved_cs_client */;

--
-- Dumping data for table `pauta_ingredienteproductorestriccion`
--

LOCK TABLES `pauta_ingredienteproductorestriccion` WRITE;
/*!40000 ALTER TABLE `pauta_ingredienteproductorestriccion` DISABLE KEYS */;
/*!40000 ALTER TABLE `pauta_ingredienteproductorestriccion` ENABLE KEYS */;
UNLOCK TABLES;

--
-- Table structure for table `pauta_instruccion`
--

DROP TABLE IF EXISTS `pauta_instruccion`;
/*!40101 SET @saved_cs_client     = @@character_set_client */;
/*!40101 SET character_set_client = utf8 */;
CREATE TABLE `pauta_instruccion` (
  `id` bigint(20) NOT NULL AUTO_INCREMENT,
  `orden` int(11) NOT NULL,
  `descripcion` varchar(255) NOT NULL,
  `created` datetime(6) NOT NULL,
  `updated` datetime(6) NOT NULL,
  `etapa_id` bigint(20) NOT NULL,
  `puntocontrol` tinyint(1) NOT NULL,
  PRIMARY KEY (`id`),
  KEY `pauta_instruccion_etapa_id_0893b16b_fk_pauta_etapa_id` (`etapa_id`),
  CONSTRAINT `pauta_instruccion_etapa_id_0893b16b_fk_pauta_etapa_id` FOREIGN KEY (`etapa_id`) REFERENCES `pauta_etapa` (`id`)
) ENGINE=InnoDB AUTO_INCREMENT=214 DEFAULT CHARSET=latin1;
/*!40101 SET character_set_client = @saved_cs_client */;

--
-- Dumping data for table `pauta_instruccion`
--

LOCK TABLES `pauta_instruccion` WRITE;
/*!40000 ALTER TABLE `pauta_instruccion` DISABLE KEYS */;
INSERT INTO `pauta_instruccion` VALUES (3,0,'Recepción de Leche en Tina para medición de parámetros.','2021-11-18 12:28:08.695412','2022-01-13 20:12:46.078277',3,0),(6,0,'Corte con lira hasta que se vean cubos de cuajada de 1 centímetro.','2021-11-29 11:42:14.530916','2022-01-13 20:12:46.135165',4,0),(7,1,'Medición de acidez','2021-11-29 11:42:14.534464','2022-01-13 20:12:46.141576',4,0),(8,2,'Agitar 10 minutos para sellar cubo de cuajada','2021-11-29 11:42:14.538005','2022-01-13 20:12:46.157426',4,0),(9,3,'Dejar reposar por 5 minutos.','2021-11-29 11:42:14.541234','2022-01-13 20:12:46.163312',4,0),(10,0,'Ejecute junto a su supervisor el cocimiento del grano.','2021-11-29 11:42:14.548594','2022-01-13 20:12:46.190894',5,0),(14,1,'Verificación sensorial de la leche (olor, gusto y color)','2021-12-06 18:28:10.451610','2022-01-13 20:12:46.088508',3,0),(15,2,'Verificación de temperatura a 34 grados y encendido de equipo de agitación de tina.','2021-12-06 18:28:10.458589','2022-01-13 20:12:46.094013',3,0),(16,3,'Adición de calcio y cultivo.','2021-12-06 18:28:10.466237','2022-01-13 20:12:46.100602',3,0),(17,4,'Esperar aproximadamente 30 minutos hasta subir un grado de acidez (rango: 16 a 20).','2021-12-06 18:28:10.474065','2022-01-13 20:12:46.106082',3,0),(18,5,'Adicionar el Cuajo e inmediatamente reemplazar las paletas por liras.','2021-12-06 18:28:10.479694','2022-01-13 20:12:46.112793',3,0),(19,6,'Esperar aproximadamente 60 minutos y verificar coagulación de la leche.','2021-12-06 18:28:10.484674','2022-01-13 20:12:46.119432',3,0),(20,7,'Llame a su supervisor para verificar coagulación.','2021-12-06 18:28:10.490144','2022-01-13 20:12:46.126043',3,0),(21,4,'Desuerar el 50% de los litros de leche inicial.','2021-12-06 18:28:10.587376','2022-01-13 20:12:46.170056',4,0),(22,5,'Llamar a supervisor y evalué el cocimiento del grano.','2021-12-06 18:28:10.597219','2022-01-13 20:12:46.177491',4,0),(23,0,'Adición de sal y especias.','2021-12-06 18:28:10.640276','2022-01-13 20:12:46.204240',6,0),(24,1,'Medir acidez','2021-12-06 18:28:10.644660','2022-01-13 20:12:46.216700',6,0),(25,0,'Cargue todos los moldes con cuajada.','2021-12-06 18:28:10.652754','2022-01-13 20:12:46.236367',7,0),(26,1,'Voltear los moldes con cuajada.','2021-12-06 18:28:10.656507','2022-01-13 20:12:46.244327',7,0),(27,2,'Tapar con plástico los moldes volteados.','2021-12-06 18:28:10.660245','2022-01-13 20:12:46.252193',7,0),(28,3,'Dejar reposar sobre mesón por 12 horas mínimo.','2021-12-06 18:28:10.664359','2022-01-13 20:12:46.259453',7,0),(30,0,'Hora Inicio','2021-12-08 08:24:46.979230','2022-01-13 14:47:43.225433',9,0),(31,1,'Adición de sólidos (leche en polvo, almidones y gelatina)					','2021-12-08 08:24:46.988472','2022-01-13 14:47:43.241642',9,0),(32,2,'Filtrado de mezcla para eliminar posibles grumos					','2021-12-08 08:24:46.994435','2022-01-13 14:47:43.256329',9,0),(33,3,'PCC1 - Pasteurización (85°C/30 minutos)								','2021-12-08 08:24:47.000622','2022-01-13 14:47:43.270150',9,0),(34,4,'Primer control a los 0 minutos					','2021-12-08 08:24:47.009431','2022-01-13 14:47:43.284393',9,0),(35,5,'Segundo control a los 15 minutos					','2021-12-08 08:24:47.014999','2022-01-13 14:47:43.299908',9,0),(36,6,'Tercer control a los 30 minutos					','2021-12-08 08:24:47.020949','2022-01-13 14:47:43.318417',9,0),(37,7,'Se cumple tiempo y temperatura de pasteurización (completar Sí o No):					','2021-12-08 08:24:47.025963','2022-01-13 14:47:43.332345',9,0),(38,8,'Enfriamiento hasta 45°C					','2021-12-08 08:24:47.031113','2022-01-13 14:47:43.345609',9,0),(39,9,'Adición de cultivos lácticos y lactasa con agitación durante 3 minutos					','2021-12-08 08:24:47.035880','2022-01-13 14:47:43.358780',9,0),(40,10,'Reposo a 45°C hasta alcanzar pH entre 5,0 a 5,3 					','2021-12-08 08:24:47.041035','2022-01-13 14:47:43.374180',9,0),(41,11,'Enfriamiento de tina alcanzado en día 1					','2021-12-08 08:24:47.046505','2022-01-13 14:47:43.388118',9,0),(42,0,'Eliminación de capa superficial formada en frío (pH optimo 4,8)					','2021-12-08 08:24:47.058686','2022-01-13 14:47:43.405505',10,0),(43,1,'Adición de preservante sorbato de potasio (0,5 gr por 1 kg de yogurt)					','2021-12-08 08:24:47.064302','2022-01-13 14:47:43.418875',10,0),(44,2,'PCC 2 - Filtrado de producto final (Porosidad maxima de 2,5 mm se constata con R-AC-010)								','2021-12-08 08:24:47.069866','2022-01-13 14:47:43.431556',10,0),(45,3,'Filtro bien instalado (completar Sí o No):					','2021-12-08 08:24:47.075843','2022-01-13 14:47:43.444618',10,0),(46,4,'Filtro se encuentra integro sin deterioro (completar Sí o No):					','2021-12-08 08:24:47.083666','2022-01-13 14:47:43.458379',10,0),(47,0,'Pasteurización 75°C/15 seg								','2021-12-08 09:04:49.134261','2021-12-08 11:36:56.479860',11,0),(48,1,'Hora Inicio					','2021-12-08 09:04:49.138446','2021-12-08 11:36:56.490350',11,0),(49,2,'Hora termino					','2021-12-08 09:04:49.142618','2021-12-08 11:36:56.501219',11,0),(50,3,'Adición de cloruro de calcio a 35°C (CaCl) con agitación 3 minutos					','2021-12-08 09:04:49.146397','2021-12-08 11:36:56.512031',11,0),(51,4,'Adición de cultivos a 35°C (Helv A y RA21) con agitación 3 minutos					','2021-12-08 09:04:49.150098','2021-12-08 11:36:56.526604',11,0),(52,5,'Adición de colorante a 35°C con agitación 3 minutos					','2021-12-08 09:04:49.153982','2021-12-08 11:36:56.541006',11,0),(53,6,'Reposo por 10 minutos								','2021-12-08 09:04:49.158956','2021-12-08 11:36:56.553690',11,0),(54,7,'Adición de cuajo 35°C, agitación 3 minutos					','2021-12-08 09:04:49.164026','2021-12-08 11:36:56.567783',11,0),(55,8,'Reposo por 30 minutos (coagulación)								','2021-12-08 09:04:49.168366','2021-12-08 11:36:56.579445',11,0),(56,9,'Primer corte (cortar hasta lograr un grano pequeño)					','2021-12-08 09:04:49.171940','2021-12-08 11:36:56.591697',11,0),(57,10,'Reposo de 10 minutos								','2021-12-08 09:04:49.175941','2021-12-08 11:36:56.610973',11,0),(58,11,'Primera agitación suave por 15 minutos					','2021-12-08 09:04:49.179846','2021-12-08 11:36:56.621816',11,0),(59,12,'Desuere (30%)					','2021-12-08 09:04:49.183772','2021-12-08 11:36:56.633281',11,0),(60,13,'Cocimiento (20% de agua a 70°C) en 15 minutos								','2021-12-08 09:04:49.187424','2021-12-08 11:36:56.642583',11,0),(61,14,'Hora inicio					','2021-12-08 09:04:49.192266','2021-12-08 11:36:56.651246',11,0),(62,15,'Hora termino					','2021-12-08 09:04:49.195676','2021-12-08 11:36:56.660100',11,0),(63,16,'Segunda agitación (mantener temperatura a 38°C durante 10 minutos)					','2021-12-08 09:04:49.199206','2021-12-08 11:36:56.673150',11,0),(64,17,'Subir de 38°C a 42°C en 10 minutos. Mantener agitando 10 minutos					','2021-12-08 09:04:49.203357','2021-12-08 11:36:56.688262',11,0),(65,18,'Subir de 42°C a 49°C en 10 minutos con agitación					','2021-12-08 09:04:49.207086','2021-12-08 11:36:56.697167',11,0),(66,19,'Mantener según secado del grano con agitación					','2021-12-08 09:04:49.210799','2021-12-08 11:36:56.726599',11,0),(67,20,'Traslado a tina de desuere y moldeo					','2021-12-08 09:04:49.215079','2021-12-08 11:36:56.735538',11,0),(68,21,'Moldeo (indicar cantidad de piezas): 								','2021-12-08 09:04:49.218810','2021-12-08 11:36:56.744070',11,0),(69,22,'Prensado presion 20					','2021-12-08 09:04:49.221921','2021-12-08 11:36:56.754642',11,0),(70,23,'Volteo (tomar pH después de 1 hora del prensado) 					','2021-12-08 09:04:49.224864','2021-12-08 11:36:56.765043',11,0),(71,24,'Prensado presión 20 durante 14 hrs								','2021-12-08 09:04:49.227729','2021-12-08 11:36:56.774731',11,0),(72,0,'Desmolde (Toma de pH entre 5.1 y 5.4)					','2021-12-08 09:04:49.232752','2021-12-08 11:36:56.796809',12,0),(73,1,'Sumergir en salmuera 18 a 22°Be durante 4 horas					','2021-12-08 09:04:49.235563','2021-12-08 11:36:56.808166',12,0),(74,2,'Ingreso a cámara de maduración (12°C a 18°C durante 14 días.					','2021-12-08 09:04:49.238610','2021-12-08 11:36:56.818726',12,0),(75,0,'Hora Inicio','2021-12-08 11:00:25.575476','2021-12-22 12:37:16.139151',13,0),(76,1,'Inicio de calentamiento y descremado a 45°C','2021-12-08 11:00:25.578791','2021-12-22 12:37:16.147311',13,0),(77,2,'Término de calentamiento y descremado a 45°C','2021-12-08 11:00:25.581780','2021-12-22 12:37:16.156135',13,0),(78,3,'Adición de sólidos (leche en polvo)					','2021-12-08 11:00:25.585035','2021-12-22 12:37:16.164733',13,0),(79,4,'PCC 1 - Pasteurización (85°C/30 minutos)								','2021-12-08 11:00:25.588638','2021-12-22 12:37:16.172544',13,0),(80,5,'Primer control a los 0 minutos					','2021-12-08 11:00:25.591615','2021-12-22 12:37:16.180748',13,0),(81,6,'Segundo control a los 15 minutos					','2021-12-08 11:00:25.595017','2021-12-22 12:37:16.188871',13,0),(82,7,'Tercer control a los 30 minutos					','2021-12-08 11:00:25.597949','2021-12-22 12:37:16.199203',13,0),(83,8,'Se cumple tiempo y temperatura de pasteurización (completar Sí o No):					','2021-12-08 11:00:25.600820','2021-12-22 12:37:16.207640',13,0),(84,9,'Enfriamiento hasta 45°C					','2021-12-08 11:00:25.604516','2021-12-22 12:37:16.215912',13,0),(85,10,'Adición de cultivos lacticos y lactasa con agitación durante 3 minutos					','2021-12-08 11:00:25.607527','2021-12-22 12:37:16.224636',13,0),(86,11,'Reposo a 45°C hasta alcanzar pH entre 5,0 a 5,3								','2021-12-08 11:00:25.610734','2021-12-22 12:37:16.232934',13,0),(87,12,'Enfriamiento de tina alcanzado en día 1					','2021-12-08 11:00:25.614768','2021-12-22 12:37:16.241012',13,0),(88,0,'Eliminación de capa superficial formada en frío (pH optimo 4,8)					','2021-12-08 11:00:25.619915','2021-12-22 12:37:16.253869',14,0),(89,1,'Adición de preservante sorbato de potasio (0,5 gr por 1 kg de yogurt) + batido					','2021-12-08 11:00:25.623196','2021-12-22 12:37:16.262013',14,0),(90,2,'PCC 2 - Filtrado de producto final (Porosidad maxima de 2,5 mm se constata con R-AC-010)								','2021-12-08 11:00:25.626397','2021-12-22 12:37:16.269959',14,0),(91,3,'Filtro bien instalado (completar Sí o No):					','2021-12-08 11:00:25.629495','2021-12-22 12:37:16.278258',14,0),(92,4,'Filtro se encuentra integro sin deterioro (completar Sí o No):					','2021-12-08 11:00:25.633129','2021-12-22 12:37:16.286650',14,0),(94,1,'Textura (cumple o no No cumple)','2021-12-08 11:00:25.642433','2021-12-22 12:37:16.300501',15,0),(95,2,'Color (cumple o no No cumple)','2021-12-08 11:00:25.646059','2021-12-22 12:37:16.305566',15,0),(96,3,'Aroma (cumple o no No cumple)','2021-12-08 11:00:25.650741','2021-12-22 12:37:16.317070',15,0),(97,4,'Aspecto (cumple o no No cumple)','2021-12-08 11:00:25.654805','2021-12-22 12:37:16.328608',15,0),(98,5,'Sabor (cumple o no No cumple)','2021-12-08 11:00:25.658380','2021-12-22 12:37:16.338979',15,0),(99,0,'Hora Inicio','2021-12-08 11:16:05.879528','2022-01-13 15:35:09.635699',16,0),(100,1,'Adición de sólidos (leche en polvo)','2021-12-08 11:16:05.885877','2022-01-13 15:35:09.654160',16,0),(101,2,'PCC 1 - Pasteurización (85°C/30 minutos)','2021-12-08 11:16:05.892909','2022-01-13 15:35:09.671347',16,0),(102,3,'Primer control a los 0 minutos','2021-12-08 11:16:05.899094','2022-01-13 15:35:09.688342',16,0),(103,4,'Segundo control a los 15 minutos','2021-12-08 11:16:05.908226','2022-01-13 15:35:09.704524',16,0),(104,5,'Tercer control a los 30 minutos','2021-12-08 11:16:05.913991','2022-01-13 15:35:09.721339',16,0),(105,6,'Se cumple tiempo y temperatura de pasteurización (completar Sí o No):','2021-12-08 11:16:05.919605','2022-01-13 15:35:09.737511',16,0),(106,7,'Enfriamiento hasta 45°C','2021-12-08 11:16:05.925003','2022-01-13 15:35:09.754398',16,0),(107,8,'Adición de cultivos lácticos y lactasa con agitación durante 6 minutos','2021-12-08 11:16:05.930959','2022-01-13 15:35:09.771777',16,0),(108,9,'Reposo a 45°C hasta alcanzar pH entre 5,0 a 5,3 (*)','2021-12-08 11:16:05.937411','2022-01-13 15:35:09.786810',16,0),(109,10,'Enfriamiento de tina alcanzado en día 1','2021-12-08 11:16:05.945237','2022-01-13 15:35:09.802325',16,0),(110,0,'Eliminación de capa superficial formada en frío (pH optimo 4,8)					','2021-12-08 11:16:05.953633','2022-01-13 15:35:09.821797',17,0),(111,1,'Adición de preservante sorbato de potasio (0,5 gr por 1 kg de yogurt)					','2021-12-08 11:16:05.960258','2022-01-13 15:35:09.836777',17,0),(112,2,'PCC 2 - Filtrado de producto final (Porosidad maxima de 2,5 mm se constata con R-AC-010)								','2021-12-08 11:16:05.966233','2022-01-13 15:35:09.852757',17,0),(113,3,'Filtro bien instalado (completar Sí o No):					','2021-12-08 11:16:05.973790','2022-01-13 15:35:09.867909',17,0),(114,4,'Filtro se encuentra integro sin deterioro (completar Sí o No):					','2021-12-08 11:16:05.981017','2022-01-13 15:35:09.885908',17,0),(115,0,'Indicar pH (cumple o no No cumple)','2021-12-08 11:16:05.989047','2022-01-13 15:35:09.905305',18,0),(116,1,'Aroma (cumple o no No cumple)','2021-12-08 11:16:05.994852','2022-01-13 15:35:09.921035',18,0),(117,2,'Textura (cumple o no No cumple)','2021-12-08 11:16:06.002520','2022-01-13 15:35:09.936111',18,0),(118,3,'Sabor (cumple o no No cumple)','2021-12-08 11:16:06.008634','2022-01-13 15:35:09.951667',18,0),(119,4,'Color (cumple o no No cumple)','2021-12-08 11:16:06.015956','2022-01-13 15:35:09.966889',18,0),(120,5,'Aspecto (cumple o no No cumple)','2021-12-08 11:16:06.022186','2022-01-13 15:35:09.983411',18,0),(121,0,'Hora de inicio','2021-12-08 11:51:16.901756','2021-12-08 11:51:16.901769',19,0),(122,1,'Calentamiento a hasta 45ºC','2021-12-08 11:51:16.906570','2021-12-08 11:51:16.906587',19,0),(123,2,'Activación de repique','2021-12-08 11:51:16.912103','2021-12-08 11:51:16.912118',19,0),(124,0,'Hora de inicio						','2021-12-08 11:51:16.917754','2021-12-08 11:51:16.917770',20,0),(125,1,'Hora termino						','2021-12-08 11:51:16.922654','2021-12-08 11:51:16.922676',20,0),(126,0,'Descenso de temperaturas hasta 33°C','2021-12-08 11:51:16.929279','2021-12-08 11:51:16.929298',21,0),(127,1,'Toma de pH Repique','2021-12-08 11:51:16.933624','2021-12-08 11:51:16.933639',21,0),(128,2,'Adición de cultivos a 33°, agitación de 3 minutos','2021-12-08 11:51:16.937301','2021-12-08 11:51:16.937317',21,0),(129,3,'Reposo 14-16 horas','2021-12-08 11:51:16.941079','2021-12-08 11:51:16.941094',21,0),(130,0,'Toma de pH del grano, optimo 4.5','2021-12-08 11:51:16.947095','2021-12-08 11:51:16.947109',22,0),(131,1,'Primer corte con lira horizontal (lira 2 cm.). Reposo 10 minutos','2021-12-08 11:51:16.951035','2021-12-08 11:51:16.951050',22,0),(132,2,'Segundo corte con lira vertical. Reposo 10 minutos.','2021-12-08 11:51:16.956595','2021-12-08 11:51:16.956610',22,0),(133,0,'Hora de inicio','2021-12-08 11:51:16.962711','2021-12-08 11:51:16.962726',23,0),(134,1,'Hora de termino','2021-12-08 11:51:16.967678','2021-12-08 11:51:16.967694',23,0),(135,2,'Agitación suave por 10 minutos','2021-12-08 11:51:16.972429','2021-12-08 11:51:16.972463',23,0),(136,3,'Desuere Total','2021-12-08 11:51:16.977634','2021-12-08 11:51:16.977647',23,0),(137,0,'Primer lavado con agua fria por sobre cuajada (30%lts)','2021-12-08 11:51:16.982273','2021-12-08 11:51:16.982286',24,0),(138,1,'Reposo 5 minutos','2021-12-08 11:51:16.985914','2021-12-08 11:51:16.985926',24,0),(139,2,'Segundo lavado con agua fria por sobre cuajada (30%lts)','2021-12-08 11:51:16.989041','2021-12-08 11:51:16.989056',24,0),(140,3,'Reposo 5 minutos','2021-12-08 11:51:16.993403','2021-12-08 11:51:16.993416',24,0),(141,4,'Tercer lavado  con agua fria por sobre cuajada (30%)','2021-12-08 11:51:16.997450','2021-12-08 11:51:16.997469',24,0),(142,5,'Reposo 5 minutos','2021-12-08 11:51:17.001859','2021-12-08 11:51:17.001882',24,0),(143,6,'Drenado 14 horas (6-8°)','2021-12-08 11:51:17.005566','2021-12-08 11:51:17.005581',24,0),(144,0,'Pasteurización de crema y sal (85.5°C por 15 minutos)','2021-12-08 11:57:06.786195','2021-12-08 11:57:06.786208',25,0),(145,1,'Hora Inicio','2021-12-08 11:57:06.789346','2021-12-08 11:57:06.789359',25,0),(146,2,'Hora de Termino','2021-12-08 11:57:06.792561','2021-12-08 11:57:06.792573',25,0),(147,0,'pendiente','2021-12-08 12:06:28.192794','2021-12-08 12:06:28.192809',26,0),(148,0,'Hora de inicio','2021-12-08 12:10:11.730913','2021-12-08 12:23:17.645161',27,0),(149,1,'Adición de Sal (2%) y Crema','2021-12-08 12:20:36.807257','2021-12-08 12:23:17.654003',27,0),(150,0,'Hora de inicio','2021-12-08 12:20:36.814872','2021-12-08 12:23:17.679485',28,0),(151,1,'Adición de Ác. cítrico al inicio de pasteurización (2,5%) y agitar suave 3 minutos.','2021-12-08 12:20:36.817446','2021-12-08 12:23:17.698052',28,0),(152,2,'Hora término	','2021-12-08 12:20:36.819730','2021-12-08 12:23:17.710586',28,0),(153,0,'Hora Inicio','2021-12-08 12:23:17.730841','2021-12-08 12:23:17.730857',29,0),(154,1,'Drenado de cuajada en un cedazo por 14 horas a 6-8°C','2021-12-08 12:23:17.733662','2021-12-08 12:23:17.733674',29,0),(155,2,'pH final día 1:','2021-12-08 12:23:17.736014','2021-12-08 12:23:17.736030',29,0),(156,0,'Hora Inicio','2021-12-08 12:23:17.741193','2021-12-08 12:23:17.741206',30,0),(157,1,'Medición de pH','2021-12-08 12:23:17.743752','2021-12-08 12:23:17.743766',30,0),(158,0,'Hora de inicio','2021-12-08 12:35:28.222161','2021-12-08 12:35:28.222174',31,0),(159,1,'Calentamiento a hasta 45ºC','2021-12-08 12:35:28.225470','2021-12-08 12:35:28.225483',31,0),(160,2,'Descremado (30% del total)			','2021-12-08 12:35:28.228625','2021-12-08 12:35:28.228638',31,0),(161,3,'Calentamiento a hasta 64ºC con agitación constante','2021-12-08 12:35:28.231802','2021-12-08 12:35:28.231815',31,0),(162,0,'Hora de inicio (Control Temperatura 1)						','2021-12-08 12:35:28.236335','2021-12-08 12:35:28.236348',32,0),(163,1,'Hora Intermedia (Control Temperatura 3)						','2021-12-08 12:35:28.242411','2021-12-08 12:35:28.242453',32,0),(164,2,'Hora termino  (Control Temperatura 2)						','2021-12-08 12:35:28.249175','2021-12-08 12:35:28.249191',32,0),(165,0,'Hora de inicio (Control Temperatura 1)						','2021-12-08 12:35:28.254517','2021-12-08 12:35:28.254538',33,0),(166,1,'Hora Intermedia (Control Temperatura 2)						','2021-12-08 12:35:28.257582','2021-12-08 12:35:28.257595',33,0),(167,2,'Hora termino  (Control Temperatura 2)						','2021-12-08 12:35:28.262424','2021-12-08 12:35:28.262439',33,0),(168,3,'Temperatura Promedio entrada Tina 						','2021-12-08 12:35:28.265571','2021-12-08 12:35:28.265584',33,0),(169,0,'Adición de cloruro de calcio ( 40 ºC )						','2021-12-08 12:35:28.270871','2021-12-08 12:35:28.270889',34,0),(170,1,'Adición de cultivos ( 35ºC ) (agitación 3 minutos)						','2021-12-08 12:35:28.274149','2021-12-08 12:35:28.274162',34,0),(171,2,'Reposo por 10 minutos						','2021-12-08 12:35:28.277263','2021-12-08 12:35:28.277276',34,0),(172,3,'Adición de cuajo ( 34ºC ) (agitación 3 minutos )						','2021-12-08 12:35:28.280137','2021-12-08 12:35:28.280150',34,0),(173,4,'Reposo ( coagulación 35 a 40 minutos )						','2021-12-08 12:35:28.283243','2021-12-08 12:35:28.283256',34,0),(174,5,'Corte (Lira 2 cm. )						','2021-12-08 12:35:28.286419','2021-12-08 12:35:28.286431',34,0),(175,6,'Reposo  (15  minutos )						','2021-12-08 12:35:28.289571','2021-12-08 12:35:28.289587',34,0),(176,7,'Primera agitación (de menor a mayor intensidad por 15 min.)						','2021-12-08 12:35:28.292772','2021-12-08 12:35:28.292788',34,0),(177,0,'Primer volteo ( aprox1/2 hora después de terminar el moldeo)						','2021-12-08 12:35:28.296973','2021-12-08 12:35:28.296986',35,0),(178,1,'Segundo volteo ( 1 hora después de terminar el primer volteo )						','2021-12-08 12:35:28.299755','2021-12-08 12:35:28.299767',35,0),(179,2,'Reposo (15-19°C) x 14 horas						','2021-12-08 12:35:28.302760','2021-12-08 12:35:28.302773',35,0),(180,0,'Desmolde						','2021-12-08 12:35:28.307237','2021-12-08 12:35:28.307250',36,0),(181,1,'Determinar pH  ( optimo 5.0 )						','2021-12-08 12:35:28.310335','2021-12-08 12:35:28.310349',36,0),(182,2,'Salado superficial						','2021-12-08 12:35:28.313774','2021-12-08 12:35:28.313787',36,0),(183,3,'Ingreso a cámara de maduración (6-8°C) x 15 dias 						','2021-12-08 12:35:28.317099','2021-12-08 12:35:28.317113',36,0),(184,0,'.','2021-12-15 12:11:58.882625','2021-12-15 13:10:40.671461',37,0),(186,0,'Verifique el lote del yogur PIP que usara','2021-12-22 14:43:06.262791','2022-01-12 14:51:24.697671',39,0),(187,1,'Verifique el lote de la Salsa que va a utilizar','2021-12-23 17:20:05.174826','2022-01-12 14:51:24.703090',39,0),(188,2,'Para el Yogur tome las siguientes mediciones','2021-12-23 17:20:05.178220','2022-01-12 14:51:24.708032',39,0),(189,3,'Para la salsa mida los siguientes parámetros (si corresponde)','2021-12-23 17:20:05.182478','2022-01-12 14:51:24.716729',39,0),(190,4,'Verifique el estado de la maquina dosificadora y su correcto funcionamiento','2021-12-23 17:20:05.185621','2022-01-12 14:51:24.722813',39,0),(191,5,'Verifique que tenga los insumos de empaque necesarios para comenzar a dosificar','2021-12-23 17:20:05.188560','2022-01-12 14:51:24.728801',39,0),(194,0,'Verifique el lote del Yogur Griego PIP que usara','2022-01-13 11:06:13.813857','2022-01-13 14:45:10.678947',41,0),(195,1,'Para el Yogur tome las siguientes mediciones','2022-01-13 14:45:10.690270','2022-01-13 14:45:10.690291',41,0),(196,2,'Verifique el estado de la maquina dosificadora y su correcto funcionamiento','2022-01-13 14:45:10.695462','2022-01-13 14:45:10.695489',41,0),(197,3,'Verifique que tenga los insumos de empaque necesarios para comenzar a dosificar','2022-01-13 14:45:10.698847','2022-01-13 14:45:10.698868',41,0),(198,0,'Proceda a dosificar 360 gramos por envase','2022-01-13 14:45:10.707707','2022-01-13 14:45:10.707732',42,0),(199,0,'Pesar la cantidad de especia a utilizar','2022-01-13 17:30:45.022542','2022-01-14 20:54:41.426427',43,0),(200,1,'Seleccionar la cantidad de Masa Cabra PIP a mezclar','2022-01-13 17:30:45.025716','2022-01-14 20:54:41.484517',43,0),(201,2,'Moldear masa cabra PIP','2022-01-13 17:30:45.027686','2022-01-14 20:54:41.494523',43,0),(202,0,'Pesar la cantidad de especia a utilizar','2022-01-13 18:00:59.648767','2022-01-13 18:00:59.648801',44,0),(203,1,' Seleccionar la cantidad de Masa Cabra PIP a mezclar','2022-01-13 18:00:59.652002','2022-01-13 18:00:59.652030',44,0),(204,2,'Moldear masa cabra PIP','2022-01-13 18:00:59.653871','2022-01-13 18:00:59.653889',44,0),(205,0,'Pesar la cantidad de especia a utilizar','2022-01-13 18:01:46.044191','2022-01-13 20:22:21.462422',45,0),(206,1,'Seleccionar la cantidad de Masa Cabra PIP a mezclar','2022-01-13 18:01:46.047747','2022-01-13 20:22:21.468612',45,0),(207,2,'Moldear masa cabra PIP','2022-01-13 18:01:46.049829','2022-01-13 20:22:21.473618',45,0),(208,0,'Pesar la cantidad de especia a utilizar','2022-01-13 18:02:06.471433','2022-01-13 18:02:06.471463',46,0),(209,1,'Seleccionar la cantidad de Masa Cabra PIP a mezclar','2022-01-13 18:02:06.475064','2022-01-13 18:02:06.475087',46,0),(210,2,'Moldear masa cabra PIP','2022-01-13 18:02:06.477725','2022-01-13 18:02:06.477745',46,0),(211,0,'Pesar la cantidad de especia a utilizar','2022-01-13 18:03:47.637344','2022-01-13 18:03:47.637362',47,0),(212,1,' Seleccionar la cantidad de Masa Cabra PIP a mezclar','2022-01-13 18:03:47.639808','2022-01-13 18:03:47.639821',47,0),(213,2,'Moldear masa cabra PIP','2022-01-13 18:03:47.641278','2022-01-13 18:03:47.641293',47,0);
/*!40000 ALTER TABLE `pauta_instruccion` ENABLE KEYS */;
UNLOCK TABLES;

--
-- Table structure for table `pauta_instruccioncolumna`
--

DROP TABLE IF EXISTS `pauta_instruccioncolumna`;
/*!40101 SET @saved_cs_client     = @@character_set_client */;
/*!40101 SET character_set_client = utf8 */;
CREATE TABLE `pauta_instruccioncolumna` (
  `id` bigint(20) NOT NULL AUTO_INCREMENT,
  `created` datetime(6) NOT NULL,
  `updated` datetime(6) NOT NULL,
  `columna_id` bigint(20) NOT NULL,
  `instruccion_id` bigint(20) NOT NULL,
  PRIMARY KEY (`id`),
  KEY `pauta_instruccioncolumna_columna_id_0018225e_fk_pauta_columna_id` (`columna_id`),
  KEY `pauta_instruccioncol_instruccion_id_06e2f729_fk_pauta_ins` (`instruccion_id`),
  CONSTRAINT `pauta_instruccioncol_instruccion_id_06e2f729_fk_pauta_ins` FOREIGN KEY (`instruccion_id`) REFERENCES `pauta_instruccion` (`id`),
  CONSTRAINT `pauta_instruccioncolumna_columna_id_0018225e_fk_pauta_columna_id` FOREIGN KEY (`columna_id`) REFERENCES `pauta_columna` (`id`)
) ENGINE=InnoDB AUTO_INCREMENT=766 DEFAULT CHARSET=latin1;
/*!40101 SET character_set_client = @saved_cs_client */;

--
-- Dumping data for table `pauta_instruccioncolumna`
--

LOCK TABLES `pauta_instruccioncolumna` WRITE;
/*!40000 ALTER TABLE `pauta_instruccioncolumna` DISABLE KEYS */;
INSERT INTO `pauta_instruccioncolumna` VALUES (5,'2021-11-18 12:28:08.698756','2021-11-18 12:28:08.698772',2,3),(6,'2021-11-18 12:28:08.700881','2021-11-18 12:28:08.700900',3,3),(7,'2021-11-18 12:28:08.701491','2021-11-18 12:28:08.701506',4,3),(21,'2021-11-29 11:42:14.535814','2021-11-29 11:42:14.535831',2,7),(23,'2021-11-29 11:42:14.537057','2021-11-29 11:42:14.537068',4,7),(33,'2021-11-29 11:42:14.549697','2021-11-29 11:42:14.549709',2,10),(34,'2021-11-29 11:42:14.550169','2021-11-29 11:42:14.550181',3,10),(36,'2021-11-29 11:42:14.551115','2021-11-29 11:42:14.551127',5,10),(49,'2021-12-06 18:28:10.439573','2021-12-06 18:28:10.439628',1,3),(56,'2021-12-06 18:28:10.461090','2021-12-06 18:28:10.461108',2,15),(66,'2021-12-06 18:28:10.476505','2021-12-06 18:28:10.476517',2,17),(71,'2021-12-06 18:28:10.481775','2021-12-06 18:28:10.481788',2,18),(86,'2021-12-06 18:28:10.523808','2021-12-06 18:28:10.523829',1,7),(101,'2021-12-06 18:28:10.642123','2021-12-06 18:28:10.642139',2,23),(103,'2021-12-06 18:28:10.643348','2021-12-06 18:28:10.643360',4,23),(105,'2021-12-06 18:28:10.645976','2021-12-06 18:28:10.645989',1,24),(106,'2021-12-06 18:28:10.646479','2021-12-06 18:28:10.646491',2,24),(108,'2021-12-06 18:28:10.647424','2021-12-06 18:28:10.647436',4,24),(109,'2021-12-06 18:28:10.647913','2021-12-06 18:28:10.647925',5,24),(112,'2021-12-06 18:28:10.654915','2021-12-06 18:28:10.654927',3,25),(117,'2021-12-06 18:28:10.658658','2021-12-06 18:28:10.658670',3,26),(124,'2021-12-06 18:28:10.663599','2021-12-06 18:28:10.663612',5,27),(127,'2021-12-06 18:28:10.666699','2021-12-06 18:28:10.666711',3,28),(129,'2021-12-06 18:28:10.667793','2021-12-06 18:28:10.667808',5,28),(132,'2021-12-08 08:24:46.982567','2021-12-08 08:24:46.982583',1,30),(133,'2021-12-08 08:24:46.984030','2021-12-08 08:24:46.984063',2,30),(134,'2021-12-08 08:24:46.985543','2021-12-08 08:24:46.985571',3,30),(135,'2021-12-08 08:24:46.986415','2021-12-08 08:24:46.986433',5,30),(136,'2021-12-08 08:24:46.987055','2021-12-08 08:24:46.987072',6,30),(137,'2021-12-08 08:24:46.987696','2021-12-08 08:24:46.987713',7,30),(138,'2021-12-08 08:24:46.990132','2021-12-08 08:24:46.990150',1,31),(139,'2021-12-08 08:24:46.990856','2021-12-08 08:24:46.990874',2,31),(140,'2021-12-08 08:24:46.991531','2021-12-08 08:24:46.991547',3,31),(141,'2021-12-08 08:24:46.992428','2021-12-08 08:24:46.992445',5,31),(142,'2021-12-08 08:24:46.993054','2021-12-08 08:24:46.993070',6,31),(143,'2021-12-08 08:24:46.993670','2021-12-08 08:24:46.993688',7,31),(144,'2021-12-08 08:24:46.996118','2021-12-08 08:24:46.996136',1,32),(145,'2021-12-08 08:24:46.996963','2021-12-08 08:24:46.996980',2,32),(146,'2021-12-08 08:24:46.997656','2021-12-08 08:24:46.997671',3,32),(147,'2021-12-08 08:24:46.998291','2021-12-08 08:24:46.998308',5,32),(148,'2021-12-08 08:24:46.998989','2021-12-08 08:24:46.999006',6,32),(149,'2021-12-08 08:24:46.999821','2021-12-08 08:24:46.999839',7,32),(150,'2021-12-08 08:24:47.003822','2021-12-08 08:24:47.003842',1,33),(151,'2021-12-08 08:24:47.004754','2021-12-08 08:24:47.004772',2,33),(152,'2021-12-08 08:24:47.005407','2021-12-08 08:24:47.005424',3,33),(153,'2021-12-08 08:24:47.006067','2021-12-08 08:24:47.006084',5,33),(154,'2021-12-08 08:24:47.007300','2021-12-08 08:24:47.007329',6,33),(155,'2021-12-08 08:24:47.008451','2021-12-08 08:24:47.008472',7,33),(156,'2021-12-08 08:24:47.010845','2021-12-08 08:24:47.010862',1,34),(157,'2021-12-08 08:24:47.011424','2021-12-08 08:24:47.011437',2,34),(158,'2021-12-08 08:24:47.012076','2021-12-08 08:24:47.012092',3,34),(159,'2021-12-08 08:24:47.012950','2021-12-08 08:24:47.012965',5,34),(160,'2021-12-08 08:24:47.013491','2021-12-08 08:24:47.013504',6,34),(161,'2021-12-08 08:24:47.014252','2021-12-08 08:24:47.014265',7,34),(162,'2021-12-08 08:24:47.016970','2021-12-08 08:24:47.016985',1,35),(163,'2021-12-08 08:24:47.017587','2021-12-08 08:24:47.017601',2,35),(164,'2021-12-08 08:24:47.018165','2021-12-08 08:24:47.018177',3,35),(165,'2021-12-08 08:24:47.018705','2021-12-08 08:24:47.018718',5,35),(166,'2021-12-08 08:24:47.019206','2021-12-08 08:24:47.019218',6,35),(167,'2021-12-08 08:24:47.019731','2021-12-08 08:24:47.019746',7,35),(168,'2021-12-08 08:24:47.022492','2021-12-08 08:24:47.022505',1,36),(169,'2021-12-08 08:24:47.023009','2021-12-08 08:24:47.023021',2,36),(170,'2021-12-08 08:24:47.023517','2021-12-08 08:24:47.023530',3,36),(171,'2021-12-08 08:24:47.024249','2021-12-08 08:24:47.024261',5,36),(172,'2021-12-08 08:24:47.024803','2021-12-08 08:24:47.024815',6,36),(173,'2021-12-08 08:24:47.025332','2021-12-08 08:24:47.025347',7,36),(174,'2021-12-08 08:24:47.027494','2021-12-08 08:24:47.027508',1,37),(175,'2021-12-08 08:24:47.028229','2021-12-08 08:24:47.028242',2,37),(176,'2021-12-08 08:24:47.028816','2021-12-08 08:24:47.028838',3,37),(177,'2021-12-08 08:24:47.029399','2021-12-08 08:24:47.029413',5,37),(178,'2021-12-08 08:24:47.029952','2021-12-08 08:24:47.029968',6,37),(179,'2021-12-08 08:24:47.030519','2021-12-08 08:24:47.030535',7,37),(180,'2021-12-08 08:24:47.032703','2021-12-08 08:24:47.032716',1,38),(181,'2021-12-08 08:24:47.033200','2021-12-08 08:24:47.033215',2,38),(182,'2021-12-08 08:24:47.033782','2021-12-08 08:24:47.033798',3,38),(183,'2021-12-08 08:24:47.034309','2021-12-08 08:24:47.034321',5,38),(184,'2021-12-08 08:24:47.034810','2021-12-08 08:24:47.034822',6,38),(185,'2021-12-08 08:24:47.035287','2021-12-08 08:24:47.035303',7,38),(186,'2021-12-08 08:24:47.037437','2021-12-08 08:24:47.037450',1,39),(187,'2021-12-08 08:24:47.037981','2021-12-08 08:24:47.037993',2,39),(188,'2021-12-08 08:24:47.038527','2021-12-08 08:24:47.038543',3,39),(189,'2021-12-08 08:24:47.039147','2021-12-08 08:24:47.039163',5,39),(190,'2021-12-08 08:24:47.039750','2021-12-08 08:24:47.039762',6,39),(191,'2021-12-08 08:24:47.040452','2021-12-08 08:24:47.040464',7,39),(192,'2021-12-08 08:24:47.042589','2021-12-08 08:24:47.042605',1,40),(193,'2021-12-08 08:24:47.043325','2021-12-08 08:24:47.043342',2,40),(194,'2021-12-08 08:24:47.043929','2021-12-08 08:24:47.043944',3,40),(195,'2021-12-08 08:24:47.044724','2021-12-08 08:24:47.044738',5,40),(196,'2021-12-08 08:24:47.045309','2021-12-08 08:24:47.045323',6,40),(197,'2021-12-08 08:24:47.045889','2021-12-08 08:24:47.045904',7,40),(198,'2021-12-08 08:24:47.048486','2021-12-08 08:24:47.048507',1,41),(199,'2021-12-08 08:24:47.049122','2021-12-08 08:24:47.049140',2,41),(200,'2021-12-08 08:24:47.049773','2021-12-08 08:24:47.049786',3,41),(201,'2021-12-08 08:24:47.050368','2021-12-08 08:24:47.050380',5,41),(202,'2021-12-08 08:24:47.050927','2021-12-08 08:24:47.050939',6,41),(203,'2021-12-08 08:24:47.051454','2021-12-08 08:24:47.051466',7,41),(204,'2021-12-08 08:24:47.060678','2021-12-08 08:24:47.060698',1,42),(205,'2021-12-08 08:24:47.061342','2021-12-08 08:24:47.061356',2,42),(206,'2021-12-08 08:24:47.062005','2021-12-08 08:24:47.062018',3,42),(207,'2021-12-08 08:24:47.062558','2021-12-08 08:24:47.062571',5,42),(208,'2021-12-08 08:24:47.063072','2021-12-08 08:24:47.063089',6,42),(209,'2021-12-08 08:24:47.063565','2021-12-08 08:24:47.063578',7,42),(210,'2021-12-08 08:24:47.065585','2021-12-08 08:24:47.065598',1,43),(211,'2021-12-08 08:24:47.066338','2021-12-08 08:24:47.066356',2,43),(212,'2021-12-08 08:24:47.066981','2021-12-08 08:24:47.066997',3,43),(213,'2021-12-08 08:24:47.067652','2021-12-08 08:24:47.067669',5,43),(214,'2021-12-08 08:24:47.068493','2021-12-08 08:24:47.068510',6,43),(215,'2021-12-08 08:24:47.069215','2021-12-08 08:24:47.069231',7,43),(216,'2021-12-08 08:24:47.071728','2021-12-08 08:24:47.071748',1,44),(217,'2021-12-08 08:24:47.072671','2021-12-08 08:24:47.072689',2,44),(218,'2021-12-08 08:24:47.073315','2021-12-08 08:24:47.073333',3,44),(219,'2021-12-08 08:24:47.073952','2021-12-08 08:24:47.073968',5,44),(220,'2021-12-08 08:24:47.074573','2021-12-08 08:24:47.074589',6,44),(221,'2021-12-08 08:24:47.075182','2021-12-08 08:24:47.075197',7,44),(222,'2021-12-08 08:24:47.077763','2021-12-08 08:24:47.077780',1,45),(223,'2021-12-08 08:24:47.078401','2021-12-08 08:24:47.078417',2,45),(224,'2021-12-08 08:24:47.079053','2021-12-08 08:24:47.079069',3,45),(225,'2021-12-08 08:24:47.079727','2021-12-08 08:24:47.079743',5,45),(226,'2021-12-08 08:24:47.082242','2021-12-08 08:24:47.082269',6,45),(227,'2021-12-08 08:24:47.083000','2021-12-08 08:24:47.083019',7,45),(228,'2021-12-08 08:24:47.088604','2021-12-08 08:24:47.088631',1,46),(229,'2021-12-08 08:24:47.089321','2021-12-08 08:24:47.089339',2,46),(230,'2021-12-08 08:24:47.089958','2021-12-08 08:24:47.089974',3,46),(231,'2021-12-08 08:24:47.090564','2021-12-08 08:24:47.090583',5,46),(232,'2021-12-08 08:24:47.091236','2021-12-08 08:24:47.091252',6,46),(233,'2021-12-08 08:24:47.091891','2021-12-08 08:24:47.091907',7,46),(234,'2021-12-08 09:04:49.135938','2021-12-08 09:04:49.135955',1,47),(235,'2021-12-08 09:04:49.137007','2021-12-08 09:04:49.137025',2,47),(236,'2021-12-08 09:04:49.137716','2021-12-08 09:04:49.137735',8,47),(237,'2021-12-08 09:04:49.140338','2021-12-08 09:04:49.140357',1,48),(238,'2021-12-08 09:04:49.141004','2021-12-08 09:04:49.141022',2,48),(239,'2021-12-08 09:04:49.141877','2021-12-08 09:04:49.141897',8,48),(240,'2021-12-08 09:04:49.144478','2021-12-08 09:04:49.144497',1,49),(241,'2021-12-08 09:04:49.145128','2021-12-08 09:04:49.145144',2,49),(242,'2021-12-08 09:04:49.145785','2021-12-08 09:04:49.145801',8,49),(243,'2021-12-08 09:04:49.147992','2021-12-08 09:04:49.148010',1,50),(244,'2021-12-08 09:04:49.148812','2021-12-08 09:04:49.148830',2,50),(245,'2021-12-08 09:04:49.149434','2021-12-08 09:04:49.149451',8,50),(246,'2021-12-08 09:04:49.151791','2021-12-08 09:04:49.151809',1,51),(247,'2021-12-08 09:04:49.152650','2021-12-08 09:04:49.152668',2,51),(248,'2021-12-08 09:04:49.153305','2021-12-08 09:04:49.153322',8,51),(249,'2021-12-08 09:04:49.156908','2021-12-08 09:04:49.156927',1,52),(250,'2021-12-08 09:04:49.157637','2021-12-08 09:04:49.157656',2,52),(251,'2021-12-08 09:04:49.158297','2021-12-08 09:04:49.158314',8,52),(252,'2021-12-08 09:04:49.160744','2021-12-08 09:04:49.160764',1,53),(253,'2021-12-08 09:04:49.162550','2021-12-08 09:04:49.162578',2,53),(254,'2021-12-08 09:04:49.163299','2021-12-08 09:04:49.163318',8,53),(255,'2021-12-08 09:04:49.166183','2021-12-08 09:04:49.166203',1,54),(256,'2021-12-08 09:04:49.166869','2021-12-08 09:04:49.166886',2,54),(257,'2021-12-08 09:04:49.167527','2021-12-08 09:04:49.167543',8,54),(258,'2021-12-08 09:04:49.169977','2021-12-08 09:04:49.169993',1,55),(259,'2021-12-08 09:04:49.170613','2021-12-08 09:04:49.170629',2,55),(260,'2021-12-08 09:04:49.171289','2021-12-08 09:04:49.171305',8,55),(261,'2021-12-08 09:04:49.173868','2021-12-08 09:04:49.173886',1,56),(262,'2021-12-08 09:04:49.174556','2021-12-08 09:04:49.174574',2,56),(263,'2021-12-08 09:04:49.175213','2021-12-08 09:04:49.175229',8,56),(264,'2021-12-08 09:04:49.177843','2021-12-08 09:04:49.177863',1,57),(265,'2021-12-08 09:04:49.178545','2021-12-08 09:04:49.178561',2,57),(266,'2021-12-08 09:04:49.179189','2021-12-08 09:04:49.179205',8,57),(267,'2021-12-08 09:04:49.181725','2021-12-08 09:04:49.181743',1,58),(268,'2021-12-08 09:04:49.182334','2021-12-08 09:04:49.182351',2,58),(269,'2021-12-08 09:04:49.182950','2021-12-08 09:04:49.182966',8,58),(270,'2021-12-08 09:04:49.185504','2021-12-08 09:04:49.185522',1,59),(271,'2021-12-08 09:04:49.186143','2021-12-08 09:04:49.186159',2,59),(272,'2021-12-08 09:04:49.186770','2021-12-08 09:04:49.186787',8,59),(273,'2021-12-08 09:04:49.190060','2021-12-08 09:04:49.190078',1,60),(274,'2021-12-08 09:04:49.190722','2021-12-08 09:04:49.190739',2,60),(275,'2021-12-08 09:04:49.191435','2021-12-08 09:04:49.191451',8,60),(276,'2021-12-08 09:04:49.193797','2021-12-08 09:04:49.193814',1,61),(277,'2021-12-08 09:04:49.194409','2021-12-08 09:04:49.194425',2,61),(278,'2021-12-08 09:04:49.195019','2021-12-08 09:04:49.195035',8,61),(279,'2021-12-08 09:04:49.197365','2021-12-08 09:04:49.197381',1,62),(280,'2021-12-08 09:04:49.197999','2021-12-08 09:04:49.198015',2,62),(281,'2021-12-08 09:04:49.198588','2021-12-08 09:04:49.198605',8,62),(282,'2021-12-08 09:04:49.200977','2021-12-08 09:04:49.200995',1,63),(283,'2021-12-08 09:04:49.202014','2021-12-08 09:04:49.202032',2,63),(284,'2021-12-08 09:04:49.202691','2021-12-08 09:04:49.202709',8,63),(285,'2021-12-08 09:04:49.205199','2021-12-08 09:04:49.205219',1,64),(286,'2021-12-08 09:04:49.205828','2021-12-08 09:04:49.205845',2,64),(287,'2021-12-08 09:04:49.206423','2021-12-08 09:04:49.206439',8,64),(288,'2021-12-08 09:04:49.208878','2021-12-08 09:04:49.208895',1,65),(289,'2021-12-08 09:04:49.209509','2021-12-08 09:04:49.209526',2,65),(290,'2021-12-08 09:04:49.210139','2021-12-08 09:04:49.210155',8,65),(291,'2021-12-08 09:04:49.212846','2021-12-08 09:04:49.212864',1,66),(292,'2021-12-08 09:04:49.213742','2021-12-08 09:04:49.213759',2,66),(293,'2021-12-08 09:04:49.214393','2021-12-08 09:04:49.214409',8,66),(294,'2021-12-08 09:04:49.217064','2021-12-08 09:04:49.217083',1,67),(295,'2021-12-08 09:04:49.217688','2021-12-08 09:04:49.217701',2,67),(296,'2021-12-08 09:04:49.218211','2021-12-08 09:04:49.218227',8,67),(297,'2021-12-08 09:04:49.220250','2021-12-08 09:04:49.220273',1,68),(298,'2021-12-08 09:04:49.220813','2021-12-08 09:04:49.220826',2,68),(299,'2021-12-08 09:04:49.221383','2021-12-08 09:04:49.221396',8,68),(300,'2021-12-08 09:04:49.223147','2021-12-08 09:04:49.223160',1,69),(301,'2021-12-08 09:04:49.223676','2021-12-08 09:04:49.223689',2,69),(302,'2021-12-08 09:04:49.224347','2021-12-08 09:04:49.224360',8,69),(303,'2021-12-08 09:04:49.226164','2021-12-08 09:04:49.226177',1,70),(304,'2021-12-08 09:04:49.226694','2021-12-08 09:04:49.226710',2,70),(305,'2021-12-08 09:04:49.227220','2021-12-08 09:04:49.227233',8,70),(306,'2021-12-08 09:04:49.229460','2021-12-08 09:04:49.229474',1,71),(307,'2021-12-08 09:04:49.229994','2021-12-08 09:04:49.230006',2,71),(308,'2021-12-08 09:04:49.230495','2021-12-08 09:04:49.230510',8,71),(309,'2021-12-08 09:04:49.234009','2021-12-08 09:04:49.234022',1,72),(310,'2021-12-08 09:04:49.234512','2021-12-08 09:04:49.234525',2,72),(311,'2021-12-08 09:04:49.235040','2021-12-08 09:04:49.235055',8,72),(312,'2021-12-08 09:04:49.237134','2021-12-08 09:04:49.237148',1,73),(313,'2021-12-08 09:04:49.237619','2021-12-08 09:04:49.237632',2,73),(314,'2021-12-08 09:04:49.238112','2021-12-08 09:04:49.238124',8,73),(315,'2021-12-08 09:04:49.239841','2021-12-08 09:04:49.239853',1,74),(316,'2021-12-08 09:04:49.240586','2021-12-08 09:04:49.240604',2,74),(317,'2021-12-08 09:04:49.241190','2021-12-08 09:04:49.241203',8,74),(318,'2021-12-08 11:00:25.577135','2021-12-08 11:00:25.577150',1,75),(319,'2021-12-08 11:00:25.577682','2021-12-08 11:00:25.577695',2,75),(320,'2021-12-08 11:00:25.578231','2021-12-08 11:00:25.578247',8,75),(321,'2021-12-08 11:00:25.580182','2021-12-08 11:00:25.580195',1,76),(322,'2021-12-08 11:00:25.580736','2021-12-08 11:00:25.580749',2,76),(323,'2021-12-08 11:00:25.581229','2021-12-08 11:00:25.581242',8,76),(324,'2021-12-08 11:00:25.583184','2021-12-08 11:00:25.583197',1,77),(325,'2021-12-08 11:00:25.583793','2021-12-08 11:00:25.583806',2,77),(326,'2021-12-08 11:00:25.584502','2021-12-08 11:00:25.584515',8,77),(327,'2021-12-08 11:00:25.586556','2021-12-08 11:00:25.586571',1,78),(328,'2021-12-08 11:00:25.587189','2021-12-08 11:00:25.587203',2,78),(329,'2021-12-08 11:00:25.587776','2021-12-08 11:00:25.587793',8,78),(330,'2021-12-08 11:00:25.589983','2021-12-08 11:00:25.589999',1,79),(331,'2021-12-08 11:00:25.590501','2021-12-08 11:00:25.590521',2,79),(332,'2021-12-08 11:00:25.591000','2021-12-08 11:00:25.591012',8,79),(333,'2021-12-08 11:00:25.593318','2021-12-08 11:00:25.593333',1,80),(334,'2021-12-08 11:00:25.593873','2021-12-08 11:00:25.593886',2,80),(335,'2021-12-08 11:00:25.594423','2021-12-08 11:00:25.594435',8,80),(336,'2021-12-08 11:00:25.596439','2021-12-08 11:00:25.596452',1,81),(337,'2021-12-08 11:00:25.596970','2021-12-08 11:00:25.596982',2,81),(338,'2021-12-08 11:00:25.597446','2021-12-08 11:00:25.597459',8,81),(339,'2021-12-08 11:00:25.599150','2021-12-08 11:00:25.599162',1,82),(340,'2021-12-08 11:00:25.599694','2021-12-08 11:00:25.599707',2,82),(341,'2021-12-08 11:00:25.600338','2021-12-08 11:00:25.600354',8,82),(342,'2021-12-08 11:00:25.602859','2021-12-08 11:00:25.602873',1,83),(343,'2021-12-08 11:00:25.603386','2021-12-08 11:00:25.603400',2,83),(344,'2021-12-08 11:00:25.603886','2021-12-08 11:00:25.603899',8,83),(345,'2021-12-08 11:00:25.605974','2021-12-08 11:00:25.605987',1,84),(346,'2021-12-08 11:00:25.606492','2021-12-08 11:00:25.606507',2,84),(347,'2021-12-08 11:00:25.607032','2021-12-08 11:00:25.607044',8,84),(348,'2021-12-08 11:00:25.609166','2021-12-08 11:00:25.609178',1,85),(349,'2021-12-08 11:00:25.609655','2021-12-08 11:00:25.609667',2,85),(350,'2021-12-08 11:00:25.610190','2021-12-08 11:00:25.610205',8,85),(351,'2021-12-08 11:00:25.612441','2021-12-08 11:00:25.612453',1,86),(352,'2021-12-08 11:00:25.612927','2021-12-08 11:00:25.612939',2,86),(353,'2021-12-08 11:00:25.614259','2021-12-08 11:00:25.614272',8,86),(354,'2021-12-08 11:00:25.616385','2021-12-08 11:00:25.616400',1,87),(355,'2021-12-08 11:00:25.617078','2021-12-08 11:00:25.617093',2,87),(356,'2021-12-08 11:00:25.617848','2021-12-08 11:00:25.617865',8,87),(357,'2021-12-08 11:00:25.621482','2021-12-08 11:00:25.621495',1,88),(358,'2021-12-08 11:00:25.622066','2021-12-08 11:00:25.622078',2,88),(359,'2021-12-08 11:00:25.622611','2021-12-08 11:00:25.622624',8,88),(360,'2021-12-08 11:00:25.624841','2021-12-08 11:00:25.624853',1,89),(361,'2021-12-08 11:00:25.625342','2021-12-08 11:00:25.625357',2,89),(362,'2021-12-08 11:00:25.625876','2021-12-08 11:00:25.625889',8,89),(363,'2021-12-08 11:00:25.627673','2021-12-08 11:00:25.627691',1,90),(364,'2021-12-08 11:00:25.628394','2021-12-08 11:00:25.628406',2,90),(365,'2021-12-08 11:00:25.628937','2021-12-08 11:00:25.628952',8,90),(366,'2021-12-08 11:00:25.630815','2021-12-08 11:00:25.630828',1,91),(367,'2021-12-08 11:00:25.631345','2021-12-08 11:00:25.631358',2,91),(368,'2021-12-08 11:00:25.632364','2021-12-08 11:00:25.632376',8,91),(369,'2021-12-08 11:00:25.635351','2021-12-08 11:00:25.635370',1,92),(370,'2021-12-08 11:00:25.635969','2021-12-08 11:00:25.635985',2,92),(371,'2021-12-08 11:00:25.636717','2021-12-08 11:00:25.636732',8,92),(390,'2021-12-08 11:16:05.881481','2021-12-08 11:16:05.881497',1,99),(391,'2021-12-08 11:16:05.882121','2021-12-08 11:16:05.882134',2,99),(392,'2021-12-08 11:16:05.882718','2021-12-08 11:16:05.882731',6,99),(393,'2021-12-08 11:16:05.883303','2021-12-08 11:16:05.883317',7,99),(394,'2021-12-08 11:16:05.883862','2021-12-08 11:16:05.883875',8,99),(395,'2021-12-08 11:16:05.884671','2021-12-08 11:16:05.884687',9,99),(396,'2021-12-08 11:16:05.885307','2021-12-08 11:16:05.885320',10,99),(397,'2021-12-08 11:16:05.887433','2021-12-08 11:16:05.887453',1,100),(398,'2021-12-08 11:16:05.888593','2021-12-08 11:16:05.888608',2,100),(399,'2021-12-08 11:16:05.889230','2021-12-08 11:16:05.889246',6,100),(400,'2021-12-08 11:16:05.889883','2021-12-08 11:16:05.889900',7,100),(401,'2021-12-08 11:16:05.890583','2021-12-08 11:16:05.890601',8,100),(402,'2021-12-08 11:16:05.891258','2021-12-08 11:16:05.891276',9,100),(403,'2021-12-08 11:16:05.891942','2021-12-08 11:16:05.891960',10,100),(404,'2021-12-08 11:16:05.894495','2021-12-08 11:16:05.894511',1,101),(405,'2021-12-08 11:16:05.895133','2021-12-08 11:16:05.895149',2,101),(406,'2021-12-08 11:16:05.895820','2021-12-08 11:16:05.895836',6,101),(407,'2021-12-08 11:16:05.896650','2021-12-08 11:16:05.896666',7,101),(408,'2021-12-08 11:16:05.897262','2021-12-08 11:16:05.897278',8,101),(409,'2021-12-08 11:16:05.897872','2021-12-08 11:16:05.897887',9,101),(410,'2021-12-08 11:16:05.898472','2021-12-08 11:16:05.898487',10,101),(411,'2021-12-08 11:16:05.901067','2021-12-08 11:16:05.901100',1,102),(412,'2021-12-08 11:16:05.901707','2021-12-08 11:16:05.901723',2,102),(413,'2021-12-08 11:16:05.905263','2021-12-08 11:16:05.905285',6,102),(414,'2021-12-08 11:16:05.905866','2021-12-08 11:16:05.905879',7,102),(415,'2021-12-08 11:16:05.906401','2021-12-08 11:16:05.906413',8,102),(416,'2021-12-08 11:16:05.906923','2021-12-08 11:16:05.906936',9,102),(417,'2021-12-08 11:16:05.907451','2021-12-08 11:16:05.907466',10,102),(418,'2021-12-08 11:16:05.909604','2021-12-08 11:16:05.909617',1,103),(419,'2021-12-08 11:16:05.910151','2021-12-08 11:16:05.910164',2,103),(420,'2021-12-08 11:16:05.910764','2021-12-08 11:16:05.910776',6,103),(421,'2021-12-08 11:16:05.911439','2021-12-08 11:16:05.911452',7,103),(422,'2021-12-08 11:16:05.912250','2021-12-08 11:16:05.912264',8,103),(423,'2021-12-08 11:16:05.912781','2021-12-08 11:16:05.912794',9,103),(424,'2021-12-08 11:16:05.913334','2021-12-08 11:16:05.913349',10,103),(425,'2021-12-08 11:16:05.915575','2021-12-08 11:16:05.915611',1,104),(426,'2021-12-08 11:16:05.916378','2021-12-08 11:16:05.916396',2,104),(427,'2021-12-08 11:16:05.916956','2021-12-08 11:16:05.916973',6,104),(428,'2021-12-08 11:16:05.917530','2021-12-08 11:16:05.917543',7,104),(429,'2021-12-08 11:16:05.918002','2021-12-08 11:16:05.918015',8,104),(430,'2021-12-08 11:16:05.918489','2021-12-08 11:16:05.918501',9,104),(431,'2021-12-08 11:16:05.918971','2021-12-08 11:16:05.918984',10,104),(432,'2021-12-08 11:16:05.921145','2021-12-08 11:16:05.921157',1,105),(433,'2021-12-08 11:16:05.921664','2021-12-08 11:16:05.921676',2,105),(434,'2021-12-08 11:16:05.922239','2021-12-08 11:16:05.922254',6,105),(435,'2021-12-08 11:16:05.922784','2021-12-08 11:16:05.922797',7,105),(436,'2021-12-08 11:16:05.923280','2021-12-08 11:16:05.923294',8,105),(437,'2021-12-08 11:16:05.923812','2021-12-08 11:16:05.923825',9,105),(438,'2021-12-08 11:16:05.924468','2021-12-08 11:16:05.924480',10,105),(439,'2021-12-08 11:16:05.926436','2021-12-08 11:16:05.926448',1,106),(440,'2021-12-08 11:16:05.926960','2021-12-08 11:16:05.926976',2,106),(441,'2021-12-08 11:16:05.927522','2021-12-08 11:16:05.927535',6,106),(442,'2021-12-08 11:16:05.928282','2021-12-08 11:16:05.928297',7,106),(443,'2021-12-08 11:16:05.928827','2021-12-08 11:16:05.928840',8,106),(444,'2021-12-08 11:16:05.929359','2021-12-08 11:16:05.929372',9,106),(445,'2021-12-08 11:16:05.929894','2021-12-08 11:16:05.929906',10,106),(446,'2021-12-08 11:16:05.932870','2021-12-08 11:16:05.932889',1,107),(447,'2021-12-08 11:16:05.933463','2021-12-08 11:16:05.933476',2,107),(448,'2021-12-08 11:16:05.934097','2021-12-08 11:16:05.934113',6,107),(449,'2021-12-08 11:16:05.934728','2021-12-08 11:16:05.934746',7,107),(450,'2021-12-08 11:16:05.935368','2021-12-08 11:16:05.935385',8,107),(451,'2021-12-08 11:16:05.935981','2021-12-08 11:16:05.935998',9,107),(452,'2021-12-08 11:16:05.936796','2021-12-08 11:16:05.936814',10,107),(453,'2021-12-08 11:16:05.939772','2021-12-08 11:16:05.939791',1,108),(454,'2021-12-08 11:16:05.940627','2021-12-08 11:16:05.940640',2,108),(455,'2021-12-08 11:16:05.941796','2021-12-08 11:16:05.941813',6,108),(456,'2021-12-08 11:16:05.942461','2021-12-08 11:16:05.942475',7,108),(457,'2021-12-08 11:16:05.943014','2021-12-08 11:16:05.943027',8,108),(458,'2021-12-08 11:16:05.943615','2021-12-08 11:16:05.943628',9,108),(459,'2021-12-08 11:16:05.944656','2021-12-08 11:16:05.944674',10,108),(460,'2021-12-08 11:16:05.946962','2021-12-08 11:16:05.946975',1,109),(461,'2021-12-08 11:16:05.947508','2021-12-08 11:16:05.947522',2,109),(462,'2021-12-08 11:16:05.948536','2021-12-08 11:16:05.948550',6,109),(463,'2021-12-08 11:16:05.949095','2021-12-08 11:16:05.949107',7,109),(464,'2021-12-08 11:16:05.949600','2021-12-08 11:16:05.949613',8,109),(465,'2021-12-08 11:16:05.950100','2021-12-08 11:16:05.950112',9,109),(466,'2021-12-08 11:16:05.950613','2021-12-08 11:16:05.950625',10,109),(467,'2021-12-08 11:16:05.955953','2021-12-08 11:16:05.955966',1,110),(468,'2021-12-08 11:16:05.956745','2021-12-08 11:16:05.956760',2,110),(469,'2021-12-08 11:16:05.957271','2021-12-08 11:16:05.957284',6,110),(470,'2021-12-08 11:16:05.957812','2021-12-08 11:16:05.957824',7,110),(471,'2021-12-08 11:16:05.958402','2021-12-08 11:16:05.958418',8,110),(472,'2021-12-08 11:16:05.959042','2021-12-08 11:16:05.959054',9,110),(473,'2021-12-08 11:16:05.959547','2021-12-08 11:16:05.959559',10,110),(474,'2021-12-08 11:16:05.961558','2021-12-08 11:16:05.961571',1,111),(475,'2021-12-08 11:16:05.962197','2021-12-08 11:16:05.962209',2,111),(476,'2021-12-08 11:16:05.962944','2021-12-08 11:16:05.962957',6,111),(477,'2021-12-08 11:16:05.963545','2021-12-08 11:16:05.963562',7,111),(478,'2021-12-08 11:16:05.964617','2021-12-08 11:16:05.964629',8,111),(479,'2021-12-08 11:16:05.965143','2021-12-08 11:16:05.965156',9,111),(480,'2021-12-08 11:16:05.965674','2021-12-08 11:16:05.965687',10,111),(481,'2021-12-08 11:16:05.967964','2021-12-08 11:16:05.967978',1,112),(482,'2021-12-08 11:16:05.969604','2021-12-08 11:16:05.969618',2,112),(483,'2021-12-08 11:16:05.970147','2021-12-08 11:16:05.970162',6,112),(484,'2021-12-08 11:16:05.971069','2021-12-08 11:16:05.971082',7,112),(485,'2021-12-08 11:16:05.971628','2021-12-08 11:16:05.971640',8,112),(486,'2021-12-08 11:16:05.972544','2021-12-08 11:16:05.972557',9,112),(487,'2021-12-08 11:16:05.973082','2021-12-08 11:16:05.973094',10,112),(488,'2021-12-08 11:16:05.975804','2021-12-08 11:16:05.975818',1,113),(489,'2021-12-08 11:16:05.976970','2021-12-08 11:16:05.976984',2,113),(490,'2021-12-08 11:16:05.977515','2021-12-08 11:16:05.977528',6,113),(491,'2021-12-08 11:16:05.978043','2021-12-08 11:16:05.978056',7,113),(492,'2021-12-08 11:16:05.978890','2021-12-08 11:16:05.978907',8,113),(493,'2021-12-08 11:16:05.979663','2021-12-08 11:16:05.979676',9,113),(494,'2021-12-08 11:16:05.980433','2021-12-08 11:16:05.980445',10,113),(495,'2021-12-08 11:16:05.983379','2021-12-08 11:16:05.983393',1,114),(496,'2021-12-08 11:16:05.983965','2021-12-08 11:16:05.983977',2,114),(497,'2021-12-08 11:16:05.984702','2021-12-08 11:16:05.984719',6,114),(498,'2021-12-08 11:16:05.985246','2021-12-08 11:16:05.985258',7,114),(499,'2021-12-08 11:16:05.985746','2021-12-08 11:16:05.985759',8,114),(500,'2021-12-08 11:16:05.986318','2021-12-08 11:16:05.986333',9,114),(501,'2021-12-08 11:16:05.986861','2021-12-08 11:16:05.986874',10,114),(502,'2021-12-08 11:16:05.990410','2021-12-08 11:16:05.990422',1,115),(503,'2021-12-08 11:16:05.990973','2021-12-08 11:16:05.990985',2,115),(504,'2021-12-08 11:16:05.991482','2021-12-08 11:16:05.991495',6,115),(505,'2021-12-08 11:16:05.992279','2021-12-08 11:16:05.992295',7,115),(506,'2021-12-08 11:16:05.992874','2021-12-08 11:16:05.992890',8,115),(507,'2021-12-08 11:16:05.993534','2021-12-08 11:16:05.993550',9,115),(508,'2021-12-08 11:16:05.994109','2021-12-08 11:16:05.994126',10,115),(509,'2021-12-08 11:16:05.996628','2021-12-08 11:16:05.996640',1,116),(510,'2021-12-08 11:16:05.997194','2021-12-08 11:16:05.997206',2,116),(511,'2021-12-08 11:16:05.997721','2021-12-08 11:16:05.997733',6,116),(512,'2021-12-08 11:16:05.998277','2021-12-08 11:16:05.998289',7,116),(513,'2021-12-08 11:16:05.998827','2021-12-08 11:16:05.998840',8,116),(514,'2021-12-08 11:16:05.999368','2021-12-08 11:16:05.999385',9,116),(515,'2021-12-08 11:16:06.000022','2021-12-08 11:16:06.000039',10,116),(516,'2021-12-08 11:16:06.004111','2021-12-08 11:16:06.004128',1,117),(517,'2021-12-08 11:16:06.004962','2021-12-08 11:16:06.004976',2,117),(518,'2021-12-08 11:16:06.005509','2021-12-08 11:16:06.005521',6,117),(519,'2021-12-08 11:16:06.006051','2021-12-08 11:16:06.006063',7,117),(520,'2021-12-08 11:16:06.006614','2021-12-08 11:16:06.006626',8,117),(521,'2021-12-08 11:16:06.007197','2021-12-08 11:16:06.007212',9,117),(522,'2021-12-08 11:16:06.007845','2021-12-08 11:16:06.007862',10,117),(523,'2021-12-08 11:16:06.009898','2021-12-08 11:16:06.009911',1,118),(524,'2021-12-08 11:16:06.010447','2021-12-08 11:16:06.010459',2,118),(525,'2021-12-08 11:16:06.010966','2021-12-08 11:16:06.010978',6,118),(526,'2021-12-08 11:16:06.011508','2021-12-08 11:16:06.011520',7,118),(527,'2021-12-08 11:16:06.012249','2021-12-08 11:16:06.012262',8,118),(528,'2021-12-08 11:16:06.013679','2021-12-08 11:16:06.013692',9,118),(529,'2021-12-08 11:16:06.015304','2021-12-08 11:16:06.015324',10,118),(530,'2021-12-08 11:16:06.017619','2021-12-08 11:16:06.017631',1,119),(531,'2021-12-08 11:16:06.018222','2021-12-08 11:16:06.018240',2,119),(532,'2021-12-08 11:16:06.018872','2021-12-08 11:16:06.018889',6,119),(533,'2021-12-08 11:16:06.019429','2021-12-08 11:16:06.019442',7,119),(534,'2021-12-08 11:16:06.019959','2021-12-08 11:16:06.019971',8,119),(535,'2021-12-08 11:16:06.021009','2021-12-08 11:16:06.021026',9,119),(536,'2021-12-08 11:16:06.021610','2021-12-08 11:16:06.021623',10,119),(537,'2021-12-08 11:16:06.023854','2021-12-08 11:16:06.023870',1,120),(538,'2021-12-08 11:16:06.024719','2021-12-08 11:16:06.024735',2,120),(539,'2021-12-08 11:16:06.025349','2021-12-08 11:16:06.025366',6,120),(540,'2021-12-08 11:16:06.025975','2021-12-08 11:16:06.025989',7,120),(541,'2021-12-08 11:16:06.026807','2021-12-08 11:16:06.026824',8,120),(542,'2021-12-08 11:16:06.027407','2021-12-08 11:16:06.027420',9,120),(543,'2021-12-08 11:16:06.027967','2021-12-08 11:16:06.027979',10,120),(544,'2021-12-08 11:51:16.903925','2021-12-08 11:51:16.903938',1,121),(545,'2021-12-08 11:51:16.905151','2021-12-08 11:51:16.905168',2,121),(546,'2021-12-08 11:51:16.905849','2021-12-08 11:51:16.905883',8,121),(547,'2021-12-08 11:51:16.907990','2021-12-08 11:51:16.908007',1,122),(548,'2021-12-08 11:51:16.908866','2021-12-08 11:51:16.908882',2,122),(549,'2021-12-08 11:51:16.911074','2021-12-08 11:51:16.911095',8,122),(550,'2021-12-08 11:51:16.913878','2021-12-08 11:51:16.913892',1,123),(551,'2021-12-08 11:51:16.914541','2021-12-08 11:51:16.914557',2,123),(552,'2021-12-08 11:51:16.915153','2021-12-08 11:51:16.915169',8,123),(553,'2021-12-08 11:51:16.919385','2021-12-08 11:51:16.919398',1,124),(554,'2021-12-08 11:51:16.920149','2021-12-08 11:51:16.920163',2,124),(555,'2021-12-08 11:51:16.921665','2021-12-08 11:51:16.921692',8,124),(556,'2021-12-08 11:51:16.924601','2021-12-08 11:51:16.924617',1,125),(557,'2021-12-08 11:51:16.925246','2021-12-08 11:51:16.925260',2,125),(558,'2021-12-08 11:51:16.925844','2021-12-08 11:51:16.925859',8,125),(559,'2021-12-08 11:51:16.931380','2021-12-08 11:51:16.931401',1,126),(560,'2021-12-08 11:51:16.932345','2021-12-08 11:51:16.932362',2,126),(561,'2021-12-08 11:51:16.932981','2021-12-08 11:51:16.932996',8,126),(562,'2021-12-08 11:51:16.935138','2021-12-08 11:51:16.935152',1,127),(563,'2021-12-08 11:51:16.935873','2021-12-08 11:51:16.935888',2,127),(564,'2021-12-08 11:51:16.936693','2021-12-08 11:51:16.936708',8,127),(565,'2021-12-08 11:51:16.938906','2021-12-08 11:51:16.938922',1,128),(566,'2021-12-08 11:51:16.939511','2021-12-08 11:51:16.939526',2,128),(567,'2021-12-08 11:51:16.940455','2021-12-08 11:51:16.940471',8,128),(568,'2021-12-08 11:51:16.942695','2021-12-08 11:51:16.942711',1,129),(569,'2021-12-08 11:51:16.943364','2021-12-08 11:51:16.943378',2,129),(570,'2021-12-08 11:51:16.944179','2021-12-08 11:51:16.944194',8,129),(571,'2021-12-08 11:51:16.949070','2021-12-08 11:51:16.949085',1,130),(572,'2021-12-08 11:51:16.949716','2021-12-08 11:51:16.949731',2,130),(573,'2021-12-08 11:51:16.950377','2021-12-08 11:51:16.950392',8,130),(574,'2021-12-08 11:51:16.954495','2021-12-08 11:51:16.954512',1,131),(575,'2021-12-08 11:51:16.955119','2021-12-08 11:51:16.955134',2,131),(576,'2021-12-08 11:51:16.955755','2021-12-08 11:51:16.955770',8,131),(577,'2021-12-08 11:51:16.958098','2021-12-08 11:51:16.958113',1,132),(578,'2021-12-08 11:51:16.958697','2021-12-08 11:51:16.958712',2,132),(579,'2021-12-08 11:51:16.959335','2021-12-08 11:51:16.959354',8,132),(580,'2021-12-08 11:51:16.965545','2021-12-08 11:51:16.965567',1,133),(581,'2021-12-08 11:51:16.966270','2021-12-08 11:51:16.966285',2,133),(582,'2021-12-08 11:51:16.966902','2021-12-08 11:51:16.966918',8,133),(583,'2021-12-08 11:51:16.969561','2021-12-08 11:51:16.969576',1,134),(584,'2021-12-08 11:51:16.970227','2021-12-08 11:51:16.970242',2,134),(585,'2021-12-08 11:51:16.970917','2021-12-08 11:51:16.970932',8,134),(586,'2021-12-08 11:51:16.975603','2021-12-08 11:51:16.975624',1,135),(587,'2021-12-08 11:51:16.976485','2021-12-08 11:51:16.976499',2,135),(588,'2021-12-08 11:51:16.977077','2021-12-08 11:51:16.977089',8,135),(589,'2021-12-08 11:51:16.978947','2021-12-08 11:51:16.978959',1,136),(590,'2021-12-08 11:51:16.979495','2021-12-08 11:51:16.979507',2,136),(591,'2021-12-08 11:51:16.980258','2021-12-08 11:51:16.980270',8,136),(592,'2021-12-08 11:51:16.983894','2021-12-08 11:51:16.983909',1,137),(593,'2021-12-08 11:51:16.984752','2021-12-08 11:51:16.984767',2,137),(594,'2021-12-08 11:51:16.985334','2021-12-08 11:51:16.985347',8,137),(595,'2021-12-08 11:51:16.987211','2021-12-08 11:51:16.987223',1,138),(596,'2021-12-08 11:51:16.987752','2021-12-08 11:51:16.987764',2,138),(597,'2021-12-08 11:51:16.988482','2021-12-08 11:51:16.988495',8,138),(598,'2021-12-08 11:51:16.991412','2021-12-08 11:51:16.991427',1,139),(599,'2021-12-08 11:51:16.992336','2021-12-08 11:51:16.992350',2,139),(600,'2021-12-08 11:51:16.992876','2021-12-08 11:51:16.992888',8,139),(601,'2021-12-08 11:51:16.994721','2021-12-08 11:51:16.994733',1,140),(602,'2021-12-08 11:51:16.996371','2021-12-08 11:51:16.996387',2,140),(603,'2021-12-08 11:51:16.996895','2021-12-08 11:51:16.996908',8,140),(604,'2021-12-08 11:51:16.998758','2021-12-08 11:51:16.998771',1,141),(605,'2021-12-08 11:51:16.999316','2021-12-08 11:51:16.999328',2,141),(606,'2021-12-08 11:51:16.999855','2021-12-08 11:51:16.999870',8,141),(607,'2021-12-08 11:51:17.003565','2021-12-08 11:51:17.003580',1,142),(608,'2021-12-08 11:51:17.004352','2021-12-08 11:51:17.004367',2,142),(609,'2021-12-08 11:51:17.004963','2021-12-08 11:51:17.004977',8,142),(610,'2021-12-08 11:51:17.007054','2021-12-08 11:51:17.007069',1,143),(611,'2021-12-08 11:51:17.007690','2021-12-08 11:51:17.007704',2,143),(612,'2021-12-08 11:51:17.008666','2021-12-08 11:51:17.008680',8,143),(613,'2021-12-08 11:57:06.787576','2021-12-08 11:57:06.787605',1,144),(614,'2021-12-08 11:57:06.788305','2021-12-08 11:57:06.788317',2,144),(615,'2021-12-08 11:57:06.788802','2021-12-08 11:57:06.788814',8,144),(616,'2021-12-08 11:57:06.790693','2021-12-08 11:57:06.790710',1,145),(617,'2021-12-08 11:57:06.791262','2021-12-08 11:57:06.791274',2,145),(618,'2021-12-08 11:57:06.791795','2021-12-08 11:57:06.791807',8,145),(619,'2021-12-08 11:57:06.795192','2021-12-08 11:57:06.795206',1,146),(620,'2021-12-08 11:57:06.795846','2021-12-08 11:57:06.795861',2,146),(621,'2021-12-08 11:57:06.796690','2021-12-08 11:57:06.796706',8,146),(622,'2021-12-08 12:06:28.194336','2021-12-08 12:06:28.194350',2,147),(623,'2021-12-08 12:10:11.732628','2021-12-08 12:10:11.732643',2,148),(624,'2021-12-08 12:10:11.733268','2021-12-08 12:10:11.733283',8,148),(625,'2021-12-08 12:20:36.809202','2021-12-08 12:20:36.809215',2,149),(626,'2021-12-08 12:20:36.809817','2021-12-08 12:20:36.809830',8,149),(627,'2021-12-08 12:20:36.816368','2021-12-08 12:20:36.816382',2,150),(628,'2021-12-08 12:20:36.816900','2021-12-08 12:20:36.816913',8,150),(629,'2021-12-08 12:20:36.818721','2021-12-08 12:20:36.818733',2,151),(630,'2021-12-08 12:20:36.819227','2021-12-08 12:20:36.819239',8,151),(631,'2021-12-08 12:20:36.821059','2021-12-08 12:20:36.821071',2,152),(632,'2021-12-08 12:20:36.821557','2021-12-08 12:20:36.821569',8,152),(633,'2021-12-08 12:23:17.732584','2021-12-08 12:23:17.732599',2,153),(634,'2021-12-08 12:23:17.733142','2021-12-08 12:23:17.733158',8,153),(635,'2021-12-08 12:23:17.734906','2021-12-08 12:23:17.734918',2,154),(636,'2021-12-08 12:23:17.735416','2021-12-08 12:23:17.735431',8,154),(637,'2021-12-08 12:23:17.737575','2021-12-08 12:23:17.737587',2,155),(638,'2021-12-08 12:23:17.738067','2021-12-08 12:23:17.738080',8,155),(639,'2021-12-08 12:23:17.742626','2021-12-08 12:23:17.742639',2,156),(640,'2021-12-08 12:23:17.743175','2021-12-08 12:23:17.743189',8,156),(641,'2021-12-08 12:23:17.745318','2021-12-08 12:23:17.745333',2,157),(642,'2021-12-08 12:23:17.745892','2021-12-08 12:23:17.745907',8,157),(643,'2021-12-08 12:35:28.223454','2021-12-08 12:35:28.223467',1,158),(644,'2021-12-08 12:35:28.224319','2021-12-08 12:35:28.224336',2,158),(645,'2021-12-08 12:35:28.224930','2021-12-08 12:35:28.224943',8,158),(646,'2021-12-08 12:35:28.226783','2021-12-08 12:35:28.226796',1,159),(647,'2021-12-08 12:35:28.227303','2021-12-08 12:35:28.227315',2,159),(648,'2021-12-08 12:35:28.227786','2021-12-08 12:35:28.227798',8,159),(649,'2021-12-08 12:35:28.230205','2021-12-08 12:35:28.230218',1,160),(650,'2021-12-08 12:35:28.230747','2021-12-08 12:35:28.230759',2,160),(651,'2021-12-08 12:35:28.231260','2021-12-08 12:35:28.231272',8,160),(652,'2021-12-08 12:35:28.233306','2021-12-08 12:35:28.233319',1,161),(653,'2021-12-08 12:35:28.233827','2021-12-08 12:35:28.233839',2,161),(654,'2021-12-08 12:35:28.234357','2021-12-08 12:35:28.234369',8,161),(655,'2021-12-08 12:35:28.237579','2021-12-08 12:35:28.237592',1,162),(656,'2021-12-08 12:35:28.238126','2021-12-08 12:35:28.238139',2,162),(657,'2021-12-08 12:35:28.238641','2021-12-08 12:35:28.238653',8,162),(658,'2021-12-08 12:35:28.246545','2021-12-08 12:35:28.246569',1,163),(659,'2021-12-08 12:35:28.247199','2021-12-08 12:35:28.247214',2,163),(660,'2021-12-08 12:35:28.247816','2021-12-08 12:35:28.247829',8,163),(661,'2021-12-08 12:35:28.250634','2021-12-08 12:35:28.250654',1,164),(662,'2021-12-08 12:35:28.251246','2021-12-08 12:35:28.251264',2,164),(663,'2021-12-08 12:35:28.251914','2021-12-08 12:35:28.251927',8,164),(664,'2021-12-08 12:35:28.255850','2021-12-08 12:35:28.255863',1,165),(665,'2021-12-08 12:35:28.256562','2021-12-08 12:35:28.256575',2,165),(666,'2021-12-08 12:35:28.257085','2021-12-08 12:35:28.257098',8,165),(667,'2021-12-08 12:35:28.259690','2021-12-08 12:35:28.259704',1,166),(668,'2021-12-08 12:35:28.261229','2021-12-08 12:35:28.261244',2,166),(669,'2021-12-08 12:35:28.261833','2021-12-08 12:35:28.261846',8,166),(670,'2021-12-08 12:35:28.263757','2021-12-08 12:35:28.263770',1,167),(671,'2021-12-08 12:35:28.264428','2021-12-08 12:35:28.264442',2,167),(672,'2021-12-08 12:35:28.265040','2021-12-08 12:35:28.265055',8,167),(673,'2021-12-08 12:35:28.266910','2021-12-08 12:35:28.266924',1,168),(674,'2021-12-08 12:35:28.267443','2021-12-08 12:35:28.267456',2,168),(675,'2021-12-08 12:35:28.268238','2021-12-08 12:35:28.268251',8,168),(676,'2021-12-08 12:35:28.272646','2021-12-08 12:35:28.272661',1,169),(677,'2021-12-08 12:35:28.273153','2021-12-08 12:35:28.273165',2,169),(678,'2021-12-08 12:35:28.273659','2021-12-08 12:35:28.273672',8,169),(679,'2021-12-08 12:35:28.275439','2021-12-08 12:35:28.275453',1,170),(680,'2021-12-08 12:35:28.276138','2021-12-08 12:35:28.276152',2,170),(681,'2021-12-08 12:35:28.276708','2021-12-08 12:35:28.276727',8,170),(682,'2021-12-08 12:35:28.278433','2021-12-08 12:35:28.278446',1,171),(683,'2021-12-08 12:35:28.278987','2021-12-08 12:35:28.279000',2,171),(684,'2021-12-08 12:35:28.279485','2021-12-08 12:35:28.279500',8,171),(685,'2021-12-08 12:35:28.281448','2021-12-08 12:35:28.281467',1,172),(686,'2021-12-08 12:35:28.282051','2021-12-08 12:35:28.282068',2,172),(687,'2021-12-08 12:35:28.282691','2021-12-08 12:35:28.282712',8,172),(688,'2021-12-08 12:35:28.284697','2021-12-08 12:35:28.284713',1,173),(689,'2021-12-08 12:35:28.285275','2021-12-08 12:35:28.285288',2,173),(690,'2021-12-08 12:35:28.285848','2021-12-08 12:35:28.285861',8,173),(691,'2021-12-08 12:35:28.287767','2021-12-08 12:35:28.287785',1,174),(692,'2021-12-08 12:35:28.288497','2021-12-08 12:35:28.288510',2,174),(693,'2021-12-08 12:35:28.289053','2021-12-08 12:35:28.289067',8,174),(694,'2021-12-08 12:35:28.290980','2021-12-08 12:35:28.290994',1,175),(695,'2021-12-08 12:35:28.291520','2021-12-08 12:35:28.291533',2,175),(696,'2021-12-08 12:35:28.292208','2021-12-08 12:35:28.292221',8,175),(697,'2021-12-08 12:35:28.294085','2021-12-08 12:35:28.294098',1,176),(698,'2021-12-08 12:35:28.294586','2021-12-08 12:35:28.294600',2,176),(699,'2021-12-08 12:35:28.295088','2021-12-08 12:35:28.295103',8,176),(700,'2021-12-08 12:35:28.298199','2021-12-08 12:35:28.298214',1,177),(701,'2021-12-08 12:35:28.298705','2021-12-08 12:35:28.298718',2,177),(702,'2021-12-08 12:35:28.299236','2021-12-08 12:35:28.299249',8,177),(703,'2021-12-08 12:35:28.301135','2021-12-08 12:35:28.301148',1,178),(704,'2021-12-08 12:35:28.301672','2021-12-08 12:35:28.301688',2,178),(705,'2021-12-08 12:35:28.302203','2021-12-08 12:35:28.302216',8,178),(706,'2021-12-08 12:35:28.304332','2021-12-08 12:35:28.304346',1,179),(707,'2021-12-08 12:35:28.304888','2021-12-08 12:35:28.304901',2,179),(708,'2021-12-08 12:35:28.305412','2021-12-08 12:35:28.305424',8,179),(709,'2021-12-08 12:35:28.308697','2021-12-08 12:35:28.308711',1,180),(710,'2021-12-08 12:35:28.309215','2021-12-08 12:35:28.309228',2,180),(711,'2021-12-08 12:35:28.309760','2021-12-08 12:35:28.309773',8,180),(712,'2021-12-08 12:35:28.311709','2021-12-08 12:35:28.311724',1,181),(713,'2021-12-08 12:35:28.312610','2021-12-08 12:35:28.312626',2,181),(714,'2021-12-08 12:35:28.313195','2021-12-08 12:35:28.313208',8,181),(715,'2021-12-08 12:35:28.315111','2021-12-08 12:35:28.315126',1,182),(716,'2021-12-08 12:35:28.315718','2021-12-08 12:35:28.315732',2,182),(717,'2021-12-08 12:35:28.316408','2021-12-08 12:35:28.316421',8,182),(718,'2021-12-08 12:35:28.318420','2021-12-08 12:35:28.318433',1,183),(719,'2021-12-08 12:35:28.318972','2021-12-08 12:35:28.318986',2,183),(720,'2021-12-08 12:35:28.319463','2021-12-08 12:35:28.319475',8,183),(721,'2021-12-22 12:34:10.490487','2021-12-22 12:34:10.490508',9,94),(722,'2021-12-22 12:37:16.308909','2021-12-22 12:37:16.308926',9,95),(723,'2021-12-22 12:37:16.320115','2021-12-22 12:37:16.320134',9,96),(724,'2021-12-22 12:37:16.331688','2021-12-22 12:37:16.331703',9,97),(725,'2021-12-22 12:37:16.342439','2021-12-22 12:37:16.342462',9,98),(726,'2021-12-23 17:20:05.170211','2021-12-23 17:20:05.170238',9,186),(727,'2021-12-23 17:20:05.176376','2021-12-23 17:20:05.176390',9,187),(728,'2021-12-23 17:20:05.179736','2021-12-23 17:20:05.179749',1,188),(729,'2021-12-23 17:20:05.180233','2021-12-23 17:20:05.180246',2,188),(730,'2021-12-23 17:20:05.180901','2021-12-23 17:20:05.180914',3,188),(731,'2021-12-23 17:20:05.184138','2021-12-23 17:20:05.184154',2,189),(732,'2021-12-23 17:20:05.187098','2021-12-23 17:20:05.187110',9,190),(733,'2022-01-13 14:45:10.683962','2022-01-13 14:45:10.683987',8,194),(734,'2022-01-13 14:45:10.685980','2022-01-13 14:45:10.686002',9,194),(735,'2022-01-13 14:45:10.692581','2022-01-13 14:45:10.692601',1,195),(736,'2022-01-13 14:45:10.693293','2022-01-13 14:45:10.693312',2,195),(737,'2022-01-13 14:45:10.697166','2022-01-13 14:45:10.697178',9,196),(738,'2022-01-13 14:45:10.700920','2022-01-13 14:45:10.700940',9,197),(739,'2022-01-13 16:54:33.740925','2022-01-13 16:54:33.740942',9,14),(740,'2022-01-13 16:54:33.757454','2022-01-13 16:54:33.757506',8,15),(741,'2022-01-13 16:54:33.771944','2022-01-13 16:54:33.771973',8,16),(742,'2022-01-13 16:54:33.790845','2022-01-13 16:54:33.790864',8,17),(743,'2022-01-13 16:54:33.804595','2022-01-13 16:54:33.804613',8,18),(744,'2022-01-13 16:54:33.817313','2022-01-13 16:54:33.817328',8,19),(745,'2022-01-13 16:54:33.818967','2022-01-13 16:54:33.818985',9,19),(746,'2022-01-13 16:54:33.834761','2022-01-13 16:54:33.834783',8,20),(747,'2022-01-13 16:54:33.851238','2022-01-13 16:54:33.851253',8,6),(748,'2022-01-13 16:54:33.865454','2022-01-13 16:54:33.865491',8,7),(749,'2022-01-13 16:54:33.875775','2022-01-13 16:54:33.875788',8,8),(750,'2022-01-13 16:54:33.892617','2022-01-13 16:54:33.892632',8,9),(751,'2022-01-13 16:54:33.905159','2022-01-13 16:54:33.905175',8,21),(752,'2022-01-13 16:54:33.906521','2022-01-13 16:54:33.906535',9,21),(753,'2022-01-13 16:54:33.924399','2022-01-13 16:54:33.924420',8,22),(754,'2022-01-13 16:54:33.926257','2022-01-13 16:54:33.926276',9,22),(755,'2022-01-13 16:54:33.971085','2022-01-13 16:54:33.971109',8,23),(756,'2022-01-13 17:30:45.025141','2022-01-13 17:30:45.025158',8,199),(757,'2022-01-13 17:30:45.027130','2022-01-13 17:30:45.027142',8,200),(758,'2022-01-13 17:30:45.029760','2022-01-13 17:30:45.029774',8,201),(759,'2022-01-13 18:01:46.047138','2022-01-13 18:01:46.047153',3,205),(760,'2022-01-13 18:01:46.049196','2022-01-13 18:01:46.049210',3,206),(761,'2022-01-13 18:01:46.053860','2022-01-13 18:01:46.053883',3,207),(762,'2022-01-13 18:02:06.473900','2022-01-13 18:02:06.473926',8,208),(763,'2022-01-13 18:02:06.476939','2022-01-13 18:02:06.476959',8,209),(764,'2022-01-13 18:02:06.480268','2022-01-13 18:02:06.480297',1,210),(765,'2022-01-13 18:02:06.481141','2022-01-13 18:02:06.481161',8,210);
/*!40000 ALTER TABLE `pauta_instruccioncolumna` ENABLE KEYS */;
UNLOCK TABLES;

--
-- Table structure for table `pauta_insumoproceso`
--

DROP TABLE IF EXISTS `pauta_insumoproceso`;
/*!40101 SET @saved_cs_client     = @@character_set_client */;
/*!40101 SET character_set_client = utf8 */;
CREATE TABLE `pauta_insumoproceso` (
  `id` bigint(20) NOT NULL AUTO_INCREMENT,
  `insumo_id` bigint(20) NOT NULL,
  `pauta_id` bigint(20) NOT NULL,
  PRIMARY KEY (`id`),
  UNIQUE KEY `pauta_insumoproceso_insumo_id_pauta_id_4ab26339_uniq` (`insumo_id`,`pauta_id`),
  KEY `pauta_insumoproceso_pauta_id_1bf7e6b1_fk_pauta_pauta_id` (`pauta_id`),
  CONSTRAINT `pauta_insumoproceso_insumo_id_6c668117_fk_nucleo_insumo_id` FOREIGN KEY (`insumo_id`) REFERENCES `nucleo_insumo` (`id`),
  CONSTRAINT `pauta_insumoproceso_pauta_id_1bf7e6b1_fk_pauta_pauta_id` FOREIGN KEY (`pauta_id`) REFERENCES `pauta_pauta` (`id`)
) ENGINE=InnoDB AUTO_INCREMENT=11 DEFAULT CHARSET=utf8;
/*!40101 SET character_set_client = @saved_cs_client */;

--
-- Dumping data for table `pauta_insumoproceso`
--

LOCK TABLES `pauta_insumoproceso` WRITE;
/*!40000 ALTER TABLE `pauta_insumoproceso` DISABLE KEYS */;
INSERT INTO `pauta_insumoproceso` VALUES (2,131,9),(3,131,13),(4,141,14),(5,143,7),(8,145,5),(9,167,8),(10,168,3);
/*!40000 ALTER TABLE `pauta_insumoproceso` ENABLE KEYS */;
UNLOCK TABLES;

--
-- Table structure for table `pauta_pauta`
--

DROP TABLE IF EXISTS `pauta_pauta`;
/*!40101 SET @saved_cs_client     = @@character_set_client */;
/*!40101 SET character_set_client = utf8 */;
CREATE TABLE `pauta_pauta` (
  `id` bigint(20) NOT NULL AUTO_INCREMENT,
  `nombre` varchar(255) NOT NULL,
  `created` datetime(6) NOT NULL,
  `updated` datetime(6) NOT NULL,
  `rendimiento` double DEFAULT NULL,
  `tipo` varchar(255) NOT NULL,
  PRIMARY KEY (`id`)
) ENGINE=InnoDB AUTO_INCREMENT=23 DEFAULT CHARSET=latin1;
/*!40101 SET character_set_client = @saved_cs_client */;

--
-- Dumping data for table `pauta_pauta`
--

LOCK TABLES `pauta_pauta` WRITE;
/*!40000 ALTER TABLE `pauta_pauta` DISABLE KEYS */;
INSERT INTO `pauta_pauta` VALUES (3,'Queso Cabra Tradicional PIP','2021-11-18 12:28:08.676820','2022-01-13 20:12:46.039977',8.5,'PIP'),(5,'YOGUR GRIEGO PIP','2021-12-08 08:24:46.941734','2022-01-13 14:47:43.166898',1.13,'PIP'),(6,'PROVOLETA PIP','2021-12-08 09:04:49.102564','2021-12-08 11:36:56.428813',8.3,'PIP'),(7,'YOGUR DESCREMADO PIP','2021-12-08 11:00:25.549084','2021-12-22 12:37:16.104188',1,'PIP'),(8,'YOGUR CLASICO PIP','2021-12-08 11:16:05.847091','2022-01-13 15:35:09.592090',100,'PIP'),(9,'COTTAGE PIP','2021-12-08 11:51:16.864986','2021-12-08 11:51:16.865021',8.5,'PIP'),(10,'SALSA COTTAGE PIP','2021-12-08 11:57:06.759417','2021-12-08 11:57:06.759472',1,'PIP'),(11,'Cottage mas Salsa PIP','2021-12-08 12:06:28.181589','2021-12-08 12:06:28.181619',8.5,'PIP'),(12,'MASCARPONE PIP','2021-12-08 12:10:11.707445','2021-12-08 12:23:17.608227',0.704,'PIP'),(13,'CAMBRIE PIP','2021-12-08 12:35:28.191214','2021-12-08 12:35:28.191240',8.5,'PIP'),(14,'Leche de Vaca con logistica','2021-12-15 12:11:58.872875','2021-12-15 13:10:40.649396',1,'PIP'),(16,'Pauta Empaque Yogur','2021-12-22 14:43:06.252003','2022-01-12 14:51:24.682784',1.058,'PIP'),(17,'Pauta Linea Griego','2022-01-13 11:06:13.801936','2022-01-13 14:45:10.666381',8.5,'PIP'),(18,'Pauta Linea Queso Tradicional Oregano','2022-01-13 17:30:45.012993','2022-01-14 20:54:41.405890',1,'Linea'),(19,'Pauta Linea Queso Tradicional Aceituna','2022-01-13 18:00:59.640867','2022-01-13 18:00:59.640889',8.5,'PIP'),(20,'Pauta Linea Queso Tradicional Ciboulette','2022-01-13 18:01:46.029063','2022-01-13 20:22:21.453403',1,'PIP'),(21,'Pauta de Linea Queso Cabra Natural','2022-01-13 18:02:06.464645','2022-01-13 18:02:06.464678',8.5,'PIP'),(22,'Pauta Linea Queso Tradicional Albahaca','2022-01-13 18:03:47.628487','2022-01-13 18:03:47.628518',8.5,'PIP');
/*!40000 ALTER TABLE `pauta_pauta` ENABLE KEYS */;
UNLOCK TABLES;

--
-- Table structure for table `pauta_pautaproducto`
--

DROP TABLE IF EXISTS `pauta_pautaproducto`;
/*!40101 SET @saved_cs_client     = @@character_set_client */;
/*!40101 SET character_set_client = utf8 */;
CREATE TABLE `pauta_pautaproducto` (
  `id` bigint(20) NOT NULL AUTO_INCREMENT,
  `pauta_id` bigint(20) NOT NULL,
  `producto_id` bigint(20) NOT NULL,
  PRIMARY KEY (`id`),
  KEY `pauta_pautaproducto_pauta_id_40dc9ea7_fk_pauta_pauta_id` (`pauta_id`),
  KEY `pauta_pautaproducto_producto_id_655b752c_fk_nucleo_producto_id` (`producto_id`),
  CONSTRAINT `pauta_pautaproducto_pauta_id_40dc9ea7_fk_pauta_pauta_id` FOREIGN KEY (`pauta_id`) REFERENCES `pauta_pauta` (`id`),
  CONSTRAINT `pauta_pautaproducto_producto_id_655b752c_fk_nucleo_producto_id` FOREIGN KEY (`producto_id`) REFERENCES `nucleo_producto` (`id`)
) ENGINE=InnoDB AUTO_INCREMENT=59 DEFAULT CHARSET=utf8;
/*!40101 SET character_set_client = @saved_cs_client */;

--
-- Dumping data for table `pauta_pautaproducto`
--

LOCK TABLES `pauta_pautaproducto` WRITE;
/*!40000 ALTER TABLE `pauta_pautaproducto` DISABLE KEYS */;
INSERT INTO `pauta_pautaproducto` VALUES (15,9,9),(16,9,10),(17,9,12),(18,10,9),(19,10,10),(20,10,12),(21,11,9),(22,11,10),(23,11,12),(24,12,11),(25,12,13),(26,13,4),(27,13,5),(28,13,6),(29,13,14),(30,16,17),(31,16,22),(32,16,23),(33,16,26),(34,16,15),(35,16,16),(36,16,18),(37,16,19),(38,16,20),(39,16,21),(40,16,25),(41,17,15),(42,17,18),(43,17,19),(44,17,24),(57,18,34),(58,18,50);
/*!40000 ALTER TABLE `pauta_pautaproducto` ENABLE KEYS */;
UNLOCK TABLES;

--
-- Table structure for table `perfil_perfil`
--

DROP TABLE IF EXISTS `perfil_perfil`;
/*!40101 SET @saved_cs_client     = @@character_set_client */;
/*!40101 SET character_set_client = utf8 */;
CREATE TABLE `perfil_perfil` (
  `id` bigint(20) NOT NULL AUTO_INCREMENT,
  `avatar` varchar(100) DEFAULT NULL,
  `pin` varchar(4) NOT NULL,
  `firma_digital` varchar(100) DEFAULT NULL,
  `usuario_id` int(11) NOT NULL,
  `lugar_id` bigint(20) DEFAULT NULL,
  PRIMARY KEY (`id`),
  UNIQUE KEY `perfil_perfil_usuario_id_7f05c1ac_uniq` (`usuario_id`),
  KEY `perfil_perfil_lugar_id_85d5b0a0_fk_inventario_bodega_id` (`lugar_id`),
  CONSTRAINT `perfil_perfil_lugar_id_85d5b0a0_fk_inventario_bodega_id` FOREIGN KEY (`lugar_id`) REFERENCES `inventario_bodega` (`id`),
  CONSTRAINT `perfil_perfil_usuario_id_7f05c1ac_fk_auth_user_id` FOREIGN KEY (`usuario_id`) REFERENCES `auth_user` (`id`)
) ENGINE=InnoDB AUTO_INCREMENT=47 DEFAULT CHARSET=latin1;
/*!40101 SET character_set_client = @saved_cs_client */;

--
-- Dumping data for table `perfil_perfil`
--

LOCK TABLES `perfil_perfil` WRITE;
/*!40000 ALTER TABLE `perfil_perfil` DISABLE KEYS */;
INSERT INTO `perfil_perfil` VALUES (2,'profiles/djangopermisos_tClO8Ya.png','1234','firmas/800px-Miguel_Díaz-Canel_firma.png',1,2),(5,'','4913','firmas/IMG_8329.jpg',11,4),(24,'','4244','',33,4),(25,'','0347','',34,4),(27,'','8928','',36,4),(28,'','7298','',37,4),(29,'','7132','',38,4),(30,'','1209','',39,3),(31,'','4147','',40,4),(32,'','6429','',41,4),(33,'profiles/Hernan_Vigil_Relax.jpg','9950','',42,4),(34,'','2961','',43,4),(36,'','8411','',45,3),(37,'','6183','',46,4),(38,'','6149','',47,2),(39,'','2061','',48,3),(41,'','6802','',50,3),(42,'','5967','',51,2),(43,'','0885','',52,4),(44,'','7448','',53,4),(45,'','7821','',54,4),(46,'','3805','',55,4);
/*!40000 ALTER TABLE `perfil_perfil` ENABLE KEYS */;
UNLOCK TABLES;

--
-- Table structure for table `produccion_bultopautaproduccion`
--

DROP TABLE IF EXISTS `produccion_bultopautaproduccion`;
/*!40101 SET @saved_cs_client     = @@character_set_client */;
/*!40101 SET character_set_client = utf8 */;
CREATE TABLE `produccion_bultopautaproduccion` (
  `id` bigint(20) NOT NULL AUTO_INCREMENT,
  `cantidad` double NOT NULL,
  `bulto_id` bigint(20) NOT NULL,
  `pauta_id` bigint(20) NOT NULL,
  PRIMARY KEY (`id`),
  KEY `produccion_bultopaut_bulto_id_f0da180c_fk_inventari` (`bulto_id`),
  KEY `produccion_bultopaut_pauta_id_5ee7217e_fk_produccio` (`pauta_id`),
  CONSTRAINT `produccion_bultopaut_bulto_id_f0da180c_fk_inventari` FOREIGN KEY (`bulto_id`) REFERENCES `inventario_insumobulto` (`id`),
  CONSTRAINT `produccion_bultopaut_pauta_id_5ee7217e_fk_produccio` FOREIGN KEY (`pauta_id`) REFERENCES `produccion_pautaproduccion` (`id`)
) ENGINE=InnoDB DEFAULT CHARSET=utf8;
/*!40101 SET character_set_client = @saved_cs_client */;

--
-- Dumping data for table `produccion_bultopautaproduccion`
--

LOCK TABLES `produccion_bultopautaproduccion` WRITE;
/*!40000 ALTER TABLE `produccion_bultopautaproduccion` DISABLE KEYS */;
/*!40000 ALTER TABLE `produccion_bultopautaproduccion` ENABLE KEYS */;
UNLOCK TABLES;

--
-- Table structure for table `produccion_cajalote`
--

DROP TABLE IF EXISTS `produccion_cajalote`;
/*!40101 SET @saved_cs_client     = @@character_set_client */;
/*!40101 SET character_set_client = utf8 */;
CREATE TABLE `produccion_cajalote` (
  `id` bigint(20) NOT NULL AUTO_INCREMENT,
  `cantidad` int(11) NOT NULL,
  `caja` int(11) NOT NULL,
  `recepcionado` tinyint(1) DEFAULT NULL,
  `lote_id` bigint(20) DEFAULT NULL,
  `lugar_id` bigint(20) DEFAULT NULL,
  `estado` varchar(20) NOT NULL,
  `cantidad_a` int(11) NOT NULL,
  PRIMARY KEY (`id`),
  UNIQUE KEY `produccion_cajalote_lote_id_caja_c59d5cd9_uniq` (`lote_id`,`caja`),
  KEY `produccion_cajalote_lugar_id_a609aadb_fk_inventario_bodega_id` (`lugar_id`),
  CONSTRAINT `produccion_cajalote_lote_id_47ce1a79_fk_produccion_lote_id` FOREIGN KEY (`lote_id`) REFERENCES `produccion_lote` (`id`),
  CONSTRAINT `produccion_cajalote_lugar_id_a609aadb_fk_inventario_bodega_id` FOREIGN KEY (`lugar_id`) REFERENCES `inventario_bodega` (`id`)
) ENGINE=InnoDB AUTO_INCREMENT=176 DEFAULT CHARSET=utf8;
/*!40101 SET character_set_client = @saved_cs_client */;

--
-- Dumping data for table `produccion_cajalote`
--

LOCK TABLES `produccion_cajalote` WRITE;
/*!40000 ALTER TABLE `produccion_cajalote` DISABLE KEYS */;
INSERT INTO `produccion_cajalote` VALUES (1,12,1,NULL,9,4,'Produccion',0),(2,12,2,NULL,9,4,'Produccion',0),(3,12,3,NULL,9,4,'Produccion',0),(4,12,4,NULL,9,4,'Produccion',0),(5,2,5,NULL,9,4,'Produccion',0),(6,1,1,NULL,16,3,'Produccion',0),(7,1,2,NULL,16,3,'Produccion',0),(8,1,3,NULL,16,3,'Produccion',0),(9,1,4,NULL,16,3,'Produccion',0),(10,1,5,NULL,16,3,'Produccion',0),(11,1,6,NULL,16,3,'Produccion',0),(12,1,7,NULL,16,3,'Produccion',0),(13,1,8,NULL,16,3,'Produccion',0),(14,1,9,NULL,16,3,'Produccion',0),(15,1,10,NULL,16,3,'Produccion',0),(16,1,11,NULL,16,3,'Produccion',0),(17,1,12,NULL,16,3,'Produccion',0),(18,1,13,NULL,16,3,'Produccion',0),(19,1,14,NULL,16,3,'Produccion',0),(20,1,15,NULL,16,3,'Produccion',0),(21,1,16,NULL,16,3,'Produccion',0),(22,1,17,NULL,16,3,'Produccion',0),(23,1,18,NULL,16,3,'Produccion',0),(24,1,19,NULL,16,3,'Produccion',0),(25,1,20,NULL,16,3,'Produccion',0),(26,1,21,NULL,16,3,'Produccion',0),(27,1,22,NULL,16,3,'Produccion',0),(28,1,23,NULL,16,3,'Produccion',0),(29,1,24,NULL,16,3,'Produccion',0),(30,1,25,NULL,16,3,'Produccion',0),(31,1,26,NULL,16,3,'Produccion',0),(32,1,27,NULL,16,3,'Produccion',0),(33,1,28,NULL,16,3,'Produccion',0),(34,1,29,NULL,16,3,'Produccion',0),(35,1,30,NULL,16,3,'Produccion',0),(36,1,31,NULL,16,3,'Produccion',0),(37,1,32,NULL,16,3,'Produccion',0),(38,1,33,NULL,16,3,'Produccion',0),(39,1,34,NULL,16,3,'Produccion',0),(40,1,35,NULL,16,3,'Produccion',0),(41,1,36,NULL,16,3,'Produccion',0),(42,1,37,NULL,16,3,'Produccion',0),(43,1,38,NULL,16,3,'Produccion',0),(44,1,39,NULL,16,3,'Produccion',0),(45,1,40,NULL,16,3,'Produccion',0),(46,1,41,NULL,16,3,'Produccion',0),(47,1,42,NULL,16,3,'Produccion',0),(48,1,43,NULL,16,3,'Produccion',0),(49,1,44,NULL,16,3,'Produccion',0),(50,1,45,NULL,16,3,'Produccion',0),(51,1,46,NULL,16,3,'Produccion',0),(52,1,47,NULL,16,3,'Produccion',0),(53,1,48,NULL,16,3,'Produccion',0),(54,1,49,NULL,16,3,'Produccion',0),(55,1,50,NULL,16,3,'Produccion',0),(56,1,51,NULL,16,3,'Produccion',0),(57,1,52,NULL,16,3,'Produccion',0),(58,1,53,NULL,16,3,'Produccion',0),(59,1,54,NULL,16,3,'Produccion',0),(60,1,55,NULL,16,3,'Produccion',0),(61,1,56,NULL,16,3,'Produccion',0),(62,1,57,NULL,16,3,'Produccion',0),(63,1,58,NULL,16,3,'Produccion',0),(64,1,59,NULL,16,3,'Produccion',0),(65,1,60,NULL,16,3,'Produccion',0),(66,1,1,NULL,17,4,'Produccion',0),(67,1,2,NULL,17,4,'Produccion',0),(68,1,3,NULL,17,4,'Produccion',0),(69,1,4,NULL,17,4,'Produccion',0),(70,1,5,NULL,17,4,'Produccion',0),(71,1,6,NULL,17,4,'Produccion',0),(72,1,7,NULL,17,4,'Produccion',0),(73,1,8,NULL,17,4,'Produccion',0),(74,1,9,NULL,17,4,'Produccion',0),(75,1,10,NULL,17,4,'Produccion',0),(76,1,11,NULL,17,4,'Produccion',0),(77,1,12,NULL,17,4,'Produccion',0),(78,1,13,NULL,17,4,'Produccion',0),(79,1,14,NULL,17,4,'Produccion',0),(80,1,15,NULL,17,4,'Produccion',0),(81,1,16,NULL,17,4,'Produccion',0),(82,1,17,NULL,17,4,'Produccion',0),(83,1,18,NULL,17,4,'Produccion',0),(84,1,19,NULL,17,4,'Produccion',0),(85,1,20,NULL,17,4,'Produccion',0),(86,1,21,NULL,17,4,'Produccion',0),(87,1,22,NULL,17,4,'Produccion',0),(88,1,23,NULL,17,4,'Produccion',0),(89,1,24,NULL,17,4,'Produccion',0),(90,1,25,NULL,17,4,'Produccion',0),(91,1,26,NULL,17,4,'Produccion',0),(92,1,27,NULL,17,4,'Produccion',0),(93,1,28,NULL,17,4,'Produccion',0),(94,1,29,NULL,17,4,'Produccion',0),(95,1,30,NULL,17,4,'Produccion',0),(96,1,31,NULL,17,4,'Produccion',0),(97,1,32,NULL,17,4,'Produccion',0),(98,1,33,NULL,17,4,'Produccion',0),(99,1,34,NULL,17,4,'Produccion',0),(100,1,35,NULL,17,4,'Produccion',0),(101,1,36,NULL,17,4,'Produccion',0),(102,1,37,NULL,17,4,'Produccion',0),(103,1,38,NULL,17,4,'Produccion',0),(104,1,39,NULL,17,4,'Produccion',0),(105,1,40,NULL,17,4,'Produccion',0),(106,1,41,NULL,17,4,'Produccion',0),(107,1,42,NULL,17,4,'Produccion',0),(108,1,43,NULL,17,4,'Produccion',0),(109,1,44,NULL,17,4,'Produccion',0),(110,1,45,NULL,17,4,'Produccion',0),(111,1,46,NULL,17,4,'Produccion',0),(112,1,47,NULL,17,4,'Produccion',0),(113,1,48,NULL,17,4,'Produccion',0),(114,1,49,NULL,17,4,'Produccion',0),(115,1,50,NULL,17,4,'Produccion',0),(116,1,51,NULL,17,4,'Produccion',0),(117,1,52,NULL,17,4,'Produccion',0),(118,1,53,NULL,17,4,'Produccion',0),(119,1,54,NULL,17,4,'Produccion',0),(120,1,55,NULL,17,4,'Produccion',0),(121,1,56,NULL,17,4,'Produccion',0),(122,1,57,NULL,17,4,'Produccion',0),(123,8,1,NULL,15,3,'Produccion',0),(124,8,2,NULL,15,3,'Produccion',0),(125,8,3,NULL,15,3,'Produccion',0),(126,8,4,NULL,15,3,'Produccion',0),(127,8,5,NULL,15,3,'Produccion',0),(128,8,6,NULL,15,3,'Produccion',0),(129,8,7,NULL,15,3,'Produccion',0),(130,8,8,NULL,15,3,'Produccion',0),(131,8,9,NULL,15,3,'Produccion',0),(132,8,10,NULL,15,3,'Produccion',0),(133,8,11,NULL,15,3,'Produccion',0),(134,6,12,NULL,15,3,'Produccion',0),(135,1,1,NULL,20,4,'Produccion',0),(136,1,2,NULL,20,4,'Produccion',0),(137,1,3,NULL,20,4,'Produccion',0),(138,1,4,NULL,20,4,'Produccion',0),(139,1,5,NULL,20,4,'Produccion',0),(140,1,6,NULL,20,4,'Produccion',0),(141,1,7,NULL,20,4,'Produccion',0),(142,1,8,NULL,20,4,'Produccion',0),(143,1,9,NULL,20,4,'Produccion',0),(144,1,10,NULL,20,4,'Produccion',0),(145,1,11,NULL,20,4,'Produccion',0),(146,1,12,NULL,20,4,'Produccion',0),(147,1,13,NULL,20,4,'Produccion',0),(148,1,14,NULL,20,4,'Produccion',0),(149,1,15,NULL,20,4,'Produccion',0),(150,1,16,NULL,20,4,'Produccion',0),(151,1,17,NULL,20,4,'Produccion',0),(152,1,18,NULL,20,4,'Produccion',0),(153,1,19,NULL,20,4,'Produccion',0),(154,1,20,NULL,20,4,'Produccion',0),(155,1,21,NULL,20,4,'Produccion',0),(156,1,22,NULL,20,4,'Produccion',0),(157,1,23,NULL,20,4,'Produccion',0),(158,1,24,NULL,20,4,'Produccion',0),(159,1,25,NULL,20,4,'Produccion',0),(160,1,26,NULL,20,4,'Produccion',0),(161,1,27,NULL,20,4,'Produccion',0),(162,1,28,NULL,20,4,'Produccion',0),(163,1,29,NULL,20,4,'Produccion',0),(164,1,30,NULL,20,4,'Produccion',0),(165,1,31,NULL,20,4,'Produccion',0),(166,1,32,NULL,20,4,'Produccion',0),(167,1,33,NULL,20,4,'Produccion',0),(168,1,34,NULL,20,4,'Produccion',0),(169,1,35,NULL,20,4,'Produccion',0),(170,1,36,NULL,20,4,'Produccion',0),(171,1,37,NULL,20,4,'Produccion',0),(172,1,38,NULL,20,4,'Produccion',0),(173,1,39,NULL,20,4,'Produccion',0),(174,1,40,NULL,20,4,'Produccion',0),(175,12,1,NULL,18,4,'Produccion',0);
/*!40000 ALTER TABLE `produccion_cajalote` ENABLE KEYS */;
UNLOCK TABLES;

--
-- Table structure for table `produccion_cajalotepautaproduccion`
--

DROP TABLE IF EXISTS `produccion_cajalotepautaproduccion`;
/*!40101 SET @saved_cs_client     = @@character_set_client */;
/*!40101 SET character_set_client = utf8 */;
CREATE TABLE `produccion_cajalotepautaproduccion` (
  `id` bigint(20) NOT NULL AUTO_INCREMENT,
  `cantidad` double NOT NULL,
  `pauta_id` bigint(20) NOT NULL,
  `producto_id` bigint(20) NOT NULL,
  PRIMARY KEY (`id`),
  KEY `produccion_cajalotep_pauta_id_8c52f7a5_fk_produccio` (`pauta_id`),
  KEY `produccion_cajalotep_producto_id_39126644_fk_produccio` (`producto_id`),
  CONSTRAINT `produccion_cajalotep_pauta_id_8c52f7a5_fk_produccio` FOREIGN KEY (`pauta_id`) REFERENCES `produccion_pautaproduccion` (`id`),
  CONSTRAINT `produccion_cajalotep_producto_id_39126644_fk_produccio` FOREIGN KEY (`producto_id`) REFERENCES `produccion_cajalote` (`id`)
) ENGINE=InnoDB DEFAULT CHARSET=utf8;
/*!40101 SET character_set_client = @saved_cs_client */;

--
-- Dumping data for table `produccion_cajalotepautaproduccion`
--

LOCK TABLES `produccion_cajalotepautaproduccion` WRITE;
/*!40000 ALTER TABLE `produccion_cajalotepautaproduccion` DISABLE KEYS */;
/*!40000 ALTER TABLE `produccion_cajalotepautaproduccion` ENABLE KEYS */;
UNLOCK TABLES;

--
-- Table structure for table `produccion_estadolote`
--

DROP TABLE IF EXISTS `produccion_estadolote`;
/*!40101 SET @saved_cs_client     = @@character_set_client */;
/*!40101 SET character_set_client = utf8 */;
CREATE TABLE `produccion_estadolote` (
  `id` bigint(20) NOT NULL AUTO_INCREMENT,
  `nombre` varchar(255) NOT NULL,
  `fecha` datetime(6) NOT NULL,
  `unidadesNC` int(11) DEFAULT NULL,
  `unidadesFF` int(11) DEFAULT NULL,
  `unidadesC` int(11) DEFAULT NULL,
  `lote_id` bigint(20) DEFAULT NULL,
  `lugar_id` bigint(20) DEFAULT NULL,
  `observacion` longtext NOT NULL,
  `encargado_id` int(11) DEFAULT NULL,
  `peso` double DEFAULT NULL,
  `estadoGlobal_id` bigint(20) DEFAULT NULL,
  PRIMARY KEY (`id`),
  KEY `produccion_estadolote_encargado_id_4f968c33_fk_auth_user_id` (`encargado_id`),
  KEY `produccion_estadolote_lote_id_a7b9b9a2_fk_produccion_lote_id` (`lote_id`),
  KEY `produccion_estadolote_lugar_id_4a580be4_fk_inventario_bodega_id` (`lugar_id`),
  KEY `produccion_estadolot_estadoGlobal_id_4cdcf00b_fk_estado_es` (`estadoGlobal_id`),
  CONSTRAINT `produccion_estadolot_estadoGlobal_id_4cdcf00b_fk_estado_es` FOREIGN KEY (`estadoGlobal_id`) REFERENCES `estado_estado` (`id`),
  CONSTRAINT `produccion_estadolote_encargado_id_4f968c33_fk_auth_user_id` FOREIGN KEY (`encargado_id`) REFERENCES `auth_user` (`id`),
  CONSTRAINT `produccion_estadolote_lote_id_a7b9b9a2_fk_produccion_lote_id` FOREIGN KEY (`lote_id`) REFERENCES `produccion_lote` (`id`),
  CONSTRAINT `produccion_estadolote_lugar_id_4a580be4_fk_inventario_bodega_id` FOREIGN KEY (`lugar_id`) REFERENCES `inventario_bodega` (`id`)
) ENGINE=InnoDB AUTO_INCREMENT=82 DEFAULT CHARSET=utf8;
/*!40101 SET character_set_client = @saved_cs_client */;

--
-- Dumping data for table `produccion_estadolote`
--

LOCK TABLES `produccion_estadolote` WRITE;
/*!40000 ALTER TABLE `produccion_estadolote` DISABLE KEYS */;
INSERT INTO `produccion_estadolote` VALUES (7,'En Transito','2021-11-12 09:59:33.480032',0,0,0,NULL,4,'',1,0,NULL),(9,'Recepcionado','2021-11-12 11:32:31.196247',0,0,0,NULL,3,'',1,0,NULL),(17,'En Transito','2021-11-12 15:46:48.264918',0,0,0,NULL,4,'',1,0,NULL),(18,'Recepcionado','2021-11-12 15:47:26.144598',0,0,0,NULL,3,'',1,0,NULL),(36,'En Transito','2021-11-22 16:26:20.928521',0,0,0,NULL,2,'',41,0,NULL),(37,'En Transito','2021-11-22 16:26:20.949072',0,0,0,NULL,2,'',41,0,NULL),(38,'Recepcionado','2021-11-22 16:30:21.274240',0,0,0,NULL,3,'',41,0,NULL),(39,'Recepcionado','2021-11-22 16:30:21.285595',0,0,0,NULL,3,'',41,0,NULL),(40,'Inicial','2021-12-08 11:14:37.537954',0,0,0,1,2,'',NULL,0,NULL),(45,'Inicial','2021-12-08 11:51:21.994755',0,0,0,4,4,'',NULL,0,NULL),(46,'Inicial','2021-12-08 11:51:22.002328',0,0,0,5,4,'',NULL,0,NULL),(47,'Inicial','2021-12-08 11:51:22.009366',0,0,0,6,4,'',NULL,0,NULL),(48,'Inicial','2021-12-08 11:51:22.015105',0,0,0,7,4,'',NULL,0,NULL),(49,'Empacado','2021-12-08 11:54:26.218468',0,0,0,6,4,'',41,0,NULL),(50,'Empacado','2021-12-08 11:56:10.895440',0,0,0,4,4,'',41,0,NULL),(51,'Empacado','2021-12-08 11:56:36.605567',0,0,0,5,4,'',41,0,NULL),(52,'Inicial','2021-12-08 12:07:50.783524',0,0,0,8,4,'',NULL,0,NULL),(53,'Inicial','2021-12-08 12:07:50.791576',0,0,0,9,4,'',NULL,0,NULL),(54,'Inicial','2021-12-08 12:07:50.798909',0,0,0,10,4,'',NULL,0,NULL),(55,'Empacado','2021-12-08 12:09:34.817143',0,0,0,9,4,'',41,0,NULL),(56,'Empacado','2021-12-08 12:09:55.767911',0,0,0,10,4,'',41,0,NULL),(57,'Inicial','2021-12-08 12:10:48.479330',0,0,0,11,4,'',NULL,0,NULL),(58,'Inicial','2021-12-08 12:10:48.487720',0,0,0,12,4,'',NULL,0,NULL),(59,'Empacado','2021-12-08 12:21:13.570456',0,0,0,7,4,'',41,0,NULL),(60,'Inicial','2021-12-08 12:30:35.714903',0,0,0,13,4,'',NULL,0,NULL),(61,'Inicial','2021-12-08 12:30:35.719974',0,0,0,14,4,'',NULL,0,NULL),(62,'Empacado','2021-12-08 12:31:01.355319',0,0,0,13,4,'',41,0,NULL),(63,'Empacado','2021-12-08 12:32:20.982053',0,0,0,14,4,'',41,0,NULL),(64,'Empacado','2021-12-09 18:39:04.463075',0,0,0,12,4,'',41,0,NULL),(65,'Inicial','2021-12-22 15:22:57.402448',0,0,0,15,3,'',NULL,0,NULL),(66,'Inicial','2021-12-22 15:22:57.410475',0,0,0,16,3,'',NULL,0,NULL),(67,'Empacado','2021-12-22 15:32:41.897622',0,0,0,16,3,'',42,0,NULL),(68,'Empacado','2021-12-22 15:36:25.813501',0,0,0,15,3,'',42,0,NULL),(69,'Inicial','2021-12-24 10:43:16.868668',0,0,0,17,4,'',NULL,0,NULL),(70,'Empacado','2021-12-24 10:44:16.564508',0,0,0,17,4,'',41,0,NULL),(71,'Inicial','2022-01-13 16:02:50.430964',0,0,0,18,4,'',NULL,0,NULL),(72,'Inicial','2022-01-13 16:02:50.439502',0,0,0,19,4,'',NULL,0,NULL),(73,'Inicial','2022-01-13 16:02:50.448293',0,0,0,20,4,'',NULL,0,NULL),(74,'Empacado','2022-01-13 16:06:35.758857',0,0,0,20,4,'',42,0,NULL),(75,'Empacado','2022-01-13 16:06:50.665282',0,0,0,19,4,'',42,0,NULL),(76,'Inicial','2022-01-13 20:25:57.996810',0,0,0,21,4,'',NULL,0,NULL),(77,'Ingresar a Maduración','2022-01-13 20:26:43.779537',0,0,0,21,4,'',42,0,1),(78,'Sacar de Maduración','2022-01-13 20:27:25.087582',0,0,0,21,4,'',42,50,2),(79,'Separación','2022-01-13 20:29:10.083080',0,0,0,21,4,'',42,0,NULL),(80,'Inicial','2022-01-13 20:29:10.100368',0,0,0,22,4,'',NULL,0,NULL),(81,'Inicial','2022-01-13 20:29:10.108606',0,4,1,23,4,'',NULL,0,NULL);
/*!40000 ALTER TABLE `produccion_estadolote` ENABLE KEYS */;
UNLOCK TABLES;

--
-- Table structure for table `produccion_estadoloteinsumo`
--

DROP TABLE IF EXISTS `produccion_estadoloteinsumo`;
/*!40101 SET @saved_cs_client     = @@character_set_client */;
/*!40101 SET character_set_client = utf8 */;
CREATE TABLE `produccion_estadoloteinsumo` (
  `id` bigint(20) NOT NULL AUTO_INCREMENT,
  `cantidad` double NOT NULL,
  `estado_id` bigint(20) NOT NULL,
  `insumo_id` bigint(20) NOT NULL,
  PRIMARY KEY (`id`),
  KEY `produccion_estadolot_estado_id_de2650cf_fk_produccio` (`estado_id`),
  KEY `produccion_estadolot_insumo_id_5da4efd1_fk_nucleo_in` (`insumo_id`),
  CONSTRAINT `produccion_estadolot_estado_id_de2650cf_fk_produccio` FOREIGN KEY (`estado_id`) REFERENCES `produccion_estadolote` (`id`),
  CONSTRAINT `produccion_estadolot_insumo_id_5da4efd1_fk_nucleo_in` FOREIGN KEY (`insumo_id`) REFERENCES `nucleo_insumo` (`id`)
) ENGINE=InnoDB DEFAULT CHARSET=utf8;
/*!40101 SET character_set_client = @saved_cs_client */;

--
-- Dumping data for table `produccion_estadoloteinsumo`
--

LOCK TABLES `produccion_estadoloteinsumo` WRITE;
/*!40000 ALTER TABLE `produccion_estadoloteinsumo` DISABLE KEYS */;
/*!40000 ALTER TABLE `produccion_estadoloteinsumo` ENABLE KEYS */;
UNLOCK TABLES;

--
-- Table structure for table `produccion_historicalpautaproduccion`
--

DROP TABLE IF EXISTS `produccion_historicalpautaproduccion`;
/*!40101 SET @saved_cs_client     = @@character_set_client */;
/*!40101 SET character_set_client = utf8 */;
CREATE TABLE `produccion_historicalpautaproduccion` (
  `id` bigint(20) NOT NULL,
  `fecha` datetime(6) NOT NULL,
  `cantidad` double NOT NULL,
  `masa_final` double DEFAULT NULL,
  `updated` datetime(6) NOT NULL,
  `history_id` int(11) NOT NULL AUTO_INCREMENT,
  `history_date` datetime(6) NOT NULL,
  `history_change_reason` varchar(100) DEFAULT NULL,
  `history_type` varchar(1) NOT NULL,
  `history_user_id` int(11) DEFAULT NULL,
  `lugar_id` bigint(20) DEFAULT NULL,
  `plantilla_pauta_id` bigint(20) DEFAULT NULL,
  `estado` varchar(255) NOT NULL,
  `rendimiento` double NOT NULL,
  `cdp` double NOT NULL,
  PRIMARY KEY (`history_id`),
  KEY `produccion_historica_history_user_id_94ae3cdc_fk_auth_user` (`history_user_id`),
  KEY `produccion_historicalpautaproduccion_id_023134f1` (`id`),
  KEY `produccion_historicalpautaproduccion_lugar_id_3c7ff6b9` (`lugar_id`),
  KEY `produccion_historicalpautaproduccion_plantilla_pauta_id_e22257dc` (`plantilla_pauta_id`),
  CONSTRAINT `produccion_historica_history_user_id_94ae3cdc_fk_auth_user` FOREIGN KEY (`history_user_id`) REFERENCES `auth_user` (`id`)
) ENGINE=InnoDB AUTO_INCREMENT=129 DEFAULT CHARSET=utf8;
/*!40101 SET character_set_client = @saved_cs_client */;

--
-- Dumping data for table `produccion_historicalpautaproduccion`
--

LOCK TABLES `produccion_historicalpautaproduccion` WRITE;
/*!40000 ALTER TABLE `produccion_historicalpautaproduccion` DISABLE KEYS */;
INSERT INTO `produccion_historicalpautaproduccion` VALUES (1,'2021-11-11 00:00:00.000000',5,100,'2021-11-11 17:28:07.709909',1,'2021-11-11 17:28:07.712288',NULL,'+',1,NULL,1,'En Elaboración',8.5,0),(2,'2021-11-11 00:00:00.000000',5,100,'2021-11-11 17:28:37.680954',2,'2021-11-11 17:28:37.683379',NULL,'+',1,NULL,1,'En Elaboración',8.5,0),(2,'2021-11-11 00:00:00.000000',5,100,'2021-11-11 17:28:40.037358',3,'2021-11-11 17:28:40.039518',NULL,'~',1,4,1,'En Elaboración',8.5,0),(2,'2021-11-11 00:00:00.000000',5,100,'2021-11-11 17:28:40.042518',4,'2021-11-11 17:28:40.043615',NULL,'~',1,4,1,'En Elaboración',8.5,0),(3,'2021-11-12 00:00:00.000000',5,100,'2021-11-12 15:24:44.373511',5,'2021-11-12 15:24:44.375545',NULL,'+',1,NULL,2,'En Elaboración',8.5,0),(3,'2021-11-12 00:00:00.000000',5,100,'2021-11-12 15:24:46.559436',6,'2021-11-12 15:24:46.562457',NULL,'~',1,4,2,'En Elaboración',8.5,0),(3,'2021-11-12 00:00:00.000000',5,100,'2021-11-12 15:24:46.568197',7,'2021-11-12 15:24:46.569724',NULL,'~',1,4,2,'En Elaboración',8.5,0),(4,'2021-11-22 00:00:00.000000',2000,1000,'2021-11-22 16:02:12.626521',8,'2021-11-22 16:02:12.627752',NULL,'+',1,NULL,3,'En Elaboración',8.5,0),(4,'2021-11-22 00:00:00.000000',2000,1000,'2021-11-22 16:02:18.441762',9,'2021-11-22 16:02:18.443123',NULL,'~',1,3,3,'Finalizada',8.5,0),(4,'2021-11-22 00:00:00.000000',2000,1000,'2021-11-22 16:02:18.453072',10,'2021-11-22 16:02:18.455458',NULL,'~',1,3,3,'Finalizada',8.5,0),(5,'2021-11-22 00:00:00.000000',2000,100,'2021-11-22 16:05:19.912743',11,'2021-11-22 16:05:19.914261',NULL,'+',1,NULL,3,'En Elaboración',8.5,0),(5,'2021-11-22 00:00:00.000000',2000,100,'2021-11-22 16:05:25.306602',12,'2021-11-22 16:05:25.310512',NULL,'~',1,2,3,'Finalizada',8.5,0),(5,'2021-11-22 00:00:00.000000',2000,100,'2021-11-22 16:05:25.314251',13,'2021-11-22 16:05:25.315426',NULL,'~',1,2,3,'Finalizada',8.5,0),(1,'2021-11-11 00:00:00.000000',5,100,'2021-11-11 17:28:07.709909',16,'2021-11-30 20:09:08.764978',NULL,'-',1,NULL,1,'En Elaboración',8.5,0),(2,'2021-11-11 00:00:00.000000',5,100,'2021-11-11 17:28:40.042518',17,'2021-11-30 20:09:11.027481',NULL,'-',1,4,1,'En Elaboración',8.5,0),(3,'2021-11-12 00:00:00.000000',5,100,'2021-11-12 15:24:46.568197',18,'2021-11-30 20:09:13.023069',NULL,'-',1,4,2,'En Elaboración',8.5,0),(6,'2021-12-06 00:00:00.000000',2000,238,'2021-12-06 14:01:34.682394',19,'2021-12-06 14:01:34.685110',NULL,'+',41,NULL,3,'En Elaboración',8.5,0),(6,'2021-12-06 00:00:00.000000',2000,238,'2021-12-06 14:01:34.826795',20,'2021-12-06 14:01:34.828565',NULL,'~',41,4,3,'Segmentación',0.12,0),(6,'2021-12-06 00:00:00.000000',2000,238,'2021-12-06 14:01:34.864781',21,'2021-12-06 14:01:34.866142',NULL,'~',41,4,3,'Finalizada',0.12,0),(6,'2021-12-06 00:00:00.000000',2000,238,'2021-12-06 14:01:34.884557',22,'2021-12-06 14:01:34.885767',NULL,'~',41,4,3,'Finalizada',0.12,0),(6,'2021-12-06 00:00:00.000000',2000,238,'2021-12-06 14:01:34.884557',23,'2021-12-06 14:02:25.853765',NULL,'-',41,4,3,'Finalizada',0.12,0),(7,'2021-12-06 00:00:00.000000',2000,300,'2021-12-06 14:04:04.928088',24,'2021-12-06 14:04:04.930524',NULL,'+',41,NULL,3,'En Elaboración',8.5,0),(7,'2021-12-06 00:00:00.000000',2000,300,'2021-12-06 14:04:05.061822',25,'2021-12-06 14:04:05.066104',NULL,'~',41,4,3,'Segmentación',0.15,0),(7,'2021-12-06 00:00:00.000000',2000,300,'2021-12-06 14:04:05.091008',26,'2021-12-06 14:04:05.092500',NULL,'~',41,4,3,'Finalizada',0.15,0),(7,'2021-12-06 00:00:00.000000',2000,300,'2021-12-06 14:04:05.108651',27,'2021-12-06 14:04:05.110051',NULL,'~',41,4,3,'Finalizada',0.15,0),(8,'2021-12-06 00:00:00.000000',1980,NULL,'2021-12-06 18:50:09.805854',28,'2021-12-06 18:50:09.809920',NULL,'+',1,NULL,3,'En Elaboración',8.5,0),(8,'2021-12-06 00:00:00.000000',1980,0,'2021-12-06 18:50:10.004560',29,'2021-12-06 18:50:10.006289',NULL,'~',1,2,3,'En Elaboración',8.5,21000),(8,'2021-12-06 00:00:00.000000',1980,0,'2021-12-06 18:50:10.019463',30,'2021-12-06 18:50:10.020534',NULL,'~',1,2,3,'En Elaboración',8.5,21000),(8,'2021-12-06 00:00:00.000000',1980,0,'2021-12-06 18:50:10.023288',31,'2021-12-06 18:50:10.024299',NULL,'~',1,2,3,'En Elaboración',8.5,21000),(7,'2021-12-06 00:00:00.000000',2000,300,'2021-12-06 14:04:05.108651',32,'2021-12-07 14:59:31.629030',NULL,'-',41,4,3,'Finalizada',0.15,0),(5,'2021-11-22 00:00:00.000000',2000,100,'2021-11-22 16:05:25.314251',33,'2021-12-07 14:59:36.286200',NULL,'-',41,2,3,'Finalizada',8.5,0),(4,'2021-11-22 00:00:00.000000',2000,1000,'2021-11-22 16:02:18.453072',34,'2021-12-07 14:59:43.657575',NULL,'-',41,3,3,'Finalizada',8.5,0),(9,'2021-12-08 00:00:00.000000',400,NULL,'2021-12-08 10:58:22.282157',35,'2021-12-08 10:58:22.284260',NULL,'+',41,NULL,5,'En Elaboración',8.5,0),(10,'2021-12-08 00:00:00.000000',100,NULL,'2021-12-08 11:12:04.007943',36,'2021-12-08 11:12:04.009322',NULL,'+',41,NULL,6,'En Elaboración',8.5,0),(11,'2021-12-08 00:00:00.000000',100,NULL,'2021-12-08 11:12:59.261631',37,'2021-12-08 11:12:59.263027',NULL,'+',1,NULL,6,'En Elaboración',8.5,0),(12,'2021-12-08 00:00:00.000000',100,NULL,'2021-12-08 11:13:24.250739',38,'2021-12-08 11:13:24.253340',NULL,'+',1,NULL,6,'En Elaboración',8.5,0),(13,'2021-12-08 00:00:00.000000',100,NULL,'2021-12-08 11:13:26.139414',39,'2021-12-08 11:13:26.140463',NULL,'+',1,NULL,6,'En Elaboración',8.5,0),(14,'2021-12-08 00:00:00.000000',100,NULL,'2021-12-08 11:13:27.327455',40,'2021-12-08 11:13:27.329330',NULL,'+',1,NULL,6,'En Elaboración',8.5,0),(15,'2021-12-08 00:00:00.000000',100,NULL,'2021-12-08 11:13:42.593295',41,'2021-12-08 11:13:42.595316',NULL,'+',1,NULL,6,'En Elaboración',8.5,0),(16,'2021-12-08 00:00:00.000000',100,NULL,'2021-12-08 11:14:37.213003',42,'2021-12-08 11:14:37.214165',NULL,'+',1,NULL,6,'En Elaboración',8.5,0),(16,'2021-12-08 00:00:00.000000',100,15,'2021-12-08 11:14:37.526668',43,'2021-12-08 11:14:37.528859',NULL,'~',1,2,6,'Segmentación',6.67,0),(16,'2021-12-08 00:00:00.000000',100,15,'2021-12-08 11:14:37.571976',44,'2021-12-08 11:14:37.573253',NULL,'~',1,2,6,'Finalizada',6.67,0),(16,'2021-12-08 00:00:00.000000',100,15,'2021-12-08 11:14:37.613350',45,'2021-12-08 11:14:37.614877',NULL,'~',1,2,6,'Finalizada',6.67,0),(17,'2021-12-08 00:00:00.000000',4,NULL,'2021-12-08 11:18:36.510725',46,'2021-12-08 11:18:36.511884',NULL,'+',41,NULL,7,'En Elaboración',8.5,0),(17,'2021-12-08 00:00:00.000000',4,0.51,'2021-12-08 11:18:36.711225',47,'2021-12-08 11:18:36.721098',NULL,'~',41,4,7,'Segmentación',7.84,120120),(17,'2021-12-08 00:00:00.000000',4,0.51,'2021-12-08 11:18:36.756737',48,'2021-12-08 11:18:36.757851',NULL,'~',41,4,7,'Finalizada',7.84,120120),(17,'2021-12-08 00:00:00.000000',4,0.51,'2021-12-08 11:18:36.765617',49,'2021-12-08 11:18:36.766708',NULL,'~',41,4,7,'Finalizada',7.84,120120),(18,'2021-12-08 00:00:00.000000',100,NULL,'2021-12-08 11:48:48.818152',50,'2021-12-08 11:48:48.821647',NULL,'+',41,NULL,5,'En Elaboración',8.5,0),(19,'2021-12-08 00:00:00.000000',100,NULL,'2021-12-08 11:51:21.676801',51,'2021-12-08 11:51:21.678116',NULL,'+',41,NULL,5,'En Elaboración',8.5,0),(19,'2021-12-08 00:00:00.000000',100,119.4,'2021-12-08 11:51:21.983712',52,'2021-12-08 11:51:21.985105',NULL,'~',41,4,5,'Segmentación',0.84,448058.46880000003),(19,'2021-12-08 00:00:00.000000',100,119.4,'2021-12-08 11:51:22.017709',53,'2021-12-08 11:51:22.018914',NULL,'~',41,4,5,'Finalizada',0.84,448058.46880000003),(19,'2021-12-08 00:00:00.000000',100,119.4,'2021-12-08 11:51:22.021895',54,'2021-12-08 11:51:22.022781',NULL,'~',41,4,5,'Finalizada',0.84,448058.46880000003),(20,'2021-12-08 00:00:00.000000',100,NULL,'2021-12-08 12:07:50.600850',55,'2021-12-08 12:07:50.605262',NULL,'+',41,NULL,9,'En Elaboración',8.5,0),(20,'2021-12-08 00:00:00.000000',100,42.5,'2021-12-08 12:07:50.774895',56,'2021-12-08 12:07:50.776858',NULL,'~',41,4,9,'Segmentación',2.35,0),(20,'2021-12-08 00:00:00.000000',100,42.5,'2021-12-08 12:07:50.832708',57,'2021-12-08 12:07:50.834221',NULL,'~',41,4,9,'Finalizada',2.35,0),(20,'2021-12-08 00:00:00.000000',100,42.5,'2021-12-08 12:07:50.860031',58,'2021-12-08 12:07:50.861327',NULL,'~',41,4,9,'Finalizada',2.35,0),(21,'2021-12-08 00:00:00.000000',10,NULL,'2021-12-08 12:10:48.266081',59,'2021-12-08 12:10:48.267074',NULL,'+',41,NULL,10,'En Elaboración',8.5,0),(21,'2021-12-08 00:00:00.000000',10,6.75,'2021-12-08 12:10:48.468759',60,'2021-12-08 12:10:48.471013',NULL,'~',41,4,10,'Segmentación',1.48,17210.848589999998),(21,'2021-12-08 00:00:00.000000',10,6.75,'2021-12-08 12:10:48.491018',61,'2021-12-08 12:10:48.492545',NULL,'~',41,4,10,'Finalizada',1.48,17210.848589999998),(21,'2021-12-08 00:00:00.000000',10,6.75,'2021-12-08 12:10:48.494979',62,'2021-12-08 12:10:48.496585',NULL,'~',41,4,10,'Finalizada',1.48,17210.848589999998),(22,'2021-12-08 00:00:00.000000',4,NULL,'2021-12-08 12:30:35.560750',63,'2021-12-08 12:30:35.561940',NULL,'+',41,NULL,12,'En Elaboración',8.5,0),(22,'2021-12-08 00:00:00.000000',4,25.06,'2021-12-08 12:30:35.707296',64,'2021-12-08 12:30:35.708655',NULL,'~',41,4,12,'Segmentación',0.16,15178.8),(22,'2021-12-08 00:00:00.000000',4,25.06,'2021-12-08 12:30:35.722828',65,'2021-12-08 12:30:35.723814',NULL,'~',41,4,12,'Finalizada',0.16,15178.8),(22,'2021-12-08 00:00:00.000000',4,25.06,'2021-12-08 12:30:35.726194',66,'2021-12-08 12:30:35.726871',NULL,'~',41,4,12,'Finalizada',0.16,15178.8),(23,'2021-12-09 00:00:00.000000',90,NULL,'2021-12-09 18:36:44.153065',67,'2021-12-09 18:36:44.154168',NULL,'+',41,NULL,12,'En Elaboración',8.5,0),(24,'2021-12-14 00:00:00.000000',100,NULL,'2021-12-14 16:36:37.021727',68,'2021-12-14 16:36:37.023215',NULL,'+',41,NULL,7,'En Elaboración',8.5,0),(24,'2021-12-14 00:00:00.000000',100,415,'2021-12-14 16:36:37.463210',69,'2021-12-14 16:36:37.464716',NULL,'~',41,3,7,'Segmentación',0.24,107375),(24,'2021-12-14 00:00:00.000000',100,415,'2021-12-14 16:36:37.487907',70,'2021-12-14 16:36:37.488923',NULL,'~',41,3,7,'Finalizada',0.24,107375),(24,'2021-12-14 00:00:00.000000',100,415,'2021-12-14 16:36:37.493453',71,'2021-12-14 16:36:37.494201',NULL,'~',41,3,7,'Finalizada',0.24,107375),(24,'2021-12-14 00:00:00.000000',100,415,'2021-12-14 16:36:37.493453',72,'2021-12-15 11:54:45.708472',NULL,'-',41,3,7,'Finalizada',0.24,107375),(17,'2021-12-08 00:00:00.000000',4,0.51,'2021-12-08 11:18:36.765617',73,'2021-12-15 11:54:52.912117',NULL,'-',41,4,7,'Finalizada',7.84,120120),(25,'2021-12-15 00:00:00.000000',625,NULL,'2021-12-15 13:14:50.953258',74,'2021-12-15 13:14:50.954336',NULL,'+',41,NULL,14,'En Elaboración',8.5,0),(25,'2021-12-15 00:00:00.000000',625,NULL,'2021-12-15 13:14:50.953258',75,'2021-12-15 13:16:59.905688',NULL,'-',1,NULL,14,'En Elaboración',8.5,0),(26,'2021-12-15 00:00:00.000000',625,NULL,'2021-12-15 13:18:49.201976',76,'2021-12-15 13:18:49.204295',NULL,'+',41,NULL,14,'En Elaboración',8.5,0),(26,'2021-12-15 00:00:00.000000',625,NULL,'2021-12-15 13:18:49.293029',77,'2021-12-15 13:18:49.294128',NULL,'~',41,4,14,'En Elaboración',8.5,227150),(26,'2021-12-15 00:00:00.000000',625,625,'2021-12-15 13:18:49.309010',78,'2021-12-15 13:18:49.310131',NULL,'~',41,4,14,'Finalizada',8.5,227150),(26,'2021-12-15 00:00:00.000000',625,625,'2021-12-15 13:18:49.311809',79,'2021-12-15 13:18:49.312801',NULL,'~',41,4,14,'Finalizada',8.5,227150),(27,'2021-12-15 00:00:00.000000',400,NULL,'2021-12-15 13:40:03.133617',80,'2021-12-15 13:40:03.134895',NULL,'+',41,NULL,7,'En Elaboración',8.5,0),(27,'2021-12-15 00:00:00.000000',400,NULL,'2021-12-15 13:40:03.439814',81,'2021-12-15 13:40:03.442334',NULL,'~',41,4,7,'En Elaboración',8.5,26182081.81),(27,'2021-12-15 00:00:00.000000',400,400,'2021-12-15 13:40:03.456152',82,'2021-12-15 13:40:03.458239',NULL,'~',41,4,7,'Finalizada',8.5,26182081.81),(27,'2021-12-15 00:00:00.000000',400,400,'2021-12-15 13:40:03.461528',83,'2021-12-15 13:40:03.463675',NULL,'~',41,4,7,'Finalizada',8.5,26182081.81),(27,'2021-12-15 00:00:00.000000',400,400,'2021-12-15 13:40:03.461528',84,'2021-12-15 13:47:08.302386',NULL,'-',1,4,7,'Finalizada',8.5,26182081.81),(28,'2021-12-15 00:00:00.000000',10000,NULL,'2021-12-15 14:42:15.025858',85,'2021-12-15 14:42:15.026927',NULL,'+',41,NULL,14,'En Elaboración',8.5,0),(28,'2021-12-15 00:00:00.000000',10000,NULL,'2021-12-15 14:42:15.073641',86,'2021-12-15 14:42:15.075896',NULL,'~',41,4,14,'En Elaboración',8.5,3580000),(28,'2021-12-15 00:00:00.000000',10000,10000,'2021-12-15 14:42:15.087309',87,'2021-12-15 14:42:15.088372',NULL,'~',41,4,14,'Finalizada',8.5,3580000),(28,'2021-12-15 00:00:00.000000',10000,10000,'2021-12-15 14:42:15.091029',88,'2021-12-15 14:42:15.092221',NULL,'~',41,4,14,'Finalizada',8.5,3580000),(29,'2021-12-22 00:00:00.000000',50,NULL,'2021-12-22 12:51:23.923263',89,'2021-12-22 12:51:23.924344',NULL,'+',41,NULL,7,'En Elaboración',8.5,0),(29,'2021-12-22 00:00:00.000000',50,NULL,'2021-12-22 12:51:24.402915',90,'2021-12-22 12:51:24.405825',NULL,'~',41,4,7,'En Elaboración',8.5,27911.317820073346),(29,'2021-12-22 00:00:00.000000',50,50,'2021-12-22 12:51:24.427936',91,'2021-12-22 12:51:24.429621',NULL,'~',41,4,7,'Finalizada',8.5,27911.317820073346),(29,'2021-12-22 00:00:00.000000',50,50,'2021-12-22 12:51:24.432492',92,'2021-12-22 12:51:24.433268',NULL,'~',41,4,7,'Finalizada',8.5,27911.317820073346),(30,'2021-12-22 00:00:00.000000',100,NULL,'2021-12-22 15:22:57.347293',93,'2021-12-22 15:22:57.348485',NULL,'+',42,NULL,16,'En Elaboración',8.5,0),(30,'2021-12-22 00:00:00.000000',100,93.84,'2021-12-22 15:22:57.390778',94,'2021-12-22 15:22:57.392367',NULL,'~',42,3,16,'Segmentación',1.07,0),(30,'2021-12-22 00:00:00.000000',100,93.84,'2021-12-22 15:22:57.421749',95,'2021-12-22 15:22:57.423576',NULL,'~',42,3,16,'Finalizada',1.07,0),(30,'2021-12-22 00:00:00.000000',100,93.84,'2021-12-22 15:22:57.438946',96,'2021-12-22 15:22:57.440488',NULL,'~',42,3,16,'Finalizada',1.07,0),(31,'2021-12-24 00:00:00.000000',50,NULL,'2021-12-24 10:43:16.492517',97,'2021-12-24 10:43:16.493835',NULL,'+',41,NULL,5,'En Elaboración',8.5,0),(31,'2021-12-24 00:00:00.000000',50,57,'2021-12-24 10:43:16.857062',98,'2021-12-24 10:43:16.858423',NULL,'~',41,4,5,'Segmentación',0.88,73966.35435347812),(31,'2021-12-24 00:00:00.000000',50,57,'2021-12-24 10:43:16.872693',99,'2021-12-24 10:43:16.873753',NULL,'~',41,4,5,'Finalizada',0.88,73966.35435347812),(31,'2021-12-24 00:00:00.000000',50,57,'2021-12-24 10:43:16.876626',100,'2021-12-24 10:43:16.877521',NULL,'~',41,4,5,'Finalizada',0.88,73966.35435347812),(32,'2022-01-07 00:00:00.000000',0,NULL,'2022-01-07 17:27:53.496167',101,'2022-01-07 17:27:53.497207',NULL,'+',47,NULL,14,'En Elaboración',8.5,0),(32,'2022-01-07 00:00:00.000000',0,NULL,'2022-01-07 17:27:53.508334',102,'2022-01-07 17:27:53.509764',NULL,'~',47,2,14,'En Elaboración',8.5,0),(32,'2022-01-07 00:00:00.000000',0,NULL,'2022-01-07 17:27:53.515202',103,'2022-01-07 17:27:53.516168',NULL,'~',47,2,14,'En Elaboración',8.5,0),(32,'2022-01-07 00:00:00.000000',0,NULL,'2022-01-07 17:27:53.519555',104,'2022-01-07 17:27:53.520289',NULL,'~',47,2,14,'En Elaboración',8.5,0),(33,'2022-01-13 00:00:00.000000',400,NULL,'2022-01-13 15:34:12.896345',105,'2022-01-13 15:34:12.898278',NULL,'+',42,NULL,5,'En Elaboración',8.5,0),(33,'2022-01-13 00:00:00.000000',400,NULL,'2022-01-13 15:34:13.286865',106,'2022-01-13 15:34:13.287593',NULL,'~',42,4,5,'En Elaboración',8.5,591777.1873925264),(33,'2022-01-13 00:00:00.000000',400,398,'2022-01-13 15:34:13.295100',107,'2022-01-13 15:34:13.296782',NULL,'~',42,4,5,'Finalizada',8.5,591777.1873925264),(33,'2022-01-13 00:00:00.000000',400,398,'2022-01-13 15:34:13.299322',108,'2022-01-13 15:34:13.300033',NULL,'~',42,4,5,'Finalizada',8.5,591777.1873925264),(34,'2022-01-13 00:00:00.000000',400,NULL,'2022-01-13 15:36:12.649319',109,'2022-01-13 15:36:12.650536',NULL,'+',42,NULL,8,'En Elaboración',8.5,0),(34,'2022-01-13 00:00:00.000000',400,NULL,'2022-01-13 15:36:13.167453',110,'2022-01-13 15:36:13.169391',NULL,'~',42,4,8,'En Elaboración',8.5,304705.52479475865),(34,'2022-01-13 00:00:00.000000',400,395,'2022-01-13 15:36:13.179332',111,'2022-01-13 15:36:13.180521',NULL,'~',42,4,8,'Finalizada',8.5,304705.52479475865),(34,'2022-01-13 00:00:00.000000',400,395,'2022-01-13 15:36:13.182371',112,'2022-01-13 15:36:13.183342',NULL,'~',42,4,8,'Finalizada',8.5,304705.52479475865),(35,'2022-01-13 00:00:00.000000',400,NULL,'2022-01-13 15:37:44.170929',113,'2022-01-13 15:37:44.172070',NULL,'+',42,NULL,7,'En Elaboración',8.5,0),(35,'2022-01-13 00:00:00.000000',400,NULL,'2022-01-13 15:37:44.487899',114,'2022-01-13 15:37:44.489467',NULL,'~',42,4,7,'En Elaboración',8.5,226381.89166696015),(35,'2022-01-13 00:00:00.000000',400,390,'2022-01-13 15:37:44.498074',115,'2022-01-13 15:37:44.499130',NULL,'~',42,4,7,'Finalizada',8.5,226381.89166696015),(35,'2022-01-13 00:00:00.000000',400,390,'2022-01-13 15:37:44.500706',116,'2022-01-13 15:37:44.501465',NULL,'~',42,4,7,'Finalizada',8.5,226381.89166696015),(36,'2022-01-13 00:00:00.000000',50,NULL,'2022-01-13 16:02:50.312144',117,'2022-01-13 16:02:50.314602',NULL,'+',42,NULL,16,'En Elaboración',8.5,0),(36,'2022-01-13 00:00:00.000000',50,43.6,'2022-01-13 16:02:50.419250',118,'2022-01-13 16:02:50.420288',NULL,'~',42,4,16,'Segmentación',1.15,40240.34498324965),(36,'2022-01-13 00:00:00.000000',50,43.6,'2022-01-13 16:02:50.451378',119,'2022-01-13 16:02:50.452533',NULL,'~',42,4,16,'Finalizada',1.15,40240.34498324965),(36,'2022-01-13 00:00:00.000000',50,43.6,'2022-01-13 16:02:50.454269',120,'2022-01-13 16:02:50.455021',NULL,'~',42,4,16,'Finalizada',1.15,40240.34498324965),(37,'2022-01-13 00:00:00.000000',2000,NULL,'2022-01-13 20:14:11.776338',121,'2022-01-13 20:14:11.777311',NULL,'+',42,NULL,3,'En Elaboración',8.5,0),(37,'2022-01-13 00:00:00.000000',2000,NULL,'2022-01-13 20:14:11.965268',122,'2022-01-13 20:14:11.971263',NULL,'~',42,4,3,'En Elaboración',8.5,1223408),(37,'2022-01-13 00:00:00.000000',2000,210,'2022-01-13 20:14:11.979697',123,'2022-01-13 20:14:11.980516',NULL,'~',42,4,3,'Finalizada',8.5,1223408),(37,'2022-01-13 00:00:00.000000',2000,210,'2022-01-13 20:14:11.982663',124,'2022-01-13 20:14:11.983440',NULL,'~',42,4,3,'Finalizada',8.5,1223408),(38,'2022-01-13 00:00:00.000000',50,NULL,'2022-01-13 20:25:57.894866',125,'2022-01-13 20:25:57.896311',NULL,'+',42,NULL,18,'En Elaboración',8.5,0),(38,'2022-01-13 00:00:00.000000',50,55,'2022-01-13 20:25:57.983860',126,'2022-01-13 20:25:57.986369',NULL,'~',42,4,18,'Segmentación',0.91,291287.61904761905),(38,'2022-01-13 00:00:00.000000',50,55,'2022-01-13 20:25:58.004148',127,'2022-01-13 20:25:58.006518',NULL,'~',42,4,18,'Finalizada',0.91,291287.61904761905),(38,'2022-01-13 00:00:00.000000',50,55,'2022-01-13 20:25:58.009228',128,'2022-01-13 20:25:58.010557',NULL,'~',42,4,18,'Finalizada',0.91,291287.61904761905);
/*!40000 ALTER TABLE `produccion_historicalpautaproduccion` ENABLE KEYS */;
UNLOCK TABLES;

--
-- Table structure for table `produccion_ingredienteproduccion`
--

DROP TABLE IF EXISTS `produccion_ingredienteproduccion`;
/*!40101 SET @saved_cs_client     = @@character_set_client */;
/*!40101 SET character_set_client = utf8 */;
CREATE TABLE `produccion_ingredienteproduccion` (
  `id` bigint(20) NOT NULL AUTO_INCREMENT,
  `cantidad` double NOT NULL,
  `pauta_produccion_id` bigint(20) NOT NULL,
  `plantilla_ingrediente_id` bigint(20) DEFAULT NULL,
  `unidad` varchar(255) NOT NULL,
  PRIMARY KEY (`id`),
  KEY `produccion_ingredien_pauta_produccion_id_1d76f4bc_fk_produccio` (`pauta_produccion_id`),
  KEY `produccion_ingredien_plantilla_ingredient_959c83dc_fk_pauta_ing` (`plantilla_ingrediente_id`),
  CONSTRAINT `produccion_ingredien_pauta_produccion_id_1d76f4bc_fk_produccio` FOREIGN KEY (`pauta_produccion_id`) REFERENCES `produccion_pautaproduccion` (`id`),
  CONSTRAINT `produccion_ingredien_plantilla_ingredient_959c83dc_fk_pauta_ing` FOREIGN KEY (`plantilla_ingrediente_id`) REFERENCES `pauta_ingrediente` (`id`)
) ENGINE=InnoDB AUTO_INCREMENT=192 DEFAULT CHARSET=utf8;
/*!40101 SET character_set_client = @saved_cs_client */;

--
-- Dumping data for table `produccion_ingredienteproduccion`
--

LOCK TABLES `produccion_ingredienteproduccion` WRITE;
/*!40000 ALTER TABLE `produccion_ingredienteproduccion` DISABLE KEYS */;
INSERT INTO `produccion_ingredienteproduccion` VALUES (25,1980,8,4,'litro'),(26,4,8,5,'unidad'),(27,320,8,6,'gramo'),(28,16,8,7,'kilogramo'),(29,80,8,8,'miligramo'),(32,84,9,12,'kilogramo'),(33,2,9,13,'unidad'),(34,32,9,14,'unidad'),(35,1000,9,15,'litro'),(36,12.6,9,16,'kilogramo'),(37,4,9,17,'kilogramo'),(38,4,9,18,'kilogramo'),(39,40,9,19,'miligramo'),(41,9,10,21,'litro'),(42,9,10,22,'kilogramo'),(43,9,10,23,'litro'),(44,9,10,24,'unidad'),(45,9,10,25,'unidad'),(46,9,10,26,'litro'),(48,8400,11,21,'litro'),(49,2.1,11,22,'kilogramo'),(50,1680,11,23,'litro'),(51,1,11,24,'unidad'),(52,0.5,11,25,'unidad'),(53,126,11,26,'litro'),(55,8400,12,21,'litro'),(56,2.1,12,22,'kilogramo'),(57,1680,12,23,'litro'),(58,1,12,24,'unidad'),(59,0.5,12,25,'unidad'),(60,126,12,26,'litro'),(62,8400,13,21,'litro'),(63,2.1,13,22,'kilogramo'),(64,1680,13,23,'litro'),(65,1,13,24,'unidad'),(66,0.5,13,25,'unidad'),(67,126,13,26,'litro'),(69,8400,14,21,'litro'),(70,2.1,14,22,'kilogramo'),(71,1680,14,23,'litro'),(72,1,14,24,'unidad'),(73,0.5,14,25,'unidad'),(74,126,14,26,'litro'),(76,8400,15,21,'litro'),(77,2.1,15,22,'kilogramo'),(78,1680,15,23,'litro'),(79,1,15,24,'unidad'),(80,0.5,15,25,'unidad'),(81,126,15,26,'litro'),(83,8400,16,21,'litro'),(84,2.1,16,22,'kilogramo'),(85,1680,16,23,'litro'),(86,1,16,24,'unidad'),(87,0.5,16,25,'unidad'),(88,126,16,26,'litro'),(97,8,18,12,'kilogramo'),(98,8,18,13,'unidad'),(99,8,18,14,'unidad'),(100,8,18,15,'cc'),(103,8,19,12,'kilogramo'),(104,8,19,13,'unidad'),(105,8,19,14,'unidad'),(106,8,19,15,'cc'),(107,8,19,16,'kilogramo'),(108,88,19,17,'kilogramo'),(109,8,19,18,'kilogramo'),(110,8,19,19,'miligramo'),(112,1,20,41,'litro'),(113,1,20,42,'unidad'),(114,1,20,43,'unidad'),(115,9,21,44,'kilogramo'),(116,9,21,45,'litro'),(117,9,21,46,'litro'),(118,9,21,47,'gramo'),(119,9,21,48,'gramo'),(120,9,21,49,'gramo'),(121,9,21,50,'gramo'),(122,9,21,51,'gramo'),(123,8,22,52,'litro'),(124,8,22,53,'kilogramo'),(125,8,22,54,'litro'),(126,8,22,55,'gramo'),(127,8,22,56,'gramo'),(128,8,22,57,'litro'),(136,1,26,66,'n/a'),(137,625,26,67,'litro'),(143,16,28,66,'n/a'),(144,10000,28,67,'litro'),(145,2.626,29,29,'kilogramo'),(146,0,29,30,'unidad'),(147,0.003,29,31,'unidad'),(148,0.042,29,32,'litro'),(149,50,29,68,'litro'),(150,0.023,29,69,'kilogramo'),(152,3,31,12,'kilogramo'),(153,0.714,31,13,'unidad'),(154,1.143,31,14,'unidad'),(155,45,31,15,'cc'),(156,450,31,16,'gramo'),(157,150,31,17,'gramo'),(158,150,31,18,'gramo'),(159,1.429,31,19,'miligramo'),(160,50,31,71,'litro'),(162,24,33,12,'kilogramo'),(163,5.714,33,13,'unidad'),(164,9.143,33,14,'unidad'),(165,360,33,15,'cc'),(166,3.6,33,16,'kilogramo'),(167,1.2,33,17,'kilogramo'),(168,1.2,33,18,'kilogramo'),(169,11.42,33,19,'miligramo'),(170,400,33,71,'litro'),(171,400,34,34,'litro'),(172,12,34,35,'kilogramo'),(173,2,34,36,'kilogramo'),(174,5.33,34,37,'unidad'),(175,360,34,38,'cc'),(176,200,34,39,'gramo'),(177,21,35,29,'kilogramo'),(178,0.002,35,30,'unidad'),(179,0.002,35,31,'unidad'),(180,0.336,35,32,'litro'),(181,400,35,68,'litro'),(182,0.187,35,69,'kilogramo'),(183,45,36,73,'kilogramo'),(184,240,36,74,'gramo'),(185,240,36,75,'gramo'),(186,3.12,36,76,'kilogramo'),(187,2000,37,4,'litro'),(188,4,37,5,'unidad'),(189,320,37,6,'gramo'),(190,16,37,7,'kilogramo'),(191,80,37,8,'cc');
/*!40000 ALTER TABLE `produccion_ingredienteproduccion` ENABLE KEYS */;
UNLOCK TABLES;

--
-- Table structure for table `produccion_instruccionproduccion`
--

DROP TABLE IF EXISTS `produccion_instruccionproduccion`;
/*!40101 SET @saved_cs_client     = @@character_set_client */;
/*!40101 SET character_set_client = utf8 */;
CREATE TABLE `produccion_instruccionproduccion` (
  `id` bigint(20) NOT NULL AUTO_INCREMENT,
  `pauta_produccion_id` bigint(20) NOT NULL,
  `plantilla_columna_id` bigint(20) DEFAULT NULL,
  `plantilla_instruccion_id` bigint(20) DEFAULT NULL,
  `valor` varchar(255) NOT NULL,
  PRIMARY KEY (`id`),
  KEY `produccion_instrucci_pauta_produccion_id_86ddfa04_fk_produccio` (`pauta_produccion_id`),
  KEY `produccion_instrucci_plantilla_columna_id_de6efdc2_fk_pauta_col` (`plantilla_columna_id`),
  KEY `produccion_instrucci_plantilla_instruccio_35814e51_fk_pauta_ins` (`plantilla_instruccion_id`),
  CONSTRAINT `produccion_instrucci_pauta_produccion_id_86ddfa04_fk_produccio` FOREIGN KEY (`pauta_produccion_id`) REFERENCES `produccion_pautaproduccion` (`id`),
  CONSTRAINT `produccion_instrucci_plantilla_columna_id_de6efdc2_fk_pauta_col` FOREIGN KEY (`plantilla_columna_id`) REFERENCES `pauta_columna` (`id`),
  CONSTRAINT `produccion_instrucci_plantilla_instruccio_35814e51_fk_pauta_ins` FOREIGN KEY (`plantilla_instruccion_id`) REFERENCES `pauta_instruccion` (`id`)
) ENGINE=InnoDB AUTO_INCREMENT=1806 DEFAULT CHARSET=utf8;
/*!40101 SET character_set_client = @saved_cs_client */;

--
-- Dumping data for table `produccion_instruccionproduccion`
--

LOCK TABLES `produccion_instruccionproduccion` WRITE;
/*!40000 ALTER TABLE `produccion_instruccionproduccion` DISABLE KEYS */;
INSERT INTO `produccion_instruccionproduccion` VALUES (104,8,1,3,''),(105,8,2,3,'34'),(106,8,3,3,'11:23'),(107,8,4,3,'16'),(108,8,5,3,'12:07'),(109,8,1,14,''),(110,8,2,14,''),(111,8,3,14,''),(112,8,4,14,''),(113,8,5,14,''),(114,8,1,15,''),(115,8,2,15,'34'),(116,8,3,15,''),(117,8,4,15,''),(118,8,5,15,''),(119,8,1,16,''),(120,8,2,16,''),(121,8,3,16,'12:10'),(122,8,4,16,'16'),(123,8,5,16,'12:10'),(124,8,1,17,''),(125,8,2,17,''),(126,8,3,17,''),(127,8,4,17,''),(128,8,5,17,''),(129,8,1,18,''),(130,8,2,18,''),(131,8,3,18,'12:11'),(132,8,4,18,''),(133,8,5,18,'12:11'),(134,8,1,19,''),(135,8,2,19,''),(136,8,3,19,''),(137,8,4,19,''),(138,8,5,19,''),(139,8,1,20,''),(140,8,2,20,''),(141,8,3,20,''),(142,8,4,20,''),(143,8,5,20,''),(144,8,1,6,''),(145,8,2,6,''),(146,8,3,6,'13:07'),(147,8,4,6,''),(148,8,5,6,'13:10'),(149,8,1,7,''),(150,8,2,7,''),(151,8,3,7,''),(152,8,4,7,'11'),(153,8,5,7,''),(154,8,1,8,''),(155,8,2,8,''),(156,8,3,8,'13:15'),(157,8,4,8,''),(158,8,5,8,'13:25'),(159,8,1,9,''),(160,8,2,9,''),(161,8,3,9,''),(162,8,4,9,''),(163,8,5,9,''),(164,8,1,21,''),(165,8,2,21,''),(166,8,3,21,'13:30'),(167,8,4,21,''),(168,8,5,21,'13:45'),(169,8,1,22,''),(170,8,2,22,''),(171,8,3,22,''),(172,8,4,22,''),(173,8,5,22,''),(174,8,1,10,''),(175,8,2,10,''),(176,8,3,10,''),(177,8,4,10,''),(178,8,5,10,''),(179,8,1,23,''),(180,8,2,23,''),(181,8,3,23,'13:55'),(182,8,4,23,''),(183,8,5,23,'14:00'),(184,8,1,24,''),(185,8,2,24,''),(186,8,3,24,''),(187,8,4,24,'11'),(188,8,5,24,''),(189,8,1,25,''),(190,8,2,25,''),(191,8,3,25,'14:10'),(192,8,4,25,'11'),(193,8,5,25,'14:30'),(194,8,1,26,''),(195,8,2,26,''),(196,8,3,26,''),(197,8,4,26,''),(198,8,5,26,''),(199,8,1,27,''),(200,8,2,27,''),(201,8,3,27,''),(202,8,4,27,''),(203,8,5,27,''),(204,8,1,28,''),(205,8,2,28,''),(206,8,3,28,''),(207,8,4,28,''),(208,8,5,28,''),(209,9,1,30,''),(210,9,2,30,''),(211,9,3,30,''),(212,9,5,30,''),(213,9,6,30,''),(214,9,7,30,''),(215,9,1,31,''),(216,9,2,31,''),(217,9,3,31,''),(218,9,5,31,''),(219,9,6,31,''),(220,9,7,31,''),(221,9,1,32,''),(222,9,2,32,''),(223,9,3,32,''),(224,9,5,32,''),(225,9,6,32,''),(226,9,7,32,''),(227,9,1,33,''),(228,9,2,33,''),(229,9,3,33,''),(230,9,5,33,''),(231,9,6,33,''),(232,9,7,33,''),(233,9,1,34,''),(234,9,2,34,''),(235,9,3,34,''),(236,9,5,34,''),(237,9,6,34,''),(238,9,7,34,''),(239,9,1,35,''),(240,9,2,35,''),(241,9,3,35,''),(242,9,5,35,''),(243,9,6,35,''),(244,9,7,35,''),(245,9,1,36,''),(246,9,2,36,''),(247,9,3,36,''),(248,9,5,36,''),(249,9,6,36,''),(250,9,7,36,''),(251,9,1,37,''),(252,9,2,37,''),(253,9,3,37,''),(254,9,5,37,''),(255,9,6,37,''),(256,9,7,37,''),(257,9,1,38,''),(258,9,2,38,''),(259,9,3,38,''),(260,9,5,38,''),(261,9,6,38,''),(262,9,7,38,''),(263,9,1,39,''),(264,9,2,39,''),(265,9,3,39,''),(266,9,5,39,''),(267,9,6,39,''),(268,9,7,39,''),(269,9,1,40,''),(270,9,2,40,''),(271,9,3,40,''),(272,9,5,40,''),(273,9,6,40,''),(274,9,7,40,''),(275,9,1,41,''),(276,9,2,41,''),(277,9,3,41,''),(278,9,5,41,''),(279,9,6,41,''),(280,9,7,41,''),(281,9,1,42,''),(282,9,2,42,''),(283,9,3,42,''),(284,9,5,42,''),(285,9,6,42,''),(286,9,7,42,''),(287,9,1,43,''),(288,9,2,43,''),(289,9,3,43,''),(290,9,5,43,''),(291,9,6,43,''),(292,9,7,43,''),(293,9,1,44,''),(294,9,2,44,''),(295,9,3,44,''),(296,9,5,44,''),(297,9,6,44,''),(298,9,7,44,''),(299,9,1,45,''),(300,9,2,45,''),(301,9,3,45,''),(302,9,5,45,''),(303,9,6,45,''),(304,9,7,45,''),(305,9,1,46,''),(306,9,2,46,''),(307,9,3,46,''),(308,9,5,46,''),(309,9,6,46,''),(310,9,7,46,''),(311,10,1,47,'9'),(312,10,2,47,''),(313,10,8,47,''),(314,10,1,48,''),(315,10,2,48,''),(316,10,8,48,''),(317,10,1,49,''),(318,10,2,49,''),(319,10,8,49,''),(320,10,1,50,''),(321,10,2,50,''),(322,10,8,50,''),(323,10,1,51,''),(324,10,2,51,''),(325,10,8,51,''),(326,10,1,52,''),(327,10,2,52,''),(328,10,8,52,''),(329,10,1,53,''),(330,10,2,53,''),(331,10,8,53,''),(332,10,1,54,''),(333,10,2,54,''),(334,10,8,54,''),(335,10,1,55,''),(336,10,2,55,''),(337,10,8,55,''),(338,10,1,56,''),(339,10,2,56,''),(340,10,8,56,''),(341,10,1,57,''),(342,10,2,57,''),(343,10,8,57,''),(344,10,1,58,''),(345,10,2,58,''),(346,10,8,58,''),(347,10,1,59,''),(348,10,2,59,''),(349,10,8,59,''),(350,10,1,60,''),(351,10,2,60,''),(352,10,8,60,''),(353,10,1,61,''),(354,10,2,61,''),(355,10,8,61,''),(356,10,1,62,''),(357,10,2,62,''),(358,10,8,62,''),(359,10,1,63,''),(360,10,2,63,''),(361,10,8,63,''),(362,10,1,64,''),(363,10,2,64,''),(364,10,8,64,''),(365,10,1,65,''),(366,10,2,65,''),(367,10,8,65,''),(368,10,1,66,''),(369,10,2,66,''),(370,10,8,66,''),(371,10,1,67,''),(372,10,2,67,''),(373,10,8,67,''),(374,10,1,68,''),(375,10,2,68,''),(376,10,8,68,''),(377,10,1,69,''),(378,10,2,69,''),(379,10,8,69,''),(380,10,1,70,''),(381,10,2,70,''),(382,10,8,70,''),(383,10,1,71,''),(384,10,2,71,''),(385,10,8,71,''),(386,10,1,72,''),(387,10,2,72,''),(388,10,8,72,''),(389,10,1,73,''),(390,10,2,73,''),(391,10,8,73,''),(392,10,1,74,''),(393,10,2,74,''),(394,10,8,74,''),(395,11,1,47,''),(396,11,2,47,''),(397,11,8,47,''),(398,11,1,48,''),(399,11,2,48,''),(400,11,8,48,''),(401,11,1,49,''),(402,11,2,49,''),(403,11,8,49,''),(404,11,1,50,''),(405,11,2,50,''),(406,11,8,50,''),(407,11,1,51,''),(408,11,2,51,''),(409,11,8,51,''),(410,11,1,52,''),(411,11,2,52,''),(412,11,8,52,''),(413,11,1,53,''),(414,11,2,53,''),(415,11,8,53,''),(416,11,1,54,''),(417,11,2,54,''),(418,11,8,54,''),(419,11,1,55,''),(420,11,2,55,''),(421,11,8,55,''),(422,11,1,56,''),(423,11,2,56,''),(424,11,8,56,''),(425,11,1,57,''),(426,11,2,57,''),(427,11,8,57,''),(428,11,1,58,''),(429,11,2,58,''),(430,11,8,58,''),(431,11,1,59,''),(432,11,2,59,''),(433,11,8,59,''),(434,11,1,60,''),(435,11,2,60,''),(436,11,8,60,''),(437,11,1,61,''),(438,11,2,61,''),(439,11,8,61,''),(440,11,1,62,''),(441,11,2,62,''),(442,11,8,62,''),(443,11,1,63,''),(444,11,2,63,''),(445,11,8,63,''),(446,11,1,64,''),(447,11,2,64,''),(448,11,8,64,''),(449,11,1,65,''),(450,11,2,65,''),(451,11,8,65,''),(452,11,1,66,''),(453,11,2,66,''),(454,11,8,66,''),(455,11,1,67,''),(456,11,2,67,''),(457,11,8,67,''),(458,11,1,68,''),(459,11,2,68,''),(460,11,8,68,''),(461,11,1,69,''),(462,11,2,69,''),(463,11,8,69,''),(464,11,1,70,''),(465,11,2,70,''),(466,11,8,70,''),(467,11,1,71,''),(468,11,2,71,''),(469,11,8,71,''),(470,11,1,72,''),(471,11,2,72,''),(472,11,8,72,''),(473,11,1,73,''),(474,11,2,73,''),(475,11,8,73,''),(476,11,1,74,''),(477,11,2,74,''),(478,11,8,74,''),(479,12,1,47,''),(480,12,2,47,''),(481,12,8,47,''),(482,12,1,48,''),(483,12,2,48,''),(484,12,8,48,''),(485,12,1,49,''),(486,12,2,49,''),(487,12,8,49,''),(488,12,1,50,''),(489,12,2,50,''),(490,12,8,50,''),(491,12,1,51,''),(492,12,2,51,''),(493,12,8,51,''),(494,12,1,52,''),(495,12,2,52,''),(496,12,8,52,''),(497,12,1,53,''),(498,12,2,53,''),(499,12,8,53,''),(500,12,1,54,''),(501,12,2,54,''),(502,12,8,54,''),(503,12,1,55,''),(504,12,2,55,''),(505,12,8,55,''),(506,12,1,56,''),(507,12,2,56,''),(508,12,8,56,''),(509,12,1,57,''),(510,12,2,57,''),(511,12,8,57,''),(512,12,1,58,''),(513,12,2,58,''),(514,12,8,58,''),(515,12,1,59,''),(516,12,2,59,''),(517,12,8,59,''),(518,12,1,60,''),(519,12,2,60,''),(520,12,8,60,''),(521,12,1,61,''),(522,12,2,61,''),(523,12,8,61,''),(524,12,1,62,''),(525,12,2,62,''),(526,12,8,62,''),(527,12,1,63,''),(528,12,2,63,''),(529,12,8,63,''),(530,12,1,64,''),(531,12,2,64,''),(532,12,8,64,''),(533,12,1,65,''),(534,12,2,65,''),(535,12,8,65,''),(536,12,1,66,''),(537,12,2,66,''),(538,12,8,66,''),(539,12,1,67,''),(540,12,2,67,''),(541,12,8,67,''),(542,12,1,68,''),(543,12,2,68,''),(544,12,8,68,''),(545,12,1,69,''),(546,12,2,69,''),(547,12,8,69,''),(548,12,1,70,''),(549,12,2,70,''),(550,12,8,70,''),(551,12,1,71,''),(552,12,2,71,''),(553,12,8,71,''),(554,12,1,72,''),(555,12,2,72,''),(556,12,8,72,''),(557,12,1,73,''),(558,12,2,73,''),(559,12,8,73,''),(560,12,1,74,''),(561,12,2,74,''),(562,12,8,74,''),(563,13,1,47,''),(564,13,2,47,''),(565,13,8,47,''),(566,13,1,48,''),(567,13,2,48,''),(568,13,8,48,''),(569,13,1,49,''),(570,13,2,49,''),(571,13,8,49,''),(572,13,1,50,''),(573,13,2,50,''),(574,13,8,50,''),(575,13,1,51,''),(576,13,2,51,''),(577,13,8,51,''),(578,13,1,52,''),(579,13,2,52,''),(580,13,8,52,''),(581,13,1,53,''),(582,13,2,53,''),(583,13,8,53,''),(584,13,1,54,''),(585,13,2,54,''),(586,13,8,54,''),(587,13,1,55,''),(588,13,2,55,''),(589,13,8,55,''),(590,13,1,56,''),(591,13,2,56,''),(592,13,8,56,''),(593,13,1,57,''),(594,13,2,57,''),(595,13,8,57,''),(596,13,1,58,''),(597,13,2,58,''),(598,13,8,58,''),(599,13,1,59,''),(600,13,2,59,''),(601,13,8,59,''),(602,13,1,60,''),(603,13,2,60,''),(604,13,8,60,''),(605,13,1,61,''),(606,13,2,61,''),(607,13,8,61,''),(608,13,1,62,''),(609,13,2,62,''),(610,13,8,62,''),(611,13,1,63,''),(612,13,2,63,''),(613,13,8,63,''),(614,13,1,64,''),(615,13,2,64,''),(616,13,8,64,''),(617,13,1,65,''),(618,13,2,65,''),(619,13,8,65,''),(620,13,1,66,''),(621,13,2,66,''),(622,13,8,66,''),(623,13,1,67,''),(624,13,2,67,''),(625,13,8,67,''),(626,13,1,68,''),(627,13,2,68,''),(628,13,8,68,''),(629,13,1,69,''),(630,13,2,69,''),(631,13,8,69,''),(632,13,1,70,''),(633,13,2,70,''),(634,13,8,70,''),(635,13,1,71,''),(636,13,2,71,''),(637,13,8,71,''),(638,13,1,72,''),(639,13,2,72,''),(640,13,8,72,''),(641,13,1,73,''),(642,13,2,73,''),(643,13,8,73,''),(644,13,1,74,''),(645,13,2,74,''),(646,13,8,74,''),(647,14,1,47,''),(648,14,2,47,''),(649,14,8,47,''),(650,14,1,48,''),(651,14,2,48,''),(652,14,8,48,''),(653,14,1,49,''),(654,14,2,49,''),(655,14,8,49,''),(656,14,1,50,''),(657,14,2,50,''),(658,14,8,50,''),(659,14,1,51,''),(660,14,2,51,''),(661,14,8,51,''),(662,14,1,52,''),(663,14,2,52,''),(664,14,8,52,''),(665,14,1,53,''),(666,14,2,53,''),(667,14,8,53,''),(668,14,1,54,''),(669,14,2,54,''),(670,14,8,54,''),(671,14,1,55,''),(672,14,2,55,''),(673,14,8,55,''),(674,14,1,56,''),(675,14,2,56,''),(676,14,8,56,''),(677,14,1,57,''),(678,14,2,57,''),(679,14,8,57,''),(680,14,1,58,''),(681,14,2,58,''),(682,14,8,58,''),(683,14,1,59,''),(684,14,2,59,''),(685,14,8,59,''),(686,14,1,60,''),(687,14,2,60,''),(688,14,8,60,''),(689,14,1,61,''),(690,14,2,61,''),(691,14,8,61,''),(692,14,1,62,''),(693,14,2,62,''),(694,14,8,62,''),(695,14,1,63,''),(696,14,2,63,''),(697,14,8,63,''),(698,14,1,64,''),(699,14,2,64,''),(700,14,8,64,''),(701,14,1,65,''),(702,14,2,65,''),(703,14,8,65,''),(704,14,1,66,''),(705,14,2,66,''),(706,14,8,66,''),(707,14,1,67,''),(708,14,2,67,''),(709,14,8,67,''),(710,14,1,68,''),(711,14,2,68,''),(712,14,8,68,''),(713,14,1,69,''),(714,14,2,69,''),(715,14,8,69,''),(716,14,1,70,''),(717,14,2,70,''),(718,14,8,70,''),(719,14,1,71,''),(720,14,2,71,''),(721,14,8,71,''),(722,14,1,72,''),(723,14,2,72,''),(724,14,8,72,''),(725,14,1,73,''),(726,14,2,73,''),(727,14,8,73,''),(728,14,1,74,''),(729,14,2,74,''),(730,14,8,74,''),(731,15,1,47,''),(732,15,2,47,''),(733,15,8,47,''),(734,15,1,48,''),(735,15,2,48,''),(736,15,8,48,''),(737,15,1,49,''),(738,15,2,49,''),(739,15,8,49,''),(740,15,1,50,''),(741,15,2,50,''),(742,15,8,50,''),(743,15,1,51,''),(744,15,2,51,''),(745,15,8,51,''),(746,15,1,52,''),(747,15,2,52,''),(748,15,8,52,''),(749,15,1,53,''),(750,15,2,53,''),(751,15,8,53,''),(752,15,1,54,''),(753,15,2,54,''),(754,15,8,54,''),(755,15,1,55,''),(756,15,2,55,''),(757,15,8,55,''),(758,15,1,56,''),(759,15,2,56,''),(760,15,8,56,''),(761,15,1,57,''),(762,15,2,57,''),(763,15,8,57,''),(764,15,1,58,''),(765,15,2,58,''),(766,15,8,58,''),(767,15,1,59,''),(768,15,2,59,''),(769,15,8,59,''),(770,15,1,60,''),(771,15,2,60,''),(772,15,8,60,''),(773,15,1,61,''),(774,15,2,61,''),(775,15,8,61,''),(776,15,1,62,''),(777,15,2,62,''),(778,15,8,62,''),(779,15,1,63,''),(780,15,2,63,''),(781,15,8,63,''),(782,15,1,64,''),(783,15,2,64,''),(784,15,8,64,''),(785,15,1,65,''),(786,15,2,65,''),(787,15,8,65,''),(788,15,1,66,''),(789,15,2,66,''),(790,15,8,66,''),(791,15,1,67,''),(792,15,2,67,''),(793,15,8,67,''),(794,15,1,68,''),(795,15,2,68,''),(796,15,8,68,''),(797,15,1,69,''),(798,15,2,69,''),(799,15,8,69,''),(800,15,1,70,''),(801,15,2,70,''),(802,15,8,70,''),(803,15,1,71,''),(804,15,2,71,''),(805,15,8,71,''),(806,15,1,72,''),(807,15,2,72,''),(808,15,8,72,''),(809,15,1,73,''),(810,15,2,73,''),(811,15,8,73,''),(812,15,1,74,''),(813,15,2,74,''),(814,15,8,74,''),(815,16,1,47,''),(816,16,2,47,''),(817,16,8,47,''),(818,16,1,48,''),(819,16,2,48,''),(820,16,8,48,''),(821,16,1,49,''),(822,16,2,49,''),(823,16,8,49,''),(824,16,1,50,''),(825,16,2,50,''),(826,16,8,50,''),(827,16,1,51,''),(828,16,2,51,''),(829,16,8,51,''),(830,16,1,52,''),(831,16,2,52,''),(832,16,8,52,''),(833,16,1,53,''),(834,16,2,53,''),(835,16,8,53,''),(836,16,1,54,''),(837,16,2,54,''),(838,16,8,54,''),(839,16,1,55,''),(840,16,2,55,''),(841,16,8,55,''),(842,16,1,56,''),(843,16,2,56,''),(844,16,8,56,''),(845,16,1,57,''),(846,16,2,57,''),(847,16,8,57,''),(848,16,1,58,''),(849,16,2,58,''),(850,16,8,58,''),(851,16,1,59,''),(852,16,2,59,''),(853,16,8,59,''),(854,16,1,60,''),(855,16,2,60,''),(856,16,8,60,''),(857,16,1,61,''),(858,16,2,61,''),(859,16,8,61,''),(860,16,1,62,''),(861,16,2,62,''),(862,16,8,62,''),(863,16,1,63,''),(864,16,2,63,''),(865,16,8,63,''),(866,16,1,64,''),(867,16,2,64,''),(868,16,8,64,''),(869,16,1,65,''),(870,16,2,65,''),(871,16,8,65,''),(872,16,1,66,''),(873,16,2,66,''),(874,16,8,66,''),(875,16,1,67,''),(876,16,2,67,''),(877,16,8,67,''),(878,16,1,68,''),(879,16,2,68,''),(880,16,8,68,''),(881,16,1,69,''),(882,16,2,69,''),(883,16,8,69,''),(884,16,1,70,''),(885,16,2,70,''),(886,16,8,70,''),(887,16,1,71,''),(888,16,2,71,''),(889,16,8,71,''),(890,16,1,72,''),(891,16,2,72,''),(892,16,8,72,''),(893,16,1,73,''),(894,16,2,73,''),(895,16,8,73,''),(896,16,1,74,''),(897,16,2,74,''),(898,16,8,74,''),(971,18,1,30,''),(972,18,2,30,''),(973,18,3,30,''),(974,18,5,30,''),(975,18,6,30,''),(976,18,7,30,''),(977,18,1,31,''),(978,18,2,31,''),(979,18,3,31,''),(980,18,5,31,''),(981,18,6,31,''),(982,18,7,31,''),(983,18,1,32,''),(984,18,2,32,''),(985,18,3,32,''),(986,18,5,32,''),(987,18,6,32,''),(988,18,7,32,''),(989,18,1,33,''),(990,18,2,33,''),(991,18,3,33,''),(992,18,5,33,''),(993,18,6,33,''),(994,18,7,33,''),(995,18,1,34,''),(996,18,2,34,''),(997,18,3,34,''),(998,18,5,34,''),(999,18,6,34,''),(1000,18,7,34,''),(1001,18,1,35,''),(1002,18,2,35,''),(1003,18,3,35,''),(1004,18,5,35,''),(1005,18,6,35,''),(1006,18,7,35,''),(1007,18,1,36,''),(1008,18,2,36,''),(1009,18,3,36,''),(1010,18,5,36,''),(1011,18,6,36,''),(1012,18,7,36,''),(1013,18,1,37,''),(1014,18,2,37,''),(1015,18,3,37,''),(1016,18,5,37,''),(1017,18,6,37,''),(1018,18,7,37,''),(1019,18,1,38,''),(1020,18,2,38,''),(1021,18,3,38,''),(1022,18,5,38,''),(1023,18,6,38,''),(1024,18,7,38,''),(1025,18,1,39,''),(1026,18,2,39,''),(1027,18,3,39,''),(1028,18,5,39,''),(1029,18,6,39,''),(1030,18,7,39,''),(1031,18,1,40,''),(1032,18,2,40,''),(1033,18,3,40,''),(1034,18,5,40,''),(1035,18,6,40,''),(1036,18,7,40,''),(1037,18,1,41,''),(1038,18,2,41,''),(1039,18,3,41,''),(1040,18,5,41,''),(1041,18,6,41,''),(1042,18,7,41,''),(1043,18,1,42,''),(1044,18,2,42,''),(1045,18,3,42,''),(1046,18,5,42,''),(1047,18,6,42,''),(1048,18,7,42,''),(1049,18,1,43,''),(1050,18,2,43,''),(1051,18,3,43,''),(1052,18,5,43,''),(1053,18,6,43,''),(1054,18,7,43,''),(1055,18,1,44,''),(1056,18,2,44,''),(1057,18,3,44,''),(1058,18,5,44,''),(1059,18,6,44,''),(1060,18,7,44,''),(1061,18,1,45,''),(1062,18,2,45,''),(1063,18,3,45,''),(1064,18,5,45,''),(1065,18,6,45,''),(1066,18,7,45,''),(1067,18,1,46,''),(1068,18,2,46,''),(1069,18,3,46,''),(1070,18,5,46,''),(1071,18,6,46,''),(1072,18,7,46,''),(1073,19,1,30,''),(1074,19,2,30,''),(1075,19,3,30,''),(1076,19,5,30,''),(1077,19,6,30,''),(1078,19,7,30,''),(1079,19,1,31,''),(1080,19,2,31,''),(1081,19,3,31,''),(1082,19,5,31,''),(1083,19,6,31,''),(1084,19,7,31,''),(1085,19,1,32,''),(1086,19,2,32,''),(1087,19,3,32,''),(1088,19,5,32,''),(1089,19,6,32,''),(1090,19,7,32,''),(1091,19,1,33,''),(1092,19,2,33,''),(1093,19,3,33,''),(1094,19,5,33,''),(1095,19,6,33,''),(1096,19,7,33,''),(1097,19,1,34,''),(1098,19,2,34,''),(1099,19,3,34,''),(1100,19,5,34,''),(1101,19,6,34,''),(1102,19,7,34,''),(1103,19,1,35,''),(1104,19,2,35,''),(1105,19,3,35,''),(1106,19,5,35,''),(1107,19,6,35,''),(1108,19,7,35,''),(1109,19,1,36,''),(1110,19,2,36,''),(1111,19,3,36,''),(1112,19,5,36,''),(1113,19,6,36,''),(1114,19,7,36,''),(1115,19,1,37,''),(1116,19,2,37,''),(1117,19,3,37,''),(1118,19,5,37,''),(1119,19,6,37,''),(1120,19,7,37,''),(1121,19,1,38,''),(1122,19,2,38,''),(1123,19,3,38,''),(1124,19,5,38,''),(1125,19,6,38,''),(1126,19,7,38,''),(1127,19,1,39,''),(1128,19,2,39,''),(1129,19,3,39,''),(1130,19,5,39,''),(1131,19,6,39,''),(1132,19,7,39,''),(1133,19,1,40,''),(1134,19,2,40,''),(1135,19,3,40,''),(1136,19,5,40,''),(1137,19,6,40,''),(1138,19,7,40,''),(1139,19,1,41,''),(1140,19,2,41,''),(1141,19,3,41,''),(1142,19,5,41,''),(1143,19,6,41,''),(1144,19,7,41,''),(1145,19,1,42,''),(1146,19,2,42,''),(1147,19,3,42,''),(1148,19,5,42,''),(1149,19,6,42,''),(1150,19,7,42,''),(1151,19,1,43,''),(1152,19,2,43,''),(1153,19,3,43,''),(1154,19,5,43,''),(1155,19,6,43,''),(1156,19,7,43,''),(1157,19,1,44,''),(1158,19,2,44,''),(1159,19,3,44,''),(1160,19,5,44,''),(1161,19,6,44,''),(1162,19,7,44,''),(1163,19,1,45,''),(1164,19,2,45,''),(1165,19,3,45,''),(1166,19,5,45,''),(1167,19,6,45,''),(1168,19,7,45,''),(1169,19,1,46,''),(1170,19,2,46,''),(1171,19,3,46,''),(1172,19,5,46,''),(1173,19,6,46,''),(1174,19,7,46,''),(1175,20,1,121,''),(1176,20,2,121,''),(1177,20,8,121,''),(1178,20,1,122,''),(1179,20,2,122,''),(1180,20,8,122,''),(1181,20,1,123,''),(1182,20,2,123,''),(1183,20,8,123,''),(1184,20,1,124,''),(1185,20,2,124,''),(1186,20,8,124,''),(1187,20,1,125,''),(1188,20,2,125,''),(1189,20,8,125,''),(1190,20,1,126,''),(1191,20,2,126,''),(1192,20,8,126,''),(1193,20,1,127,''),(1194,20,2,127,''),(1195,20,8,127,''),(1196,20,1,128,''),(1197,20,2,128,''),(1198,20,8,128,''),(1199,20,1,129,''),(1200,20,2,129,''),(1201,20,8,129,''),(1202,20,1,130,''),(1203,20,2,130,''),(1204,20,8,130,''),(1205,20,1,131,''),(1206,20,2,131,''),(1207,20,8,131,''),(1208,20,1,132,''),(1209,20,2,132,''),(1210,20,8,132,''),(1211,20,1,133,''),(1212,20,2,133,''),(1213,20,8,133,''),(1214,20,1,134,''),(1215,20,2,134,''),(1216,20,8,134,''),(1217,20,1,135,''),(1218,20,2,135,''),(1219,20,8,135,''),(1220,20,1,136,''),(1221,20,2,136,''),(1222,20,8,136,''),(1223,20,1,137,''),(1224,20,2,137,''),(1225,20,8,137,''),(1226,20,1,138,''),(1227,20,2,138,''),(1228,20,8,138,''),(1229,20,1,139,''),(1230,20,2,139,''),(1231,20,8,139,''),(1232,20,1,140,''),(1233,20,2,140,''),(1234,20,8,140,''),(1235,20,1,141,''),(1236,20,2,141,''),(1237,20,8,141,''),(1238,20,1,142,''),(1239,20,2,142,''),(1240,20,8,142,''),(1241,20,1,143,''),(1242,20,2,143,''),(1243,20,8,143,''),(1244,21,1,144,'9'),(1245,21,2,144,'9'),(1246,21,8,144,''),(1247,21,1,145,''),(1248,21,2,145,''),(1249,21,8,145,''),(1250,21,1,146,''),(1251,21,2,146,''),(1252,21,8,146,''),(1253,22,2,148,'8'),(1254,22,8,148,'8'),(1255,22,2,149,'8'),(1256,22,8,149,'8'),(1257,22,2,150,'8'),(1258,22,8,150,'8'),(1259,22,2,151,''),(1260,22,8,151,''),(1261,22,2,152,''),(1262,22,8,152,''),(1263,22,2,153,''),(1264,22,8,153,''),(1265,22,2,154,''),(1266,22,8,154,''),(1267,22,2,155,''),(1268,22,8,155,''),(1269,22,2,156,''),(1270,22,8,156,''),(1271,22,2,157,''),(1272,22,8,157,''),(1273,23,2,148,''),(1274,23,8,148,''),(1275,23,2,149,''),(1276,23,8,149,''),(1277,23,2,150,''),(1278,23,8,150,''),(1279,29,1,75,'buena'),(1280,29,2,75,''),(1281,29,8,75,''),(1282,29,1,76,''),(1283,29,2,76,''),(1284,29,8,76,''),(1285,29,1,77,''),(1286,29,2,77,''),(1287,29,8,77,''),(1288,29,1,78,''),(1289,29,2,78,''),(1290,29,8,78,''),(1291,29,1,79,''),(1292,29,2,79,''),(1293,29,8,79,''),(1294,29,1,80,''),(1295,29,2,80,''),(1296,29,8,80,''),(1297,29,1,81,''),(1298,29,2,81,''),(1299,29,8,81,''),(1300,29,1,82,''),(1301,29,2,82,''),(1302,29,8,82,''),(1303,29,1,83,''),(1304,29,2,83,''),(1305,29,8,83,''),(1306,29,1,84,'2'),(1307,29,2,84,''),(1308,29,8,84,''),(1309,29,1,85,''),(1310,29,2,85,''),(1311,29,8,85,'12:51'),(1312,29,1,86,'1'),(1313,29,2,86,''),(1314,29,8,86,''),(1315,29,1,87,''),(1316,29,2,87,''),(1317,29,8,87,''),(1318,29,1,88,''),(1319,29,2,88,''),(1320,29,8,88,''),(1321,29,1,89,''),(1322,29,2,89,''),(1323,29,8,89,''),(1324,29,1,90,''),(1325,29,2,90,''),(1326,29,8,90,''),(1327,29,1,91,''),(1328,29,2,91,''),(1329,29,8,91,''),(1330,29,1,92,''),(1331,29,2,92,''),(1332,29,8,92,''),(1333,29,9,94,''),(1334,29,9,95,''),(1335,29,9,96,''),(1336,29,9,97,''),(1337,29,9,98,''),(1338,31,1,30,''),(1339,31,2,30,''),(1340,31,3,30,''),(1341,31,5,30,''),(1342,31,6,30,''),(1343,31,7,30,''),(1344,31,1,31,''),(1345,31,2,31,''),(1346,31,3,31,''),(1347,31,5,31,''),(1348,31,6,31,''),(1349,31,7,31,''),(1350,31,1,32,''),(1351,31,2,32,''),(1352,31,3,32,''),(1353,31,5,32,''),(1354,31,6,32,''),(1355,31,7,32,''),(1356,31,1,33,''),(1357,31,2,33,''),(1358,31,3,33,''),(1359,31,5,33,''),(1360,31,6,33,''),(1361,31,7,33,''),(1362,31,1,34,''),(1363,31,2,34,''),(1364,31,3,34,''),(1365,31,5,34,''),(1366,31,6,34,''),(1367,31,7,34,''),(1368,31,1,35,''),(1369,31,2,35,''),(1370,31,3,35,''),(1371,31,5,35,''),(1372,31,6,35,''),(1373,31,7,35,''),(1374,31,1,36,''),(1375,31,2,36,''),(1376,31,3,36,''),(1377,31,5,36,''),(1378,31,6,36,''),(1379,31,7,36,''),(1380,31,1,37,''),(1381,31,2,37,''),(1382,31,3,37,''),(1383,31,5,37,''),(1384,31,6,37,''),(1385,31,7,37,''),(1386,31,1,38,''),(1387,31,2,38,''),(1388,31,3,38,''),(1389,31,5,38,''),(1390,31,6,38,''),(1391,31,7,38,''),(1392,31,1,39,''),(1393,31,2,39,''),(1394,31,3,39,''),(1395,31,5,39,''),(1396,31,6,39,''),(1397,31,7,39,''),(1398,31,1,40,''),(1399,31,2,40,''),(1400,31,3,40,''),(1401,31,5,40,''),(1402,31,6,40,''),(1403,31,7,40,''),(1404,31,1,41,''),(1405,31,2,41,''),(1406,31,3,41,''),(1407,31,5,41,''),(1408,31,6,41,''),(1409,31,7,41,''),(1410,31,1,42,''),(1411,31,2,42,''),(1412,31,3,42,''),(1413,31,5,42,''),(1414,31,6,42,''),(1415,31,7,42,''),(1416,31,1,43,''),(1417,31,2,43,''),(1418,31,3,43,''),(1419,31,5,43,''),(1420,31,6,43,''),(1421,31,7,43,''),(1422,31,1,44,''),(1423,31,2,44,''),(1424,31,3,44,''),(1425,31,5,44,''),(1426,31,6,44,''),(1427,31,7,44,''),(1428,31,1,45,''),(1429,31,2,45,''),(1430,31,3,45,''),(1431,31,5,45,''),(1432,31,6,45,''),(1433,31,7,45,''),(1434,31,1,46,''),(1435,31,2,46,''),(1436,31,3,46,''),(1437,31,5,46,''),(1438,31,6,46,''),(1439,31,7,46,''),(1440,33,1,30,''),(1441,33,2,30,''),(1442,33,3,30,'15:33'),(1443,33,5,30,'15:33'),(1444,33,6,30,''),(1445,33,7,30,''),(1446,33,1,31,''),(1447,33,2,31,''),(1448,33,3,31,'15:33'),(1449,33,5,31,'15:33'),(1450,33,6,31,''),(1451,33,7,31,''),(1452,33,1,32,''),(1453,33,2,32,''),(1454,33,3,32,''),(1455,33,5,32,''),(1456,33,6,32,''),(1457,33,7,32,''),(1458,33,1,33,''),(1459,33,2,33,''),(1460,33,3,33,''),(1461,33,5,33,''),(1462,33,6,33,''),(1463,33,7,33,''),(1464,33,1,34,''),(1465,33,2,34,''),(1466,33,3,34,''),(1467,33,5,34,''),(1468,33,6,34,''),(1469,33,7,34,''),(1470,33,1,35,''),(1471,33,2,35,''),(1472,33,3,35,''),(1473,33,5,35,''),(1474,33,6,35,''),(1475,33,7,35,''),(1476,33,1,36,''),(1477,33,2,36,''),(1478,33,3,36,''),(1479,33,5,36,''),(1480,33,6,36,''),(1481,33,7,36,''),(1482,33,1,37,''),(1483,33,2,37,''),(1484,33,3,37,''),(1485,33,5,37,''),(1486,33,6,37,''),(1487,33,7,37,''),(1488,33,1,38,''),(1489,33,2,38,''),(1490,33,3,38,''),(1491,33,5,38,''),(1492,33,6,38,''),(1493,33,7,38,''),(1494,33,1,39,''),(1495,33,2,39,''),(1496,33,3,39,''),(1497,33,5,39,''),(1498,33,6,39,''),(1499,33,7,39,''),(1500,33,1,40,''),(1501,33,2,40,''),(1502,33,3,40,''),(1503,33,5,40,''),(1504,33,6,40,''),(1505,33,7,40,''),(1506,33,1,41,''),(1507,33,2,41,''),(1508,33,3,41,''),(1509,33,5,41,''),(1510,33,6,41,''),(1511,33,7,41,''),(1512,33,1,42,''),(1513,33,2,42,''),(1514,33,3,42,''),(1515,33,5,42,''),(1516,33,6,42,''),(1517,33,7,42,''),(1518,33,1,43,''),(1519,33,2,43,''),(1520,33,3,43,''),(1521,33,5,43,''),(1522,33,6,43,''),(1523,33,7,43,''),(1524,33,1,44,''),(1525,33,2,44,''),(1526,33,3,44,''),(1527,33,5,44,''),(1528,33,6,44,''),(1529,33,7,44,''),(1530,33,1,45,''),(1531,33,2,45,''),(1532,33,3,45,''),(1533,33,5,45,''),(1534,33,6,45,''),(1535,33,7,45,''),(1536,33,1,46,''),(1537,33,2,46,''),(1538,33,3,46,''),(1539,33,5,46,''),(1540,33,6,46,''),(1541,33,7,46,''),(1542,34,1,99,''),(1543,34,2,99,''),(1544,34,6,99,''),(1545,34,7,99,''),(1546,34,8,99,''),(1547,34,9,99,''),(1548,34,10,99,''),(1549,34,1,100,''),(1550,34,2,100,''),(1551,34,6,100,''),(1552,34,7,100,''),(1553,34,8,100,''),(1554,34,9,100,''),(1555,34,10,100,''),(1556,34,1,101,''),(1557,34,2,101,''),(1558,34,6,101,''),(1559,34,7,101,''),(1560,34,8,101,''),(1561,34,9,101,''),(1562,34,10,101,''),(1563,34,1,102,''),(1564,34,2,102,''),(1565,34,6,102,''),(1566,34,7,102,''),(1567,34,8,102,''),(1568,34,9,102,''),(1569,34,10,102,''),(1570,34,1,103,''),(1571,34,2,103,''),(1572,34,6,103,''),(1573,34,7,103,''),(1574,34,8,103,''),(1575,34,9,103,''),(1576,34,10,103,''),(1577,34,1,104,''),(1578,34,2,104,''),(1579,34,6,104,''),(1580,34,7,104,''),(1581,34,8,104,''),(1582,34,9,104,''),(1583,34,10,104,''),(1584,34,1,105,''),(1585,34,2,105,''),(1586,34,6,105,''),(1587,34,7,105,''),(1588,34,8,105,''),(1589,34,9,105,''),(1590,34,10,105,''),(1591,34,1,106,''),(1592,34,2,106,''),(1593,34,6,106,''),(1594,34,7,106,''),(1595,34,8,106,''),(1596,34,9,106,''),(1597,34,10,106,''),(1598,34,1,107,''),(1599,34,2,107,''),(1600,34,6,107,''),(1601,34,7,107,''),(1602,34,8,107,''),(1603,34,9,107,''),(1604,34,10,107,''),(1605,34,1,108,''),(1606,34,2,108,''),(1607,34,6,108,''),(1608,34,7,108,''),(1609,34,8,108,''),(1610,34,9,108,''),(1611,34,10,108,''),(1612,34,1,109,''),(1613,34,2,109,''),(1614,34,6,109,''),(1615,34,7,109,''),(1616,34,8,109,''),(1617,34,9,109,''),(1618,34,10,109,''),(1619,34,1,110,''),(1620,34,2,110,''),(1621,34,6,110,''),(1622,34,7,110,''),(1623,34,8,110,''),(1624,34,9,110,''),(1625,34,10,110,''),(1626,34,1,111,''),(1627,34,2,111,''),(1628,34,6,111,''),(1629,34,7,111,''),(1630,34,8,111,''),(1631,34,9,111,''),(1632,34,10,111,''),(1633,34,1,112,''),(1634,34,2,112,''),(1635,34,6,112,''),(1636,34,7,112,''),(1637,34,8,112,''),(1638,34,9,112,''),(1639,34,10,112,''),(1640,34,1,113,''),(1641,34,2,113,''),(1642,34,6,113,''),(1643,34,7,113,''),(1644,34,8,113,''),(1645,34,9,113,''),(1646,34,10,113,''),(1647,34,1,114,''),(1648,34,2,114,''),(1649,34,6,114,''),(1650,34,7,114,''),(1651,34,8,114,''),(1652,34,9,114,''),(1653,34,10,114,''),(1654,34,1,115,''),(1655,34,2,115,''),(1656,34,6,115,''),(1657,34,7,115,''),(1658,34,8,115,''),(1659,34,9,115,''),(1660,34,10,115,''),(1661,34,1,116,''),(1662,34,2,116,''),(1663,34,6,116,''),(1664,34,7,116,''),(1665,34,8,116,''),(1666,34,9,116,''),(1667,34,10,116,''),(1668,34,1,117,''),(1669,34,2,117,''),(1670,34,6,117,''),(1671,34,7,117,''),(1672,34,8,117,''),(1673,34,9,117,''),(1674,34,10,117,''),(1675,34,1,118,''),(1676,34,2,118,''),(1677,34,6,118,''),(1678,34,7,118,''),(1679,34,8,118,''),(1680,34,9,118,''),(1681,34,10,118,''),(1682,34,1,119,''),(1683,34,2,119,''),(1684,34,6,119,''),(1685,34,7,119,''),(1686,34,8,119,''),(1687,34,9,119,''),(1688,34,10,119,''),(1689,34,1,120,''),(1690,34,2,120,''),(1691,34,6,120,''),(1692,34,7,120,''),(1693,34,8,120,''),(1694,34,9,120,''),(1695,34,10,120,''),(1696,35,1,75,''),(1697,35,2,75,''),(1698,35,8,75,''),(1699,35,1,76,''),(1700,35,2,76,''),(1701,35,8,76,''),(1702,35,1,77,''),(1703,35,2,77,''),(1704,35,8,77,''),(1705,35,1,78,''),(1706,35,2,78,''),(1707,35,8,78,''),(1708,35,1,79,''),(1709,35,2,79,''),(1710,35,8,79,''),(1711,35,1,80,''),(1712,35,2,80,''),(1713,35,8,80,''),(1714,35,1,81,''),(1715,35,2,81,''),(1716,35,8,81,''),(1717,35,1,82,''),(1718,35,2,82,''),(1719,35,8,82,''),(1720,35,1,83,''),(1721,35,2,83,''),(1722,35,8,83,''),(1723,35,1,84,''),(1724,35,2,84,''),(1725,35,8,84,''),(1726,35,1,85,''),(1727,35,2,85,''),(1728,35,8,85,''),(1729,35,1,86,''),(1730,35,2,86,''),(1731,35,8,86,''),(1732,35,1,87,''),(1733,35,2,87,''),(1734,35,8,87,''),(1735,35,1,88,''),(1736,35,2,88,''),(1737,35,8,88,''),(1738,35,1,89,''),(1739,35,2,89,''),(1740,35,8,89,''),(1741,35,1,90,''),(1742,35,2,90,''),(1743,35,8,90,''),(1744,35,1,91,''),(1745,35,2,91,''),(1746,35,8,91,''),(1747,35,1,92,''),(1748,35,2,92,''),(1749,35,8,92,''),(1750,35,9,94,''),(1751,35,9,95,''),(1752,35,9,96,''),(1753,35,9,97,''),(1754,35,9,98,''),(1755,36,9,186,''),(1756,36,9,187,''),(1757,36,1,188,''),(1758,36,2,188,''),(1759,36,3,188,''),(1760,36,2,189,''),(1761,36,9,190,''),(1762,37,2,3,''),(1763,37,3,3,''),(1764,37,4,3,''),(1765,37,1,3,''),(1766,37,9,14,''),(1767,37,2,15,''),(1768,37,8,15,''),(1769,37,8,16,''),(1770,37,2,17,''),(1771,37,8,17,''),(1772,37,2,18,''),(1773,37,8,18,''),(1774,37,8,19,''),(1775,37,9,19,''),(1776,37,8,20,''),(1777,37,8,6,''),(1778,37,2,7,''),(1779,37,4,7,''),(1780,37,1,7,''),(1781,37,8,7,''),(1782,37,8,8,''),(1783,37,8,9,''),(1784,37,8,21,''),(1785,37,9,21,''),(1786,37,8,22,''),(1787,37,9,22,''),(1788,37,2,10,''),(1789,37,3,10,''),(1790,37,5,10,''),(1791,37,2,23,''),(1792,37,4,23,''),(1793,37,8,23,''),(1794,37,1,24,''),(1795,37,2,24,''),(1796,37,4,24,''),(1797,37,5,24,''),(1798,37,3,25,''),(1799,37,3,26,''),(1800,37,5,27,''),(1801,37,3,28,''),(1802,37,5,28,''),(1803,38,8,199,'20:25'),(1804,38,8,200,'20:25'),(1805,38,8,201,'20:25');
/*!40000 ALTER TABLE `produccion_instruccionproduccion` ENABLE KEYS */;
UNLOCK TABLES;

--
-- Table structure for table `produccion_insumopiputilizado`
--

DROP TABLE IF EXISTS `produccion_insumopiputilizado`;
/*!40101 SET @saved_cs_client     = @@character_set_client */;
/*!40101 SET character_set_client = utf8 */;
CREATE TABLE `produccion_insumopiputilizado` (
  `id` bigint(20) NOT NULL AUTO_INCREMENT,
  `cantidad` double NOT NULL,
  `insumoproceso_id` bigint(20) NOT NULL,
  `pauta_produccion_id` bigint(20) NOT NULL,
  PRIMARY KEY (`id`),
  KEY `produccion_insumopip_insumoproceso_id_17571b88_fk_produccio` (`insumoproceso_id`),
  KEY `produccion_insumopip_pauta_produccion_id_30d39cf9_fk_produccio` (`pauta_produccion_id`),
  CONSTRAINT `produccion_insumopip_insumoproceso_id_17571b88_fk_produccio` FOREIGN KEY (`insumoproceso_id`) REFERENCES `produccion_insumoprocesoproduccion` (`id`),
  CONSTRAINT `produccion_insumopip_pauta_produccion_id_30d39cf9_fk_produccio` FOREIGN KEY (`pauta_produccion_id`) REFERENCES `produccion_pautaproduccion` (`id`)
) ENGINE=InnoDB DEFAULT CHARSET=utf8;
/*!40101 SET character_set_client = @saved_cs_client */;

--
-- Dumping data for table `produccion_insumopiputilizado`
--

LOCK TABLES `produccion_insumopiputilizado` WRITE;
/*!40000 ALTER TABLE `produccion_insumopiputilizado` DISABLE KEYS */;
/*!40000 ALTER TABLE `produccion_insumopiputilizado` ENABLE KEYS */;
UNLOCK TABLES;

--
-- Table structure for table `produccion_insumoprocesoproduccion`
--

DROP TABLE IF EXISTS `produccion_insumoprocesoproduccion`;
/*!40101 SET @saved_cs_client     = @@character_set_client */;
/*!40101 SET character_set_client = utf8 */;
CREATE TABLE `produccion_insumoprocesoproduccion` (
  `id` bigint(20) NOT NULL AUTO_INCREMENT,
  `cantidad` double NOT NULL,
  `pauta_produccion_id` bigint(20) NOT NULL,
  `plantilla_ip_id` bigint(20) NOT NULL,
  `comentario` varchar(255) NOT NULL,
  `cantidadu` double NOT NULL,
  PRIMARY KEY (`id`),
  KEY `produccion_insumopro_pauta_produccion_id_76d4c8b6_fk_produccio` (`pauta_produccion_id`),
  KEY `produccion_insumopro_plantilla_ip_id_e496ac2d_fk_pauta_ins` (`plantilla_ip_id`),
  CONSTRAINT `produccion_insumopro_pauta_produccion_id_76d4c8b6_fk_produccio` FOREIGN KEY (`pauta_produccion_id`) REFERENCES `produccion_pautaproduccion` (`id`),
  CONSTRAINT `produccion_insumopro_plantilla_ip_id_e496ac2d_fk_pauta_ins` FOREIGN KEY (`plantilla_ip_id`) REFERENCES `pauta_insumoproceso` (`id`)
) ENGINE=InnoDB AUTO_INCREMENT=12 DEFAULT CHARSET=utf8;
/*!40101 SET character_set_client = @saved_cs_client */;

--
-- Dumping data for table `produccion_insumoprocesoproduccion`
--

LOCK TABLES `produccion_insumoprocesoproduccion` WRITE;
/*!40000 ALTER TABLE `produccion_insumoprocesoproduccion` DISABLE KEYS */;
INSERT INTO `produccion_insumoprocesoproduccion` VALUES (3,60,20,2,'',0),(4,625,26,4,'',625),(6,10000,28,4,'',675),(7,50,29,5,'',0),(8,398,33,8,'',3.12),(9,395,34,9,'',45),(10,390,35,5,'',0),(11,210,37,10,'',50);
/*!40000 ALTER TABLE `produccion_insumoprocesoproduccion` ENABLE KEYS */;
UNLOCK TABLES;

--
-- Table structure for table `produccion_lineaproduccion`
--

DROP TABLE IF EXISTS `produccion_lineaproduccion`;
/*!40101 SET @saved_cs_client     = @@character_set_client */;
/*!40101 SET character_set_client = utf8 */;
CREATE TABLE `produccion_lineaproduccion` (
  `id` bigint(20) NOT NULL AUTO_INCREMENT,
  `final` tinyint(1) NOT NULL,
  `cantidad` double NOT NULL,
  `linea_id` bigint(20) DEFAULT NULL,
  `pauta_produccion_id` bigint(20) DEFAULT NULL,
  `pva_id` bigint(20) DEFAULT NULL,
  PRIMARY KEY (`id`),
  KEY `produccion_lineaproduccion_linea_id_9f10ce86_fk_nucleo_linea_id` (`linea_id`),
  KEY `produccion_lineaprod_pauta_produccion_id_70985e49_fk_produccio` (`pauta_produccion_id`),
  KEY `produccion_lineaprod_pva_id_043b3652_fk_estado_co` (`pva_id`),
  CONSTRAINT `produccion_lineaprod_pauta_produccion_id_70985e49_fk_produccio` FOREIGN KEY (`pauta_produccion_id`) REFERENCES `produccion_pautaproduccion` (`id`),
  CONSTRAINT `produccion_lineaprod_pva_id_043b3652_fk_estado_co` FOREIGN KEY (`pva_id`) REFERENCES `estado_conjuntoestado` (`id`),
  CONSTRAINT `produccion_lineaproduccion_linea_id_9f10ce86_fk_nucleo_linea_id` FOREIGN KEY (`linea_id`) REFERENCES `nucleo_linea` (`id`)
) ENGINE=InnoDB DEFAULT CHARSET=utf8;
/*!40101 SET character_set_client = @saved_cs_client */;

--
-- Dumping data for table `produccion_lineaproduccion`
--

LOCK TABLES `produccion_lineaproduccion` WRITE;
/*!40000 ALTER TABLE `produccion_lineaproduccion` DISABLE KEYS */;
/*!40000 ALTER TABLE `produccion_lineaproduccion` ENABLE KEYS */;
UNLOCK TABLES;

--
-- Table structure for table `produccion_lote`
--

DROP TABLE IF EXISTS `produccion_lote`;
/*!40101 SET @saved_cs_client     = @@character_set_client */;
/*!40101 SET character_set_client = utf8 */;
CREATE TABLE `produccion_lote` (
  `id` bigint(20) NOT NULL AUTO_INCREMENT,
  `numero` varchar(255) NOT NULL,
  `fecha` datetime(6) NOT NULL,
  `cantidad` double NOT NULL,
  `comentario` varchar(255) NOT NULL,
  `pauta_produccion_id` bigint(20) DEFAULT NULL,
  `producto_id` bigint(20) DEFAULT NULL,
  `mostrar` tinyint(1) NOT NULL,
  `cdp` double NOT NULL,
  `linea_id` bigint(20) DEFAULT NULL,
  `pva_id` bigint(20) DEFAULT NULL,
  PRIMARY KEY (`id`),
  KEY `produccion_lote_producto_id_9492b9df_fk_nucleo_producto_id` (`producto_id`),
  KEY `produccion_lote_pauta_produccion_id_3e7138ee_fk_produccio` (`pauta_produccion_id`),
  KEY `produccion_lote_linea_id_7428acf0_fk_nucleo_linea_id` (`linea_id`),
  KEY `produccion_lote_pva_id_5e2ab1c5_fk_estado_conjuntoestado_id` (`pva_id`),
  CONSTRAINT `produccion_lote_linea_id_7428acf0_fk_nucleo_linea_id` FOREIGN KEY (`linea_id`) REFERENCES `nucleo_linea` (`id`),
  CONSTRAINT `produccion_lote_pauta_produccion_id_3e7138ee_fk_produccio` FOREIGN KEY (`pauta_produccion_id`) REFERENCES `produccion_pautaproduccion` (`id`),
  CONSTRAINT `produccion_lote_producto_id_9492b9df_fk_nucleo_producto_id` FOREIGN KEY (`producto_id`) REFERENCES `nucleo_producto` (`id`),
  CONSTRAINT `produccion_lote_pva_id_5e2ab1c5_fk_estado_conjuntoestado_id` FOREIGN KEY (`pva_id`) REFERENCES `estado_conjuntoestado` (`id`)
) ENGINE=InnoDB AUTO_INCREMENT=24 DEFAULT CHARSET=utf8;
/*!40101 SET character_set_client = @saved_cs_client */;

--
-- Dumping data for table `produccion_lote`
--

LOCK TABLES `produccion_lote` WRITE;
/*!40000 ALTER TABLE `produccion_lote` DISABLE KEYS */;
INSERT INTO `produccion_lote` VALUES (1,'21128-PP01-01','2021-12-08 11:14:37.534820',15,'',16,NULL,1,0,NULL,NULL),(4,'21128-YOGR04-01','2021-12-08 11:51:21.990905',90,'',19,24,1,121583.70510150754,NULL,NULL),(5,'21128-YOGR03-01','2021-12-08 11:51:21.998254',160,'',19,19,1,90062.00377889448,NULL,NULL),(6,'21128-YOGR02-01','2021-12-08 11:51:22.007210',320,'',19,18,1,180124.00755778895,NULL,NULL),(7,'21128-YOGR01-01','2021-12-08 11:51:22.013036',15,'',19,15,1,56288.75236180905,NULL,NULL),(8,'21128-QUCO03-01','2021-12-08 12:07:50.781394',20,'',20,12,1,0,NULL,NULL),(9,'21128-QUCO02-01','2021-12-08 12:07:50.787654',50,'',20,10,1,0,NULL,NULL),(10,'21128-QUCO01-01','2021-12-08 12:07:50.797107',40,'',20,9,1,0,NULL,NULL),(11,'21128-QUCO03-02','2021-12-08 12:10:48.476750',6,'',21,12,1,15298.532079999997,NULL,NULL),(12,'21128-QUCO02-02','2021-12-08 12:10:48.483688',3,'',21,10,1,1912.3165099999997,NULL,NULL),(13,'21128-QUMA02-01','2021-12-08 12:30:35.712302',20,'',22,13,1,12113.966480446927,NULL,NULL),(14,'21128-QUMA01-01','2021-12-08 12:30:35.718048',23,'',22,11,1,3064.833519553072,NULL,NULL),(15,'211222-YODE04-01','2021-12-22 15:22:57.398662',94,'',30,26,1,0,NULL,NULL),(16,'211222-YODE01-01','2021-12-22 15:22:57.407682',60,'',30,17,1,0,NULL,NULL),(17,'211224-YOGR01-01','2021-12-24 10:43:16.864256',57,'',31,15,1,73966.35435347812,NULL,NULL),(18,'220113-YOGR03-01','2022-01-13 16:02:50.426405',12,'',36,19,1,1661.2986460974623,NULL,NULL),(19,'220113-YOGR02-01','2022-01-13 16:02:50.436472',12,'',36,18,1,1661.2986460974623,NULL,NULL),(20,'220113-YOCL01-01','2022-01-13 16:02:50.445848',40,'',36,16,1,36917.74769105473,NULL,NULL),(21,'220113-CTO01-01','2022-01-13 20:25:57.993997',55,'',38,NULL,1,291287.61904761905,NULL,NULL),(22,'220113-LILI01-01','2022-01-13 20:29:10.097072',6,'',38,50,1,13399.230476190478,NULL,NULL),(23,'220113-QUTR04-01','2022-01-13 20:29:10.106984',168,'',38,34,1,1165.1504761904762,NULL,NULL);
/*!40000 ALTER TABLE `produccion_lote` ENABLE KEYS */;
UNLOCK TABLES;

--
-- Table structure for table `produccion_participanteproduccion`
--

DROP TABLE IF EXISTS `produccion_participanteproduccion`;
/*!40101 SET @saved_cs_client     = @@character_set_client */;
/*!40101 SET character_set_client = utf8 */;
CREATE TABLE `produccion_participanteproduccion` (
  `id` bigint(20) NOT NULL AUTO_INCREMENT,
  `created` datetime(6) NOT NULL,
  `participante_id` int(11) DEFAULT NULL,
  `pauta_id` bigint(20) NOT NULL,
  PRIMARY KEY (`id`),
  KEY `produccion_participa_participante_id_247e5ea4_fk_auth_user` (`participante_id`),
  KEY `produccion_participa_pauta_id_5e703f8a_fk_produccio` (`pauta_id`),
  CONSTRAINT `produccion_participa_participante_id_247e5ea4_fk_auth_user` FOREIGN KEY (`participante_id`) REFERENCES `auth_user` (`id`),
  CONSTRAINT `produccion_participa_pauta_id_5e703f8a_fk_produccio` FOREIGN KEY (`pauta_id`) REFERENCES `produccion_pautaproduccion` (`id`)
) ENGINE=InnoDB DEFAULT CHARSET=utf8;
/*!40101 SET character_set_client = @saved_cs_client */;

--
-- Dumping data for table `produccion_participanteproduccion`
--

LOCK TABLES `produccion_participanteproduccion` WRITE;
/*!40000 ALTER TABLE `produccion_participanteproduccion` DISABLE KEYS */;
/*!40000 ALTER TABLE `produccion_participanteproduccion` ENABLE KEYS */;
UNLOCK TABLES;

--
-- Table structure for table `produccion_pautaproduccion`
--

DROP TABLE IF EXISTS `produccion_pautaproduccion`;
/*!40101 SET @saved_cs_client     = @@character_set_client */;
/*!40101 SET character_set_client = utf8 */;
CREATE TABLE `produccion_pautaproduccion` (
  `id` bigint(20) NOT NULL AUTO_INCREMENT,
  `updated` datetime(6) NOT NULL,
  `plantilla_pauta_id` bigint(20) DEFAULT NULL,
  `fecha` datetime(6) NOT NULL,
  `lugar_id` bigint(20) DEFAULT NULL,
  `cantidad` double NOT NULL,
  `masa_final` double DEFAULT NULL,
  `estado` varchar(255) NOT NULL,
  `rendimiento` double NOT NULL,
  `cdp` double NOT NULL,
  PRIMARY KEY (`id`),
  KEY `produccion_pautaprod_plantilla_pauta_id_aba685a6_fk_pauta_pau` (`plantilla_pauta_id`),
  KEY `produccion_pautaprod_lugar_id_7f271a78_fk_inventari` (`lugar_id`),
  CONSTRAINT `produccion_pautaprod_lugar_id_7f271a78_fk_inventari` FOREIGN KEY (`lugar_id`) REFERENCES `inventario_bodega` (`id`),
  CONSTRAINT `produccion_pautaprod_plantilla_pauta_id_aba685a6_fk_pauta_pau` FOREIGN KEY (`plantilla_pauta_id`) REFERENCES `pauta_pauta` (`id`)
) ENGINE=InnoDB AUTO_INCREMENT=39 DEFAULT CHARSET=utf8;
/*!40101 SET character_set_client = @saved_cs_client */;

--
-- Dumping data for table `produccion_pautaproduccion`
--

LOCK TABLES `produccion_pautaproduccion` WRITE;
/*!40000 ALTER TABLE `produccion_pautaproduccion` DISABLE KEYS */;
INSERT INTO `produccion_pautaproduccion` VALUES (8,'2021-12-06 18:50:10.023288',3,'2021-12-06 00:00:00.000000',2,1980,0,'En Elaboración',8.5,21000),(9,'2021-12-08 10:58:22.282157',5,'2021-12-08 00:00:00.000000',NULL,400,NULL,'En Elaboración',8.5,0),(10,'2021-12-08 11:12:04.007943',6,'2021-12-08 00:00:00.000000',NULL,100,NULL,'En Elaboración',8.5,0),(11,'2021-12-08 11:12:59.261631',6,'2021-12-08 00:00:00.000000',NULL,100,NULL,'En Elaboración',8.5,0),(12,'2021-12-08 11:13:24.250739',6,'2021-12-08 00:00:00.000000',NULL,100,NULL,'En Elaboración',8.5,0),(13,'2021-12-08 11:13:26.139414',6,'2021-12-08 00:00:00.000000',NULL,100,NULL,'En Elaboración',8.5,0),(14,'2021-12-08 11:13:27.327455',6,'2021-12-08 00:00:00.000000',NULL,100,NULL,'En Elaboración',8.5,0),(15,'2021-12-08 11:13:42.593295',6,'2021-12-08 00:00:00.000000',NULL,100,NULL,'En Elaboración',8.5,0),(16,'2021-12-08 11:14:37.613350',6,'2021-12-08 00:00:00.000000',2,100,15,'Finalizada',6.67,0),(18,'2021-12-08 11:48:48.818152',5,'2021-12-08 00:00:00.000000',NULL,100,NULL,'En Elaboración',8.5,0),(19,'2021-12-08 11:51:22.021895',5,'2021-12-08 00:00:00.000000',4,100,119.4,'Finalizada',0.84,448058.46880000003),(20,'2021-12-08 12:07:50.860031',9,'2021-12-08 00:00:00.000000',4,100,42.5,'Finalizada',2.35,0),(21,'2021-12-08 12:10:48.494979',10,'2021-12-08 00:00:00.000000',4,10,6.75,'Finalizada',1.48,17210.848589999998),(22,'2021-12-08 12:30:35.726194',12,'2021-12-08 00:00:00.000000',4,4,25.06,'Finalizada',0.16,15178.8),(23,'2021-12-09 18:36:44.153065',12,'2021-12-09 00:00:00.000000',NULL,90,NULL,'En Elaboración',8.5,0),(26,'2021-12-15 13:18:49.311809',14,'2021-12-15 00:00:00.000000',4,625,625,'Finalizada',8.5,227150),(28,'2021-12-15 14:42:15.091029',14,'2021-12-15 00:00:00.000000',4,10000,10000,'Finalizada',8.5,3580000),(29,'2021-12-22 12:51:24.432492',7,'2021-12-22 00:00:00.000000',4,50,50,'Finalizada',8.5,27911.317820073346),(30,'2021-12-22 15:22:57.438946',16,'2021-12-22 00:00:00.000000',3,100,93.84,'Finalizada',1.07,0),(31,'2021-12-24 10:43:16.876626',5,'2021-12-24 00:00:00.000000',4,50,57,'Finalizada',0.88,73966.35435347812),(32,'2022-01-07 17:27:53.519555',14,'2022-01-07 00:00:00.000000',2,0,NULL,'En Elaboración',8.5,0),(33,'2022-01-13 15:34:13.299322',5,'2022-01-13 00:00:00.000000',4,400,398,'Finalizada',8.5,591777.1873925264),(34,'2022-01-13 15:36:13.182371',8,'2022-01-13 00:00:00.000000',4,400,395,'Finalizada',8.5,304705.52479475865),(35,'2022-01-13 15:37:44.500706',7,'2022-01-13 00:00:00.000000',4,400,390,'Finalizada',8.5,226381.89166696015),(36,'2022-01-13 16:02:50.454269',16,'2022-01-13 00:00:00.000000',4,50,43.6,'Finalizada',1.15,40240.34498324965),(37,'2022-01-13 20:14:11.982663',3,'2022-01-13 00:00:00.000000',4,2000,210,'Finalizada',8.5,1223408),(38,'2022-01-13 20:25:58.009228',18,'2022-01-13 00:00:00.000000',4,50,55,'Finalizada',0.91,291287.61904761905);
/*!40000 ALTER TABLE `produccion_pautaproduccion` ENABLE KEYS */;
UNLOCK TABLES;

--
-- Table structure for table `produccion_productoproduccion`
--

DROP TABLE IF EXISTS `produccion_productoproduccion`;
/*!40101 SET @saved_cs_client     = @@character_set_client */;
/*!40101 SET character_set_client = utf8 */;
CREATE TABLE `produccion_productoproduccion` (
  `id` bigint(20) NOT NULL AUTO_INCREMENT,
  `final` tinyint(1) NOT NULL,
  `cantidad` double NOT NULL,
  `pauta_produccion_id` bigint(20) DEFAULT NULL,
  `producto_id` bigint(20) DEFAULT NULL,
  PRIMARY KEY (`id`),
  KEY `produccion_productop_pauta_produccion_id_0dec540e_fk_produccio` (`pauta_produccion_id`),
  KEY `produccion_productop_producto_id_aa316779_fk_nucleo_pr` (`producto_id`),
  CONSTRAINT `produccion_productop_pauta_produccion_id_0dec540e_fk_produccio` FOREIGN KEY (`pauta_produccion_id`) REFERENCES `produccion_pautaproduccion` (`id`),
  CONSTRAINT `produccion_productop_producto_id_aa316779_fk_nucleo_pr` FOREIGN KEY (`producto_id`) REFERENCES `nucleo_producto` (`id`)
) ENGINE=InnoDB AUTO_INCREMENT=46 DEFAULT CHARSET=utf8;
/*!40101 SET character_set_client = @saved_cs_client */;

--
-- Dumping data for table `produccion_productoproduccion`
--

LOCK TABLES `produccion_productoproduccion` WRITE;
/*!40000 ALTER TABLE `produccion_productoproduccion` DISABLE KEYS */;
INSERT INTO `produccion_productoproduccion` VALUES (1,0,100,9,24),(2,0,20,9,19),(3,0,25,9,18),(4,0,360,9,15),(9,0,60,18,24),(10,0,160,18,19),(11,0,320,18,18),(12,0,9,18,15),(13,0,60,19,24),(14,0,160,19,19),(15,0,320,19,18),(16,0,9,19,15),(17,0,1200,20,12),(18,0,35,20,10),(19,0,46,20,9),(20,0,1000,21,12),(21,0,1,21,10),(22,0,0,21,9),(23,0,568,22,13),(24,0,1,22,11),(25,0,127,23,13),(26,0,0,23,11),(27,0,100,30,26),(28,0,0,30,23),(29,0,0,30,22),(30,0,64,30,17),(31,0,0,31,24),(32,0,0,31,19),(33,0,0,31,18),(34,0,59,31,15),(35,0,0,36,25),(36,0,0,36,21),(37,0,0,36,20),(38,0,12,36,19),(39,0,12,36,18),(40,0,45,36,16),(41,0,0,36,15),(42,0,0,36,26),(43,0,0,36,23),(44,0,0,36,22),(45,0,0,36,17);
/*!40000 ALTER TABLE `produccion_productoproduccion` ENABLE KEYS */;
UNLOCK TABLES;

--
-- Table structure for table `proveedores_proveedor`
--

DROP TABLE IF EXISTS `proveedores_proveedor`;
/*!40101 SET @saved_cs_client     = @@character_set_client */;
/*!40101 SET character_set_client = utf8 */;
CREATE TABLE `proveedores_proveedor` (
  `id` bigint(20) NOT NULL AUTO_INCREMENT,
  `empresa_nombre` varchar(255) NOT NULL,
  `empresa_rut` varchar(50) NOT NULL,
  `empresa_giro` varchar(100) DEFAULT NULL,
  `empresa_region` varchar(255) DEFAULT NULL,
  `empresa_comuna` varchar(255) DEFAULT NULL,
  `empresa_direccion` varchar(255) DEFAULT NULL,
  `ventas_nombre` varchar(255) DEFAULT NULL,
  `ventas_email` varchar(255) NOT NULL,
  `ventas_celular` varchar(255) DEFAULT NULL,
  `created` datetime(6) NOT NULL,
  `updated` datetime(6) NOT NULL,
  `banco` varchar(255) DEFAULT NULL,
  `cuenta_corriente` varchar(255) DEFAULT NULL,
  `transferencia_email` varchar(255) DEFAULT NULL,
  PRIMARY KEY (`id`),
  UNIQUE KEY `empresa_rut` (`empresa_rut`)
) ENGINE=InnoDB AUTO_INCREMENT=47 DEFAULT CHARSET=latin1;
/*!40101 SET character_set_client = @saved_cs_client */;

--
-- Dumping data for table `proveedores_proveedor`
--

LOCK TABLES `proveedores_proveedor` WRITE;
/*!40000 ALTER TABLE `proveedores_proveedor` DISABLE KEYS */;
INSERT INTO `proveedores_proveedor` VALUES (2,'FIBRO CHILE','96.863.240-K',NULL,'Metropolitana','Cerrillos',NULL,'Verónica Poblete','vpoblete@freevac.cl','+56998738195','2021-10-25 17:23:42.054858','2021-11-17 20:37:28.938766',NULL,NULL,NULL),(3,'PRINAL LTDA','83.877.600-0',NULL,NULL,'Selecciona una región',NULL,NULL,'alejandra_ervet@prinal.com','999915513','2021-10-25 17:41:10.223123','2021-11-12 14:38:33.758749',NULL,NULL,NULL),(4,'DILACO','83.083.700-0',NULL,NULL,'Selecciona una región',NULL,'Katherine Sanhueza','ksanhueza@dilaco.com','224029721','2021-10-26 13:57:32.125505','2021-11-17 20:51:43.155220',NULL,NULL,NULL),(5,'MARPLE','76.350.147-7',NULL,NULL,'Selecciona una región',NULL,NULL,'jcaripan@marple.cl',NULL,'2021-10-27 10:13:49.682909','2021-11-17 20:37:18.372945',NULL,NULL,NULL),(6,'COEXPAN','95.590.620-7',NULL,NULL,'Selecciona una región',NULL,NULL,'Bgonzalez@coexpan.cl',NULL,'2021-11-02 16:28:24.166299','2021-11-17 20:37:50.216170',NULL,NULL,NULL),(7,'ABASTOPLAST','78.737.530-8',NULL,NULL,'Selecciona una región',NULL,NULL,'m.cabrera@abastoplast.cl',NULL,'2021-11-04 10:21:26.331462','2021-11-04 10:21:26.337544',NULL,NULL,NULL),(8,'INTEGRITY','96.733.780-3',NULL,NULL,'Selecciona una región',NULL,NULL,'pgallegos@integrity.cl',NULL,'2021-11-08 10:55:13.255575','2021-11-08 10:55:13.259451',NULL,NULL,NULL),(9,'PRIMEC','76.042.392-0',NULL,NULL,'Selecciona una región',NULL,NULL,'jfaure@primec.cl',NULL,'2021-11-08 11:36:56.200388','2021-11-08 11:36:56.209295',NULL,NULL,NULL),(10,'FLORAMATIC','82.062.500-5',NULL,NULL,'Selecciona una región',NULL,NULL,'isabel.rozas@floramatic.com',NULL,'2021-11-09 09:23:41.450109','2021-11-09 09:23:41.456109',NULL,NULL,NULL),(11,'DIPISA','93.558.000-5',NULL,NULL,'Selecciona una región',NULL,NULL,'pfuentes@dipisa.cl',NULL,'2021-11-09 10:11:54.945725','2021-11-09 10:11:54.949823',NULL,NULL,NULL),(12,'DITZLER','96.678.110-6',NULL,NULL,'Selecciona una región',NULL,NULL,'andres.rodriguez@ditzler.cl',NULL,'2021-11-09 10:22:17.362046','2021-11-09 10:22:17.365711',NULL,NULL,NULL),(13,'COLUN','81.094.100-6',NULL,NULL,'Selecciona una región',NULL,'Roxana Hott','roxana.hott@colun.cl',NULL,'2021-11-15 12:52:06.020214','2021-11-15 12:52:06.023415',NULL,NULL,NULL),(14,'Pal Harmony','77.161.670-4',NULL,NULL,NULL,NULL,'Marjorie Messen','mmessen@pal-harmony.cl ','nan','2021-11-18 11:44:01.028552','2021-11-18 11:44:01.028570',NULL,NULL,NULL),(15,'Serviform','76.259.139-1',NULL,NULL,NULL,NULL,'Mauricio Jelenkiewicz','mjelen@serviform.cl','nan','2021-11-18 11:44:01.168444','2021-11-18 11:44:01.168461',NULL,NULL,NULL),(16,'Rahue','78.925.280-7',NULL,NULL,NULL,NULL,'Luisa Vergara','lvergara@rahue.cl','56977708213','2021-11-18 11:44:01.230973','2021-11-18 11:44:01.230988',NULL,NULL,NULL),(17,'Corrucaj','76.534.347-k',NULL,NULL,NULL,NULL,'José Pulgar','ventas@corrucaj.cl','229868770','2021-11-18 11:44:01.268069','2021-11-18 11:44:01.268086',NULL,NULL,NULL),(18,'Gelymar','96.609.040-5',NULL,NULL,NULL,NULL,'Carolina Torres','ctorres@gelymar.com','962461297','2021-11-18 11:44:01.311394','2021-11-18 11:44:01.311411',NULL,NULL,NULL),(19,'Sabores y Fragancias Comercial Ltda','76.165.072-6',NULL,NULL,'Selecciona una región',NULL,'Angel Eguiluz','aeguiluz@sabores.cl','975796904','2021-11-18 11:44:01.329070','2022-01-19 16:32:01.135818',NULL,NULL,NULL),(20,'Tagler','78.088.970-5',NULL,NULL,NULL,NULL,'Michael Balboa','id@tagler.cl','979986887','2021-11-18 11:44:01.344162','2021-11-18 11:44:01.344180',NULL,NULL,NULL),(21,'Ingredion','96.845.100-6',NULL,NULL,NULL,NULL,'EFREN WILLIAMSON','efren.williamson@ingredion.com','nan','2021-11-18 11:44:01.621313','2021-11-18 11:44:01.621327',NULL,NULL,NULL),(22,'REDPRINT','78.147.770-2',NULL,NULL,NULL,NULL,'Miguel Tapia','matapia353@gmail.com','56993598588','2021-11-18 11:44:01.645123','2021-11-18 11:44:01.645151',NULL,NULL,NULL),(23,'Rhona S.A.','92.307.000-1',NULL,'Valparaiso','Selecciona una región','avenida ejército libertador 120',NULL,'santiago@rhona.cl',NULL,'2021-11-19 17:08:23.399638','2021-11-19 17:08:23.403412',NULL,NULL,NULL),(24,'GRASBERG','77.786.870-5',NULL,NULL,'Selecciona una región',NULL,NULL,'jaime.puig@grasberg.cl',NULL,'2021-12-01 14:23:44.993304','2021-12-01 14:23:44.996953',NULL,NULL,NULL),(25,'TECHFOODS','76.572.870-3',NULL,NULL,'Selecciona una región',NULL,NULL,'agonzalez@techfoods.cl',NULL,'2021-12-02 09:32:48.870396','2021-12-02 09:32:48.873051',NULL,NULL,NULL),(26,'Victoria S.A','76.188.587-1','Empresa de Servicios Integrales de informática','Metropolitana','Selecciona una región','Av. los Leones 2061','Paola Diaz','pdiaz@geovictoria.com','+56939321686','2021-12-03 05:39:50.116542','2021-12-03 05:39:50.121300','BANCO_ITAU','209979920','pdiaz@geovictoria.com'),(27,'MERCADOLIBRE CHILE LTDA','77.398.220-1','OTRAS ACTIVIDADES DE VENTA AL POR MENOR EN COMERCIOS NO ESPECIALIZADOS N.','Metropolitana','Quilicura','CAUPOLICAN, 15000',NULL,'atencion@mercadolibre.com',NULL,'2021-12-07 09:39:43.281784','2021-12-07 09:39:43.286328',NULL,NULL,NULL),(28,'UNIVERSIDAD AUSTRAL DE CHILE','81.380.500-6','UNIVERSIDADES','Los Ríos','Valdivia','Independencia 631 - VALDIVIA - VALDIVIA','CARLOS VILLAGRA','carlosvillagra@uach.cl','56961200730','2021-12-07 17:03:49.372031','2021-12-07 17:03:49.377390',NULL,NULL,NULL),(29,'Comercial INK and PAPER Ltda,','77.501.220-K','Fabricación de Etiquetas y Art. De Embalaje,','Metropolitana','San Joaquín','Av. Central 4203','Douglas Olivares','dolivares@inkpaper.cl','989684717','2021-12-11 05:51:47.476396','2021-12-11 05:51:47.481998','BANCO_DE_CHILE','001 01 07501','dolivares@inkpaper.cl'),(30,'Logistica leche de vaca','1.000.000-0',NULL,'Los Ríos','Valdivia',NULL,'Richard Fontanes','administracion@quesosartisan.cl',NULL,'2021-12-15 11:59:55.457117','2021-12-15 11:59:55.486724',NULL,NULL,NULL),(31,'TECHNICAL BOILERS LTDA','76.021.135-4',NULL,'Valparaiso','Selecciona una región','Portales 266','Marcelo Ordenes F','technicalboilers@gmail.com','+56993194705','2021-12-21 11:57:32.279138','2021-12-21 11:57:32.282783',NULL,NULL,NULL),(32,'Comercial El Establo ltda.','76.017.471-8',NULL,NULL,'Selecciona una región',NULL,NULL,'comercialelestablo@gmail.com',NULL,'2021-12-22 10:30:28.432711','2021-12-22 10:30:28.436404',NULL,NULL,NULL),(33,'Bata Chile S.A.','96.670.340-7',NULL,'Metropolitana','Maipú','Camino a Melipilla 9460, Maipú, Santiago.','Pilar Zamorano','pilar.zamorano@bata.com',NULL,'2021-12-27 17:01:15.746719','2021-12-27 17:01:15.751186','BANCO_SANTANDER','82-0000719-1','pilar.zamorano@bata.com'),(34,'PRODALMEN','78.788.100-9',NULL,NULL,'Selecciona una región',NULL,'Andres Hasbun','ahasbun@prodalmen.cl',NULL,'2021-12-28 12:20:08.029577','2021-12-28 12:20:08.032277',NULL,NULL,NULL),(35,'SAL CARIBE','76.838.750-8',NULL,NULL,'Selecciona una región',NULL,NULL,'pagoproveedores@salcaribe.cl',NULL,'2021-12-28 18:28:25.227984','2021-12-28 18:28:25.231519',NULL,NULL,NULL),(36,'COMERCIAL TKM','76.821.780-7','FABRICACION DETERGENTES','Metropolitana','Pudahuel','AL ALMENDRAL 8888','CARLOS MONTENEGRO','ventas@tkmltda.cl',NULL,'2021-12-30 11:05:53.306017','2021-12-30 11:05:53.308196',NULL,NULL,NULL),(37,'LACTEOS CHICAUMA SPA','76.127.471-6','PRODUCCION Y COMERCIALIZACION DE LACTEOS','Metropolitana','Lampa','PARCELA 48 LO VARGAS','JUAN CRISTOBAL RODRIGUEZ','rodriguez.jcristobal@gmail.com','+56973773758','2022-01-03 15:13:39.865185','2022-01-03 15:13:39.868743',NULL,NULL,NULL),(38,'Autoadhesivos PyR Ltda','78.817.350-4',NULL,'Metropolitana','Ñuñoa','Hernan Cortes 2595','Mike Fell','mike.fell@autoadhesivospyr.cl','+56952374974','2022-01-05 11:31:02.685064','2022-01-05 11:31:02.687246',NULL,NULL,NULL),(39,'MARCOS IVAN BECERRA URZUA','12.161.537-1','MAESTRO ARMADOR Y SOLDADOR DE ESTRUCTURA METALICA','Metropolitana','La Florida','DESBORDE LOS FRESNOS 6667 POB. SANTA TERESA','MARCOS BECERRA','marcos.becerra.u@hotmail.com','*56981206237','2022-01-07 14:51:47.263504','2022-01-07 14:57:57.026649','BANCO_ESTADO','12161537-1','marcos.becerra.u@hotmail.com'),(40,'ROBERTO URIVI GARCIA HUIDOBRO','4.273.618-K','AGRICULTOR, COMPRA Y PRODUCCION DE LECHE.VENTA DE QUESOS','Valparaiso','Selecciona una región','FUNDO LOS ARRAYANES S/N SECTOR EL MANZANO ALGARROBO','ROBERTO URIVI','criaderodonaines@gmail.com','+56993357798','2022-01-07 16:19:32.830864','2022-01-07 16:19:32.833876',NULL,NULL,NULL),(41,'GABRIEL DEL CARMEN BUGUEÑO ARAYA','5.384.372-7','EXPLOTACION GANADERA CAPRINA','Metropolitana','Lampa','AVDA ESPAÑA 03 BATUCO 2 LAMPA','DAMERIS BUGUEÑO','jacquelinegajardo@123click.cl','+56966755691','2022-01-07 16:34:19.613520','2022-01-07 16:34:19.616466',NULL,NULL,'jacquelinegajardo@123click.cl'),(42,'ABASTIBLE','91.806.000-6',NULL,NULL,'Selecciona una región',NULL,NULL,'administracion@quesosartisan.cl',NULL,'2022-01-18 10:17:54.450526','2022-01-18 10:17:54.459452',NULL,NULL,NULL),(43,'HELA SPICE LATAM','78.092.710-0',NULL,NULL,'Selecciona una región',NULL,NULL,'nicol.herrera@helaspice.com',NULL,'2022-01-18 12:48:38.055369','2022-01-18 12:48:38.058427',NULL,NULL,NULL),(44,'INVERSIONES INAVE','77.160.171-5',NULL,NULL,'Selecciona una región',NULL,NULL,'jnair@inave.cl',NULL,'2022-01-19 11:03:26.670478','2022-01-19 11:03:26.672900',NULL,NULL,NULL),(45,'BIOCHECK','96.945.340-1',NULL,NULL,'Selecciona una región',NULL,NULL,'magonzalez@biocheck.cl',NULL,'2022-01-19 12:55:23.504751','2022-01-19 12:55:23.507369',NULL,NULL,NULL),(46,'LIPIGAS','96.928.506-K',NULL,NULL,'Selecciona una región',NULL,NULL,'Manuelescobarestay@gmail.com',NULL,'2022-01-19 16:46:32.408188','2022-01-19 16:46:32.410903',NULL,NULL,NULL);
/*!40000 ALTER TABLE `proveedores_proveedor` ENABLE KEYS */;
UNLOCK TABLES;

--
-- Table structure for table `proveedores_proveedorinsumo`
--

DROP TABLE IF EXISTS `proveedores_proveedorinsumo`;
/*!40101 SET @saved_cs_client     = @@character_set_client */;
/*!40101 SET character_set_client = utf8 */;
CREATE TABLE `proveedores_proveedorinsumo` (
  `id` bigint(20) NOT NULL AUTO_INCREMENT,
  `nombre_insumo` varchar(255) NOT NULL,
  `formato` double NOT NULL,
  `precio` double NOT NULL,
  `lead` int(11) NOT NULL,
  `created` datetime(6) NOT NULL,
  `updated` datetime(6) NOT NULL,
  `insumo_id` bigint(20) NOT NULL,
  `proveedor_id` bigint(20) NOT NULL,
  `moneda_id` bigint(20) DEFAULT NULL,
  `mostrar` tinyint(1) NOT NULL,
  PRIMARY KEY (`id`),
  KEY `proveedores_proveedo_insumo_id_2c8f16a6_fk_nucleo_in` (`insumo_id`),
  KEY `proveedores_proveedo_proveedor_id_1c2ccbcd_fk_proveedor` (`proveedor_id`),
  KEY `proveedores_proveedo_moneda_id_e50e5c9f_fk_nucleo_mo` (`moneda_id`),
  CONSTRAINT `proveedores_proveedo_insumo_id_2c8f16a6_fk_nucleo_in` FOREIGN KEY (`insumo_id`) REFERENCES `nucleo_insumo` (`id`),
  CONSTRAINT `proveedores_proveedo_moneda_id_e50e5c9f_fk_nucleo_mo` FOREIGN KEY (`moneda_id`) REFERENCES `nucleo_moneda` (`id`),
  CONSTRAINT `proveedores_proveedo_proveedor_id_1c2ccbcd_fk_proveedor` FOREIGN KEY (`proveedor_id`) REFERENCES `proveedores_proveedor` (`id`)
) ENGINE=InnoDB AUTO_INCREMENT=278 DEFAULT CHARSET=latin1;
/*!40101 SET character_set_client = @saved_cs_client */;

--
-- Dumping data for table `proveedores_proveedorinsumo`
--

LOCK TABLES `proveedores_proveedorinsumo` WRITE;
/*!40000 ALTER TABLE `proveedores_proveedorinsumo` DISABLE KEYS */;
INSERT INTO `proveedores_proveedorinsumo` VALUES (6,'Bolsa Vacio',1,27,30,'2021-10-25 17:24:20.383017','2021-12-07 12:46:18.860112',6,2,3,1),(7,'LACTOSA',25,90000,10,'2021-10-25 17:42:02.460963','2022-01-19 12:28:21.184201',7,3,3,1),(8,'SAL FUNDENTE ST-115',5,4565,10,'2021-10-25 17:42:47.741563','2021-11-02 15:35:54.359308',8,3,3,1),(9,'SAL 1054',1,5500,10,'2021-10-26 16:16:05.908688','2021-11-02 15:21:53.606418',12,3,3,1),(10,'POTE 200795 C/TAPA',840,85950,20,'2021-10-27 10:15:32.078563','2021-11-12 11:33:34.899014',13,5,3,1),(11,'ACIDO CITRICO',1,2350,15,'2021-10-28 12:22:11.215855','2021-12-01 15:16:40.965420',14,3,3,1),(12,'TAPA CORONA GENERICA',1,18.44,20,'2021-11-02 16:29:36.953084','2021-12-28 12:08:47.333259',17,6,3,1),(15,'40-12 FL * 540 UN',540,22014,20,'2021-11-08 10:56:40.072120','2022-01-17 12:48:26.265265',20,8,3,1),(18,'AZUCAR GRADO 2',1,686,10,'2021-11-08 11:41:54.260766','2022-01-11 11:33:25.881594',22,9,3,1),(19,'GELATINA220-BLOOM',1,7017.51,15,'2021-11-09 09:28:05.170393','2021-11-25 09:25:23.121549',24,10,3,1),(20,'SALSA DURAZNO',1,1850,40,'2021-11-09 10:25:59.797543','2021-12-24 09:05:41.811457',29,12,3,1),(21,'SALSA FRUTILLA',1,1850,40,'2021-11-09 10:26:26.639967','2021-12-24 09:05:41.806495',28,12,3,1),(22,'R-704',1,5250,7,'2021-11-09 17:35:56.224191','2021-11-26 15:27:23.966229',11,4,3,1),(23,'CAJA RESMA',10,20630,15,'2021-11-09 18:05:47.422921','2021-11-09 18:05:47.422949',27,11,3,1),(27,'CREMA UHT',1,1895,5,'2021-11-15 12:53:31.042707','2021-12-06 11:20:53.898903',34,13,3,1),(29,'Cuajo Liquido Chymo M200',1,12500,7,'2021-11-17 20:41:56.781943','2021-11-24 13:21:30.773197',35,4,3,1),(30,'Cultivo DVS 50 YF-L812',1,6000,7,'2021-11-17 20:41:56.786802','2021-11-24 13:21:30.776787',36,4,3,1),(31,'Cultivo DVS 50 STI 12',1,5250,7,'2021-11-17 20:41:56.793607','2022-01-17 14:34:39.551253',37,4,3,1),(32,'Cloruro de Calcio 77%',25,15250,7,'2021-11-17 20:41:56.798837','2021-11-24 13:21:30.796804',38,4,3,1),(33,'Cultivo R-708 1N/A',1,5250,7,'2021-11-17 20:41:56.804107','2022-01-19 14:17:26.694857',39,4,3,1),(34,'Cultivo Yomix 495 LYO 250 dcu ',1,25.5,10,'2021-11-18 11:44:01.032930','2021-11-24 13:21:30.746631',40,14,2,1),(35,'BOLSA VACIO 150X200 80u',1,30,30,'2021-11-18 11:44:01.039525','2021-12-24 10:18:42.864791',41,2,3,1),(36,'POTE 200G',600,29604,30,'2021-11-18 11:44:01.044508','2022-01-18 09:36:03.029885',42,6,3,1),(37,'POTE 400G',600,36102,30,'2021-11-18 11:44:01.049916','2021-12-30 17:24:47.073584',43,6,3,1),(38,'BOLSA VACIO 160X200 80u',1,30,30,'2021-11-18 11:44:01.055983','2021-12-31 10:07:11.820862',44,2,3,1),(39,'Crema para batir litro',12,21900,7,'2021-11-18 11:44:01.064021','2021-11-24 13:21:30.765556',45,13,3,1),(40,'Cultivo Choozit PC VB LYO 10 D',1,15.7,10,'2021-11-18 11:44:01.078658','2021-11-24 13:21:30.779799',46,14,2,1),(41,'Cultivo Yomix 499 LYO 250 DCU',1,25.5,10,'2021-11-18 11:44:01.083487','2021-11-24 13:21:30.783733',47,14,2,1),(42,'Cultivo Choozit PC SAM 3 LYO 10 D',1,15.34,10,'2021-11-18 11:44:01.091165','2021-11-24 13:21:30.793298',48,14,2,1),(43,'GELATINA 220-BLOOM',25,217.49999999999997,7,'2021-11-18 11:44:01.097524','2021-11-24 13:21:30.807339',24,10,1,1),(44,'ACIDO CITRICO',25,33750,10,'2021-11-18 11:44:01.100714','2021-11-24 13:21:30.811806',14,3,3,1),(46,'Pote Transparente Tapa Plana 340 grs',540,22140,20,'2021-11-18 11:44:01.111995','2021-12-24 10:44:31.286423',50,8,3,1),(55,'Cultivo Choozit Helv A',1,38.3,10,'2021-11-18 11:44:01.161018','2021-11-24 13:21:30.892044',59,14,2,1),(57,'POTE 200G',330,14190,50,'2021-11-18 11:44:01.171363','2021-11-24 13:21:30.897739',42,15,3,1),(65,'SALSA FRUTILLA',1000,1850000,30,'2021-11-18 11:44:01.247563','2021-11-25 09:00:28.928974',28,12,3,1),(66,'SALSA DURAZNO',1000,1850000,30,'2021-11-18 11:44:01.254903','2021-11-25 09:00:28.921459',29,12,3,1),(67,'BOLSA VACIO 200X300 80u',1,48,30,'2021-11-18 11:44:01.262017','2021-11-24 13:21:30.931715',68,2,3,1),(68,'Caja Camembert/Brie 210x150x155',25,7000,10,'2021-11-18 11:44:01.276996','2021-12-07 10:28:45.836686',69,17,3,1),(69,'Colorante Nat Anato',1,9100,7,'2021-11-18 11:44:01.287490','2021-12-17 15:04:29.252519',70,4,3,1),(70,'TAPA CORONA',660,26400,50,'2021-11-18 11:44:01.300132','2021-12-10 10:21:34.626915',17,15,3,1),(71,'Azucar G2',25,16625,7,'2021-11-18 11:44:01.304081','2021-11-24 13:21:30.944274',71,9,3,1),(72,'Gelygum 8209',25,331.25,30,'2021-11-18 11:44:01.321175','2021-12-07 12:47:44.975489',72,18,1,1),(73,'Sabor Vainilla Vaininol Sabores',1,29809,5,'2021-11-18 11:44:01.332360','2022-01-17 16:11:18.314534',73,19,3,1),(74,'Fosfato Tricalcico',25,63500,10,'2021-11-18 11:44:01.350282','2021-12-22 16:19:20.679323',74,20,3,1),(76,'Lactasa Nola Fit 5500 DILACO',1,71700,7,'2021-11-18 11:44:01.374573','2022-01-19 14:17:26.688571',76,4,3,1),(80,'POTE 400G',330,22440,50,'2021-11-18 11:44:01.425125','2021-11-24 13:21:30.982367',43,15,3,1),(96,'Cultivo RA 21',1,15.42,10,'2021-11-18 11:44:01.558014','2021-11-24 13:21:31.024539',95,14,2,1),(97,'Cultivo RA 22',1,15.42,10,'2021-11-18 11:44:01.563550','2021-11-24 13:21:31.027395',96,14,2,1),(99,'Sorbato de potasio granular',25,130000,10,'2021-11-18 11:44:01.574063','2021-12-22 16:19:20.670913',98,20,3,1),(100,'Caja yogurt 400*200*125',25,11000,10,'2021-11-18 11:44:01.579340','2021-12-15 18:55:51.860270',99,17,3,1),(104,'SAL FUNDENTE 1054',5,19000,10,'2021-11-18 11:44:01.600718','2022-01-19 12:28:21.178493',12,3,3,1),(105,'Sal SFP 115',5,21500,10,'2021-11-18 11:44:01.604406','2021-11-24 13:21:31.053052',103,3,3,1),(106,'Prinamul',5,17500,10,'2021-11-18 11:44:01.611726','2022-01-19 12:28:21.172061',104,3,3,1),(107,'Humo Liquido',5,54000,10,'2021-11-18 11:44:01.617576','2021-12-10 11:39:09.059899',105,3,3,1),(108,'Globe 1024 JARABE GLUCOSA',120,81649.152,5,'2021-11-18 11:44:01.624015','2021-11-24 13:21:31.070996',106,21,3,1),(109,'TAPA CORONA',1200,22128,30,'2021-11-18 11:44:01.635295','2021-12-22 17:17:25.500875',17,6,3,1),(110,'Cuajo CHYMAX',1,30100,7,'2021-11-18 11:44:01.640812','2021-12-17 15:04:29.241897',107,4,3,1),(111,'Etiqueta Camembert 63 mm',1,12,15,'2021-11-18 11:44:01.649477','2022-01-07 17:53:29.621281',49,22,3,1),(112,'Etiqueta Cottage Estilo Americano 82 mm',1,38,15,'2021-11-18 11:44:01.655255','2021-12-31 10:56:19.076487',51,22,3,1),(113,'Etiqueta Brie 47 mm',1,8.5,15,'2021-11-18 11:44:01.659703','2022-01-07 17:53:29.614183',52,22,3,1),(114,'Etiqueta Cottage 82 mm',1,38,15,'2021-11-18 11:44:01.663958','2021-12-31 10:56:19.070487',53,22,3,1),(115,'Etiqueta Mascarpone 82 mm',1,38,15,'2021-11-18 11:44:01.668441','2021-12-22 17:21:32.283140',54,22,3,1),(116,'Etiqueta Camembert Pimienta 63 mm',1,12,15,'2021-11-18 11:44:01.674782','2021-12-22 17:21:32.269962',55,22,3,1),(117,'Etiqueta Yogur Cremoso Litro 78 mm',1,38,15,'2021-11-18 11:44:01.680436','2021-12-22 17:21:32.256972',56,22,3,1),(118,'Etiqueta Yogur Descremado Litro 78 mm',1,38,15,'2021-11-18 11:44:01.685587','2021-12-22 17:21:32.245817',57,22,3,1),(119,'Etiqueta Yogur Griego Litro 78 mm',1,38,15,'2021-11-18 11:44:01.689954','2021-12-22 17:21:32.235269',58,22,3,1),(120,'Etiqueta Provoleta',1,17,15,'2021-11-18 11:44:01.694199','2022-01-07 17:53:29.606878',60,22,3,1),(121,'Etiqueta Clasico Frutilla',1,30,15,'2021-11-18 11:44:01.698795','2022-01-11 09:57:35.580117',61,22,3,1),(122,'Etiqueta Clasico Durazno',1,30,15,'2021-11-18 11:44:01.702586','2022-01-11 09:57:35.567977',62,22,3,1),(123,'Etiqueta Griego Frutilla',1,30,15,'2021-11-18 11:44:01.706919','2022-01-11 09:57:35.555075',63,22,3,1),(124,'Etiqueta Griego Durazno',1,30,15,'2021-11-18 11:44:01.711746','2022-01-11 09:57:35.546926',64,22,3,1),(125,'Etiqueta Descremado Frutilla',1,30,15,'2021-11-18 11:44:01.715808','2022-01-11 09:57:35.495060',65,22,3,1),(126,'Etiqueta Descremado Durazno',1,30,15,'2021-11-18 11:44:01.720818','2022-01-11 09:57:35.475206',66,22,3,1),(127,'Cabra Fresco 60 mm diam',1,12,15,'2021-11-18 11:44:01.725683','2021-12-22 17:21:32.154546',75,22,3,1),(128,'Etiqueta Yogur Descremando 360 g',1,42,15,'2021-11-18 11:44:01.730070','2021-12-29 16:05:23.116559',77,22,3,1),(129,'Etiqueta Yogur Clasico 360 g',1,42,15,'2021-11-18 11:44:01.735238','2021-12-29 16:05:23.109639',78,22,3,1),(130,'Etiqueta Yogur Griego 360 g',1,42,15,'2021-11-18 11:44:01.739620','2021-12-22 17:21:32.122342',79,22,3,1),(131,'Cabra Ahumado 60 mm diam',1,12,15,'2021-11-18 11:44:01.744096','2021-12-22 17:21:32.110958',81,22,3,1),(132,'Etiqueta Vegurt Frutilla',1,30,15,'2021-11-18 11:44:01.748586','2022-01-11 09:57:35.463011',87,22,3,1),(133,'Etiqueta Vegurt Vainilla',1,30,15,'2021-11-18 11:44:01.752435','2022-01-11 09:57:35.437602',88,22,3,1),(134,'Etiqueta Vegurt Natural',1,30,15,'2021-11-18 11:44:01.756483','2022-01-11 09:57:35.403835',89,22,3,1),(135,'Cabra Natural 60 mm diam',1,16,15,'2021-11-18 11:44:01.760889','2021-12-28 11:19:09.941276',90,22,3,1),(136,'Cabra Oregano 60 mm diam',1,12,15,'2021-11-18 11:44:01.764782','2021-12-22 17:21:32.054642',91,22,3,1),(137,'Cabra Ciboulette 60 mm diam',1,12,15,'2021-11-18 11:44:01.768231','2021-12-22 17:21:32.045229',92,22,3,1),(138,'Cabra Feta 60 mm diam',1,12,15,'2021-11-18 11:44:01.771809','2021-12-22 17:21:32.035554',93,22,3,1),(139,'Helado Tapa Generica 83 mm diam',1,38,15,'2021-11-18 11:44:01.775262','2021-12-31 10:56:19.064198',94,22,3,1),(140,'Etiqueta Mantecoso',1,12,15,'2021-11-18 11:44:01.778336','2021-12-22 17:21:32.005438',97,22,3,1),(141,'Cabra Albahaca 60 mm diam',1,16,15,'2021-11-18 11:44:01.781538','2021-12-28 11:19:09.935951',101,22,3,1),(142,'Cabra Aceituna 60 mm diam',1,16,15,'2021-11-18 11:44:01.784763','2021-12-28 11:19:09.930384',102,22,3,1),(146,'Maltodrextina GL1911',25,21507.2,5,'2021-11-18 16:34:20.453912','2021-11-24 13:21:30.960745',113,21,3,1),(147,'Interruptor De Pedal',1,7302,15,'2021-11-19 17:13:13.994035','2021-11-19 17:15:49.574192',114,23,3,1),(148,'FENOFTALEINA 2%',0.2,3000,28,'2021-11-24 12:11:40.066252','2021-11-26 15:27:23.091558',116,4,3,1),(149,'HIDROXIDO DE SODIO',1,5400,15,'2021-11-24 12:12:05.195647','2021-11-26 15:27:21.325251',115,4,3,1),(151,'SORBATO DE POTASIO',1,6600,3,'2021-11-24 12:22:07.421403','2021-11-26 15:27:19.489706',98,4,3,1),(152,'Lamina Plata',1,28,30,'2021-12-01 14:25:45.872100','2021-12-24 10:42:59.527457',119,24,3,1),(153,'Papel antigrasa',1,13,30,'2021-12-01 14:26:24.116864','2021-12-24 10:42:59.521071',120,24,3,1),(154,'BOLSA 240X480',1,0.144,15,'2021-12-02 09:34:13.794110','2021-12-02 09:34:13.794146',121,25,1,1),(155,'Huellero URU4500',1,92368,7,'2021-12-03 05:43:53.872164','2021-12-10 11:06:19.135732',122,26,3,1),(156,'Scaner Codigo Barra Inalambrico 2d Qr Rapidisimo, Elegante',1,36135,7,'2021-12-07 09:41:06.361606','2021-12-09 16:37:27.403453',125,27,3,1),(157,'Adaptador Tipo C Macho A Usb 3.0 Hembra Otg',1,1134.4,15,'2021-12-07 10:01:34.897146','2021-12-09 18:17:06.757224',126,27,3,1),(158,'Despacho',1,2151.8,1,'2021-12-07 10:02:38.416466','2022-01-05 11:59:35.972937',127,27,3,1),(159,'Balanza Electrónica 40 Kilos, Megatronic.',0,20160,2,'2021-12-07 12:39:47.189772','2021-12-09 17:11:19.424675',128,27,3,1),(160,'Leche fresca de vaca',1,326,1,'2021-12-07 17:05:12.168778','2021-12-15 14:33:41.196195',129,28,3,1),(161,'HUMO MP',10,13646,15,'2021-12-10 11:55:59.752091','2022-01-19 12:28:21.166131',133,3,3,1),(162,'HUMO MP',1,13646,15,'2021-12-10 11:59:10.129058','2021-12-13 11:13:55.005804',133,3,3,1),(165,'ESB002590 - Etiqueta S/B 130x100 BL c/v 1s B1\" (475 etq x rollo)(12 rollos)(1 caja)',475,4512.5,15,'2021-12-11 06:07:36.465304','2021-12-16 10:20:26.075413',136,29,3,1),(170,'Etiqueta S/B 50X50 (2400 UN- 1 CAJA- 12 ROLLOS)',2400,6960,15,'2021-12-13 15:00:09.961280','2021-12-16 10:20:26.056361',138,29,3,1),(171,'Plumon permanente (caja 12 un)',12,7690,15,'2021-12-13 17:09:11.495867','2021-12-13 17:10:19.384544',139,27,3,1),(172,'LECHE EN POLVO DESCREMADA',1,2799,3,'2021-12-14 16:01:09.620447','2022-01-11 11:33:25.875564',21,9,3,1),(173,'Saco LECHE EN POLVO DESCREMADA',25,64750,3,'2021-12-14 16:01:09.622057','2021-12-15 14:23:19.481972',21,9,3,1),(176,'Logistica leche de vaca',1,20000,1,'2021-12-15 12:00:35.183160','2021-12-15 14:41:41.597246',142,30,3,1),(178,'Etiqueta Sato Motex fecha Elab Lote',1,0.84,15,'2021-12-15 14:46:39.722291','2021-12-24 08:44:29.358507',144,29,3,1),(179,'Rollo Etiqueta Sato Motex fecha Elab Lote',700,589.995,15,'2021-12-15 14:46:39.723574','2021-12-15 14:46:39.723617',144,29,3,1),(180,'IMX000430 - Rollos Motex 6600 vencimiento/lote (100 rollos x caja)(1 caja)',100,59000,15,'2021-12-15 14:46:39.724442','2022-01-17 16:06:38.977100',144,29,3,1),(181,'Caja yogurt 400*200*125',1,440,15,'2021-12-16 10:51:01.793789','2022-01-12 14:04:56.926488',99,17,3,1),(182,'Paquete Caja yogurt 400*200*125',25,11000,15,'2021-12-16 10:51:01.796955','2021-12-16 10:51:01.796986',99,17,3,1),(185,'Paquete PAPEL TOALLA OVELLA 2X190 HS',2,4416,2,'2021-12-16 12:09:11.120661','2021-12-20 09:34:25.536529',26,11,3,1),(187,'Caja PAPEL TOALLA INTERFOLIADA',16,18389,15,'2021-12-20 09:26:29.223801','2022-01-19 11:54:25.786292',25,11,3,1),(188,'STRETCH FILM 1,8KG TRANSPARENTE',1,4290,8,'2021-12-21 09:19:48.623424','2021-12-30 09:06:54.592207',147,29,3,1),(189,'Caja STRETCH FILM 1,8KG TRANSPARENTE',6,25740,8,'2021-12-21 09:19:48.631086','2022-01-17 16:06:38.968585',147,29,3,1),(190,'CINTA EMBALAJE CC',1,1345,10,'2021-12-21 09:29:40.321334','2021-12-23 11:04:42.465949',148,29,3,1),(191,'Caja CINTA EMBALAJE CC',54,72630,10,'2021-12-21 09:29:40.322806','2021-12-30 09:06:54.586622',148,29,3,1),(192,'Mantencion Caldera San Felipe',1,30000,5,'2021-12-21 11:58:45.804610','2021-12-28 10:19:09.020105',149,31,3,1),(193,'Acido Piedra Leche A-500',1,1836,2,'2021-12-22 10:32:03.387517','2021-12-22 10:32:03.387552',150,32,3,1),(194,'Bidon Acido Piedra Leche A-500',25,45900,2,'2021-12-22 10:32:03.391086','2021-12-22 10:32:42.657387',150,32,3,1),(195,'TAPA BOTELLA LITRO BLANCA',1,46,30,'2021-12-22 14:25:30.304420','2022-01-05 11:59:50.818779',153,7,3,1),(196,'Bolsa TAPA BOTELLA LITRO BLANCA',500,22000,30,'2021-12-22 14:25:30.305897','2021-12-22 14:25:30.305916',153,7,3,1),(197,'BOTELLA LITRO BLANCA',1,269,30,'2021-12-22 14:27:04.415442','2022-01-05 11:59:50.813031',151,7,3,1),(198,'Bolsa BOTELLA LITRO BLANCA',100,26900,30,'2021-12-22 14:27:04.416776','2021-12-22 14:27:04.416792',151,7,3,1),(199,'BOTELLA LITRO TRANSPARENTE',1,244,30,'2021-12-22 14:28:42.540683','2021-12-29 11:18:48.772844',152,7,3,1),(201,'caja cott/mscrpone 240*240*155',1,400,15,'2021-12-24 11:59:22.121723','2022-01-07 14:54:08.540694',100,17,3,1),(202,'Paquete caja cott/mscrpone 240*240*155',25,10000,15,'2021-12-24 11:59:22.123114','2021-12-24 11:59:22.123133',100,17,3,1),(203,'Botas de Goma',1,31600,7,'2021-12-27 17:02:55.412886','2021-12-27 17:05:47.927693',155,33,3,1),(204,'ALMENDRAS PELADAS (W&B)',1,6250,15,'2021-12-28 12:21:00.302072','2021-12-28 12:22:39.009332',156,34,3,1),(205,'Caja ALMENDRAS PELADAS (W&B)',10,62500,15,'2021-12-28 12:21:00.303409','2021-12-28 12:21:00.303429',156,34,3,1),(206,'SAL LOBOS TIPO ARROZ',1,160,2,'2021-12-28 18:29:28.327207','2021-12-28 18:29:28.327231',157,35,3,1),(207,'Saco SAL LOBOS TIPO ARROZ',25,4000,2,'2021-12-28 18:29:28.338995','2021-12-28 18:30:02.783613',157,35,3,1),(208,'Caja Camembert/Brie 210x150x155',1,280,15,'2021-12-29 15:54:30.202173','2022-01-07 14:54:08.534703',69,17,3,1),(209,'Paquete Caja Camembert/Brie 210x150x155',25,0,15,'2021-12-29 15:54:30.203583','2021-12-29 15:54:30.203600',69,17,3,1),(210,'Etiqueta TERMOTRANSFERENCIA 70X50 B\'1',1,3.5,15,'2021-12-30 09:06:07.140993','2022-01-17 08:25:26.720163',158,29,3,1),(211,'Rollo Etiqueta TERMOTRANSFERENCIA 70X50 B\'1',860,3010,15,'2021-12-30 09:06:07.142369','2021-12-30 09:06:07.142386',158,29,3,1),(212,'Caja Etiqueta TERMOTRANSFERENCIA 70X50 B\'1',10320,36120,15,'2021-12-30 09:06:07.143174','2022-01-07 14:40:02.196315',158,29,3,1),(213,'ALCIP',1,1630,4,'2021-12-30 11:11:00.208457','2021-12-30 11:12:46.246856',160,36,3,1),(214,'Balde ALCIP',25,40750,4,'2021-12-30 11:11:00.209897','2021-12-30 11:11:00.209914',160,36,3,1),(215,'MULTI-ALI',1,1620,5,'2021-12-30 11:11:36.480409','2021-12-30 11:12:46.241757',159,36,3,1),(216,'Balde MULTI-ALI',20,32400,5,'2021-12-30 11:11:36.481918','2021-12-30 11:11:36.481934',159,36,3,1),(217,'Leche de Cabra',1,580,1,'2022-01-03 15:17:36.394306','2022-01-03 15:19:44.486881',108,37,3,1),(218,'Kit X3 Lampara Atrapa Mosca',1,47890,1,'2022-01-05 09:38:35.453137','2022-01-05 11:59:42.291190',161,27,3,1),(219,'Cargador Computador portatil',1,8394,1,'2022-01-05 10:07:24.126127','2022-01-05 11:59:35.966626',162,27,3,1),(220,'Etiqueta helados Choclate 64% 94x225',1,38,30,'2022-01-05 11:34:15.931118','2022-01-05 11:55:49.542273',82,38,3,1),(222,'Etiqueta helados Frutos Rojos 94x225',1,38,30,'2022-01-05 11:34:30.495987','2022-01-05 11:55:49.516814',80,38,3,1),(224,'Etiqueta helados Fior de Latte 94x225',1,0,30,'2022-01-05 11:35:12.964197','2022-01-05 11:35:12.964233',86,38,3,1),(227,'Etiqueta helados Almendra Moka 94x225',1,38,30,'2022-01-05 11:37:01.527216','2022-01-05 11:55:49.510897',84,38,3,1),(228,'Etiqueta helados Avellana Choco 94x225',1,38,30,'2022-01-05 11:37:16.200091','2022-01-05 11:55:49.496815',85,38,3,1),(229,'Etiqueta helados Cookies and Cream 94x225',1,38,30,'2022-01-05 11:37:40.349695','2022-01-05 11:55:49.478914',83,38,3,1),(230,'ETIQUETA HELADOS PINA RAPA NUI 94X225',1,38,30,'2022-01-05 11:40:48.811743','2022-01-05 11:55:49.463551',163,38,3,1),(231,'ETIQUETA HELADOS MANJAR ARTESANAL 94X225',1,38,30,'2022-01-05 11:41:23.923553','2022-01-05 11:55:49.447499',164,38,3,1),(232,'MATERIAL INOXIDABLE',1,0,15,'2022-01-07 15:02:58.996787','2022-01-07 15:02:58.996810',165,39,3,1),(233,'Por unidad MATERIAL INOXIDABLE',1,0,15,'2022-01-07 15:02:58.998896','2022-01-07 15:02:58.998918',165,39,3,1),(234,'No MATERIAL INOXIDABLE',1,590000,15,'2022-01-07 15:02:58.999701','2022-01-07 17:14:29.490825',165,39,3,1),(235,'Leche de Cabra',1,600,15,'2022-01-07 16:21:24.897943','2022-01-07 16:21:24.897975',108,40,3,1),(236,'Por unidad Leche de Cabra',0,600,15,'2022-01-07 16:21:24.899331','2022-01-07 17:16:17.094320',108,40,3,1),(237,'Leche de Cabra',1,550,15,'2022-01-07 16:35:55.720053','2022-01-07 16:35:55.720083',108,41,3,1),(238,'Leche de cabra fluida Leche de Cabra',0,0,15,'2022-01-07 16:35:55.722516','2022-01-07 16:35:55.722540',108,41,3,1),(239,'Almidon ColFlow Waxy Snow Flakes 6420',1,1.4,15,'2022-01-07 17:57:55.912831','2022-01-07 17:57:55.912857',111,21,1,1),(240,'Saco Almidon ColFlow Waxy Snow Flakes 6420',25,35,15,'2022-01-07 17:57:55.914225','2022-01-07 17:57:55.914244',111,21,1,1),(241,'Proteina de Habas / vitessence 3602',1,5.6,15,'2022-01-07 17:59:05.919796','2022-01-07 17:59:05.919820',110,21,1,1),(242,'Saco Proteina de Habas / vitessence 3602',25,140,15,'2022-01-07 17:59:05.970564','2022-01-07 17:59:05.970613',110,21,1,1),(243,'Ndulge',1,2780,15,'2022-01-07 18:05:35.280328','2022-01-07 18:09:20.645965',112,21,3,1),(244,'Saco Ndulge',25,69500,15,'2022-01-07 18:05:35.282649','2022-01-07 18:05:35.282680',112,21,3,1),(245,'ETIQUETA TERMOTRANSFERENCIA 70x100 MM',1,6.6,15,'2022-01-07 18:17:31.823323','2022-01-07 18:22:11.718898',137,29,3,1),(246,'Rollo ETIQUETA TERMOTRANSFERENCIA 70x100 MM',860,5676,15,'2022-01-07 18:17:31.824482','2022-01-07 18:17:31.824495',137,29,3,1),(247,'Caja ETIQUETA TERMOTRANSFERENCIA 70x100 MM',10320,68112,15,'2022-01-07 18:17:31.825124','2022-01-07 18:17:31.825136',137,29,3,1),(248,'Rodillo Tinta Motex 6600',1,5500,15,'2022-01-07 18:20:33.781167','2022-01-07 18:22:11.709879',166,29,3,1),(249,'POTE 400G',1,60.17,30,'2022-01-10 13:27:21.567732','2022-01-10 13:28:15.030170',43,6,3,1),(250,'Caja POTE 400G',600,36102,30,'2022-01-10 13:27:21.571927','2022-01-10 13:27:21.571955',43,6,3,1),(251,'P. Poli Tapa Artifrut 270 mm V2.',1,19.46,15,'2022-01-10 15:54:30.565297','2022-01-10 15:54:30.565327',67,16,3,1),(252,'Kilo P. Poli Tapa Artifrut 270 mm V2.',746,14517.16,15,'2022-01-10 15:54:30.566767','2022-01-10 15:56:41.988824',67,16,3,1),(253,'CINTA TTR 110x360',1,3590,15,'2022-01-17 16:05:08.165251','2022-01-17 16:05:08.165279',174,29,3,1),(254,'Caja CINTA TTR 110x360',24,86160,15,'2022-01-17 16:05:08.167709','2022-01-17 16:06:38.960067',174,29,3,1),(255,'Antena exterior interior 4g Conector Sma Router modem',1,34990,2,'2022-01-18 10:06:59.094043','2022-01-18 10:10:58.915851',175,27,3,1),(256,'Cable Extensor Pigtail Sma Rg174 Coaxial 10 metros.',1,15990,2,'2022-01-18 10:09:12.172340','2022-01-18 10:10:58.908266',176,27,3,1),(257,'Caja Cable Extensor Pigtail Sma Rg174 Coaxial 10 metros.',1,15990,2,'2022-01-18 10:09:12.173605','2022-01-18 10:09:12.173620',176,27,3,1),(258,'GAS GRANEL',1,408.5,7,'2022-01-18 10:21:43.130474','2022-01-18 10:23:33.956025',177,42,3,1),(259,'ALBAHACA DESHIDRATADA PICADA',1,4480,15,'2022-01-18 12:49:51.423886','2022-01-18 12:50:20.122843',178,43,3,1),(260,'Saco ALBAHACA DESHIDRATADA PICADA',10,44800,15,'2022-01-18 12:49:51.425912','2022-01-18 12:49:51.425937',178,43,3,1),(261,'GUANTES LAVADO',1,1200,15,'2022-01-19 11:04:17.930037','2022-01-19 11:08:01.463258',183,44,3,1),(262,'COFIAS',1,25000,15,'2022-01-19 11:06:13.555245','2022-01-19 11:08:01.453419',182,44,3,1),(263,'PECHERA PVC',1,2500,15,'2022-01-19 11:06:33.334566','2022-01-19 11:08:01.443329',181,44,3,1),(264,'GUANTE QUIRURGICO TALLA L',1,8890,15,'2022-01-19 11:06:54.573364','2022-01-19 11:08:01.433545',180,44,3,1),(265,'GUANTE QUIRUGICO TALLA M',1,8890,15,'2022-01-19 11:07:12.669160','2022-01-19 11:08:01.423486',179,44,3,1),(266,'PIMIENTA NEGRA MOLIDA',1,7800,15,'2022-01-19 12:42:21.115693','2022-01-19 12:42:56.505252',184,3,3,1),(267,'Petrifilm STX',1,2113,15,'2022-01-19 13:19:33.668039','2022-01-19 13:19:33.668073',187,45,3,1),(268,'Sobre Petrifilm STX',25,52825,15,'2022-01-19 13:19:33.669801','2022-01-19 13:23:47.419587',187,45,3,1),(269,'Petrifilm recuento de Enterobacterias',1,720,15,'2022-01-19 13:20:10.542146','2022-01-19 13:20:10.542180',186,45,3,1),(270,'Sobre Petrifilm recuento de Enterobacterias',25,18000,15,'2022-01-19 13:20:10.544219','2022-01-19 13:23:47.411368',186,45,3,1),(271,'Petrifilm recuento de E.Coli',1,1355,15,'2022-01-19 13:20:51.277313','2022-01-19 13:20:51.277337',185,45,3,1),(272,'Sobre Petrifilm recuento de E.Coli',25,33875,15,'2022-01-19 13:20:51.278683','2022-01-19 13:23:47.402841',185,45,3,1),(273,'CULTIVO DVS-50 FERMENTO LACTICO LD CH-N-19',1,5250,15,'2022-01-19 14:11:15.738231','2022-01-19 14:17:26.682585',189,4,3,1),(274,'CULTIVO DVS-50 FERMENTO LACTICO CO-03',1,5500,15,'2022-01-19 14:11:31.103086','2022-01-19 14:17:26.676888',188,4,3,1),(275,'Choozit BT 01 LYO 50 DCU',1,7.64,15,'2022-01-19 14:25:37.687429','2022-01-19 14:25:37.687462',190,14,2,1),(276,'GAS CILINDRO',1,800,2,'2022-01-19 17:04:08.768291','2022-01-19 17:04:08.768321',191,46,3,1),(277,'Cilindro GAS CILINDRO',45,36000,2,'2022-01-19 17:04:08.769685','2022-01-19 17:04:08.769707',191,46,3,1);
/*!40000 ALTER TABLE `proveedores_proveedorinsumo` ENABLE KEYS */;
UNLOCK TABLES;

--
-- Table structure for table `solicitudes_solicitud`
--

DROP TABLE IF EXISTS `solicitudes_solicitud`;
/*!40101 SET @saved_cs_client     = @@character_set_client */;
/*!40101 SET character_set_client = utf8 */;
CREATE TABLE `solicitudes_solicitud` (
  `id` bigint(20) NOT NULL AUTO_INCREMENT,
  `estado` varchar(120) NOT NULL,
  `created` datetime(6) NOT NULL,
  `updated` datetime(6) NOT NULL,
  `lugar_o_id` bigint(20) NOT NULL,
  `solicitante_id` int(11) DEFAULT NULL,
  PRIMARY KEY (`id`),
  KEY `solicitudes_solicitu_lugar_o_id_eeef23b0_fk_inventari` (`lugar_o_id`),
  KEY `solicitudes_solicitud_solicitante_id_ea407039_fk_auth_user_id` (`solicitante_id`),
  CONSTRAINT `solicitudes_solicitu_lugar_o_id_eeef23b0_fk_inventari` FOREIGN KEY (`lugar_o_id`) REFERENCES `inventario_bodega` (`id`),
  CONSTRAINT `solicitudes_solicitud_solicitante_id_ea407039_fk_auth_user_id` FOREIGN KEY (`solicitante_id`) REFERENCES `auth_user` (`id`)
) ENGINE=InnoDB AUTO_INCREMENT=6 DEFAULT CHARSET=utf8;
/*!40101 SET character_set_client = @saved_cs_client */;

--
-- Dumping data for table `solicitudes_solicitud`
--

LOCK TABLES `solicitudes_solicitud` WRITE;
/*!40000 ALTER TABLE `solicitudes_solicitud` DISABLE KEYS */;
INSERT INTO `solicitudes_solicitud` VALUES (1,'No Completada','2021-12-14 15:52:32.430910','2021-12-14 15:52:32.430937',2,41),(2,'No Completada','2022-01-07 13:08:07.170873','2022-01-07 13:08:07.170899',2,47),(3,'No Completada','2022-01-07 17:36:25.745213','2022-01-07 17:36:25.745239',2,42),(4,'No Completada','2022-01-14 13:19:54.694211','2022-01-14 13:19:54.694240',2,47),(5,'No Completada','2022-01-19 11:21:02.813225','2022-01-19 11:21:02.813249',2,47);
/*!40000 ALTER TABLE `solicitudes_solicitud` ENABLE KEYS */;
UNLOCK TABLES;

--
-- Table structure for table `solicitudes_solicitudencargados`
--

DROP TABLE IF EXISTS `solicitudes_solicitudencargados`;
/*!40101 SET @saved_cs_client     = @@character_set_client */;
/*!40101 SET character_set_client = utf8 */;
CREATE TABLE `solicitudes_solicitudencargados` (
  `id` bigint(20) NOT NULL AUTO_INCREMENT,
  `encargado_id` int(11) NOT NULL,
  `solicitud_id` bigint(20) NOT NULL,
  PRIMARY KEY (`id`),
  UNIQUE KEY `solicitudes_solicitudenc_solicitud_id_encargado_i_d66e5305_uniq` (`solicitud_id`,`encargado_id`),
  KEY `solicitudes_solicitu_encargado_id_2b0a0968_fk_auth_user` (`encargado_id`),
  CONSTRAINT `solicitudes_solicitu_encargado_id_2b0a0968_fk_auth_user` FOREIGN KEY (`encargado_id`) REFERENCES `auth_user` (`id`),
  CONSTRAINT `solicitudes_solicitu_solicitud_id_103326fb_fk_solicitud` FOREIGN KEY (`solicitud_id`) REFERENCES `solicitudes_solicitud` (`id`)
) ENGINE=InnoDB AUTO_INCREMENT=11 DEFAULT CHARSET=utf8;
/*!40101 SET character_set_client = @saved_cs_client */;

--
-- Dumping data for table `solicitudes_solicitudencargados`
--

LOCK TABLES `solicitudes_solicitudencargados` WRITE;
/*!40000 ALTER TABLE `solicitudes_solicitudencargados` DISABLE KEYS */;
INSERT INTO `solicitudes_solicitudencargados` VALUES (1,39,1),(2,41,1),(3,42,1),(4,39,2),(5,42,2),(6,47,3),(7,39,4),(8,41,4),(9,42,4),(10,41,5);
/*!40000 ALTER TABLE `solicitudes_solicitudencargados` ENABLE KEYS */;
UNLOCK TABLES;

--
-- Table structure for table `solicitudes_solicitudinsumos`
--

DROP TABLE IF EXISTS `solicitudes_solicitudinsumos`;
/*!40101 SET @saved_cs_client     = @@character_set_client */;
/*!40101 SET character_set_client = utf8 */;
CREATE TABLE `solicitudes_solicitudinsumos` (
  `id` bigint(20) NOT NULL AUTO_INCREMENT,
  `cantidad` double NOT NULL,
  `insumo_id` bigint(20) NOT NULL,
  `solicitud_id` bigint(20) NOT NULL,
  `comentario` varchar(255) NOT NULL,
  PRIMARY KEY (`id`),
  KEY `solicitudes_solicitu_insumo_id_036c710d_fk_nucleo_in` (`insumo_id`),
  KEY `solicitudes_solicitu_solicitud_id_d3703795_fk_solicitud` (`solicitud_id`),
  CONSTRAINT `solicitudes_solicitu_insumo_id_036c710d_fk_nucleo_in` FOREIGN KEY (`insumo_id`) REFERENCES `nucleo_insumo` (`id`),
  CONSTRAINT `solicitudes_solicitu_solicitud_id_d3703795_fk_solicitud` FOREIGN KEY (`solicitud_id`) REFERENCES `solicitudes_solicitud` (`id`)
) ENGINE=InnoDB AUTO_INCREMENT=34 DEFAULT CHARSET=utf8;
/*!40101 SET character_set_client = @saved_cs_client */;

--
-- Dumping data for table `solicitudes_solicitudinsumos`
--

LOCK TABLES `solicitudes_solicitudinsumos` WRITE;
/*!40000 ALTER TABLE `solicitudes_solicitudinsumos` DISABLE KEYS */;
INSERT INTO `solicitudes_solicitudinsumos` VALUES (1,50,21,1,'Recordar que el lunes debemos llevar leche en polvo a SF!'),(2,4000,44,2,''),(3,1000,102,2,''),(4,1000,101,2,''),(5,2000,91,2,''),(6,125,100,2,''),(7,1000,60,2,''),(8,1,153,3,'Necesito llevarle una a la disenadora, que no se me olvide porfa'),(9,350,153,4,''),(10,500,151,4,''),(11,15,39,4,''),(12,150,100,4,''),(13,5000,158,4,''),(14,2000,137,4,''),(15,1000,60,4,''),(16,2000,102,4,''),(17,2000,101,4,''),(18,4000,90,4,''),(19,1000,93,4,''),(20,5,178,5,''),(21,20,133,5,''),(22,10,112,5,''),(23,25,111,5,''),(24,10,104,5,''),(25,20,71,5,''),(26,2,76,5,''),(27,4,33,5,''),(28,10,25,5,''),(29,50,21,5,''),(30,20,39,5,''),(31,6,59,5,''),(32,25,12,5,''),(33,25,7,5,'');
/*!40000 ALTER TABLE `solicitudes_solicitudinsumos` ENABLE KEYS */;
UNLOCK TABLES;

--
-- Table structure for table `ventas_archivoordendeventa`
--

DROP TABLE IF EXISTS `ventas_archivoordendeventa`;
/*!40101 SET @saved_cs_client     = @@character_set_client */;
/*!40101 SET character_set_client = utf8 */;
CREATE TABLE `ventas_archivoordendeventa` (
  `id` bigint(20) NOT NULL AUTO_INCREMENT,
  `archivo` varchar(100) NOT NULL,
  `orden_id` bigint(20) NOT NULL,
  PRIMARY KEY (`id`),
  KEY `ventas_archivoordend_orden_id_78fb80e1_fk_ventas_or` (`orden_id`),
  CONSTRAINT `ventas_archivoordend_orden_id_78fb80e1_fk_ventas_or` FOREIGN KEY (`orden_id`) REFERENCES `ventas_ordendeventa` (`id`)
) ENGINE=InnoDB DEFAULT CHARSET=utf8;
/*!40101 SET character_set_client = @saved_cs_client */;

--
-- Dumping data for table `ventas_archivoordendeventa`
--

LOCK TABLES `ventas_archivoordendeventa` WRITE;
/*!40000 ALTER TABLE `ventas_archivoordendeventa` DISABLE KEYS */;
/*!40000 ALTER TABLE `ventas_archivoordendeventa` ENABLE KEYS */;
UNLOCK TABLES;

--
-- Table structure for table `ventas_listaprecio`
--

DROP TABLE IF EXISTS `ventas_listaprecio`;
/*!40101 SET @saved_cs_client     = @@character_set_client */;
/*!40101 SET character_set_client = utf8 */;
CREATE TABLE `ventas_listaprecio` (
  `id` bigint(20) NOT NULL AUTO_INCREMENT,
  `nombre` varchar(255) NOT NULL,
  `created` datetime(6) NOT NULL,
  `updated` datetime(6) NOT NULL,
  PRIMARY KEY (`id`),
  UNIQUE KEY `nombre` (`nombre`)
) ENGINE=InnoDB AUTO_INCREMENT=93 DEFAULT CHARSET=utf8;
/*!40101 SET character_set_client = @saved_cs_client */;

--
-- Dumping data for table `ventas_listaprecio`
--

LOCK TABLES `ventas_listaprecio` WRITE;
/*!40000 ALTER TABLE `ventas_listaprecio` DISABLE KEYS */;
INSERT INTO `ventas_listaprecio` VALUES (1,'Metissage','2021-10-26 12:41:53.392419','2021-10-26 12:41:53.392419'),(2,'Explora','2021-10-26 12:41:53.530420','2021-10-26 12:41:53.530420'),(3,'La Marmite','2021-10-26 12:41:53.562419','2021-10-26 12:41:53.562419'),(4,'Ritz','2021-10-26 12:41:53.581420','2021-10-26 12:41:53.581420'),(5,'Singular','2021-10-26 12:41:53.594419','2022-01-19 16:03:18.672650'),(6,'Hotel W','2021-10-26 12:41:53.608419','2021-10-26 12:41:53.608419'),(7,'Jumbo','2021-10-26 12:41:53.620420','2021-12-30 14:13:03.885890'),(8,'Mpasteur','2021-10-26 12:41:53.652046','2021-10-26 12:41:53.652046'),(9,'Jumpseller','2021-10-26 12:41:53.664045','2021-12-09 12:35:45.717063'),(10,'Donata','2021-10-26 12:41:53.700045','2021-10-26 12:41:53.700045'),(11,'Mestiere','2021-10-26 12:41:53.711046','2021-10-26 12:41:53.711046'),(12,'Tejamarket','2021-10-26 12:41:53.735046','2021-10-26 12:41:53.735046'),(13,'Pick Market','2021-10-26 12:41:53.760046','2021-10-26 12:41:53.760046'),(14,'Pick a Deli','2021-10-26 12:41:53.780045','2021-10-26 12:41:53.780045'),(15,'AzoteaM','2021-10-26 12:41:53.799046','2021-10-26 12:41:53.799046'),(16,'Magnolia','2021-10-26 12:41:53.816045','2021-10-26 12:41:53.816045'),(17,'Maillard','2021-10-26 12:41:53.838046','2021-10-26 12:41:53.838046'),(18,'Polvo','2021-10-26 12:41:53.854046','2021-10-26 12:41:53.854046'),(19,'Clementina','2021-10-26 12:41:53.865045','2021-10-26 12:41:53.865045'),(20,'Oggi','2021-10-26 12:41:53.882046','2021-10-26 12:41:53.882046'),(21,'Maison','2021-10-26 12:41:53.893603','2021-10-26 12:41:53.893603'),(22,'Gracia y Tapa','2021-10-26 12:41:53.903603','2021-10-26 12:41:53.903603'),(23,'La regata','2021-10-26 12:41:53.912603','2021-10-26 12:41:53.912603'),(24,'ItaloBelga','2021-10-26 12:41:53.944603','2021-10-26 12:41:53.944603'),(25,'Moritz','2021-10-26 12:41:53.954603','2021-10-26 12:41:53.954603'),(26,'Piegari','2021-10-26 12:41:53.966601','2021-10-26 12:41:53.966601'),(27,'Arbea','2021-10-26 12:41:53.975602','2021-10-26 12:41:53.975602'),(28,'Lista B','2021-10-26 12:41:53.984602','2021-10-26 12:41:53.984602'),(29,'Zuany','2021-10-26 12:41:54.020602','2021-10-26 12:41:54.020602'),(30,'Tienda','2021-10-26 12:41:54.031602','2021-10-26 12:41:54.031602'),(31,'Tottus','2021-10-26 12:41:54.067602','2021-10-26 12:41:54.067602'),(32,'Better Food','2021-10-26 12:41:54.081602','2021-11-24 16:58:42.552618'),(33,'Katari','2021-10-26 12:41:54.097602','2021-10-26 12:41:54.097602'),(34,'El growler Spa','2021-10-26 12:41:54.104602','2021-10-26 12:41:54.104602'),(35,'R Steward','2021-10-26 12:41:54.116602','2021-10-26 12:41:54.116602'),(36,'LP Valdivia','2021-10-26 12:41:54.153214','2021-10-26 12:41:54.153214'),(37,'Torino','2021-10-26 12:41:54.162214','2021-10-26 12:41:54.162214'),(38,'Centro de Convenciones','2021-10-26 12:41:54.172212','2021-10-26 12:41:54.172212'),(39,'Cavas Pasteur','2021-10-26 12:41:54.179214','2021-10-26 12:41:54.179214'),(40,'Moritz Spa','2021-10-26 12:41:54.199214','2021-10-26 12:41:54.199214'),(41,'Edward Rosiel','2021-10-26 12:41:54.210214','2021-10-26 12:41:54.210214'),(42,'SII','2021-10-26 12:41:54.220213','2021-10-26 12:41:54.220213'),(43,'Rosa','2021-10-26 12:41:54.255213','2021-10-26 12:41:54.255213'),(44,'Lista D','2021-10-26 12:41:54.263214','2021-12-10 17:04:36.070035'),(45,'Boris','2021-10-26 12:41:54.292214','2021-10-26 12:41:54.292214'),(46,'Verydeli','2021-10-26 12:41:54.299214','2021-10-26 12:41:54.299214'),(47,'QuesosdeChile','2021-10-26 12:41:54.326214','2021-10-26 12:41:54.326214'),(48,'The Singular Patagonia','2021-10-26 12:41:54.337214','2022-01-04 16:15:38.698086'),(49,'Cliente No Frecuente','2021-10-26 12:41:54.350214','2021-10-26 12:41:54.350214'),(50,'Lista C','2021-10-26 12:41:54.357213','2021-10-26 12:41:54.357213'),(51,'Mestizo','2021-10-26 12:41:54.389213','2021-10-26 12:41:54.389213'),(52,'Renaissance','2021-10-26 12:41:54.400764','2021-10-26 12:41:54.400764'),(53,'Puelo','2021-10-26 12:41:54.413764','2021-10-26 12:41:54.413764'),(54,'Hotel Marriott','2021-10-26 12:41:54.424764','2021-10-26 12:41:54.424764'),(55,'Aldea','2021-10-26 12:41:54.457763','2021-10-26 12:41:54.457763'),(56,'Paladar','2021-10-26 12:41:54.467764','2021-10-26 12:41:54.467764'),(57,'Doris/Carlos','2021-10-26 12:41:54.500764','2021-10-26 12:41:54.500764'),(58,'DanielaAcuña','2021-10-26 12:41:54.524764','2021-10-26 12:41:54.524764'),(59,'Jarpa','2021-10-26 12:41:54.544764','2021-10-26 12:41:54.544764'),(60,'A granel','2021-10-26 12:41:54.553764','2022-01-03 12:12:28.287444'),(61,'Mermoz','2021-10-26 12:41:54.562764','2021-10-26 12:41:54.562764'),(62,'Fischcarraldo','2021-10-26 12:41:54.572764','2021-10-26 12:41:54.572764'),(63,'Mat','2021-10-26 12:41:54.581763','2021-10-26 12:41:54.581763'),(64,'Verde Vegano','2021-10-26 12:41:54.598763','2021-10-26 12:41:54.598763'),(65,'Unimarc','2021-10-26 12:41:54.608763','2021-12-30 14:45:40.174482'),(66,'Romagna','2021-10-26 12:41:54.627763','2021-10-26 12:41:54.627763'),(67,'Walmart','2021-10-26 12:41:54.637763','2021-10-26 12:41:54.637763'),(68,'Albba','2021-10-26 12:41:54.655341','2021-10-26 12:41:54.655341'),(69,'Almazan','2021-10-26 12:41:54.679341','2021-10-26 12:41:54.679341'),(70,'Carlos Arestizabal','2021-10-26 12:41:54.697341','2021-10-26 12:41:54.697341'),(71,'Pura Madre','2021-10-26 12:41:54.708341','2022-01-10 16:50:08.882062'),(72,'Matias','2021-10-26 12:41:54.724342','2021-10-26 12:41:54.724342'),(73,'Rupestre','2021-10-26 12:41:54.739342','2021-10-26 12:41:54.739342'),(74,'Punto Gourmet / kibana','2021-10-26 12:41:54.748341','2021-10-26 12:41:54.748341'),(75,'Venta Web','2021-10-26 12:41:54.764342','2021-10-26 12:41:54.764342'),(76,'CAC','2021-10-26 12:41:54.798342','2021-10-26 12:41:54.798342'),(77,'Araos','2021-10-26 12:41:54.808341','2021-10-26 12:41:54.808341'),(78,'Patio Patagonia','2021-10-26 12:41:54.826342','2021-10-26 12:41:54.826342'),(79,'Buba','2021-10-26 12:41:54.859341','2021-10-26 12:41:54.859341'),(80,'Simplysweet','2021-10-26 12:41:54.893342','2021-10-26 12:41:54.893342'),(81,'Cafe Las Lilas','2021-10-26 12:41:54.912936','2021-10-26 12:41:54.912936'),(82,'NYHV','2021-10-26 12:41:54.936937','2021-12-09 11:27:45.766236'),(83,'Tottus Recargada','2021-10-29 09:52:52.541819','2021-10-29 09:52:52.541842'),(84,'Tottus Recargada V3','2021-10-29 09:54:26.928217','2021-10-29 09:54:26.928243'),(85,'Lista Ximena','2021-10-29 13:12:11.730077','2021-10-29 14:48:40.011027'),(86,'Zuany V2','2021-10-29 14:44:28.685381','2021-10-29 14:47:11.476517'),(87,'Zuany V3','2021-10-29 14:45:33.718290','2021-10-29 14:46:41.438129'),(88,'Zuany V4','2021-10-29 14:46:33.835471','2021-10-29 14:48:30.932052'),(89,'Gustavo Natero','2021-11-25 11:06:57.965989','2021-11-25 11:06:57.966010'),(90,'Blanca Moreira','2021-11-25 11:13:31.522567','2021-11-25 11:13:31.522634'),(91,'Ricardo Spaggiari','2021-12-01 16:42:28.870595','2021-12-09 11:28:37.460241'),(92,'Mercado Patache','2022-01-10 14:21:06.052054','2022-01-10 14:21:06.052079');
/*!40000 ALTER TABLE `ventas_listaprecio` ENABLE KEYS */;
UNLOCK TABLES;

--
-- Table structure for table `ventas_listaprecioproducto`
--

DROP TABLE IF EXISTS `ventas_listaprecioproducto`;
/*!40101 SET @saved_cs_client     = @@character_set_client */;
/*!40101 SET character_set_client = utf8 */;
CREATE TABLE `ventas_listaprecioproducto` (
  `id` bigint(20) NOT NULL AUTO_INCREMENT,
  `precio` double NOT NULL,
  `lista_id` bigint(20) NOT NULL,
  `producto_id` bigint(20) NOT NULL,
  PRIMARY KEY (`id`),
  UNIQUE KEY `ventas_listaprecioproducto_lista_id_producto_id_59751080_uniq` (`lista_id`,`producto_id`),
  KEY `ventas_listapreciopr_producto_id_37f49800_fk_nucleo_pr` (`producto_id`),
  CONSTRAINT `ventas_listapreciopr_lista_id_ea4b84b0_fk_ventas_li` FOREIGN KEY (`lista_id`) REFERENCES `ventas_listaprecio` (`id`),
  CONSTRAINT `ventas_listapreciopr_producto_id_37f49800_fk_nucleo_pr` FOREIGN KEY (`producto_id`) REFERENCES `nucleo_producto` (`id`)
) ENGINE=InnoDB AUTO_INCREMENT=1588 DEFAULT CHARSET=utf8;
/*!40101 SET character_set_client = @saved_cs_client */;

--
-- Dumping data for table `ventas_listaprecioproducto`
--

LOCK TABLES `ventas_listaprecioproducto` WRITE;
/*!40000 ALTER TABLE `ventas_listaprecioproducto` DISABLE KEYS */;
INSERT INTO `ventas_listaprecioproducto` VALUES (97,13000,1,14),(98,2300,1,15),(99,2300,1,16),(100,2300,1,17),(101,2205,1,31),(102,1990,2,4),(103,1990,2,5),(104,1990,2,6),(105,1990,2,7),(106,8990,2,8),(107,1990,2,10),(108,1990,2,11),(109,8500,2,12),(110,7500,2,13),(111,7900,2,14),(112,2700,2,15),(113,2700,2,16),(114,2700,2,17),(115,6900,2,30),(116,3190,2,31),(117,3190,2,32),(118,3190,2,33),(119,3190,2,34),(120,3190,2,35),(121,3190,2,36),(122,3190,2,37),(123,550,2,39),(124,550,2,40),(125,550,2,41),(126,2990,2,42),(127,2990,2,43),(128,2990,2,44),(129,2990,2,45),(130,2990,2,46),(131,2990,2,47),(132,1990,3,4),(133,1990,3,5),(134,1990,3,6),(135,1990,3,10),(136,1990,3,11),(137,6490,3,12),(138,5990,3,13),(139,7000,3,14),(140,2700,3,15),(141,2700,3,16),(142,2700,3,17),(143,13500,3,24),(144,12450,3,25),(145,12450,3,26),(146,2090,4,4),(147,6790,4,13),(148,2090,4,15),(149,2090,4,16),(150,2090,4,17),(151,1990,5,4),(152,1990,5,6),(153,6490,5,12),(154,13000,5,14),(155,2700,5,15),(156,2700,5,16),(157,2700,5,17),(158,1600,6,4),(159,1600,6,5),(160,1600,6,6),(161,1690,6,7),(162,6490,6,12),(163,1540,7,4),(164,1540,7,5),(165,1476,7,6),(166,1415,7,7),(167,2166,7,9),(168,1654,7,10),(169,1700,7,11),(170,537.5,7,18),(171,537.5,7,19),(172,537.5,7,20),(173,537.5,7,21),(174,537.5,7,22),(175,537.5,7,23),(176,937.5,7,24),(177,937.5,7,25),(178,937.5,7,26),(179,2516,7,31),(180,2516,7,34),(181,2516,7,35),(182,2785,7,36),(183,2989.16,7,37),(184,2583.33,7,38),(185,542.6,7,39),(186,542.6,7,40),(187,542.6,7,41),(188,3090,7,42),(189,3090,7,43),(190,3090,7,44),(191,3090,7,45),(192,3090,7,46),(193,3090,7,47),(194,1990,8,4),(195,1990,8,6),(196,3190,8,31),(197,3190,8,34),(198,3190,8,35),(199,2990,9,4),(200,2990,9,5),(201,2890,9,6),(202,2790,9,7),(203,2990,9,10),(204,2990,9,11),(205,7990,9,13),(206,3490,9,15),(207,3490,9,16),(208,3490,9,17),(209,790,9,18),(210,790,9,19),(211,790,9,20),(212,790,9,21),(213,790,9,22),(214,790,9,23),(215,1490,9,24),(216,1490,9,25),(217,1490,9,26),(218,2990,9,27),(219,5980,9,28),(220,5980,9,29),(221,5980,9,30),(222,3268.91,9,31),(223,4490,9,34),(224,4490,9,35),(225,4790,9,36),(226,4790,9,37),(227,3490,9,38),(228,990,9,39),(229,990,9,40),(230,990,9,41),(231,4390,9,42),(232,4390,9,43),(233,4390,9,44),(234,4390,9,45),(235,4390,9,46),(236,4390,9,47),(237,2100,10,15),(238,2100,10,16),(239,2100,10,17),(240,1800,11,4),(241,1800,11,5),(242,1800,11,6),(243,2300,11,10),(244,12800,11,14),(245,2190,11,15),(246,2190,11,16),(247,2190,11,17),(248,550,11,18),(249,550,11,19),(250,550,11,20),(251,550,11,21),(252,550,11,22),(253,550,11,23),(254,2890,11,31),(255,2890,11,34),(256,2890,11,35),(257,2990,11,36),(258,2990,11,37),(259,550,11,39),(260,550,11,40),(261,550,11,41),(262,2193,12,5),(263,1842.9,12,6),(264,1942.9,12,10),(265,2261,12,15),(266,2249,12,16),(267,2296,12,17),(268,550,12,18),(269,550,12,19),(270,550,12,20),(271,550,12,21),(272,550,12,22),(273,550,12,23),(274,837,12,24),(275,837,12,25),(276,837,12,26),(277,2279.9,12,31),(278,2980,12,34),(279,2980,12,35),(280,3546,12,36),(281,2706,12,37),(282,2980,12,38),(283,1800,13,4),(284,1800,13,6),(285,1790,13,7),(286,2300,13,10),(287,12800,13,14),(288,2190,13,15),(289,2190,13,16),(290,2190,13,17),(291,550,13,22),(292,550,13,23),(293,2900,13,31),(294,2900,13,34),(295,2900,13,35),(296,550,13,39),(297,550,13,40),(298,550,13,41),(299,1800,14,4),(300,1800,14,6),(301,2300,14,10),(302,12800,14,14),(303,2000,14,15),(304,2000,14,16),(305,2000,14,17),(306,890,14,24),(307,890,14,25),(308,890,14,26),(309,2900,14,31),(310,2900,14,34),(311,2900,14,35),(312,2000,15,4),(313,2000,15,6),(314,2300,15,10),(315,7900,15,13),(316,12800,15,14),(317,2000,15,15),(318,2000,15,16),(319,2000,15,17),(320,2900,15,31),(321,2900,15,34),(322,2900,15,35),(323,1800,16,4),(324,1800,16,6),(325,1600,16,7),(326,2300,16,10),(327,2590,16,11),(328,6290,16,12),(329,7900,16,13),(330,12800,16,14),(331,2000,16,15),(332,2000,16,16),(333,2000,16,17),(334,2900,16,31),(335,2900,16,34),(336,2900,16,35),(337,15000,16,36),(338,2900,16,37),(339,2000,17,6),(340,2300,17,10),(341,6290,17,12),(342,12800,17,14),(343,2000,17,15),(344,2000,17,16),(345,2000,17,17),(346,2900,17,31),(347,2900,17,34),(348,2900,17,35),(349,11990,18,7),(350,11990,18,8),(351,10900,18,14),(352,2490,18,37),(353,2000,19,4),(354,2000,19,6),(355,2300,19,10),(356,14500,19,14),(357,2000,19,15),(358,2000,19,16),(359,2000,19,17),(360,2900,19,31),(361,3200,19,34),(362,3200,19,35),(363,1500,20,10),(364,1625.8,20,11),(365,6000,20,12),(366,7390,20,13),(367,2090,20,17),(368,1900,21,15),(369,2000,22,4),(370,1800,23,4),(371,1800,23,5),(372,1800,23,6),(373,1600,23,7),(374,2200,23,10),(375,2000,23,15),(376,2000,23,16),(377,2000,23,17),(378,550,23,18),(379,550,23,19),(380,550,23,20),(381,550,23,21),(382,550,23,22),(383,550,23,23),(384,890,23,24),(385,890,23,25),(386,890,23,26),(387,1990,23,27),(388,2900,23,31),(389,2900,23,34),(390,2900,23,35),(391,2900,23,36),(392,2900,23,38),(393,550,23,39),(394,550,23,40),(395,550,23,41),(396,2990,23,42),(397,2990,23,43),(398,2990,23,44),(399,2990,23,45),(400,2990,23,46),(401,2990,23,47),(402,2000,24,15),(403,2000,24,16),(404,2000,24,17),(405,1800,25,4),(406,1800,25,5),(407,7900,25,13),(408,2000,25,15),(409,2000,25,16),(410,2000,25,17),(411,6800,26,12),(412,7900,26,13),(413,1980,27,4),(414,38400,27,7),(415,1800,28,4),(416,1800,28,5),(417,1800,28,6),(418,1600,28,7),(419,2300,28,9),(420,2300,28,10),(421,2890,28,11),(422,6290,28,12),(423,7900,28,13),(424,12800,28,14),(425,2000,28,15),(426,2000,28,16),(427,2000,28,17),(428,550,28,18),(429,550,28,19),(430,550,28,20),(431,550,28,21),(432,550,28,22),(433,550,28,23),(434,890,28,24),(435,890,28,25),(436,890,28,26),(437,1990,28,27),(438,5290,28,28),(439,5290,28,29),(440,5290,28,30),(441,2900,28,31),(442,2900,28,34),(443,2900,28,35),(444,2900,28,36),(445,2900,28,37),(446,2900,28,38),(447,550,28,39),(448,550,28,40),(449,550,28,41),(450,2990,28,42),(451,2990,28,43),(452,2990,28,44),(453,2990,28,45),(454,2990,28,46),(455,2990,28,47),(456,1990,29,10),(457,7100,29,12),(458,7900,29,13),(459,3190,29,31),(460,1681,30,4),(461,1681,30,5),(462,1681,30,6),(463,2101,30,7),(464,6303,30,8),(465,1681,30,9),(466,1681,30,10),(467,1681,30,11),(468,5042,30,12),(469,5042,30,13),(470,7563,30,14),(471,2521,30,15),(472,2521,30,16),(473,2521,30,17),(474,504,30,18),(475,504,30,19),(476,504,30,20),(477,504,30,21),(478,504,30,22),(479,504,30,23),(480,840,30,24),(481,840,30,25),(482,840,30,26),(483,2101,30,27),(484,5462,30,28),(485,5462,30,29),(486,5462,30,30),(487,2521,30,31),(488,2521,30,34),(489,2521,30,35),(490,2941,30,36),(491,2941,30,37),(492,2521,30,38),(493,504,30,39),(494,504,30,40),(495,504,30,41),(496,2941,30,42),(497,2941,30,43),(498,2941,30,44),(499,2941,30,45),(500,2941,30,46),(501,2941,30,47),(502,580,31,18),(503,580,31,19),(504,580,31,20),(505,580,31,21),(506,580,31,22),(507,580,31,23),(508,2700,31,24),(509,2700,31,25),(510,2700,31,26),(511,1620,32,4),(512,1620,32,5),(513,1590,32,7),(514,2200,32,15),(515,2200,32,16),(516,2200,32,17),(517,575,32,18),(518,575,32,19),(519,550,32,20),(520,575,32,21),(521,575,32,22),(522,575,32,23),(523,2000,34,4),(524,2900,34,11),(525,8900,34,13),(526,10500,34,14),(527,2300,34,15),(528,3200,34,31),(529,1800,35,4),(530,1800,35,5),(531,1800,35,6),(532,1600,35,7),(533,7490,35,8),(534,2300,35,9),(535,2300,35,10),(536,2590,35,11),(537,6290,35,12),(538,7900,35,13),(539,12800,35,14),(540,2000,35,15),(541,2000,35,16),(542,2000,35,17),(543,550,35,18),(544,550,35,19),(545,550,35,20),(546,550,35,21),(547,550,35,22),(548,550,35,23),(549,890,35,24),(550,890,35,25),(551,890,35,26),(552,1990,35,27),(553,5290,35,28),(554,5190,35,29),(555,5190,35,30),(556,2900,35,31),(557,2900,35,34),(558,2900,35,35),(559,2900,35,36),(560,2900,35,37),(561,2900,35,38),(562,550,35,39),(563,550,35,40),(564,550,35,41),(565,2900,35,42),(566,2900,35,43),(567,2900,35,44),(568,2900,35,45),(569,2900,35,46),(570,2900,35,47),(571,1400,36,4),(572,12100,37,7),(573,12100,37,8),(574,7900,37,11),(575,7900,37,13),(576,1990,39,4),(577,1990,39,6),(578,1690,39,7),(579,2000,39,15),(580,2000,39,16),(581,2000,39,17),(582,7920,39,18),(583,7920,39,19),(584,550,39,20),(585,550,39,21),(586,550,39,22),(587,550,39,23),(588,890,39,24),(589,890,39,25),(590,890,39,26),(591,3190,39,31),(592,3190,39,34),(593,3190,39,35),(594,3590,39,37),(595,1800,40,4),(596,1800,40,5),(597,2000,40,15),(598,2000,40,16),(599,2000,40,17),(600,7500,41,11),(601,5900,41,13),(602,1500,41,15),(603,1,42,4),(604,1,42,5),(605,1,42,6),(606,1,42,7),(607,1,42,8),(608,1,42,9),(609,1,42,10),(610,1,42,11),(611,1,42,12),(612,1,42,13),(613,1,42,14),(614,1,42,15),(615,1,42,16),(616,1,42,17),(617,1,42,18),(618,1,42,19),(619,1,42,20),(620,1,42,21),(621,1,42,22),(622,1,42,23),(623,1,42,24),(624,1,42,25),(625,1,42,26),(626,1,42,27),(627,1,42,28),(628,1,42,31),(629,1,42,34),(630,1,42,35),(631,1,42,36),(632,1,42,37),(633,1,42,38),(634,1,42,39),(635,1,42,40),(636,1,42,41),(637,1,42,42),(638,1,42,43),(639,1,42,44),(640,1,42,45),(641,1,42,46),(642,1,42,47),(643,2890,43,28),(644,1800,44,4),(645,1800,44,5),(646,1800,44,6),(647,1680,44,7),(648,2090,44,10),(649,2090,44,11),(650,1950,44,15),(651,1950,44,16),(652,1950,44,17),(653,530,44,18),(654,530,44,19),(655,530,44,20),(656,530,44,21),(657,530,44,22),(658,530,44,23),(659,900,44,24),(660,850,44,25),(661,850,44,26),(662,2100,44,27),(663,2690,44,31),(664,2690,44,32),(665,2690,44,33),(666,2690,44,34),(667,2690,44,35),(668,2790,44,36),(669,2790,44,37),(670,550,44,39),(671,550,44,40),(672,530,44,41),(673,2023.81,46,4),(674,2023.81,46,5),(675,1953.78,46,6),(676,1953.78,46,7),(677,2023.81,46,10),(678,2023.81,46,11),(679,483.19,46,18),(680,483.19,46,19),(681,483.19,46,20),(682,483.19,46,21),(683,483.19,46,22),(684,483.19,46,23),(685,1043.42,46,24),(686,1043.42,46,25),(687,1043.42,46,26),(688,2724.09,46,31),(689,2724.09,46,34),(690,2724.09,46,35),(691,3074.23,46,36),(692,3074.23,46,37),(693,2443.98,46,38),(694,693.28,46,39),(695,693.28,46,40),(696,693.28,46,41),(697,1990,47,4),(698,1990,47,5),(699,1990,47,6),(700,1990,48,4),(701,1990,48,5),(702,1990,48,6),(703,2300,48,15),(704,3100,48,37),(705,1850,50,4),(706,1850,50,5),(707,1850,50,6),(708,1790,50,7),(709,2190,50,10),(710,2190,50,11),(711,2000,50,15),(712,2000,50,16),(713,2000,50,17),(714,550,50,18),(715,550,50,19),(716,550,50,20),(717,550,50,21),(718,550,50,22),(719,550,50,23),(720,890,50,24),(721,890,50,25),(722,890,50,26),(723,2100,50,27),(724,2790,50,31),(725,2690,50,33),(726,2790,50,34),(727,2790,50,35),(728,2890,50,36),(729,2890,50,37),(730,550,50,39),(731,550,50,40),(732,550,50,41),(733,2990,50,42),(734,2990,50,43),(735,2990,50,44),(736,2990,50,45),(737,2990,50,46),(738,2990,50,47),(739,1790,51,4),(740,6490,51,13),(741,1700,51,15),(742,1700,51,16),(743,1700,51,17),(744,2490,51,37),(745,2000,52,5),(746,14500,52,6),(747,1800,52,7),(748,7100,52,12),(749,2398,52,35),(750,13900,52,36),(751,2790,52,37),(752,2190,53,15),(753,2190,53,16),(754,2190,53,17),(755,5900,53,28),(756,2900,53,36),(757,1600,54,4),(758,1600,54,5),(759,1600,54,6),(760,1400,54,7),(761,2000,54,10),(762,2000,54,11),(763,5890,54,12),(764,6790,54,13),(765,10900,54,14),(766,1700,54,15),(767,1700,54,16),(768,1700,54,17),(769,490,54,18),(770,490,54,19),(771,490,54,20),(772,490,54,21),(773,490,54,22),(774,490,54,23),(775,790,54,24),(776,790,54,25),(777,790,54,26),(778,4990,54,27),(779,4590,54,28),(780,2490,54,31),(781,2490,54,34),(782,2490,54,35),(783,2490,54,36),(784,2490,54,37),(785,2490,54,38),(786,490,54,39),(787,490,54,40),(788,490,54,41),(789,2690,54,42),(790,2690,54,43),(791,2690,54,44),(792,2690,54,45),(793,2690,54,46),(794,2690,54,47),(795,690,55,39),(796,690,55,40),(797,690,55,41),(798,2000,56,4),(799,2000,56,5),(800,2000,56,6),(801,1800,56,7),(802,2600,56,9),(803,2600,56,10),(804,2900,56,11),(805,7100,56,12),(806,8900,56,13),(807,14500,56,14),(808,2300,56,15),(809,2300,56,16),(810,2300,56,17),(811,620,56,18),(812,620,56,19),(813,620,56,20),(814,620,56,21),(815,620,56,22),(816,620,56,23),(817,990,56,24),(818,990,56,25),(819,990,56,26),(820,4990,56,27),(821,4590,56,28),(822,2290,56,31),(823,2398,56,34),(824,2398,56,35),(825,2891,56,36),(826,2790,56,37),(827,2230,56,38),(828,549,56,39),(829,549,56,40),(830,549,56,41),(831,3800,56,42),(832,3800,56,43),(833,3800,56,44),(834,3800,56,45),(835,3800,56,46),(836,3800,56,47),(837,2000,57,4),(838,2000,57,5),(839,2000,57,6),(840,2600,57,10),(841,620,57,18),(842,620,57,19),(843,620,57,20),(844,620,57,21),(845,620,57,22),(846,620,57,23),(847,990,57,24),(848,990,57,25),(849,990,57,26),(850,2290,57,31),(851,2290,57,34),(852,2290,57,35),(853,2891,57,36),(854,2790,57,37),(855,1400,58,4),(856,1400,58,6),(857,1300,58,7),(858,1600,58,10),(859,1800,58,11),(860,1500,58,15),(861,1500,58,16),(862,390,58,18),(863,690,58,24),(864,690,58,25),(865,690,58,26),(866,3200,58,31),(867,3200,58,34),(868,3200,58,35),(869,3200,58,37),(870,490,58,39),(871,490,58,40),(872,490,58,41),(873,2000,59,11),(874,6790,59,13),(875,2900,60,11),(876,590,61,39),(877,590,61,40),(878,590,61,41),(879,1400,62,4),(880,1400,62,6),(881,1700,63,17),(882,490,63,18),(883,490,63,19),(884,490,63,20),(885,490,63,21),(886,490,63,22),(887,490,63,23),(888,790,63,24),(889,790,63,25),(890,790,63,26),(891,2490,63,31),(892,490,63,39),(893,490,63,40),(894,490,63,41),(895,550,64,39),(896,550,64,40),(897,550,64,41),(898,2094,65,5),(899,2094,65,7),(900,2094,65,9),(901,1113,65,24),(902,1113,65,25),(903,2094,65,27),(904,3144,65,32),(905,3144,65,33),(906,3494,65,37),(907,693,65,40),(908,693,65,41),(909,3494,65,42),(910,3494,65,43),(911,3494,65,44),(912,3494,65,45),(913,3494,65,46),(914,3494,65,47),(915,890,66,24),(916,890,66,25),(917,890,66,26),(918,460,67,18),(919,460,67,19),(920,460,67,20),(921,460,67,21),(922,460,67,22),(923,460,67,23),(924,850,67,24),(925,850,67,25),(926,850,67,26),(927,549,67,39),(928,549,67,40),(929,549,67,41),(930,2000,68,4),(931,2000,68,5),(932,2000,68,6),(933,1800,68,7),(934,9490,68,8),(935,2600,68,10),(936,2900,68,11),(937,6290,68,12),(938,7900,68,13),(939,2300,68,15),(940,2300,68,16),(941,2300,68,17),(942,620,68,18),(943,620,68,19),(944,620,68,20),(945,620,68,21),(946,620,68,22),(947,620,68,23),(948,2398,68,31),(949,2398,68,34),(950,2398,68,35),(951,2891,68,36),(952,2790,68,37),(953,2230,68,38),(954,1800,69,4),(955,1800,69,6),(956,2000,69,15),(957,2000,69,16),(958,2000,69,17),(959,2900,69,34),(960,550,69,39),(961,550,69,40),(962,550,69,41),(963,2990,69,42),(964,2990,69,43),(965,2990,69,44),(966,2990,69,45),(967,2990,69,46),(968,2990,69,47),(969,2500,70,17),(970,650,70,22),(971,650,70,23),(972,4590,70,28),(973,3200,70,31),(974,1800,71,4),(975,1800,71,5),(976,1800,71,6),(977,1700,71,7),(978,2000,71,15),(979,2000,71,16),(980,2000,71,17),(981,1990,71,27),(982,2900,71,31),(983,2900,71,35),(984,2900,71,36),(985,2900,71,37),(986,1800,72,4),(987,1900,72,6),(988,2000,72,15),(989,2000,72,16),(990,2000,72,17),(991,550,72,18),(992,550,72,19),(993,550,72,39),(994,550,72,40),(995,550,72,41),(996,1800,73,4),(997,2900,73,31),(998,1790,74,4),(999,1790,74,5),(1000,1790,74,6),(1001,1800,74,7),(1002,2190,74,27),(1003,2690,74,31),(1004,2690,74,34),(1005,2690,74,35),(1006,2690,74,37),(1007,550,74,39),(1008,550,74,40),(1009,550,74,41),(1010,1681,75,4),(1011,1681,75,5),(1012,1681,75,6),(1013,2101,75,7),(1014,6303,75,8),(1015,1681,75,9),(1016,1681,75,10),(1017,1681,75,11),(1018,5042,75,12),(1019,5042,75,13),(1020,7563,75,14),(1021,2521,75,15),(1022,2521,75,16),(1023,2521,75,17),(1024,504,75,18),(1025,504,75,19),(1026,504,75,20),(1027,504,75,21),(1028,504,75,22),(1029,504,75,23),(1030,840,75,24),(1031,840,75,25),(1032,840,75,26),(1033,2101,75,27),(1034,5462,75,28),(1035,2521,75,31),(1036,2521,75,34),(1037,2521,75,35),(1038,2941,75,36),(1039,2941,75,37),(1040,2521,75,38),(1041,504,75,39),(1042,504,75,40),(1043,504,75,41),(1044,2941,75,42),(1045,2941,75,43),(1046,2941,75,44),(1047,2941,75,45),(1048,2941,75,46),(1049,2941,75,47),(1050,1800,76,4),(1051,1900,76,6),(1052,2900,76,36),(1053,1500,77,4),(1054,1500,77,5),(1055,1500,77,15),(1056,1500,77,16),(1057,1500,77,17),(1058,390,77,18),(1059,390,77,19),(1060,390,77,20),(1061,390,77,21),(1062,390,77,22),(1063,390,77,23),(1064,3200,77,31),(1065,3200,77,34),(1066,3200,77,35),(1067,1600,78,4),(1068,1600,78,5),(1069,1600,78,6),(1070,1400,78,7),(1071,2000,78,10),(1072,2000,78,11),(1073,5890,78,12),(1074,6790,78,13),(1075,10900,78,14),(1076,1700,78,15),(1077,1700,78,16),(1078,1700,78,17),(1079,490,78,18),(1080,490,78,19),(1081,490,78,20),(1082,490,78,21),(1083,490,78,22),(1084,490,78,23),(1085,790,78,24),(1086,790,78,25),(1087,790,78,26),(1088,4990,78,27),(1089,4590,78,28),(1090,2490,78,31),(1091,2490,78,34),(1092,2490,78,35),(1093,2490,78,36),(1094,2490,78,37),(1095,2490,78,38),(1096,490,78,39),(1097,490,78,40),(1098,490,78,41),(1099,2690,78,42),(1100,2690,78,43),(1101,2690,78,44),(1102,2690,78,45),(1103,2690,78,46),(1104,2690,78,47),(1105,1600,79,4),(1106,1600,79,5),(1107,1600,79,6),(1108,1400,79,7),(1109,2000,79,10),(1110,2000,79,11),(1111,5890,79,12),(1112,6790,79,13),(1113,10900,79,14),(1114,1700,79,15),(1115,1700,79,16),(1116,1700,79,17),(1117,490,79,18),(1118,490,79,19),(1119,490,79,20),(1120,490,79,21),(1121,490,79,22),(1122,490,79,23),(1123,790,79,24),(1124,790,79,25),(1125,790,79,26),(1126,4990,79,27),(1127,4590,79,28),(1128,2490,79,31),(1129,2490,79,34),(1130,2490,79,35),(1131,2490,79,36),(1132,2490,79,37),(1133,2490,79,38),(1134,490,79,39),(1135,490,79,40),(1136,490,79,41),(1137,2690,79,42),(1138,2690,79,43),(1139,2690,79,44),(1140,2690,79,45),(1141,2690,79,46),(1142,2690,79,47),(1143,1980,80,4),(1144,1980,80,5),(1145,1980,80,6),(1146,2300,80,10),(1147,2300,80,11),(1148,1850,80,14),(1149,1850,80,15),(1150,1850,80,16),(1151,1850,80,17),(1152,2890,80,31),(1153,2890,80,33),(1154,2890,80,34),(1155,2890,80,35),(1156,2890,80,36),(1157,2890,80,37),(1158,2890,80,38),(1159,1600,81,4),(1160,1600,81,5),(1161,1600,81,6),(1162,1400,81,7),(1163,2000,81,10),(1164,1700,81,15),(1165,1700,81,16),(1166,1700,81,17),(1167,490,81,18),(1168,490,81,19),(1169,490,81,20),(1170,490,81,21),(1171,490,81,22),(1172,490,81,23),(1173,790,81,24),(1174,790,81,25),(1175,790,81,26),(1176,1990,81,27),(1177,4890,81,28),(1178,4890,81,29),(1179,4890,81,30),(1180,2490,81,31),(1181,2490,81,34),(1182,2490,81,35),(1183,2490,81,36),(1184,1984.5,82,4),(1185,1984.5,82,5),(1186,1984.5,82,6),(1187,2089.5,82,7),(1188,11014.5,82,8),(1189,2299.5,82,9),(1190,2200,82,10),(1191,2200,82,11),(1192,6709.5,82,12),(1193,7686,82,13),(1194,12064.5,82,14),(1195,2190,82,15),(1196,2190,82,16),(1197,2190,82,17),(1198,575,82,18),(1199,575,82,19),(1200,575,82,20),(1201,575,82,21),(1202,575,82,22),(1203,575,82,23),(1204,930,82,24),(1205,930,82,25),(1206,930,82,26),(1207,2100,82,27),(1208,5764.5,82,28),(1209,5764.5,82,29),(1210,5764.5,82,30),(1211,2929.5,82,31),(1212,2929.5,82,32),(1213,2929.5,82,33),(1214,2929.5,82,34),(1215,2929.5,82,35),(1216,3140,82,36),(1217,3140,82,37),(1218,575,82,39),(1219,575,82,40),(1220,575,82,41),(1221,2990,82,42),(1222,2990,82,43),(1223,2990,82,44),(1224,2990,82,45),(1225,2990,82,46),(1226,2990,82,47),(1227,15000,83,4),(1228,0,83,5),(1229,0,83,6),(1230,0,83,7),(1231,0,83,8),(1232,0,83,9),(1233,0,83,10),(1234,0,83,11),(1235,0,83,12),(1236,0,83,13),(1237,0,83,14),(1238,0,83,15),(1239,0,83,16),(1240,0,83,17),(1241,580,83,18),(1242,580,83,19),(1243,580,83,20),(1244,580,83,21),(1245,580,83,22),(1246,580,83,23),(1247,2700,83,24),(1248,2700,83,25),(1249,2700,83,26),(1250,0,83,27),(1251,0,83,28),(1252,0,83,29),(1253,0,83,30),(1254,0,83,31),(1255,0,83,32),(1256,0,83,33),(1257,0,83,34),(1258,0,83,35),(1259,0,83,36),(1260,0,83,37),(1261,0,83,38),(1262,0,83,39),(1263,0,83,40),(1264,0,83,41),(1265,0,83,42),(1266,0,83,43),(1267,0,83,44),(1268,0,83,45),(1269,0,83,46),(1270,0,83,47),(1271,1500,84,4),(1272,0,84,5),(1273,0,84,6),(1274,0,84,7),(1275,0,84,8),(1276,0,84,9),(1277,0,84,10),(1278,0,84,11),(1279,0,84,12),(1280,0,84,13),(1281,0,84,14),(1282,0,84,15),(1283,0,84,16),(1284,0,84,17),(1285,580,84,18),(1286,580,84,19),(1287,580,84,20),(1288,580,84,21),(1289,580,84,22),(1290,580,84,23),(1291,2700,84,24),(1292,2700,84,25),(1293,2700,84,26),(1294,0,84,27),(1295,0,84,28),(1296,0,84,29),(1297,0,84,30),(1298,0,84,31),(1299,0,84,32),(1300,0,84,33),(1301,0,84,34),(1302,0,84,35),(1303,0,84,36),(1304,0,84,37),(1305,0,84,38),(1306,0,84,39),(1307,0,84,40),(1308,0,84,41),(1309,0,84,42),(1310,0,84,43),(1311,0,84,44),(1312,0,84,45),(1313,0,84,46),(1314,0,84,47),(1315,392,85,4),(1316,1800,85,5),(1317,1800,85,6),(1318,1680,85,7),(1319,2300,85,8),(1321,2090,85,10),(1322,2090,85,11),(1326,1950,85,15),(1327,1950,85,16),(1328,1950,85,17),(1329,530,85,18),(1330,530,85,19),(1331,530,85,20),(1332,530,85,21),(1333,530,85,22),(1334,530,85,23),(1335,850,85,24),(1336,850,85,25),(1337,850,85,26),(1338,2100,85,27),(1342,2690,85,31),(1343,2690,85,32),(1344,2690,85,33),(1345,2690,85,34),(1346,2690,85,35),(1347,2790,85,36),(1348,2790,85,37),(1350,530,85,39),(1351,530,85,40),(1352,530,85,41),(1359,123,86,4),(1365,1990,86,10),(1367,7100,86,12),(1368,7900,86,13),(1386,3190,86,31),(1409,1990,87,10),(1411,7100,87,12),(1412,7900,87,13),(1430,3190,87,31),(1447,1990,88,10),(1448,7100,88,12),(1449,7900,88,13),(1450,3190,88,31),(1451,123,88,4),(1491,123,88,5),(1530,123,88,6),(1531,1990,5,5),(1532,1790,89,4),(1533,2135,90,4),(1534,13000,91,31),(1535,2990,82,49),(1536,13000,91,52),(1537,10000,5,52),(1538,4490,9,32),(1539,4390,9,48),(1540,4390,9,49),(1541,2094,65,6),(1542,2200,60,10),(1543,10000,48,52),(1544,2100,92,4),(1545,2100,92,5),(1546,2100,92,6),(1547,2290,92,7),(1548,8990,92,8),(1549,2290,92,9),(1550,2290,92,10),(1551,2390,92,11),(1552,6710,92,12),(1553,8686,92,13),(1554,12065,92,14),(1555,2390,92,15),(1556,2390,92,16),(1557,2390,92,17),(1558,575,92,18),(1559,575,92,19),(1560,575,92,20),(1561,575,92,21),(1562,575,92,22),(1563,575,92,23),(1564,949,92,24),(1565,949,92,25),(1566,949,92,26),(1567,2290,92,27),(1568,3190,92,31),(1569,3190,92,32),(1570,3190,92,33),(1571,3190,92,34),(1572,3190,92,35),(1573,3190,92,36),(1574,3190,92,37),(1575,575,92,39),(1576,575,92,40),(1577,575,92,41),(1578,2990,92,42),(1579,2990,92,43),(1580,2990,92,44),(1581,2990,92,45),(1582,2990,92,46),(1583,2990,92,47),(1584,2990,92,48),(1585,2990,92,49),(1586,2900,71,34),(1587,3100,5,37);
/*!40000 ALTER TABLE `ventas_listaprecioproducto` ENABLE KEYS */;
UNLOCK TABLES;

--
-- Table structure for table `ventas_ordendeventa`
--

DROP TABLE IF EXISTS `ventas_ordendeventa`;
/*!40101 SET @saved_cs_client     = @@character_set_client */;
/*!40101 SET character_set_client = utf8 */;
CREATE TABLE `ventas_ordendeventa` (
  `id` bigint(20) NOT NULL AUTO_INCREMENT,
  `fecha` date NOT NULL,
  `condiciones` longtext,
  `n_orden_cliente` varchar(255) NOT NULL,
  `cliente_id` bigint(20) DEFAULT NULL,
  `local_id` bigint(20) DEFAULT NULL,
  `lugar_id` bigint(20) DEFAULT NULL,
  `estado` varchar(255) NOT NULL,
  `entregado_id` int(11) DEFAULT NULL,
  `fecha_e` datetime(6) DEFAULT NULL,
  `fecha_f` date DEFAULT NULL,
  `complitud` double NOT NULL,
  `envio` double NOT NULL,
  PRIMARY KEY (`id`),
  KEY `ventas_ordendeventa_cliente_id_5a89c1ce_fk_clientes_cliente_id` (`cliente_id`),
  KEY `ventas_ordendeventa_local_id_f11973af_fk_clientes_` (`local_id`),
  KEY `ventas_ordendeventa_lugar_id_6ca5c8bb_fk_inventario_bodega_id` (`lugar_id`),
  KEY `ventas_ordendeventa_entregado_id_db446c92_fk_auth_user_id` (`entregado_id`),
  CONSTRAINT `ventas_ordendeventa_cliente_id_5a89c1ce_fk_clientes_cliente_id` FOREIGN KEY (`cliente_id`) REFERENCES `clientes_cliente` (`id`),
  CONSTRAINT `ventas_ordendeventa_entregado_id_db446c92_fk_auth_user_id` FOREIGN KEY (`entregado_id`) REFERENCES `auth_user` (`id`),
  CONSTRAINT `ventas_ordendeventa_local_id_f11973af_fk_clientes_` FOREIGN KEY (`local_id`) REFERENCES `clientes_clientelocal` (`id`),
  CONSTRAINT `ventas_ordendeventa_lugar_id_6ca5c8bb_fk_inventario_bodega_id` FOREIGN KEY (`lugar_id`) REFERENCES `inventario_bodega` (`id`)
) ENGINE=InnoDB AUTO_INCREMENT=240 DEFAULT CHARSET=utf8;
/*!40101 SET character_set_client = @saved_cs_client */;

--
-- Dumping data for table `ventas_ordendeventa`
--

LOCK TABLES `ventas_ordendeventa` WRITE;
/*!40000 ALTER TABLE `ventas_ordendeventa` DISABLE KEYS */;
INSERT INTO `ventas_ordendeventa` VALUES (2,'2021-11-10','','JUMPSELLER2265',170,5,4,'Facturado',NULL,NULL,NULL,0,0),(3,'2021-11-10','','4774870979',167,6,4,'Pickeado',NULL,NULL,NULL,0,0),(4,'2021-11-10','','JUMPSELLER2263',170,7,4,'Pickeado',NULL,NULL,NULL,0,0),(5,'2021-11-10','','',240,8,4,'Pendiente',NULL,NULL,NULL,0,0),(6,'2021-11-10','','',233,9,3,'Pickeado',NULL,NULL,NULL,0,0),(7,'2021-11-10',NULL,'JUMPSELLER2241',170,10,4,'Pendiente',NULL,NULL,NULL,0,0),(8,'2021-11-10','','',95,11,4,'Pickeado',NULL,NULL,NULL,0,0),(9,'2021-11-10','','',232,12,4,'Pickeado',NULL,NULL,NULL,0,0),(13,'2021-11-17','','',102,16,4,'Facturado',NULL,NULL,NULL,0,0),(14,'2021-11-17','','',170,14,4,'Pendiente',NULL,NULL,NULL,0,0),(15,'2021-11-17','','JUMPSELLER2283',170,17,4,'Boleteado',NULL,NULL,NULL,0,0),(16,'2021-11-17','','JUMPSELLER2282',170,5,4,'Boleteado',NULL,NULL,NULL,0,0),(17,'2021-11-17','','JUMPSELLER2281',170,18,4,'Boleteado',NULL,NULL,NULL,0,0),(18,'2021-11-17','','',141,19,4,'Facturado',NULL,NULL,NULL,0,0),(19,'2021-11-17','','',108,20,4,'Pickeado',NULL,NULL,NULL,0,0),(20,'2021-11-17','','',110,21,4,'Pickeado',NULL,NULL,NULL,0,0),(21,'2021-11-17','','',180,22,4,'Pickeado',NULL,NULL,NULL,0,0),(22,'2021-11-17','','',181,23,4,'Pickeado',NULL,NULL,NULL,0,0),(23,'2021-11-24','','',149,24,4,'Entregado',45,'2021-11-24 14:55:29.328772','2021-11-24',0,0),(24,'2021-11-24','','JUMPSELLER2294',170,25,4,'Entregado',45,'2021-11-24 15:30:59.704851','2021-11-24',0,0),(25,'2021-11-24','','JUMPSELLER2289',170,26,4,'Entregado',45,'2021-11-24 16:35:00.792801','2021-11-24',0,0),(26,'2021-11-24','','JUMPSELLER2292',170,27,4,'Entregado',45,'2021-11-24 16:00:48.635852','2021-11-24',0,0),(27,'2021-11-24','','',157,28,4,'Entregado',45,'2021-11-24 16:56:36.588833','2021-11-24',0,0),(28,'2021-11-24','','',58,29,4,'Entregado',45,'2021-11-24 15:10:48.074458','2021-11-24',0,0),(29,'2021-11-24','','',143,30,4,'Entregado',45,'2021-11-24 16:21:53.723789','2021-11-24',0,0),(30,'2021-11-24','','',102,16,4,'Entregado',45,'2021-11-25 09:54:31.464905','2021-11-24',0,0),(31,'2021-11-24','','',102,16,4,'Entregado',45,'2021-11-25 10:21:01.200417','2021-11-24',0,0),(32,'2021-11-24','','JUMPSELLER2285',170,31,4,'Entregado',45,'2021-11-25 11:43:55.670923','2021-11-24',0,0),(33,'2021-11-24','','',180,22,4,'Entregado',45,'2021-11-25 10:46:46.409387','2021-11-24',0,0),(34,'2021-11-24','','',124,32,4,'Entregado',45,'2021-11-25 16:22:57.180690','2021-11-24',0,0),(35,'2021-11-24','','',123,33,4,'Entregado',45,'2021-11-25 12:55:02.325837','2021-11-24',0,0),(36,'2021-11-24','','JUMPSELLER2295',170,34,4,'Entregado',45,'2021-11-25 13:01:08.718878','2021-11-24',0,0),(37,'2021-11-24','','',234,35,4,'Entregado',45,'2021-11-25 16:22:46.961070','2021-11-24',0,0),(38,'2021-11-24','','',164,36,4,'Entregado',45,'2021-11-25 14:25:25.190325','2021-11-24',0,0),(39,'2021-11-24','','',118,37,4,'Entregado',45,'2021-11-25 13:57:44.398008','2021-11-24',0,0),(40,'2021-11-24','','',52,38,4,'Entregado',45,'2021-11-25 14:49:43.935709','2021-11-24',2.6,0),(41,'2021-11-24','','JUMPSELLER2290',170,39,4,'Entregado',45,'2021-11-25 13:37:31.655706','2021-11-24',0,0),(42,'2021-11-24','','JUMPSELLER2287',170,40,4,'Boleteado',45,'2021-11-25 16:23:26.298481','2021-11-24',0,0),(43,'2021-11-24','','',248,41,4,'Entregado',45,'2021-11-25 15:08:34.614529','2021-11-24',0,0),(44,'2021-11-25','','',249,42,4,'Entregado',45,'2021-11-25 12:55:26.013116','2021-11-25',0,0),(45,'2021-11-24','','',246,43,4,'Entregado',39,'2021-11-25 14:20:38.719908','2021-11-24',0,0),(46,'2021-11-24','','',138,44,4,'Entregado',39,'2021-11-25 13:57:44.354005','2021-11-24',0,0),(47,'2021-11-24','','',138,44,4,'Entregado',39,'2021-11-25 13:57:34.909136','2021-11-24',0,0),(48,'2021-11-25','','',231,45,4,'Entregado',45,'2021-11-25 11:24:48.637703','2021-11-25',0,0),(49,'2021-11-25','','',187,46,3,'Entregado',39,'2021-11-25 13:57:28.408153','2021-11-25',66.67,0),(50,'2021-11-25','','',202,47,3,'Entregado',39,'2021-11-29 11:48:05.829204','2021-11-25',0,0),(51,'2021-11-25','','',250,48,3,'Facturado',NULL,NULL,'2021-11-29',0,0),(52,'2021-11-29','','7000301813',167,49,3,'Pendiente',NULL,NULL,NULL,0,0),(53,'2021-11-25','','7000302116',167,49,3,'Pendiente',NULL,NULL,NULL,0,0),(54,'2021-11-25','','7000301599',167,50,3,'Pendiente',NULL,NULL,NULL,0,0),(55,'2021-11-25','','7000301797',167,50,3,'Pendiente',NULL,NULL,NULL,0,0),(56,'2021-11-25','','5573870643',168,51,3,'Pendiente',NULL,NULL,NULL,0,0),(57,'2021-11-25','','5573720898',168,51,3,'Pendiente',NULL,NULL,NULL,0,0),(58,'2021-11-25','','',219,52,3,'Entregado',39,'2022-01-20 15:10:53.070815','2021-11-29',0,0),(59,'2021-11-25','','1300632393',169,53,3,'Entregado',39,'2021-11-26 14:27:02.530148','2021-11-25',0,0),(60,'2021-11-25','','1300632354',169,53,3,'Entregado',39,'2021-11-26 14:27:06.959175','2021-11-25',0,0),(61,'2021-11-25','','JUMPSELLER2293',170,54,3,'Entregado',39,'2021-11-29 11:48:08.868196','2021-11-25',0,0),(62,'2021-11-25','','',147,55,3,'Entregado',39,'2021-11-29 11:48:11.384748','2021-11-25',0,0),(63,'2021-11-29','','5573922857',168,56,3,'Pendiente',NULL,NULL,NULL,0,0),(64,'2021-11-29','','5573922858',168,56,3,'Pendiente',NULL,NULL,NULL,3.88,0),(65,'2021-12-01','','',45,57,3,'Entregado',45,'2021-12-09 10:00:21.222558','2021-12-01',0,0),(66,'2021-12-01','','',102,16,3,'Entregado',45,'2021-12-02 10:00:39.478684','2021-12-01',0,0),(67,'2021-12-01','','',115,58,3,'Entregado',45,'2021-12-09 10:00:18.611822','2021-12-01',0,0),(68,'2021-12-01','','JUMPSELLER2303',170,27,3,'Entregado',45,'2021-12-09 10:00:15.976938','2021-12-01',0,0),(69,'2021-12-01','','',141,19,3,'Entregado',45,'2021-12-09 10:00:13.342184','2021-12-01',0,0),(70,'2021-12-01','','',194,59,3,'Entregado',45,'2021-12-09 10:00:11.016859','2021-12-01',0,0),(71,'2021-12-01','','JUMPSELLER2305',170,60,3,'Entregado',45,'2021-12-09 10:00:08.378028','2021-12-01',0,0),(72,'2021-12-01','','',124,32,3,'Entregado',45,'2021-12-02 13:01:02.295562','2021-12-01',0,0),(73,'2021-12-01','','',118,37,3,'Entregado',45,'2021-12-02 11:08:37.702073','2021-12-01',0,0),(74,'2021-12-01','','',123,33,3,'Entregado',45,'2021-12-02 11:46:27.525542','2021-12-01',0,0),(75,'2021-12-01','','',180,22,3,'Entregado',45,'2021-12-02 10:00:21.555508','2021-12-01',0,0),(76,'2021-12-01','','JUMPSELLER2296',170,61,3,'Entregado',45,'2021-12-02 11:25:45.138718','2021-12-01',0,0),(77,'2021-12-01','','JUMPSELLER2300',170,62,3,'Entregado',45,'2021-12-02 12:21:26.615858','2021-12-01',0,0),(78,'2021-12-01',NULL,'JUMPSELLER2301',170,63,3,'Entregado',45,'2021-12-02 10:32:30.296940','2021-12-01',0,0),(79,'2021-12-01','','',251,64,3,'Entregado',45,'2021-12-02 12:09:38.839535','2021-12-01',0,0),(80,'2021-12-01','','',252,65,3,'Entregado',45,'2021-12-02 12:38:58.672339','2021-12-01',0,0),(81,'2021-12-06','','',219,52,3,'Entregado',45,'2021-12-09 09:59:53.378553','2021-12-06',0,0),(82,'2021-12-06','','5574012893',168,51,3,'Entregado',45,'2021-12-09 09:59:48.593483','2021-12-06',0,0),(83,'2021-12-06','','5573897947',168,51,3,'Entregado',45,'2021-12-09 09:59:57.256531','2021-12-06',0,0),(84,'2021-12-06','','7000303160',167,49,3,'Entregado',45,'2021-12-09 09:59:45.229644','2021-12-06',0,0),(85,'2021-12-09','','',102,16,3,'Entregado',45,'2021-12-09 14:13:31.282114','2021-12-09',0,0),(86,'2021-12-09','','JUMPSELLER2313',170,5,3,'Entregado',45,'2021-12-09 14:13:36.628123','2021-12-09',0,0),(87,'2021-12-09','','',251,64,3,'Entregado',45,'2021-12-09 14:13:25.087821','2021-12-09',0,0),(88,'2021-12-09','','',124,32,3,'Entregado',45,'2021-12-09 15:49:24.673411','2021-12-09',0,0),(89,'2021-12-09','','',123,33,3,'Entregado',45,'2021-12-09 16:03:54.584027','2021-12-09',0,0),(91,'2021-12-09','','',56,66,3,'Entregado',45,'2021-12-09 14:13:18.493456','2021-12-09',0,0),(92,'2021-12-09','','JUMPSELLER2312',170,67,3,'Entregado',45,'2021-12-09 14:59:21.531422','2021-12-09',0,0),(93,'2021-12-09','','JUMPSELLER2309',170,68,3,'Entregado',45,'2021-12-09 15:22:06.677699','2021-12-09',0,0),(94,'2021-12-09','','',155,69,3,'Entregado',45,'2021-12-09 16:24:48.666270','2021-12-09',0,0),(95,'2021-12-09','','',80,70,3,'Entregado',45,'2021-12-09 17:29:58.497558','2021-12-09',0,0),(96,'2021-12-09','','',80,70,3,'Entregado',45,'2021-12-09 17:29:50.168598','2021-12-09',0,0),(97,'2021-12-09','','',231,45,3,'Entregado',45,'2021-12-09 14:11:30.310405','2021-12-09',0,0),(98,'2021-12-09','','',187,46,3,'Entregado',45,'2021-12-09 14:11:24.630021','2021-12-09',0,0),(99,'2021-12-09','','',110,21,3,'Entregado',45,'2021-12-09 14:11:13.531378','2021-12-09',0,0),(100,'2021-12-09','','',108,20,3,'Entregado',45,'2021-12-09 14:32:14.067828','2021-12-09',0,0),(101,'2021-12-10','','5573964862',168,51,3,'Entregado',45,'2021-12-10 17:39:09.021013','2021-12-10',0,0),(102,'2021-12-10','','JUMPSELLER2311',170,27,3,'Entregado',45,'2021-12-10 15:10:53.906326','2021-12-10',0,0),(103,'2021-12-10','','',224,71,3,'Entregado',45,'2021-12-10 14:23:49.822715','2021-12-10',0,0),(104,'2021-12-10','','',143,30,3,'Entregado',45,'2021-12-10 15:11:00.699753','2021-12-10',0,0),(105,'2021-12-10','','',210,72,3,'Entregado',45,'2021-12-10 14:23:41.122617','2021-12-10',0,0),(106,'2021-12-10','','',220,73,3,'Entregado',45,'2021-12-10 15:11:05.660891','2021-12-10',0,0),(107,'2021-12-10','','',214,74,3,'Entregado',45,'2021-12-10 14:23:25.202952','2021-12-10',0,0),(108,'2021-12-10','','',240,8,3,'Entregado',39,'2021-12-10 17:48:58.874794','2021-12-10',0,0),(109,'2021-12-10','','',157,28,3,'Facturado',NULL,NULL,'2021-12-10',0,0),(111,'2021-12-13','','7000304383',167,49,3,'Entregado',45,'2021-12-13 16:22:18.752320','2021-12-13',0,0),(112,'2021-12-13','','',124,32,3,'Entregado',45,'2021-12-13 12:03:22.048558','2021-12-13',0,0),(113,'2021-12-13','','',123,33,3,'Entregado',45,'2021-12-13 11:43:15.242008','2021-12-13',0,0),(114,'2021-12-13','','',23,75,3,'Entregado',45,'2021-12-13 11:43:09.307770','2021-12-13',0,0),(115,'2021-12-13','','',95,11,3,'Entregado',45,'2021-12-13 12:34:29.294640','2021-12-13',0,0),(119,'2021-12-30','','5574129414',168,56,3,'Entregado',39,'2022-01-04 17:49:32.140281','2022-01-04',0,0),(120,'2021-12-30','','5574129413',168,56,3,'Entregado',39,'2022-01-04 17:50:08.025433','2022-01-04',0,0),(121,'2021-12-30','','7000308352',167,49,3,'Entregado',39,'2022-01-05 10:52:44.384401','2022-01-03',0,0),(122,'2021-12-30','','7000308645',167,49,3,'Entregado',39,'2022-01-11 15:07:30.941861','2022-01-04',0,0),(123,'2022-01-03','','JUMPSELLER2330',170,77,3,'Entregado',45,'2022-01-06 14:51:13.485295','2022-01-03',0,0),(124,'2022-01-03','','JUMPSELLER2332',170,78,3,'Entregado',45,'2022-01-06 15:30:38.870975','2022-01-03',0,0),(127,'2022-01-03','','JUMPSELLER2333',170,80,3,'Entregado',45,'2022-01-06 14:37:24.196855','2022-01-03',0,0),(128,'2022-01-03','','',214,74,3,'Entregado',45,'2022-01-06 13:02:51.407257','2022-01-03',0,0),(129,'2022-01-03','','',2,81,3,'Entregado',39,'2022-01-06 14:19:07.069908','2022-01-03',0,0),(130,'2022-01-03','','5574180339',168,56,3,'Entregado',39,'2022-01-05 17:04:54.854101','2022-01-05',0,0),(131,'2022-01-03','','5574180338',168,56,3,'Entregado',39,'2022-01-05 17:05:04.186715','2022-01-05',0,0),(132,'2022-01-07','','',102,16,3,'Entregado',45,'2022-01-07 14:10:51.859623','2022-01-07',0,0),(133,'2022-01-03','','',37,82,3,'Entregado',45,'2022-01-06 12:29:44.403237','2022-01-03',0,0),(134,'2022-01-03','','',253,83,3,'Entregado',45,'2022-01-06 13:03:03.776286','2022-01-03',0,0),(135,'2022-01-03','','correo030122',180,22,3,'Entregado',45,'2022-01-05 13:34:18.669001','2022-01-05',0,0),(136,'2022-01-04','','correo030122',109,84,3,'Entregado',45,'2022-01-06 09:59:04.384660','2022-01-05',0,0),(137,'2022-01-04','','correo040122',254,85,3,'Entregado',45,'2022-01-06 11:27:42.354019','2022-01-05',0,0),(138,'2022-01-04','','correo040122',255,86,3,'Entregado',45,'2022-01-06 11:41:26.100078','2022-01-05',0,0),(139,'2022-01-04','','',177,87,3,'Entregado',39,'2022-01-05 10:57:20.919595','2022-01-04',83.33,0),(140,'2022-01-04','','',155,69,3,'Entregado',45,'2022-01-06 10:57:52.985925','2022-01-05',0,0),(141,'2022-01-04','','JUMPSELLER2334',170,54,3,'Entregado',45,'2022-01-06 10:58:00.629578','2022-01-05',0,0),(142,'2022-01-04','','',236,88,3,'Entregado',45,'2022-01-05 13:23:53.596283','2022-01-05',0,0),(143,'2022-01-04','','',210,72,3,'Entregado',45,'2022-01-06 13:11:06.320889','2022-01-05',0,0),(144,'2022-01-04','','',187,46,3,'Entregado',45,'2022-01-05 12:48:39.954444','2022-01-05',0,0),(145,'2022-01-04','','',138,44,3,'Entregado',45,'2022-01-05 12:08:54.825564','2022-01-05',0,0),(146,'2022-01-04','','',147,55,3,'Entregado',45,'2022-01-06 10:57:38.505861','2022-01-05',0,0),(147,'2022-01-04','','JUMPSELLER2336',170,89,3,'Entregado',45,'2022-01-06 14:37:31.998367','2022-01-05',0,0),(148,'2022-01-04','','JUMPSELLER2335',170,90,3,'Entregado',45,'2022-01-07 14:08:41.036881','2022-01-05',0,0),(149,'2022-01-04','','correo040122',23,75,3,'Entregado',45,'2022-01-06 11:47:22.741361','2022-01-05',0,0),(150,'2022-01-05','','',231,45,3,'Entregado',45,'2022-01-05 13:24:01.037748','2022-01-05',0,0),(152,'2022-01-05','','7000309473',167,49,3,'Pendiente',NULL,NULL,NULL,0,0),(154,'2022-01-05','','correo050122',256,91,3,'Entregado',45,'2022-01-06 10:57:27.388371','2022-01-05',0,0),(155,'2022-01-05','','',143,30,3,'Entregado',45,'2022-01-06 13:52:23.245700','2022-01-05',0,0),(156,'2022-01-05','','',115,58,3,'Entregado',45,'2022-01-06 13:52:30.069538','2022-01-05',0,0),(158,'2022-01-06','','correo060122',258,93,3,'Entregado',45,'2022-01-12 13:27:00.675467','2022-01-11',0,0),(159,'2022-01-06','','correo060122',259,94,3,'Entregado',45,'2022-01-12 14:31:19.950790','2022-01-11',0,0),(160,'2022-01-06','','correo060122',257,92,3,'Entregado',45,'2022-01-12 14:31:11.988274','2022-01-11',0,0),(161,'2022-01-06','','',122,95,3,'Entregado',39,'2022-01-06 14:19:12.023382','2022-01-06',0,0),(163,'2022-01-06','','',141,19,3,'Entregado',45,'2022-01-06 17:56:41.117737','2022-01-06',0,0),(164,'2022-01-06','','',194,59,3,'Entregado',45,'2022-01-06 18:19:29.419636','2022-01-06',0,0),(165,'2022-01-06','','',177,87,3,'Entregado',39,'2022-01-06 16:00:21.370137','2022-01-06',0,0),(166,'2022-01-07','','7000309228',167,50,3,'Entregado',45,'2022-01-07 15:00:55.322028','2022-01-07',0,0),(167,'2022-01-07','','7000309454',167,50,3,'Entregado',45,'2022-01-07 15:00:49.722360','2022-01-07',0,0),(168,'2022-01-07','','5574224299',168,56,3,'Entregado',39,'2022-01-11 15:05:11.353176','2022-01-11',0,0),(169,'2022-01-07','','5574224298',168,56,3,'Entregado',39,'2022-01-11 15:05:15.725820','2022-01-11',0,0),(170,'2022-01-07','','JUMPSELLER2337',170,96,3,'Asignado',NULL,NULL,'2022-01-11',0,0),(171,'2022-01-10','','correo100122',108,20,3,'Entregado',45,'2022-01-13 13:09:05.895378','2022-01-12',0,0),(172,'2022-01-10','','correo100122',110,21,3,'Entregado',45,'2022-01-13 11:15:23.122774','2022-01-12',0,0),(173,'2022-01-11','','correo100122',109,84,3,'Entregado',45,'2022-01-13 10:12:53.006149','2022-01-12',0,0),(174,'2022-01-10','','correo100122',251,64,3,'Entregado',45,'2022-01-12 13:51:11.752822','2022-01-11',0,0),(175,'2022-01-10','','correo100122',124,32,3,'Entregado',45,'2022-01-14 15:38:07.425223','2022-01-14',0,0),(176,'2022-01-10','','correo100122',123,33,3,'Entregado',45,'2022-01-13 14:02:40.107743','2022-01-11',0,0),(178,'2022-01-10','','7000309473',167,49,3,'Entregado',39,'2022-01-18 16:54:07.458007','2022-01-10',0,0),(179,'2022-01-10','','7000309660',167,49,3,'Entregado',39,'2022-01-18 16:54:14.493177','2022-01-11',0,0),(180,'2022-01-10','','5574236299',168,56,3,'Entregado',39,'2022-01-12 12:16:18.453261','2022-01-12',0,0),(181,'2022-01-10','','5574236300',168,56,3,'Entregado',39,'2022-01-12 12:16:02.615062','2022-01-12',0,0),(182,'2022-01-10','','',217,99,3,'Entregado',45,'2022-01-13 15:36:56.109622','2022-01-11',0,0),(183,'2022-01-10','','',138,44,3,'Entregado',39,'2022-01-14 10:46:57.250088','2022-01-11',0,0),(184,'2022-01-10','','',177,87,3,'Entregado',39,'2022-01-14 10:47:08.786247','2022-01-11',0,0),(185,'2022-01-10','','JUMPSELLER2338',170,18,3,'Entregado',45,'2022-01-13 12:07:04.732790','2022-01-11',0,0),(186,'2022-01-10','','JUMPSELLER2339',170,5,3,'Entregado',45,'2022-01-13 12:35:03.562558','2022-01-11',0,0),(187,'2022-01-10','','JUMPSELLER2340',170,100,3,'Entregado',45,'2022-01-13 11:15:37.542730','2022-01-11',0,0),(188,'2022-01-10','','correo100122',180,22,3,'Entregado',45,'2022-01-13 14:02:45.224786','2022-01-11',0,0),(189,'2022-01-10','','correo100122',261,101,3,'Entregado',39,'2022-01-19 09:50:56.375840','2022-01-14',0,0),(191,'2022-01-11','','correo110122',248,41,3,'Entregado',45,'2022-01-13 13:25:57.626361','2022-01-11',0,0),(192,'2022-01-11','','',102,16,3,'Entregado',39,'2022-01-12 13:28:53.553173','2022-01-11',0,0),(193,'2022-01-11','','',234,35,3,'Entregado',45,'2022-01-14 17:34:39.912843','2022-01-14',0,0),(194,'2022-01-11','','JUMPSELLER2342',170,102,3,'Entregado',45,'2022-01-12 12:51:03.709424','2022-01-11',0,0),(195,'2022-01-11','','7000310775',167,49,3,'Entregado',39,'2022-01-19 09:18:02.621673','2022-01-17',0,0),(196,'2022-01-12','','',115,58,3,'Entregado',45,'2022-01-14 14:35:22.833662','2022-01-14',0,0),(198,'2022-01-12','','',157,28,3,'Entregado',45,'2022-01-14 14:48:07.881791','2022-01-14',0,0),(199,'2022-01-12',NULL,'JUMPSELLER2343',170,7,3,'Entregado',45,'2022-01-13 15:16:47.173099','2022-01-12',0,0),(200,'2022-01-12','','',143,30,3,'Entregado',45,'2022-01-14 15:27:58.336649','2022-01-14',0,0),(201,'2022-01-12','','',262,103,3,'Entregado',45,'2022-01-14 17:34:36.290236','2022-01-14',0,0),(202,'2022-01-12','','',260,97,3,'Entregado',45,'2022-01-14 14:35:32.972123','2022-01-14',0,0),(203,'2022-01-13','','correo120122',52,38,3,'Entregado',45,'2022-01-14 16:22:38.421255','2022-01-14',0,0),(204,'2022-01-12','','JUMPSELLER2344',170,104,3,'Entregado',45,'2022-01-13 14:42:13.192441','2022-01-12',0,0),(205,'2022-01-13','','',224,71,3,'Entregado',45,'2022-01-14 15:28:10.682227','2022-01-14',0,0),(206,'2022-01-14','','',150,105,3,'Entregado',45,'2022-01-14 17:34:30.718357','2022-01-14',0,0),(208,'2022-01-14','','5574252722',168,56,3,'Entregado',39,'2022-01-19 09:17:30.498888','2022-01-17',0,0),(209,'2022-01-14','','5574252723',168,56,3,'Entregado',39,'2022-01-19 09:17:37.491741','2022-01-18',0,0),(210,'2022-01-14','','7000311193',167,49,3,'Asignado',NULL,NULL,'2022-01-18',0,0),(211,'2022-01-17','','correo170122',109,84,3,'Entregado',45,'2022-01-20 09:55:40.021152','2022-01-19',0,0),(212,'2022-01-17','','correo170122',123,33,3,'Entregado',45,'2022-01-20 11:40:00.707838','2022-01-19',0,0),(213,'2022-01-17','','JUMPSELLER2345',170,34,3,'Boleteado',NULL,NULL,'2022-01-17',0,0),(214,'2022-01-17','','',118,37,3,'Entregado',45,'2022-01-20 10:41:37.862155','2022-01-17',0,0),(215,'2022-01-17','','',230,106,3,'Entregado',45,'2022-01-20 12:47:34.942602','2022-01-19',0,0),(216,'2022-01-17','','',194,59,3,'Entregado',45,'2022-01-20 12:34:38.504458','2022-01-19',0,0),(217,'2022-01-17','','JUMPSELLER2348',170,107,3,'Entregado',45,'2022-01-20 10:43:06.741395','2022-01-17',0,0),(218,'2022-01-19','','JUMPSELLER2349',170,108,3,'Entregado',45,'2022-01-20 13:20:32.408812','2022-01-19',0,0),(219,'2022-01-17','','5574159439',168,56,3,'Asignado',NULL,NULL,'2022-01-18',0,0),(220,'2022-01-17','','5574184942',168,56,3,'Asignado',NULL,NULL,'2022-01-18',0,0),(221,'2022-01-17','','',202,47,3,'Entregado',45,'2022-01-20 11:26:32.685695','2022-01-19',0,0),(222,'2022-01-20','Agregar 1 unidad brie con 100% dcto','correo170122',180,22,3,'Pendiente',NULL,NULL,NULL,0,0),(223,'2022-01-17','','correo170122',39,109,3,'Pendiente',NULL,NULL,NULL,0,0),(224,'2022-01-18','','correo180121',82,110,3,'Entregado',48,'2022-01-20 15:55:12.847321','2022-01-20',0,0),(225,'2022-01-18','','correo180121',256,91,3,'Entregado',48,'2022-01-20 16:35:40.874368','2022-01-19',0,0),(226,'2022-01-18','','',210,72,3,'Pendiente',NULL,NULL,NULL,0,0),(227,'2022-01-18','','',224,71,3,'Entregado',45,'2022-01-20 11:54:21.205610','2022-01-19',0,0),(228,'2022-01-19','','correo190122',259,94,3,'Pendiente',NULL,NULL,NULL,0,0),(229,'2022-01-19','','correo190122',257,92,3,'Facturado',NULL,NULL,'2022-01-19',0,0),(230,'2022-01-19','','correo190122',258,93,3,'Pendiente',NULL,NULL,NULL,0,0),(231,'2022-01-20','Despachar desde Lunes 24 de enero','correo190122',263,111,3,'Pendiente',NULL,NULL,NULL,0,0),(232,'2022-01-19','','',138,44,3,'Entregado',45,'2022-01-20 09:19:21.824983','2022-01-19',0,0),(233,'2022-01-19','','7000312062',167,49,3,'Pendiente',NULL,NULL,NULL,0,0),(234,'2022-01-19','','7000312292',167,49,3,'Pendiente',NULL,NULL,NULL,0,0),(235,'2022-01-19','','',143,30,3,'Entregado',45,'2022-01-20 12:15:53.106240','2022-01-19',0,0),(236,'2022-01-19','','',231,45,3,'Pendiente',NULL,NULL,NULL,0,0),(237,'2022-01-19','','JUMPSELLER2350',170,54,3,'Entregado',39,'2022-01-20 15:11:00.525967','2022-01-19',0,0),(238,'2022-01-19','','correo190122',18,112,3,'Entregado',48,'2022-01-20 16:18:09.299488','2022-01-20',0,0),(239,'2022-01-20','Agregar 10 unidades provoleta con 100% dcto','correo190122',156,113,3,'Entregado',48,'2022-01-20 16:56:24.647091','2022-01-20',0,0);
/*!40000 ALTER TABLE `ventas_ordendeventa` ENABLE KEYS */;
UNLOCK TABLES;

--
-- Table structure for table `ventas_ordendeventacajalote`
--

DROP TABLE IF EXISTS `ventas_ordendeventacajalote`;
/*!40101 SET @saved_cs_client     = @@character_set_client */;
/*!40101 SET character_set_client = utf8 */;
CREATE TABLE `ventas_ordendeventacajalote` (
  `id` bigint(20) NOT NULL AUTO_INCREMENT,
  `caja_id` bigint(20) NOT NULL,
  `orden_id` bigint(20) NOT NULL,
  `cantidad` int(11) NOT NULL,
  `cerrada` tinyint(1) NOT NULL,
  PRIMARY KEY (`id`),
  KEY `ventas_ordendeventac_caja_id_c1073076_fk_produccio` (`caja_id`),
  KEY `ventas_ordendeventac_orden_id_da4faf0e_fk_ventas_or` (`orden_id`),
  CONSTRAINT `ventas_ordendeventac_caja_id_c1073076_fk_produccio` FOREIGN KEY (`caja_id`) REFERENCES `produccion_cajalote` (`id`),
  CONSTRAINT `ventas_ordendeventac_orden_id_da4faf0e_fk_ventas_or` FOREIGN KEY (`orden_id`) REFERENCES `ventas_ordendeventa` (`id`)
) ENGINE=InnoDB DEFAULT CHARSET=utf8;
/*!40101 SET character_set_client = @saved_cs_client */;

--
-- Dumping data for table `ventas_ordendeventacajalote`
--

LOCK TABLES `ventas_ordendeventacajalote` WRITE;
/*!40000 ALTER TABLE `ventas_ordendeventacajalote` DISABLE KEYS */;
/*!40000 ALTER TABLE `ventas_ordendeventacajalote` ENABLE KEYS */;
UNLOCK TABLES;

--
-- Table structure for table `ventas_ordendeventaproducto`
--

DROP TABLE IF EXISTS `ventas_ordendeventaproducto`;
/*!40101 SET @saved_cs_client     = @@character_set_client */;
/*!40101 SET character_set_client = utf8 */;
CREATE TABLE `ventas_ordendeventaproducto` (
  `id` bigint(20) NOT NULL AUTO_INCREMENT,
  `cantidad` bigint(20) NOT NULL,
  `precio` double NOT NULL,
  `orden_id` bigint(20) NOT NULL,
  `producto_id` bigint(20) NOT NULL,
  `codigo_cliente` varchar(255) NOT NULL,
  `cantidad_fc` bigint(20) NOT NULL,
  `factura` varchar(255) NOT NULL,
  `cantidad_en` bigint(20) NOT NULL,
  `descuento` double NOT NULL,
  PRIMARY KEY (`id`),
  KEY `ventas_ordendeventap_orden_id_a832830f_fk_ventas_or` (`orden_id`),
  KEY `ventas_ordendeventap_producto_id_5e4fd6d2_fk_nucleo_pr` (`producto_id`),
  CONSTRAINT `ventas_ordendeventap_orden_id_a832830f_fk_ventas_or` FOREIGN KEY (`orden_id`) REFERENCES `ventas_ordendeventa` (`id`),
  CONSTRAINT `ventas_ordendeventap_producto_id_5e4fd6d2_fk_nucleo_pr` FOREIGN KEY (`producto_id`) REFERENCES `nucleo_producto` (`id`)
) ENGINE=InnoDB AUTO_INCREMENT=1227 DEFAULT CHARSET=utf8;
/*!40101 SET character_set_client = @saved_cs_client */;

--
-- Dumping data for table `ventas_ordendeventaproducto`
--

LOCK TABLES `ventas_ordendeventaproducto` WRITE;
/*!40000 ALTER TABLE `ventas_ordendeventaproducto` DISABLE KEYS */;
INSERT INTO `ventas_ordendeventaproducto` VALUES (2,4,2932.77,2,17,'5018882',4,'',4,0),(3,2,831.93,2,41,'4945777',2,'',2,0),(4,144,3494,3,45,'649852',144,'',0,0),(5,96,3494,3,46,'649853',96,'',0,0),(6,128,3494,3,42,'649854',128,'',0,0),(7,328,3494,3,43,'649855',328,'',0,0),(8,240,3494,3,44,'649270001',0,'',0,0),(9,10,2932.77,4,15,'5018848',150,'',0,0),(10,15,2932.77,4,17,'5018882',340,'',0,0),(11,5,1800,5,6,'',0,'',0,0),(12,4,2790,5,36,'',0,'',0,0),(13,3,1800,5,5,'',0,'',0,0),(14,5,1984.5,6,6,'',5,'',0,0),(15,4,3140,6,36,'',4,'',0,0),(16,3,1984.5,6,5,'',3,'',0,0),(17,5,1984.5,8,6,'',5,'',0,0),(18,4,3140,8,36,'',4,'',0,0),(19,3,1984.5,8,5,'',3,'',0,0),(20,5,1984.5,9,6,'',0,'',0,0),(21,4,3140,9,36,'',0,'',0,0),(22,3,1984.5,9,5,'',0,'',0,0),(38,144,575,13,19,'',144,'9006',0,0),(39,272,575,13,18,'',272,'9006',0,0),(40,3,2428.57,15,10,'4834331',3,'BE556',0,0),(41,3,2932.77,16,17,'5018882',3,'BE557',0,0),(42,1,2932.77,16,15,'5018848',1,'BE557',0,0),(43,1,2428.57,16,10,'4834331',1,'BE557',0,0),(44,7,2932.77,17,15,'5018848',7,'BE558',0,0),(45,20,1850,18,6,'',20,'9007',0,0),(46,9,1850,18,5,'',9,'9007',0,0),(47,25,1850,18,4,'',25,'9007',0,0),(48,8,1984.5,19,4,'',8,'',0,0),(49,2,3140,19,37,'',2,'',0,0),(50,4,930,19,25,'',4,'',0,0),(51,4,575,19,21,'',4,'',0,0),(52,4,575,19,20,'',4,'',0,0),(53,4,930,19,26,'',4,'',0,0),(54,2,575,19,23,'',2,'',0,0),(55,2,575,19,22,'',2,'',0,0),(56,6,930,19,24,'',6,'',0,0),(57,4,575,19,18,'',4,'',0,0),(58,10,2100,19,27,'',10,'',0,0),(59,8,2929.5,19,31,'',8,'',0,0),(60,4,2929.5,19,35,'',4,'',0,0),(61,2,2929.5,19,34,'',2,'',0,0),(62,2,575,19,40,'',2,'',0,0),(63,2,3140,20,36,'',2,'',0,0),(64,6,1984.5,20,4,'',6,'',0,0),(65,3,930,20,25,'',3,'',0,0),(66,2,575,20,23,'',2,'',0,0),(67,2,575,20,22,'',2,'',0,0),(68,6,930,20,24,'',6,'',0,0),(69,10,2100,20,27,'',10,'',0,0),(70,6,2929.5,20,31,'',6,'',0,0),(71,4,2929.5,20,35,'',4,'',0,0),(72,2,2929.5,20,34,'',2,'',0,0),(73,3,575,20,40,'',3,'',0,0),(74,14,1984.5,21,6,'',14,'',0,0),(75,10,1984.5,21,4,'',10,'',0,0),(76,10,3140,21,37,'',10,'',0,0),(77,10,2089.5,21,7,'',0,'',0,0),(78,18,2929.5,21,31,'',18,'',0,0),(79,20,1800,22,6,'',20,'',0,0),(80,20,1800,22,5,'',20,'',0,0),(81,20,1800,22,4,'',20,'',0,0),(82,16,890,22,25,'',16,'',0,0),(83,15,2000,22,16,'',15,'',0,0),(84,16,890,22,26,'',16,'',0,0),(85,15,2000,22,17,'',15,'',0,0),(86,16,890,22,24,'',16,'',0,0),(87,15,2000,22,15,'',15,'',0,0),(88,24,2990,22,45,'',24,'',0,0),(89,24,2990,22,44,'',24,'',0,0),(90,24,2990,22,46,'',24,'',0,0),(91,24,2990,22,42,'',24,'',0,0),(92,24,2990,22,47,'',24,'',0,0),(93,24,2990,22,43,'',24,'',0,0),(94,12,1990,22,27,'',12,'',0,0),(95,12,1600,22,7,'',0,'',0,0),(96,17,2900,22,31,'',17,'',0,0),(97,32,550,22,41,'',32,'',0,0),(98,20,1800,23,4,'',20,'9049',0,0),(99,12,2900,23,37,'',12,'9049',0,0),(100,12,1600,23,7,'',12,'9049',0,0),(101,24,2900,23,34,'',24,'9049',0,0),(102,3,579.83,24,18,'4967881',3,'BEBE564',0,0),(103,3,579.83,24,19,'4967951',3,'BEBE564',0,0),(104,1,579.83,24,22,'5027954',1,'BEBE564',0,0),(105,1,579.83,24,23,'5027977',1,'BEBE564',0,0),(106,1,2932.77,24,15,'5018848',1,'BEBE564',0,0),(107,2,1252.1,24,24,'4926845',2,'BEBE564',0,0),(108,1,2428.57,24,4,'4834594',1,'BEBE564',0,0),(109,1,2344.54,24,6,'4834618',1,'BEBE564',0,0),(110,1,3268.91,24,35,'4881222',1,'BEBE564',0,0),(111,4,2932.77,25,15,'5018848',4,'BE565',0,0),(112,4,2932.77,25,17,'5018882',4,'BE565',0,0),(113,6,2932.77,26,17,'5018882',6,'BE566',0,0),(114,2,3268.91,26,31,'4842484',2,'BE566',0,0),(115,20,2900,27,37,'',20,'9048',0,0),(116,20,1800,27,4,'',20,'9048',0,0),(117,20,1600,27,7,'',20,'9048',0,0),(118,10,2900,27,34,'',10,'9048',0,0),(119,20,1984.5,28,6,'',20,'9047',0,0),(120,20,1984.5,28,4,'',20,'9047',0,0),(121,24,2089.5,28,7,'',24,'9047',0,0),(122,5,2790,29,37,'',5,'9055',0,0),(123,10,1950,29,16,'',10,'9055',0,0),(124,10,1950,29,17,'',0,'',0,0),(125,10,1950,29,15,'',10,'9055',0,0),(126,10,2100,29,27,'',10,'9055',0,0),(127,15,2690,29,31,'',15,'9055',0,0),(128,416,575,30,19,'',224,'9059',0,0),(129,560,575,30,18,'',448,'9059',0,0),(130,36,2000,31,16,'',36,'9033',0,0),(131,4,2428.57,32,10,'4834331',4,'BE561',0,0),(132,10,1984.5,33,6,'',10,'9056',0,0),(133,6,3140,33,37,'',6,'9056',0,0),(134,14,1984.5,33,4,'',14,'9056',0,0),(135,10,2089.5,33,7,'',10,'9056',0,0),(136,24,2929.5,33,31,'',24,'9056',0,0),(137,24,1984.5,34,6,'',24,'9045',0,0),(138,12,1984.5,34,4,'',12,'9045',0,0),(139,8,2089.5,34,7,'',8,'9045',0,0),(140,20,1984.5,35,6,'',20,'9046',0,0),(141,8,3140,35,37,'',8,'9046',0,0),(142,12,1984.5,35,4,'',12,'9046',0,0),(143,12,2089.5,35,7,'',12,'9046',0,0),(144,1,2932.77,36,15,'5018848',1,'BE563',0,0),(145,2,2932.77,36,16,'5018858',2,'BE563',0,0),(146,1,2428.57,36,10,'4834331',1,'BE563',0,0),(147,1,2344.54,36,6,'4834618',1,'BE563',0,0),(148,1,3268.91,36,31,'4842484',1,'BE563',0,0),(149,40,1800,37,4,'',40,'9060',0,0),(150,16,930,38,26,'',16,'9051',0,0),(151,32,575,38,23,'',32,'9051',0,0),(152,16,930,38,24,'',16,'9051',0,0),(153,16,575,38,19,'',16,'9051',0,0),(154,32,575,38,18,'',32,'9051',0,0),(155,20,2000,39,4,'',20,'9050',0,0),(156,24,2900,39,31,'',24,'9050',0,0),(157,8,1984.5,40,6,'',8,'9052',0,0),(158,8,3140,40,37,'',8,'9052',0,0),(159,12,3140,40,36,'',12,'9052',0,0),(160,8,1984.5,40,4,'',8,'9052',0,0),(161,6,2190,40,15,'',6,'9052',0,0),(162,5,2089.5,40,7,'',5,'9052',0,0),(163,12,2929.5,40,31,'',12,'9052',0,0),(164,8,2929.5,40,35,'',0,'',0,0),(165,10,2929.5,40,34,'',10,'9052',0,0),(166,1,6714.2,41,13,'4842460',1,'BE562',0,0),(167,2,1252.1,41,24,'4926845',2,'BE562',0,0),(168,4,2932.77,41,16,'5018858',4,'BE562',0,0),(169,3,2428.57,42,11,'4842460',3,'BE560',0,0),(170,12,1984.5,43,6,'',12,'9013',0,0),(171,6,3140,43,37,'',6,'9013',0,0),(172,12,2100,43,27,'',12,'9013',0,0),(173,6,2929.5,43,31,'',6,'9013',0,0),(174,10,1990,45,6,'',10,'9057',10,0),(175,10,2990,45,37,'',10,'9057',10,0),(176,25,2990,45,36,'',25,'9057',25,0),(177,10,1990,45,5,'',10,'9057',10,0),(178,10,1990,45,4,'',10,'9057',10,0),(179,30,900,45,25,'',30,'9057',30,0),(180,15,550,45,21,'',15,'9057',15,0),(181,10,550,45,20,'',10,'9057',10,0),(182,10,2090,45,10,'',10,'9058',10,0),(183,30,900,45,26,'',30,'9058',30,0),(184,10,550,45,23,'',10,'9058',10,0),(185,10,550,45,22,'',10,'9058',10,0),(186,30,900,45,24,'',30,'9058',30,0),(187,15,550,45,19,'',15,'9058',15,0),(188,15,550,45,18,'',15,'9058',15,0),(189,5,1890,45,7,'',5,'9058',5,0),(190,30,2890,45,31,'',30,'9058',30,0),(191,10,2890,45,35,'',0,'9058',0,0),(192,10,1890,45,34,'',10,'9058',10,0),(193,18,2700,46,16,'',18,'9053',0,0),(194,18,2700,46,15,'',18,'9053',0,0),(195,5,2700,47,16,'',5,'9054',0,0),(196,10,2700,47,15,'',10,'9054',0,0),(197,8,1990,48,5,'',8,'9061',0,0),(198,40,1990,48,4,'',40,'9061',0,0),(199,10,2700,48,16,'',10,'9061',0,0),(200,15,2700,48,15,'',15,'9061',0,0),(201,10,2000,49,16,'',10,'9063',0,0),(202,20,2900,49,31,'',20,'9063',0,0),(203,25,2190,50,17,'',25,'9067',0,0),(204,40,2135,44,4,'',40,'9031',0,0),(205,120,1790,51,4,'',120,'9069',0,0),(206,100,2094,52,5,'649826',0,'',0,0),(207,372,2094,52,9,'649827',0,'',0,0),(208,144,2094,52,7,'649828',0,'',0,0),(209,108,3494,52,37,'649829',0,'',0,0),(210,260,2094,52,27,'649831',0,'',0,0),(211,152,1113,52,25,'649271001',0,'',0,0),(212,72,1113,52,24,'649272001',0,'',0,0),(213,64,693,52,40,'649832001',0,'',0,0),(214,48,693,52,41,'649832002',0,'',0,0),(215,168,3144,52,32,'650765',0,'',0,0),(216,100,2094,53,5,'649826',0,'',0,0),(217,84,2094,53,9,'649827',0,'',0,0),(218,240,2094,53,7,'649828',0,'',0,0),(219,60,3494,53,37,'649829',0,'',0,0),(220,144,3144,53,33,'649830',0,'',0,0),(221,260,2094,53,27,'649831',0,'',0,0),(222,80,1113,53,25,'649271001',0,'',0,0),(223,80,1113,53,24,'649272001',0,'',0,0),(224,80,693,53,40,'649832001',0,'',0,0),(225,96,693,53,41,'649832002',0,'',0,0),(226,96,3144,53,32,'650765',0,'',0,0),(227,60,2094,54,5,'649826',0,'',0,0),(228,48,2094,54,9,'649827',0,'',0,0),(229,48,2094,54,7,'649828',0,'',0,0),(230,12,3494,54,37,'649829',0,'',0,0),(231,24,3144,54,33,'649830',0,'',0,0),(232,40,2094,54,27,'649831',0,'',0,0),(233,40,1113,54,25,'649271001',0,'',0,0),(234,120,1113,54,24,'649272001',0,'',0,0),(235,32,693,54,40,'649832001',0,'',0,0),(236,20,2094,55,5,'649826',0,'',0,0),(237,12,2094,55,9,'649827',0,'',0,0),(238,72,2094,55,7,'649828',0,'',0,0),(239,20,2094,55,27,'649831',0,'',0,0),(240,8,1113,55,25,'649271001',0,'',0,0),(241,72,1113,55,24,'649272001',0,'',0,0),(242,16,693,55,40,'649832001',0,'',0,0),(243,16,693,55,41,'649832002',0,'',0,0),(244,200,1800,56,4,'987954',0,'',0,0),(245,40,1800,56,5,'1572119',0,'',0,0),(246,48,1604.17,56,7,'1726330',0,'',0,0),(247,24,937.5,57,26,'1792634',0,'',0,0),(248,24,937.5,57,25,'1792633',0,'',0,0),(249,24,937.5,57,24,'1792632',0,'',0,0),(250,48,537.5,57,22,'1712585',0,'',0,0),(251,48,537.5,57,19,'1712584',0,'',0,0),(252,48,537.5,57,18,'1712583',0,'',0,0),(253,48,537.5,57,23,'1710572',0,'',0,0),(254,48,537.5,57,20,'1710570',0,'',0,0),(255,48,665,57,41,'1803112003',0,'',0,0),(256,48,665,57,39,'1803112001',0,'',0,0),(257,10,3190,58,37,'',10,'8068',0,0),(258,86,3190,58,36,'',86,'8068',0,0),(259,137,2190,58,11,'',0,'',0,0),(260,488,850,59,24,'763552',152,'9064',0,0),(261,320,850,59,26,'763554',8,'9064',0,0),(262,704,460,59,18,'763555',0,'',0,0),(263,336,460,59,19,'763556',0,'',0,0),(264,384,460,59,22,'763559',160,'9064',0,0),(265,400,460,59,23,'763560',80,'9064',0,0),(266,144,549,60,39,'763549',0,'',0,0),(267,368,549,60,40,'763550',0,'',0,0),(268,320,549,60,41,'763551',0,'',0,0),(269,256,850,60,25,'763553',8,'9065',0,0),(270,80,460,60,20,'763557',0,'',0,0),(271,224,460,60,21,'763558',224,'9065',0,0),(272,5,2932.77,61,16,'5018858',5,'BE567',0,0),(273,2,2932.77,61,17,'5018882',2,'BE567',0,0),(274,20,1990,62,4,'',20,'9066',0,0),(275,24,1990,62,7,'',24,'9066',0,0),(276,144,537.5,63,22,'1712585',0,'',0,0),(277,80,537.5,63,19,'1712584',0,'',0,0),(278,160,537.5,63,23,'1710572',0,'',0,0),(279,48,537.5,63,20,'1710570',0,'',0,0),(280,232,937.5,63,26,'1792634',0,'',0,0),(281,272,665,63,40,'1803112002',0,'',0,0),(282,304,665,63,39,'1803112001',0,'',0,0),(283,720,665,63,41,'1803112003',0,'',0,0),(284,176,537.5,63,18,'1712583',0,'',0,0),(285,248,937.5,63,24,'1792632',0,'',0,0),(286,248,937.5,63,25,'1792633',0,'',0,0),(287,72,3491.67,64,37,'1790758',0,'',0,0),(288,360,2841.67,64,34,'1629046',0,'',0,0),(289,192,3100,64,36,'1790757',0,'',0,0),(290,552,2841.67,64,31,'1629045',0,'',0,0),(291,140,1800,64,5,'1572119',0,'',0,0),(292,280,1725,64,6,'987955',0,'',0,0),(293,264,2841.67,64,35,'1629048',0,'',0,0),(294,240,1604.17,64,7,'1726330',0,'',0,0),(295,460,1800,64,4,'987954',0,'',0,0),(296,636,1933.33,64,11,'1477047',0,'',0,0),(297,14,1984.5,65,6,'',14,'9108',0,0),(298,4,3140,65,36,'',4,'9108',0,0),(299,8,1984.5,65,5,'',8,'9108',0,0),(300,6,2089.5,65,7,'',6,'9108',0,0),(301,4,2929.5,65,31,'',4,'9108',0,0),(302,224,575,66,19,'',224,'9105',0,0),(303,20,1990,67,6,'',20,'9107',0,0),(304,20,1990,67,4,'',20,'9107',0,0),(305,3,890,67,24,'',3,'9107',0,0),(306,2,1690,67,7,'',2,'9107',0,0),(307,8,3190,67,31,'',8,'9107',0,0),(308,6,3190,67,35,'',6,'9107',0,0),(309,8,3190,67,34,'',8,'9107',0,0),(310,8,2932.77,68,17,'5018882',8,'BE571',0,0),(311,20,1850,69,5,'',20,'9084',0,0),(312,20,2790,69,31,'',20,'9084',0,0),(313,6,1800,70,6,'',6,'9096',0,0),(314,4,1800,70,4,'',4,'9096',0,0),(315,12,2190,70,16,'',12,'9096',0,0),(316,15,2190,70,15,'',15,'9096',0,0),(317,2,2428.57,71,11,'4842460',2,'BE575',0,0),(318,1,2428.57,71,10,'4834331',1,'BE575',0,0),(319,1,2344.54,71,7,'4835765',1,'BE575',0,0),(320,2,1252.1,71,24,'4926845',2,'BE575',0,0),(321,6,3140,72,37,'',6,'9103',0,0),(322,12,3140,72,36,'',12,'9103',0,0),(323,12,2929.5,72,31,'',12,'9103',0,0),(324,12,2929.5,72,34,'',12,'9103',0,0),(325,40,2000,73,4,'',20,'9113',0,0),(326,12,3140,74,36,'',12,'9104',0,0),(327,10,1984.5,74,4,'',10,'9104',0,0),(328,20,2929.5,74,31,'',20,'9104',0,0),(329,12,2929.5,74,34,'',12,'9104',0,0),(330,6,1984.5,75,6,'',6,'9102',0,0),(331,4,3140,75,37,'',3,'9102',0,0),(332,6,1984.5,75,4,'',6,'9102',0,0),(333,4,2089.5,75,7,'',4,'9102',0,0),(334,12,2929.5,75,31,'',12,'9102',0,0),(335,1,2932.77,76,15,'5018848',1,'BE574',0,0),(336,3,2932.77,76,16,'5018858',3,'BE574',0,0),(337,1,2428.57,76,10,'4834331',1,'BE574',0,0),(338,1,3268.91,76,31,'4842484',1,'BE574',0,0),(339,2,2932.77,77,15,'5018848',2,'BE573',0,0),(340,2,579.83,77,18,'4967881',2,'BE573',0,0),(341,4,1252.1,78,24,'4926845',4,'BE572',0,0),(342,1,2932.77,78,15,'5018848',1,'BE572',0,0),(343,4,2428.57,78,10,'4834331',4,'BE572',0,0),(344,1,579.83,78,19,'4967951',1,'BE572',0,0),(345,1,579.83,78,18,'4967881',1,'BE572',0,0),(346,9,13000,79,31,'',9,'9090',0,0),(347,16,930,80,25,'',16,'9091',0,0),(348,16,2190,80,16,'',16,'9091',0,0),(349,16,930,80,24,'',16,'9091',0,0),(350,16,575,80,41,'',16,'9091',0,0),(351,16,575,80,39,'',16,'9091',0,0),(352,86,2900,81,36,'',86,'9135',0,0),(353,24,937.5,82,26,'1792634',0,'',0,0),(354,24,937.5,82,25,'1792633',24,'9128',0,0),(355,24,937.5,82,24,'1792632',0,'',0,0),(356,48,537.5,82,22,'1712585',48,'9128',0,0),(357,48,537.5,82,19,'1712584',48,'9128',0,0),(358,48,537.5,82,18,'1712583',48,'9128',0,0),(359,48,537.5,82,23,'1710572',48,'9128',0,0),(360,48,537.5,82,20,'1710570',48,'9128',0,0),(361,48,665,82,41,'1803112003',48,'9128',0,0),(362,48,665,82,39,'1803112001',0,'',0,0),(363,400,1800,83,4,'987954',200,'9127',0,0),(364,60,1800,83,5,'1572119',40,'9127',0,0),(365,100,1725,83,6,'987955',100,'9127',0,0),(366,48,1604.17,83,7,'1726330',48,'9127',0,0),(367,120,1933.33,83,11,'1477047',120,'9127',0,0),(368,260,2094,84,5,'649826',0,'',0,0),(369,84,2094,84,9,'649827',0,'',0,0),(370,456,2094,84,7,'649828',360,'9134',0,0),(371,96,3494,84,37,'649829',84,'9134',0,0),(372,240,3144,84,33,'649830',0,'',0,0),(373,380,2094,84,27,'649831',0,'',0,0),(374,64,1113,84,25,'649271001',16,'9134',0,0),(375,120,1113,84,24,'649272001',0,'',0,0),(376,304,693,84,40,'649832001',0,'',0,0),(377,304,693,84,41,'649832002',304,'9134',0,0),(378,384,3144,84,32,'650765',240,'9134',0,0),(379,224,575,85,18,'',224,'9157',0,0),(380,4,2932.77,86,17,'5018882',4,'BE584',0,0),(381,9,13000,87,31,'',0,'',0,0),(382,12,1984.5,88,6,'',12,'9155',0,0),(383,12,1984.5,88,4,'',0,'',0,0),(384,12,2929.5,88,31,'',12,'9155',0,0),(385,20,1984.5,89,6,'',20,'9154',0,0),(386,10,1984.5,89,4,'',0,'',0,0),(387,8,2089.5,89,7,'',8,'9154',0,0),(388,12,2929.5,89,34,'',12,'9154',0,0),(393,9,13000,87,52,'',9,'9156',0,0),(394,8,3140,91,36,'',8,'9153',0,0),(395,8,2200,91,10,'',6,'9153',0,0),(396,10,930,91,24,'',10,'9153',0,0),(397,4,575,91,19,'',4,'9153',0,0),(398,4,575,91,18,'',4,'9153',0,0),(399,8,2990,91,49,'',8,'9153',0,0),(400,2,2932.77,92,15,'5018848',2,'BE583',0,0),(401,4,1252.1,92,24,'4926845',4,'BE583',0,0),(402,6,579.83,92,18,'4967881',6,'BE583',0,0),(403,6,579.83,92,19,'4967951',6,'BE583',0,0),(404,2,2932.77,93,15,'5018848',2,'BE581',0,0),(405,1,2932.77,93,17,'5018882',1,'BE581',0,0),(406,3,579.83,93,18,'4967881',3,'BE581',0,0),(407,2,579.83,93,19,'4967951',2,'BE581',0,0),(408,10,2900,94,37,'',10,'9133',0,0),(409,10,1800,94,4,'',10,'9133',0,0),(410,10,1600,94,7,'',10,'9133',0,0),(411,10,2900,94,34,'',10,'9133',0,0),(412,50,1984.5,95,4,'',50,'9114',0,0),(413,3,1984.5,96,4,'',3,'9117',0,0),(414,50,1990,97,4,'',20,'9141',0,0),(415,20,1990,97,5,'',20,'9141',0,0),(416,10,2700,97,17,'',10,'9141',0,0),(417,20,2700,97,15,'',20,'9141',0,0),(418,12,10000,97,52,'',12,'9141',0,0),(419,8,2900,98,37,'',8,'9158',0,0),(420,6,1800,98,4,'',0,'',0,0),(421,20,2900,98,31,'',18,'9158',0,0),(422,2,3140,99,37,'',2,'9150',0,0),(423,2,3140,99,36,'',2,'9150',0,0),(424,5,1984.5,99,4,'',5,'9150',0,0),(425,3,930,99,25,'',3,'9150',0,0),(426,4,575,99,21,'',4,'9150',0,0),(427,5,575,99,20,'',5,'9150',0,0),(428,2,930,99,26,'',2,'9150',0,0),(429,3,575,99,23,'',3,'9150',0,0),(430,3,575,99,22,'',3,'9151',0,0),(431,5,930,99,24,'',5,'9151',0,0),(432,3,575,99,19,'',3,'9151',0,0),(433,3,575,99,18,'',3,'9151',0,0),(434,5,2100,99,27,'',0,'',0,0),(435,3,2089.5,99,7,'',3,'9151',0,0),(436,2,2929.5,99,31,'',2,'9151',0,0),(437,3,2929.5,99,35,'',0,'',0,0),(438,2,2929.5,99,34,'',2,'9151',0,0),(439,4,575,99,41,'',4,'9151',0,0),(440,2,575,99,39,'',2,'9152',0,0),(441,3,575,99,40,'',3,'9152',0,0),(442,3,3140,100,37,'',3,'9145',0,0),(443,3,3140,100,36,'',3,'9145',0,0),(444,4,1984.5,100,4,'',4,'9145',0,0),(445,2,930,100,25,'',2,'9145',0,0),(446,2,575,100,21,'',2,'9145',0,0),(447,2,575,100,20,'',2,'9145',0,0),(448,2,930,100,26,'',2,'9145',0,0),(449,2,575,100,23,'',2,'9145',0,0),(450,2,575,100,22,'',2,'9146',0,0),(451,3,930,100,24,'',3,'9146',0,0),(452,2,575,100,19,'',2,'9146',0,0),(453,2,575,100,18,'',2,'9146',0,0),(454,6,2100,100,27,'',0,'',0,0),(455,3,2089.5,100,7,'',3,'9146',0,0),(456,4,2929.5,100,31,'',4,'9146',0,0),(457,3,2929.5,100,35,'',0,'',0,0),(458,2,2929.5,100,34,'',2,'9146',0,0),(459,2,575,100,41,'',2,'9146',0,0),(460,2,575,100,39,'',2,'9147',0,0),(461,2,575,100,40,'',2,'9147',0,0),(462,200,1800,101,4,'987954',0,'',0,0),(463,100,1800,101,5,'1572119',5,'9169',0,0),(464,60,1933.33,101,11,'1477047',0,'',0,0),(465,200,1725,101,6,'987955',0,'',0,0),(466,48,1604.17,101,7,'1726330',2,'9169',0,0),(467,60,3491.67,101,37,'1790758',5,'9169',0,0),(468,120,3100,101,36,'1790757',4,'9169',0,0),(469,120,2841.67,101,35,'1629048',0,'',0,0),(470,120,2841.67,101,34,'1629046',5,'9169',0,0),(471,120,2841.67,101,31,'1629045',5,'9169',0,0),(472,12,3490,102,17,'5018882',12,'BE582',0,0),(473,53,2090,103,16,'',53,'9161',0,0),(474,6,2090,103,17,'',6,'9161',0,0),(475,5,2790,104,37,'',5,'9162',0,0),(476,5,2790,104,36,'',5,'9162',0,0),(477,5,1800,104,4,'',0,'',0,0),(478,15,1950,104,17,'',15,'9162',0,0),(479,15,1950,104,15,'',15,'9162',0,0),(480,8,1800,105,6,'',0,'',0,0),(481,3,1800,105,4,'',0,'',0,0),(482,12,2190,105,16,'',12,'9163',0,0),(483,12,2190,105,17,'',12,'9163',0,0),(484,12,2190,105,15,'',12,'9163',0,0),(485,8,1790,105,7,'',8,'9163',0,0),(486,10,1800,106,6,'',10,'9164',0,0),(487,10,1800,106,4,'',0,'',0,0),(488,10,1680,106,7,'',10,'9164',0,0),(489,20,2690,106,31,'',20,'9164',0,0),(490,20,2190,107,15,'',20,'9166',0,0),(491,96,900,108,24,'',96,'9173',0,0),(492,32,550,108,39,'',32,'9173',0,0),(493,16,550,108,40,'',16,'9173',0,0),(494,20,1990,109,4,'',20,'9174',0,0),(496,40,2094,111,5,'649826',20,'9182',0,0),(497,72,2094,111,9,'649827',36,'9182',0,0),(498,72,2094,111,7,'649828',72,'9182',0,0),(499,36,3494,111,37,'649829',12,'9182',0,0),(500,72,3144,111,33,'649830',72,'9182',0,0),(501,80,2094,111,27,'649831',0,'',0,0),(502,72,1113,111,25,'649271001',72,'9182',0,0),(503,120,1113,111,24,'649272001',120,'9182',0,0),(504,32,693,111,40,'649832001',0,'',0,0),(505,64,693,111,41,'649832002',0,'',0,0),(506,48,3144,111,32,'650765',0,'9182',0,0),(507,12,1984.5,112,6,'',12,'9177',0,0),(508,10,3140,112,36,'',10,'9177',0,0),(509,20,1984.5,112,4,'',20,'9177',0,0),(510,12,2929.5,112,31,'',12,'9177',0,0),(511,10,2929.5,112,34,'',10,'9177',0,0),(512,10,1984.5,113,6,'',10,'9178',0,0),(513,6,3140,113,37,'',6,'9178',0,0),(514,10,3140,113,36,'',10,'9178',0,0),(515,20,1984.5,113,4,'',20,'9178',0,0),(516,10,2929.5,113,31,'',10,'9178',0,0),(517,10,2929.5,113,34,'',10,'9178',0,0),(518,10,1984.5,114,6,'',10,'9180',0,0),(519,8,1984.5,114,4,'',8,'9180',0,0),(520,6,930,114,25,'',6,'9180',0,0),(521,15,930,114,24,'',15,'9180',0,0),(522,4,2190,114,15,'',4,'9180',0,0),(523,8,2100,114,27,'',0,'',0,0),(524,8,1984.5,115,6,'',8,'9179',0,0),(525,8,1984.5,115,4,'',8,'9179',0,0),(526,4,2200,115,10,'',4,'9179',0,0),(527,8,930,115,26,'',8,'9179',0,0),(528,8,930,115,24,'',8,'9179',0,0),(529,8,575,115,18,'',8,'9179',0,0),(530,16,2100,115,27,'',0,'',0,0),(552,972,1700,119,11,'1477047',0,'',0,0),(553,372,2989.16,119,37,'1790758',72,'9332',0,0),(554,816,2785,119,36,'1790757',120,'9332',0,0),(555,1200,2516,119,34,'1629046',1200,'9332',0,0),(556,1224,2516,119,35,'1629048',0,'',0,0),(557,760,1476.6,119,6,'987955',180,'9332',0,0),(558,1584,2516,119,31,'1629045',1584,'9332',0,0),(559,580,1540.8,119,5,'1572119',0,'',0,0),(560,2140,1540.8,119,4,'987954',0,'',0,0),(561,432,1415,119,7,'1726330',432,'9332',0,0),(562,1428,1654.66,119,10,'',24,'9332',0,0),(563,64,542.62,120,40,'1803112002',0,'',0,0),(564,80,542.62,120,41,'1803112003',80,'9333',0,0),(565,64,542.62,120,39,'1803112001',64,'9333',0,0),(566,340,2094,121,5,'649826',60,'9327',0,0),(567,132,2094,121,9,'649827',84,'9327',0,0),(568,192,2094,121,7,'649828',192,'9327',0,0),(569,120,3494,121,37,'649829',0,'',0,0),(570,216,3144,121,33,'649830',0,'',0,0),(571,320,2094,121,27,'649831',200,'9327',0,0),(572,176,1113,121,25,'649271001',0,'',0,0),(573,272,1113,121,24,'649272001',272,'9327',0,0),(574,480,693,121,40,'649832001',192,'9327',0,0),(575,208,693,121,41,'649832002',208,'9327',0,0),(576,240,3144,121,32,'650765',240,'9327',0,0),(577,140,2094,121,6,'',140,'9327',0,0),(578,280,2094,122,6,'570498',280,'9334',280,0),(579,260,2094,122,5,'649826',80,'9334',80,0),(580,156,2094,122,9,'649827',0,'',0,0),(581,216,2094,122,7,'649828',216,'9334',216,0),(582,240,3494,122,37,'649829',36,'9334',36,0),(583,216,3144,122,33,'649830',0,'',0,0),(584,500,2094,122,27,'649831',320,'9334',320,0),(585,80,1113,122,25,'649271001',80,'9334',72,0),(586,48,1113,122,24,'649272001',48,'9334',48,0),(587,96,693,122,40,'649832001',96,'9335',96,0),(588,80,693,122,41,'649832002',80,'9335',80,0),(589,240,3144,122,32,'650765',240,'9334',240,0),(590,5,2990,123,10,'4834331',5,'BE599',0,0),(591,1,2990,123,27,'6498573',1,'BE599',0,0),(592,2,2990,124,10,'4834331',2,'BE598',0,0),(593,1,4490,124,35,'4881222',1,'BE598',0,0),(594,1,3268.91,124,31,'4842484',1,'BE598',0,0),(595,2,3490,124,15,'5018848',2,'BE598',0,0),(596,1,790,124,18,'4967881',1,'BE598',0,0),(597,3,2990,127,10,'4834331',3,'BE600',0,0),(598,1,3268.91,127,31,'4842484',1,'BE600',0,0),(599,6,1490,127,26,'4945308',6,'BE600',0,0),(600,50,3090,128,36,'',50,'9331',0,0),(601,10,2290,128,15,'',10,'9331',0,0),(602,36,2200,129,10,'',36,'9330',0,0),(603,36,2900,129,11,'',36,'9330',0,0),(604,144,1415,130,7,'1726330',144,'9338',0,0),(605,200,1540.8,130,5,'1572119',0,'',0,0),(606,108,2989.16,130,37,'1790758',48,'9338',0,0),(607,160,1476.6,130,6,'987955',40,'9338',0,0),(608,672,2516,130,31,'1629045',672,'9338',0,0),(609,432,2516,130,35,'1629048',0,'',0,0),(610,460,1540.8,130,4,'987954',60,'9338',0,0),(611,480,2785,130,36,'1790757',0,'',0,0),(612,432,2516,130,34,'1629046',432,'9338',0,0),(613,888,1700,130,11,'1477047',888,'9338',0,0),(614,312,856.75,131,26,'1792634',272,'9339',0,0),(615,176,854.75,131,25,'1792633',176,'9339',0,0),(616,224,487.12,131,22,'1712585',224,'9339',0,0),(617,432,856.75,131,24,'1792632',128,'9339',0,0),(618,128,487.12,131,19,'1712584',0,'',0,0),(619,256,487.12,131,18,'1712583',0,'',0,0),(620,288,487.12,131,23,'1710572',240,'9339',0,0),(621,64,487.12,131,20,'1710570',64,'9339',0,0),(622,368,542.62,131,41,'1803112003',368,'9339',0,0),(623,384,542.62,131,40,'1803112002',384,'9339',0,0),(624,464,542.62,131,39,'1803112001',464,'9339',0,0),(625,600,1654.66,130,10,'',480,'9338',0,0),(626,208,575,132,19,'',208,'9363',0,0),(627,368,575,132,18,'',368,'9363',0,0),(628,16,930,133,24,'',16,'9325',0,0),(629,16,2190,133,15,'',16,'9325',0,0),(630,16,2100,133,27,'',16,'9325',0,0),(631,6,3140,134,37,'',6,'9326',0,0),(632,6,2200,134,10,'',6,'9326',0,0),(633,12,2190,134,15,'',12,'9326',0,0),(634,6,2200,134,11,'',6,'9326',0,0),(635,10,2090,134,7,'',10,'9326',0,0),(636,22,1984.5,135,6,'',22,'9344',0,0),(637,19,3140,135,37,'',19,'9344',0,0),(638,22,1984.5,135,4,'',22,'9344',0,0),(639,10,2089.5,135,7,'',10,'9344',0,0),(640,25,2929.5,135,31,'',25,'9344',0,0),(641,8,3140,136,37,'',8,'9346',0,0),(642,6,3140,136,36,'',6,'9346',0,0),(643,8,1984.5,136,4,'',8,'9346',0,0),(644,6,930,136,25,'',6,'9346',0,0),(645,8,575,136,21,'',8,'9346',0,0),(646,8,575,136,20,'',8,'9346',0,0),(647,6,930,136,26,'',6,'9346',0,0),(648,6,575,136,23,'',6,'9346',0,0),(649,6,575,136,22,'',6,'9347',0,0),(650,6,930,136,24,'',6,'9347',0,0),(651,6,575,136,19,'',6,'9347',0,0),(652,6,575,136,18,'',6,'9347',0,0),(653,8,2100,136,27,'',8,'9347',0,0),(654,6,2089.5,136,7,'',6,'9347',0,0),(655,6,2929.5,136,31,'',6,'9347',0,0),(656,6,2929.5,136,35,'',6,'9347',0,0),(657,6,2929.5,136,34,'',6,'9348',0,0),(658,6,575,136,41,'',6,'9348',0,0),(659,6,575,136,39,'',6,'9348',0,0),(660,6,575,136,40,'',6,'9348',0,0),(661,8,3140,137,37,'',8,'9353',0,0),(662,8,3140,137,36,'',8,'9353',0,0),(663,6,1984.5,137,4,'',6,'9353',0,0),(664,8,2929.5,137,35,'',8,'9353',0,0),(665,8,2929.5,137,34,'',8,'9353',0,0),(666,8,3140,138,36,'',8,'9354',0,0),(667,8,1984.5,138,4,'',8,'9354',0,0),(668,8,2929.5,138,31,'',8,'9354',0,0),(669,8,2929.5,138,35,'',8,'9354',0,0),(670,30,6490,139,12,'',30,'9336',0,0),(671,10,2900,140,37,'',10,'9350',0,0),(672,10,1800,140,4,'',10,'9350',0,0),(673,5,1600,140,7,'',5,'9350',0,0),(674,10,2900,140,34,'',10,'9350',0,0),(675,5,3490,141,16,'5018858',5,'BE603',0,0),(676,1,4390,141,43,'6218379',1,'BE603',0,0),(677,1,990,141,41,'4945777',1,'BE603',0,0),(678,100,3100,142,37,'',83,'9341',0,0),(679,25,10000,142,52,'',25,'9341',0,0),(680,8,1990,143,6,'',8,'9345',0,0),(681,8,1990,143,4,'',8,'9345',0,0),(682,10,2290,143,16,'',10,'9345',0,0),(683,10,2290,143,17,'',10,'9345',0,0),(684,10,2290,143,15,'',10,'9345',0,0),(685,10,2900,144,37,'',10,'9342',0,0),(686,5,2000,144,15,'',5,'9342',0,0),(687,30,2900,144,31,'',30,'9342',0,0),(688,14,2700,145,16,'',14,'9343',0,0),(689,19,2700,145,17,'',19,'9343',0,0),(690,12,3090,146,37,'',12,'9351',0,0),(691,20,1990,146,4,'',20,'9351',0,0),(692,24,2990,146,34,'',24,'9351',0,0),(693,6,3490,147,17,'5018882',6,'BE601',0,0),(694,1,1490,147,26,'4945308',1,'BE601',0,0),(695,5,3490,148,15,'5018848',5,'BE602',0,0),(696,2,2990,148,27,'6498573',2,'BE602',0,0),(697,8,1984.5,149,6,'',8,'9352',0,0),(698,4,3140,149,36,'',4,'9352',0,0),(699,8,1984.5,149,4,'',8,'9352',0,0),(700,6,930,149,25,'',6,'9352',0,0),(701,4,2190,149,16,'',4,'9352',0,0),(702,15,930,149,24,'',0,'',0,0),(703,8,2190,149,15,'',8,'9352',0,0),(704,6,2100,149,27,'',6,'9352',0,0),(705,6,2929.5,149,31,'',6,'9352',0,0),(706,6,2929.5,149,34,'',6,'9352',0,0),(707,6,2700,150,17,'',6,'9340',0,0),(708,15,2700,150,15,'',15,'9340',0,0),(709,2,10000,150,52,'',2,'9340',0,0),(711,480,2094,152,6,'570498',0,'',0,0),(712,480,2094,152,5,'649826',0,'',0,0),(713,252,2094,152,9,'649827',0,'',0,0),(714,96,2094,152,7,'649828',0,'',0,0),(715,192,3494,152,37,'649829',0,'',0,0),(716,336,3144,152,33,'649830',0,'',0,0),(717,980,2094,152,27,'649831',0,'',0,0),(718,48,1113,152,25,'649271001',0,'',0,0),(719,104,1113,152,24,'649272001',0,'',0,0),(720,144,693,152,40,'649832001',0,'',0,0),(721,96,693,152,41,'649832002',0,'',0,0),(722,264,3144,152,32,'650765',0,'',0,0),(734,40,2190,154,15,'',40,'9349',0,0),(735,4,2990,155,37,'',0,'',0,0),(736,2,2990,155,36,'',0,'',0,0),(737,10,2090,155,15,'',10,'9355',0,0),(738,20,2890,155,31,'',20,'9355',0,0),(739,10,2100,156,6,'',10,'9356',0,0),(740,6,2100,156,4,'',6,'9356',0,0),(741,2,990,156,24,'',2,'9356',0,0),(742,6,2100,156,7,'',6,'9356',0,0),(743,12,3290,156,31,'',12,'9356',0,0),(744,8,3290,156,35,'',8,'9356',0,0),(745,8,3290,156,34,'',8,'9356',0,0),(746,12,2200,158,10,'',12,'9372',0,0),(747,10,2190,158,17,'',10,'9372',0,0),(748,12,2929.5,158,31,'',12,'9372',0,0),(749,6,575,159,20,'',6,'9373',0,0),(750,24,2200,159,10,'',24,'9373',0,0),(751,5,2190,159,17,'',5,'9373',0,0),(752,5,2190,159,15,'',5,'9373',0,0),(753,24,2929.5,159,31,'',24,'9373',0,0),(754,24,2200,160,10,'',24,'9374',0,0),(755,5,2190,160,17,'',5,'9374',0,0),(756,8,2190,160,15,'',8,'9374',0,0),(757,24,2929.5,160,31,'',24,'9374',0,0),(758,5,1985,161,6,'',5,'9357',0,0),(759,5,1985,161,4,'',5,'9357',0,0),(760,5,2930,161,31,'',5,'9357',0,0),(761,3,2930,161,34,'',3,'9357',0,0),(762,25,1990,163,6,'',21,'9360',0,0),(763,25,1990,163,4,'',25,'9360',0,0),(764,25,1990,163,5,'',25,'9360',0,0),(765,10,2290,164,16,'',10,'9359',0,0),(766,2,2390,164,10,'',2,'9359',0,0),(767,10,2290,164,17,'',10,'9359',0,0),(768,15,2290,164,15,'',15,'9359',0,0),(769,20,6800,165,14,'',20,'9358',0,0),(770,180,2094,166,5,'649826',0,'',0,0),(771,144,2094,166,9,'649827',0,'',0,0),(772,288,2094,166,7,'649828',0,'',0,0),(773,120,3494,166,37,'649829',0,'',0,0),(774,144,3144,166,33,'649830',0,'',0,0),(775,300,2094,166,27,'649831',260,'9364',0,0),(776,168,1113,166,25,'649271001',168,'9364',0,0),(777,192,1113,166,24,'649272001',192,'9364',0,0),(778,224,693,166,40,'649832001',80,'9364',0,0),(779,160,693,166,41,'649832002',160,'9364',0,0),(780,144,3144,166,32,'650765',120,'9364',0,0),(781,160,2094,167,5,'649826',100,'9365',0,0),(782,96,2094,167,9,'649827',0,'',0,0),(783,216,2094,167,7,'649828',120,'9365',0,0),(784,96,3494,167,37,'649829',24,'9365',0,0),(785,96,3144,167,33,'649830',0,'',0,0),(786,220,2094,167,27,'649831',220,'9365',0,0),(787,88,1113,167,25,'649271001',88,'9365',0,0),(788,56,1113,167,24,'649272001',56,'9365',0,0),(789,112,693,167,40,'649832001',112,'9365',0,0),(790,48,693,167,41,'649832002',48,'9365',0,0),(791,120,3144,167,32,'650765',120,'9365',0,0),(792,160,1540,168,5,'1572119',0,'',0,0),(793,140,1476,168,6,'987955',0,'',0,0),(794,252,2989.16,168,37,'1790758',252,'9368',0,0),(795,360,2785,168,36,'1790757',336,'9368',0,0),(796,620,1540.8,168,4,'987954',0,'',0,0),(797,336,1415,168,7,'1726330',72,'9368',0,0),(798,324,1700,168,11,'1477047',324,'9368',0,0),(799,408,2516,168,34,'1629046',408,'9368',0,0),(800,432,2516,168,35,'1629048',192,'9368',0,0),(801,336,2516,168,31,'1629045',336,'9368',0,0),(802,492,1654,168,10,'',0,'',0,0),(803,32,487.12,169,23,'1710572',32,'9369',0,0),(804,160,542.62,169,41,'1803112003',160,'9369',0,0),(805,48,487.12,169,19,'1712584',0,'',0,0),(806,128,542.62,169,40,'1803112002',128,'9369',0,0),(807,48,542.62,169,39,'1803112001',0,'',0,0),(808,176,487.12,169,18,'1712583',0,'',0,0),(809,112,487.12,169,22,'1712585',112,'9369',0,0),(810,312,856.75,169,24,'1792632',16,'9369',0,0),(811,216,856.75,169,26,'1792634',216,'9369',0,0),(812,64,487.12,169,20,'1710570',64,'9369',0,0),(813,104,856.75,169,25,'1792633',104,'9369',0,0),(814,5,2990,170,10,'4834331',5,'BE608',0,0),(815,3,3140,171,37,'',0,'',0,0),(816,2,3140,171,36,'',2,'9388',0,0),(817,3,1984.5,171,4,'',2,'9388',0,0),(818,5,930,171,25,'',0,'',0,0),(819,4,575,171,21,'',4,'9388',0,0),(820,4,575,171,20,'',4,'9388',0,0),(821,5,930,171,26,'',5,'9388',0,0),(822,4,575,171,23,'',4,'9388',0,0),(823,3,575,171,22,'',3,'9388',0,0),(824,2,930,171,24,'',2,'9388',0,0),(825,5,575,171,19,'',0,'',0,0),(826,3,575,171,18,'',3,'9389',0,0),(827,2,2100,171,27,'',0,'',0,0),(828,3,2089.5,171,7,'',3,'9389',0,0),(829,3,2929.5,171,31,'',3,'9389',0,0),(830,2,2929.5,171,35,'',2,'9389',0,0),(831,3,2929.5,171,34,'',3,'9389',0,0),(832,3,575,171,41,'',3,'9389',0,0),(833,3,575,171,39,'',3,'9389',0,0),(834,3,575,171,40,'',3,'9389',0,0),(835,3,3140,172,37,'',0,'',0,0),(836,2,3140,172,36,'',2,'9386',0,0),(837,4,1984.5,172,4,'',0,'',0,0),(838,4,930,172,25,'',0,'',0,0),(839,2,575,172,21,'',2,'9386',0,0),(840,3,575,172,20,'',3,'9386',0,0),(841,4,930,172,26,'',4,'9386',0,0),(842,4,575,172,23,'',4,'9386',0,0),(843,4,575,172,22,'',4,'9386',0,0),(844,2,930,172,24,'',1,'9386',0,0),(845,4,575,172,19,'',0,'',0,0),(846,3,575,172,18,'',3,'9386',0,0),(847,2,2100,172,27,'',0,'',0,0),(848,4,2929.5,172,31,'',4,'9387',0,0),(849,4,2929.5,172,35,'',4,'9387',0,0),(850,2,2929.5,172,34,'',2,'9387',0,0),(851,3,575,172,41,'',3,'9387',0,0),(852,4,575,172,39,'',4,'9387',0,0),(853,4,575,172,40,'',4,'9387',0,0),(854,3,3140,173,37,'',0,'',0,0),(855,3,3140,173,36,'',3,'9390',0,0),(856,3,1984.5,173,4,'',2,'9390',0,0),(857,4,930,173,25,'',0,'',0,0),(858,3,575,173,21,'',3,'9390',0,0),(859,3,575,173,20,'',3,'9390',0,0),(860,3,930,173,26,'',3,'9390',0,0),(861,2,575,173,23,'',2,'9390',0,0),(862,3,575,173,22,'',3,'9390',0,0),(863,3,930,173,24,'',3,'9390',0,0),(864,3,575,173,19,'',2,'9391',0,0),(865,3,575,173,18,'',3,'9391',0,0),(866,2,2100,173,27,'',0,'',0,0),(867,3,2089.5,173,7,'',3,'9391',0,0),(868,3,2929.5,173,31,'',3,'9391',0,0),(869,3,2929.5,173,35,'',3,'9391',0,0),(870,4,2929.5,173,34,'',4,'9391',0,0),(871,3,575,173,41,'',3,'9391',0,0),(872,3,575,173,39,'',3,'9391',0,0),(873,2,575,173,40,'',2,'9392',0,0),(874,9,13000,174,52,'',9,'9377',0,0),(875,15,1984.5,175,6,'',15,'9399',0,0),(876,6,3140,175,37,'',0,'',0,0),(877,17,1984.5,175,4,'',17,'9399',0,0),(878,10,1984.5,176,6,'',0,'',0,0),(879,15,1984.5,176,4,'',0,'',0,0),(880,10,2929.5,176,31,'',10,'9381',0,0),(881,10,2929.5,176,34,'',10,'9381',0,0),(883,480,2094,178,6,'570498',0,'',0,0),(884,480,2094,178,5,'649826',0,'',0,0),(885,252,2094,178,9,'649827',0,'',0,0),(886,96,2094,178,7,'649828',96,'9366',0,0),(887,192,3494,178,37,'649829',0,'',0,0),(888,336,3144,178,33,'649830',0,'',0,0),(889,980,2094,178,27,'649831',100,'9366',0,0),(890,48,1113,178,25,'649271001',48,'9366',0,0),(891,104,1113,178,24,'649272001',104,'9366',0,0),(892,144,693,178,40,'649832001',144,'9366',0,0),(893,96,693,178,41,'649832002',96,'9366',0,0),(894,264,3144,178,32,'650765',0,'',0,0),(895,60,2094,179,6,'570498',0,'',0,0),(896,40,2094,179,5,'649826',0,'',0,0),(897,60,2094,179,9,'649827',60,'9370',0,0),(898,60,3494,179,37,'649829',0,'',0,0),(899,120,3144,179,33,'649830',0,'',0,0),(900,80,2094,179,27,'649831',0,'',0,0),(901,96,1113,179,25,'649271001',16,'9370',0,0),(902,64,1113,179,24,'649272001',0,'',0,0),(903,48,693,179,40,'649832001',48,'9370',0,0),(904,48,693,179,41,'649832002',48,'9370',0,0),(905,72,3144,179,32,'650765',72,'9370',0,0),(906,16,487.12,180,20,'1710570',16,'9384',0,0),(907,96,857.75,180,26,'1792634',96,'9384',0,0),(908,80,857.75,180,25,'1792633',0,'',0,0),(909,48,487.12,180,19,'1712584',0,'',0,0),(910,48,487.12,180,18,'1712583',48,'9384',0,0),(911,80,487.12,180,23,'1710572',80,'9384',0,0),(912,32,542.62,180,40,'1803112002',32,'9384',0,0),(913,136,857.75,180,24,'1792632',0,'',0,0),(914,48,487.12,180,22,'1712585',48,'9384',0,0),(915,96,542.62,180,41,'1803112003',96,'9384',0,0),(916,64,542.62,180,39,'1803112001',64,'9384',0,0),(917,492,1700,181,11,'1477047',408,'9383',0,0),(918,100,1476.6,181,6,'987955',0,'',0,0),(919,24,2989.16,181,37,'1790758',0,'',0,0),(920,144,2516,181,35,'1629048',0,'',0,0),(921,100,1540.8,181,5,'1572119',0,'',0,0),(922,380,1540.8,181,4,'987954',0,'',0,0),(923,48,2516,181,31,'1629045',48,'9383',0,0),(924,24,2516,181,34,'1629046',24,'9383',0,0),(925,240,2785,181,36,'1790757',24,'9383',0,0),(926,840,1654.66,181,10,'',600,'9383',0,0),(927,6,1800,182,6,'',0,'',0,0),(928,10,2900,182,37,'',10,'9382',0,0),(929,6,1800,182,4,'',6,'9382',0,0),(930,6,1800,182,5,'',5,'9382',0,0),(931,8,1990,182,27,'',5,'9382',0,0),(932,10,2900,182,31,'',10,'9382',0,0),(933,5,2900,182,35,'',5,'9382',0,0),(934,5,2900,182,34,'',5,'9382',0,0),(935,6,1990,183,4,'',6,'9378',0,0),(936,14,2700,183,16,'',14,'9378',0,0),(937,10,2700,183,17,'',10,'9378',0,0),(938,30,6490,184,12,'',30,'9371',0,0),(939,7,3490,185,15,'5018848',7,'608',0,0),(940,6,3490,186,17,'5018882',6,'606',0,0),(941,1,2990,187,10,'4834331',1,'BE605',0,0),(942,1,4790,187,36,'4881243',1,'BE605',0,0),(943,1,4490,187,31,'4842484',1,'BE605',0,0),(944,1,2990,187,11,'4842460',1,'BE605',0,0),(945,1,4490,187,35,'4881222',1,'BE605',0,0),(946,1,2790,187,7,'4835765',1,'BE605',0,0),(947,18,1984.5,188,6,'',0,'',0,0),(948,16,3140,188,37,'',7,'9379',0,0),(949,18,1984.5,188,4,'',0,'',0,0),(950,7,575,188,23,'',7,'9379',0,0),(951,7,575,188,18,'',7,'9379',0,0),(952,6,2089.5,188,7,'',6,'9379',0,0),(953,20,2929.5,188,31,'',20,'9379',0,0),(954,12,3190,189,37,'',12,'9409',0,0),(955,24,2290,189,7,'',24,'9409',0,0),(956,24,3190,189,31,'',24,'9409',0,0),(957,5,1984.5,191,6,'',0,'',0,0),(958,9,3140,191,37,'',9,'9380',0,0),(959,6,2100,191,27,'',0,'',0,0),(960,10,2929.5,191,31,'',10,'9380',0,0),(961,224,575,192,19,'',144,'9376',0,0),(962,192,575,192,18,'',192,'9376',0,0),(963,20,1990,193,6,'',20,'9398',0,0),(964,20,1990,193,4,'',20,'9398',0,0),(965,5,3490,194,15,'5018848',5,'BE604',0,0),(966,200,2094,195,6,'570498',100,'9414',0,0),(967,360,2094,195,5,'649826',300,'9414',0,0),(968,108,2094,195,9,'649827',108,'9414',0,0),(969,168,2094,195,7,'649828',168,'9414',0,0),(970,204,3494,195,37,'649829',0,'',0,0),(971,384,3144,195,33,'649830',0,'',0,0),(972,180,2094,195,27,'649831',0,'',0,0),(973,232,1113,195,25,'649271001',192,'9414',0,0),(974,88,1113,195,24,'649272001',88,'9414',0,0),(975,400,693,195,40,'649832001',400,'9414',0,0),(976,96,693,195,41,'649832002',96,'9414',0,0),(977,240,3144,195,32,'650765',0,'',0,0),(978,14,2100,196,6,'',14,'9394',0,0),(979,10,2100,196,4,'',10,'9394',0,0),(980,2,990,196,24,'',2,'9394',0,0),(981,2,3290,196,35,'',2,'9394',0,0),(982,4,3290,196,34,'',4,'9394',0,0),(987,12,3090,198,37,'',0,'',0,0),(988,20,1990,198,4,'',20,'9397',0,0),(989,24,1990,198,7,'',24,'9397',0,0),(990,24,2990,198,34,'',24,'9397',0,0),(991,4,3490,199,15,'5018848',4,'BE609',0,0),(992,5,2990,200,37,'',0,'',0,0),(993,5,2990,200,36,'',5,'9393',0,0),(994,6,2090,200,15,'',6,'9393',0,0),(995,10,2890,200,31,'',10,'9393',0,0),(996,12,3090,201,37,'',0,'',0,0),(997,20,1990,201,4,'',20,'9396',0,0),(998,24,1990,201,7,'',24,'9396',0,0),(999,24,2990,201,34,'',24,'9396',0,0),(1000,20,2100,202,6,'',20,'9401',0,0),(1001,12,3190,202,37,'',0,'',0,0),(1002,12,3190,202,36,'',6,'9401',0,0),(1003,20,2100,202,4,'',20,'9401',0,0),(1004,8,949,202,25,'',8,'9401',0,0),(1005,8,575,202,21,'',8,'9401',0,0),(1006,8,575,202,20,'',8,'9401',0,0),(1007,6,2290,202,10,'',6,'9401',0,0),(1008,8,949,202,24,'',8,'9401',0,0),(1009,8,575,202,19,'',8,'9402',0,0),(1010,8,575,202,18,'',8,'9402',0,0),(1011,10,2290,202,27,'',0,'',0,0),(1012,6,2390,202,11,'',6,'9402',0,0),(1013,12,2290,202,7,'',12,'9402',0,0),(1014,12,3190,202,31,'',12,'9402',0,0),(1015,12,3190,202,35,'',12,'9402',0,0),(1016,12,3190,202,34,'',12,'9402',0,0),(1017,8,575,202,41,'',8,'9402',0,0),(1018,8,575,202,39,'',8,'9403',0,0),(1019,8,575,202,40,'',8,'9403',0,0),(1020,8,1984.5,203,6,'',8,'9400',0,0),(1021,8,1984.5,203,4,'',8,'9400',0,0),(1022,8,2190,203,15,'',8,'9400',0,0),(1023,8,2929.5,203,31,'',8,'9400',0,0),(1024,5,2929.5,203,35,'',5,'9400',0,0),(1025,14,2929.5,203,34,'',14,'9400',0,0),(1026,4,3490,204,16,'5018858',4,'610',0,0),(1027,20,2190,205,16,'',20,'9406',0,0),(1028,20,2190,205,17,'',20,'9406',0,0),(1029,10,3090,206,37,'',0,'',0,0),(1030,10,1990,206,4,'',10,'9408',0,0),(1031,10,2990,206,34,'',10,'9408',0,0),(1033,176,856.75,208,26,'1792634',0,'',0,0),(1034,48,487.12,208,23,'1710572',0,'',0,0),(1035,128,487.12,208,19,'1712584',128,'9419',0,0),(1036,192,856.75,208,25,'1792633',0,'',0,0),(1037,296,856.75,208,24,'1792632',296,'9419',0,0),(1038,208,487.12,208,18,'1712583',208,'9419',0,0),(1039,96,542.62,208,39,'1803112001',96,'9419',0,0),(1040,48,487.12,208,22,'1712585',0,'',0,0),(1041,64,487.12,208,20,'1710570',64,'9419',0,0),(1042,96,542.62,208,40,'1803112002',0,'',0,0),(1043,192,542.62,208,41,'1803112003',192,'9419',0,0),(1044,120,1476,209,6,'987955',20,'9420',0,0),(1045,408,2516,209,35,'1629048',0,'',0,0),(1046,384,2785,209,36,'1790757',240,'9420',0,0),(1047,408,2516,209,34,'1629046',408,'9420',0,0),(1048,48,2989.16,209,37,'1790758',48,'9420',0,0),(1049,72,1415,209,7,'1726330',72,'9420',0,0),(1050,240,1540,209,5,'1572119',80,'9420',0,0),(1051,48,1700,209,11,'1477047',48,'9420',0,0),(1052,520,1540,209,4,'987954',160,'9420',0,0),(1053,480,2516,209,31,'1629045',480,'9421',0,0),(1054,120,1654,209,10,'',48,'9421',0,0),(1055,60,2094,210,6,'570498',20,'9423',0,0),(1056,280,2094,210,5,'649826',0,'',0,0),(1057,132,2094,210,9,'649827',132,'9423',0,0),(1058,48,2094,210,7,'649828',48,'9423',0,0),(1059,180,3494,210,37,'649829',180,'9423',0,0),(1060,168,3144,210,33,'649830',168,'9423',0,0),(1061,260,2094,210,27,'649831',0,'',0,0),(1062,24,1113,210,25,'649271001',0,'',0,0),(1063,80,1113,210,24,'649272001',80,'9423',0,0),(1064,24,3144,210,32,'650765',24,'9423',0,0),(1065,4,1984.5,211,4,'',4,'9443',0,0),(1066,12,930,211,25,'',0,'',0,0),(1067,6,575,211,21,'',6,'9443',0,0),(1068,8,575,211,20,'',8,'9443',0,0),(1069,12,930,211,26,'',12,'9443',0,0),(1070,6,575,211,23,'',6,'9443',0,0),(1071,8,575,211,22,'',8,'9443',0,0),(1072,12,930,211,24,'',12,'9443',0,0),(1073,12,575,211,19,'',12,'9443',0,0),(1074,12,575,211,18,'',12,'9444',0,0),(1075,12,2100,211,27,'',0,'',0,0),(1076,6,2089.5,211,7,'',6,'9444',0,0),(1077,4,2929.5,211,35,'',0,'',0,0),(1078,4,2929.5,211,31,'',4,'9444',0,0),(1079,4,2929.5,211,34,'',4,'9444',0,0),(1080,4,575,211,41,'',4,'9444',0,0),(1081,4,575,211,39,'',4,'9444',0,0),(1082,6,575,211,40,'',6,'9444',0,0),(1083,12,1984.5,212,6,'',12,'9433',0,0),(1084,8,3140,212,37,'',8,'9433',0,0),(1085,20,1984.5,212,4,'',20,'9433',0,0),(1086,2,3490,213,16,'5018858',2,'BE612',0,0),(1087,2,2790,213,7,'4835765',2,'BE612',0,0),(1088,1,3268.91,213,31,'4842484',1,'BE612',0,0),(1089,2,990,213,39,'4945526',2,'BE612',0,0),(1090,2,990,213,41,'4945777',2,'BE612',0,0),(1091,2,990,213,40,'4945809',2,'BE612',0,0),(1092,2,3490,213,17,'5018882',2,'BE612',0,0),(1093,1,4490,213,34,'4881208',1,'BE612',0,0),(1094,1,2990,213,5,'4834629',1,'BE612',0,0),(1095,48,2900,214,31,'',48,'9417',0,0),(1096,8,1980,215,4,'',8,'9436',0,0),(1097,6,2090,215,17,'',6,'9436',0,0),(1098,6,2090,215,15,'',6,'9436',0,0),(1099,8,3090,215,31,'',8,'9436',0,0),(1100,2,1990,216,6,'',2,'9435',0,0),(1101,4,1990,216,4,'',4,'9435',0,0),(1102,12,2290,216,16,'',12,'9435',0,0),(1103,6,2390,216,10,'',6,'9435',0,0),(1104,10,2290,216,17,'',10,'9435',0,0),(1105,15,2290,216,15,'',15,'9435',0,0),(1106,3,3490,217,15,'5018848',3,'BE611',0,0),(1107,10,790,218,23,'5027977',10,'BE615',0,0),(1108,1,3490,218,17,'5018882',1,'BE615',0,0),(1109,36,2989.16,219,37,'1790758',36,'9425',0,0),(1110,120,1476,219,6,'987955',0,'',0,0),(1111,96,2516,219,34,'1629046',96,'9425',0,0),(1112,288,2516,219,31,'1629045',288,'9425',0,0),(1113,120,2516,219,35,'1629048',0,'',0,0),(1114,168,2785,219,36,'1790757',0,'',0,0),(1115,380,1540,219,4,'987954',0,'',0,0),(1116,240,1700,219,11,'1477047',240,'9425',0,0),(1117,60,1540,219,5,'1572119',0,'',0,0),(1118,456,1654,219,10,'',456,'9425',0,0),(1119,144,856.75,220,25,'1792633',0,'',0,0),(1120,400,542.62,220,41,'1803112003',352,'9426',0,0),(1121,272,542.62,220,40,'1803112002',272,'9426',0,0),(1122,192,542.62,220,39,'1803112001',192,'9426',0,0),(1123,232,856.75,220,26,'1792634',232,'9426',0,0),(1124,216,856.75,220,24,'1792632',216,'9426',0,0),(1125,208,487.12,220,22,'1712585',208,'9426',0,0),(1126,128,487.12,220,19,'1712584',128,'9426',0,0),(1127,272,487.12,220,18,'1712583',272,'9426',0,0),(1128,208,487.12,220,23,'1710572',208,'9427',0,0),(1129,144,487.12,220,20,'1710570',32,'9427',0,0),(1130,25,2190,221,17,'',25,'9438',0,0),(1131,20,1984.5,222,6,'',0,'',0,0),(1132,13,3140,222,37,'',0,'',0,0),(1133,16,1984.5,222,4,'',0,'',0,0),(1134,20,575,222,23,'',0,'',0,0),(1135,20,575,222,18,'',0,'',0,0),(1136,16,2929.5,222,31,'',0,'',0,0),(1137,20,2100,223,27,'',0,'',0,0),(1138,20,2929.5,223,31,'',0,'',0,0),(1139,4,3140,224,37,'',0,'',0,0),(1140,4,3140,224,36,'',4,'9449',0,0),(1141,2,575,224,21,'',2,'9449',0,0),(1142,2,575,224,20,'',2,'9449',0,0),(1143,2,575,224,23,'',2,'9449',0,0),(1144,2,575,224,22,'',2,'9449',0,0),(1145,3,575,224,19,'',3,'9449',0,0),(1146,3,575,224,18,'',3,'9449',0,0),(1147,4,2990,224,44,'',0,'',0,0),(1148,4,2990,224,43,'',4,'9449',0,0),(1149,4,2100,224,27,'',0,'',0,0),(1150,4,2929.5,224,31,'',4,'9450',0,0),(1151,2,575,224,41,'',2,'9450',0,0),(1152,2,575,224,39,'',2,'9450',0,0),(1153,2,575,224,40,'',2,'9450',0,0),(1154,40,2190,225,15,'',40,'9445',0,0),(1155,10,1990,226,6,'',0,'',0,0),(1156,10,1990,226,4,'',0,'',0,0),(1157,8,2290,226,16,'',0,'',0,0),(1158,8,2290,226,17,'',0,'',0,0),(1159,8,2290,226,15,'',0,'',0,0),(1160,50,2190,227,4,'',50,'9439',0,0),(1161,12,575,228,20,'',0,'',0,0),(1162,6,2200,228,10,'',0,'',0,0),(1163,12,930,228,26,'',0,'',0,0),(1164,6,575,228,23,'',0,'',0,0),(1165,12,930,228,24,'',0,'',0,0),(1166,12,2929.5,228,31,'',0,'',0,0),(1167,6,2200,229,10,'',6,'9441',0,0),(1168,24,930,229,26,'',24,'9441',0,0),(1169,18,575,229,23,'',18,'9441',0,0),(1170,12,2929.5,229,31,'',12,'9441',0,0),(1171,12,575,230,20,'',0,'',0,0),(1172,12,2200,230,10,'',0,'',0,0),(1173,6,575,230,23,'',0,'',0,0),(1174,12,930,230,24,'',0,'',0,0),(1175,12,2929.5,230,31,'',0,'',0,0),(1176,16,575,231,20,'',0,'',0,0),(1177,6,2200,231,10,'',0,'',0,0),(1178,12,930,231,26,'',0,'',0,0),(1179,16,575,231,23,'',0,'',0,0),(1180,12,930,231,24,'',0,'',0,0),(1181,12,2929.5,231,31,'',0,'',0,0),(1182,16,2700,232,16,'',16,'9437',0,0),(1183,16,2700,232,17,'',16,'9437',0,0),(1184,520,2094,233,6,'570498',0,'',0,0),(1185,500,2094,233,5,'649826',0,'',0,0),(1186,264,2094,233,9,'649827',0,'',0,0),(1187,96,2094,233,7,'649828',0,'',0,0),(1188,156,3494,233,37,'649829',0,'',0,0),(1189,240,3144,233,33,'649830',0,'',0,0),(1190,840,2094,233,27,'649831',0,'',0,0),(1191,48,1113,233,25,'649271001',0,'',0,0),(1192,24,1113,233,24,'649272001',0,'',0,0),(1193,240,3144,233,32,'650765',0,'',0,0),(1194,140,2094,234,6,'570498',0,'',0,0),(1195,280,2094,234,5,'649826',0,'',0,0),(1196,60,2094,234,9,'649827',0,'',0,0),(1197,96,2094,234,7,'649828',0,'',0,0),(1198,120,3494,234,37,'649829',0,'',0,0),(1199,216,3144,234,33,'649830',0,'',0,0),(1200,160,2094,234,27,'649831',0,'',0,0),(1201,112,1113,234,25,'649271001',0,'',0,0),(1202,88,1113,234,24,'649272001',0,'',0,0),(1203,32,693,234,40,'649832001',0,'',0,0),(1204,48,693,234,41,'649832002',0,'',0,0),(1205,216,3144,234,32,'650765',0,'',0,0),(1206,4,2990,235,37,'',4,'9440',0,0),(1207,6,2090,235,15,'',6,'9440',0,0),(1208,15,2890,235,31,'',15,'9440',0,0),(1209,50,1990,236,4,'',0,'',0,0),(1210,20,1990,236,5,'',0,'',0,0),(1211,8,2700,236,17,'',0,'',0,0),(1212,12,2700,236,15,'',0,'',0,0),(1213,6,10000,236,52,'',0,'',0,0),(1214,8,3100,236,37,'',0,'',0,0),(1215,1,4790,218,37,'',1,'BE615',0,0),(1216,6,3490,237,16,'5018858',6,'BE616',0,0),(1217,1,3268.91,237,31,'4842484',1,'BE616',0,0),(1218,8,930,238,25,'',8,'9447',0,0),(1219,8,930,238,26,'',8,'9447',0,0),(1220,8,930,238,24,'',8,'9447',0,0),(1221,6,2190,238,15,'',6,'9447',0,0),(1222,24,2929.5,238,34,'',24,'9447',0,0),(1223,12,2900,239,37,'',12,'9448',0,0),(1224,20,1800,239,4,'',20,'9448',0,0),(1225,14,1600,239,7,'',14,'9448',0,0),(1226,24,2900,239,34,'',24,'9448',0,0);
/*!40000 ALTER TABLE `ventas_ordendeventaproducto` ENABLE KEYS */;
UNLOCK TABLES;
/*!40103 SET TIME_ZONE=@OLD_TIME_ZONE */;

/*!40101 SET SQL_MODE=@OLD_SQL_MODE */;
/*!40014 SET FOREIGN_KEY_CHECKS=@OLD_FOREIGN_KEY_CHECKS */;
/*!40014 SET UNIQUE_CHECKS=@OLD_UNIQUE_CHECKS */;
/*!40101 SET CHARACTER_SET_CLIENT=@OLD_CHARACTER_SET_CLIENT */;
/*!40101 SET CHARACTER_SET_RESULTS=@OLD_CHARACTER_SET_RESULTS */;
/*!40101 SET COLLATION_CONNECTION=@OLD_COLLATION_CONNECTION */;
/*!40111 SET SQL_NOTES=@OLD_SQL_NOTES */;

-- Dump completed on 2022-01-21  1:24:14
